:10000000010000000D900D907C1501000100000022
:1000100000102000E0F3B2350000000000000000F6
:1000200000000000000000000000000000000000D0
:100030000000000000000000000000000D900D9086
:10004000A55A0000002020080000008000000000E9
:1000500000000000000000000000000000000000A0
:100060000000000000000000000000000000000090
:100070000000000000000000000000000000000080
:100080000000000000000000000000000000000070
:100090000000000000000000000000000000000060
:1000A0000000000000000000000000000000000050
:1000B0000000000000000000000000000000000040
:1000C0000000000000000000000000000000000030
:1000D0000000000000000000000000000000000020
:1000E0000000000000000000000000000000000010
:1000F0000000000000000000000000000000000000
:1001000000000000000000000000000000000000EF
:1001100000000000000000000000000000000000DF
:1001200000000000000000000000000000000000CF
:1001300000000000000000000000000000000000BF
:1001400000000000000000000000000000000000AF
:10015000000000000000000000000000000000009F
:10016000000000000000000000000000000000008F
:10017000000000000000000000000000000000007F
:10018000000000000000000000000000000000006F
:10019000000000000000000000000000000000005F
:1001A000000000000000000000000000000000004F
:1001B000000000000000000000000000000000003F
:1001C000000000000000000000000000000000002F
:1001D000000000000000000000000000000000001F
:1001E000000000000000000000000000000000000F
:1001F00000000000000000000000000000000000FF
:1002000000000000000000000000000000000000EE
:1002100000000000000000000000000000000000DE
:1002200000000000000000000000000000000000CE
:1002300000000000000000000000000000000000BE
:1002400000000000000000000000000000000000AE
:10025000000000000000000000000000000000009E
:10026000000000000000000000000000000000008E
:10027000000000000000000000000000000000007E
:10028000000000000000000000000000000000006E
:10029000000000000000000000000000000000005E
:1002A000000000000000000000000000000000004E
:1002B000000000000000000000000000000000003E
:1002C000000000000000000000000000000000002E
:1002D000000000000000000000000000000000001E
:1002E000000000000000000000000000000000000E
:1002F00000000000000000000000000000000000FE
:1003000000000000000000000000000000000000ED
:1003100000000000000000000000000000000000DD
:1003200000000000000000000000000000000000CD
:1003300000000000000000000000000000000000BD
:1003400000000000000000000000000000000000AD
:10035000000000000000000000000000000000009D
:10036000000000000000000000000000000000008D
:10037000000000000000000000000000000000007D
:10038000000000000000000000000000000000006D
:10039000000000000000000000000000000000005D
:1003A000000000000000000000000000000000004D
:1003B000000000000000000000000000000000003D
:1003C000000000000000000000000000000000002D
:1003D000000000000000000000000000000000001D
:1003E000000000000000000000000000000000000D
:1003F00000000000000000000000000000000000FD
:1004000000000000000000000000000000000000EC
:1004100000000000000000000000000000000000DC
:1004200000000000000000000000000000000000CC
:1004300000000000000000000000000000000000BC
:1004400000000000000000000000000000000000AC
:10045000000000000000000000000000000000009C
:10046000000000000000000000000000000000008C
:10047000000000000000000000000000000000007C
:10048000000000000000000000000000000000006C
:10049000000000000000000000000000000000005C
:1004A000000000000000000000000000000000004C
:1004B000000000000000000000000000000000003C
:1004C000000000000000000000000000000000002C
:1004D000000000000000000000000000000000001C
:1004E000000000000000000000000000000000000C
:1004F00000000000000000000000000000000000FC
:1005000000000000000000000000000000000000EB
:1005100000000000000000000000000000000000DB
:1005200000000000000000000000000000000000CB
:1005300000000000000000000000000000000000BB
:1005400000000000000000000000000000000000AB
:10055000000000000000000000000000000000009B
:10056000000000000000000000000000000000008B
:10057000000000000000000000000000000000007B
:10058000000000000000000000000000000000006B
:10059000000000000000000000000000000000005B
:1005A000000000000000000000000000000000004B
:1005B000000000000000000000000000000000003B
:1005C000000000000000000000000000000000002B
:1005D000000000000000000000000000000000001B
:1005E000000000000000000000000000000000000B
:1005F00000000000000000000000000000000000FB
:1006000000000000000000000000000000000000EA
:1006100000000000000000000000000000000000DA
:1006200000000000000000000000000000000000CA
:1006300000000000000000000000000000000000BA
:1006400000000000000000000000000000000000AA
:10065000000000000000000000000000000000009A
:10066000000000000000000000000000000000008A
:10067000000000000000000000000000000000007A
:10068000000000000000000000000000000000006A
:10069000000000000000000000000000000000005A
:1006A000000000000000000000000000000000004A
:1006B000000000000000000000000000000000003A
:1006C000000000000000000000000000000000002A
:1006D000000000000000000000000000000000001A
:1006E000000000000000000000000000000000000A
:1006F00000000000000000000000000000000000FA
:1007000000000000000000000000000000000000E9
:1007100000000000000000000000000000000000D9
:1007200000000000000000000000000000000000C9
:1007300000000000000000000000000000000000B9
:1007400000000000000000000000000000000000A9
:100750000000000000000000000000000000000099
:100760000000000000000000000000000000000089
:100770000000000000000000000000000000000079
:100780000000000000000000000000000000000069
:100790000000000000000000000000000000000059
:1007A0000000000000000000000000000000000049
:1007B0000000000000000000000000000000000039
:1007C0000000000000000000000000000000000029
:1007D0000000000000000000000000000000000019
:1007E0000000000000000000000000000000000009
:1007F00000000000000000000000000000000000F9
:1008000000000000000000000000000000000000E8
:1008100000000000000000000000000000000000D8
:1008200000000000000000000000000000000000C8
:1008300000000000000000000000000000000000B8
:1008400000000000000000000000000000000000A8
:100850000000000000000000000000000000000098
:100860000000000000000000000000000000000088
:100870000000000000000000000000000000000078
:100880000000000000000000000000000000000068
:100890000000000000000000000000000000000058
:1008A0000000000000000000000000000000000048
:1008B0000000000000000000000000000000000038
:1008C0000000000000000000000000000000000028
:1008D0000000000000000000000000000000000018
:1008E0000000000000000000000000000000000008
:1008F00000000000000000000000000000000000F8
:1009000000000000000000000000000000000000E7
:1009100000000000000000000000000000000000D7
:1009200000000000000000000000000000000000C7
:1009300000000000000000000000000000000000B7
:1009400000000000000000000000000000000000A7
:100950000000000000000000000000000000000097
:100960000000000000000000000000000000000087
:100970000000000000000000000000000000000077
:100980000000000000000000000000000000000067
:100990000000000000000000000000000000000057
:1009A0000000000000000000000000000000000047
:1009B0000000000000000000000000000000000037
:1009C0000000000000000000000000000000000027
:1009D0000000000000000000000000000000000017
:1009E0000000000000000000000000000000000007
:1009F00000000000000000000000000000000000F7
:100A000000000000000000000000000000000000E6
:100A100000000000000000000000000000000000D6
:100A200000000000000000000000000000000000C6
:100A300000000000000000000000000000000000B6
:100A400000000000000000000000000000000000A6
:100A50000000000000000000000000000000000096
:100A60000000000000000000000000000000000086
:100A70000000000000000000000000000000000076
:100A80000000000000000000000000000000000066
:100A90000000000000000000000000000000000056
:100AA0000000000000000000000000000000000046
:100AB0000000000000000000000000000000000036
:100AC0000000000000000000000000000000000026
:100AD0000000000000000000000000000000000016
:100AE0000000000000000000000000000000000006
:100AF00000000000000000000000000000000000F6
:100B000000000000000000000000000000000000E5
:100B100000000000000000000000000000000000D5
:100B200000000000000000000000000000000000C5
:100B300000000000000000000000000000000000B5
:100B400000000000000000000000000000000000A5
:100B50000000000000000000000000000000000095
:100B60000000000000000000000000000000000085
:100B70000000000000000000000000000000000075
:100B80000000000000000000000000000000000065
:100B90000000000000000000000000000000000055
:100BA0000000000000000000000000000000000045
:100BB0000000000000000000000000000000000035
:100BC0000000000000000000000000000000000025
:100BD0000000000000000000000000000000000015
:100BE0000000000000000000000000000000000005
:100BF00000000000000000000000000000000000F5
:100C000000000000000000000000000000000000E4
:100C100000000000000000000000000000000000D4
:100C200000000000000000000000000000000000C4
:100C300000000000000000000000000000000000B4
:100C400000000000000000000000000000000000A4
:100C50000000000000000000000000000000000094
:100C60000000000000000000000000000000000084
:100C70000000000000000000000000000000000074
:100C80000000000000000000000000000000000064
:100C90000000000000000000000000000000000054
:100CA0000000000000000000000000000000000044
:100CB0000000000000000000000000000000000034
:100CC0000000000000000000000000000000000024
:100CD0000000000000000000000000000000000014
:100CE0000000000000000000000000000000000004
:100CF00000000000000000000000000000000000F4
:100D000000000000000000000000000000000000E3
:100D100000000000000000000000000000000000D3
:100D200000000000000000000000000000000000C3
:100D300000000000000000000000000000000000B3
:100D400000000000000000000000000000000000A3
:100D50000000000000000000000000000000000093
:100D60000000000000000000000000000000000083
:100D70000000000000000000000000000000000073
:100D80000000000000000000000000000000000063
:100D90000000000000000000000000000000000053
:100DA0000000000000000000000000000000000043
:100DB0000000000000000000000000000000000033
:100DC0000000000000000000000000000000000023
:100DD0000000000000000000000000000000000013
:100DE0000000000000000000000000000000000003
:100DF00000000000000000000000000000000000F3
:100E000000000000000000000000000000000000E2
:100E100000000000000000000000000000000000D2
:100E200000000000000000000000000000000000C2
:100E300000000000000000000000000000000000B2
:100E400000000000000000000000000000000000A2
:100E50000000000000000000000000000000000092
:100E60000000000000000000000000000000000082
:100E70000000000000000000000000000000000072
:100E80000000000000000000000000000000000062
:100E90000000000000000000000000000000000052
:100EA0000000000000000000000000000000000042
:100EB0000000000000000000000000000000000032
:100EC0000000000000000000000000000000000022
:100ED0000000000000000000000000000000000012
:100EE0000000000000000000000000000000000002
:100EF00000000000000000000000000000000000F2
:100F000000000000000000000000000000000000E1
:100F100000000000000000000000000000000000D1
:100F200000000000000000000000000000000000C1
:100F300000000000000000000000000000000000B1
:100F400000000000000000000000000000000000A1
:100F50000000000000000000000000000000000091
:100F60000000000000000000000000000000000081
:100F70000000000000000000000000000000000071
:100F80000000000000000000000000000000000061
:100F90000000000000000000000000000000000051
:100FA0000000000000000000000000000000000041
:100FB0000000000000000000000000000000000031
:100FC0000000000000000000000000000000000021
:100FD0000000000000000000000000000000000011
:100FE0000000000000000000000000000000000001
:100FF00000000000000000000000000000000000F1
:10100000D06B0000C94020087D4020087D402008AA
:101010007D4020087D4020087D4020080000000021
:10102000000000000000000000000000A13A2008BD
:101030007D40200800000000313B2008AB2920083B
:101040007D4020087D4020087D4020087D4020080C
:101050007D4020087D4020087D4020087D402008FC
:101060007D4020087D40200891050000796F200810
:10107000254E20087D4020087D4020087D40200826
:10108000794B20087D40200815B82008B9B8200801
:101090007D402008ADB72008AD9B20087D4020088A
:1010A0007D4020087D4020087D4020087D402008AC
:1010B0007D4020087D402008D06B00007D40200846
:1010C000C9402008E90400007D4020087D40200838
:1010D0007D4020087D4020080D4E2008194E200834
:1010E000F93F20087D4020087D4020085F82B069DC
:1010F0006D4B20087D4020087D402008614B200872
:101100007D4020087D4020087DB7200895B7200845
:10111000BDB62008D5B62008EDB6200805B72008D2
:101120001DB7200835B720084DB7200865B720083F
:101130007D4020087D4020087D4020087D4020081B
:101140007D4020087D4020087D4020087D4020080B
:101150007D4020087D4020087D4020087D402008FB
:101160007D4020087D4020087D40200800000000D0
:10117000000000000000000000000000000000006F
:101180000348044B834202D0034B03B11847704716
:10119000D8160000D8160000000000000548064BD5
:1011A0001B1AD90F01EBA301491002D0034B03B165
:1011B00018477047D8160000D8160000000000003D
:1011C00010B5064C237843B9FFF7DAFF044B13B18F
:1011D0000448AFF300800123237010BDD81600002F
:1011E000000000005007210808B5054B1BB1054958
:1011F0000548AFF30080BDE80840FFF7CFBF00BF50
:1012000000000000DC1600005007210807B500F0C0
:101210003DF80F480BF04CFD03220021012000F0A7
:1012200078FE0C4B186018B90B480BF041FDFEE737
:1012300000230522CDE90023084909484FF4007234
:101240000DF0B2FD03B05DF804EB00F0F9B800BF9B
:1012500018FE2008F416000026FE200849FE20088B
:10126000ED25200808B5074B1B78834209D10129D9
:1012700007D1054B187802F0DBFEBDE8084000F00E
:1012800043B808BDCDFF2008D2FF200810B51A488A
:101290001A4C0BF00DFD0D200BF0ACFC002009F0FA
:1012A00035FF0120212820701ED92E2009F018FFBB
:1012B0000022012310462E2109F02EFE00221046A6
:1012C0000F4C2E2109F0A8FE0123C4F8E432D4F813
:1012D000E4120C48C9B20BF07BFC0D200BF08AFC29
:1012E0000023C4F8E43210BD092801D009F086FCBF
:1012F00020780130C0B2D5E750FE20081A00000067
:10130000000013466DFE2008064AD2F8E43283F04E
:101310000103C2F8E432044B00BF013BFCD1034897
:101320000BF0C6BC00001346C030460082FE200809
:1013300008B500F02BFBFFF769FF00F034FB00203D
:1013400008BD0000054A064913889BB2C85413889B
:10135000013303F07F031380704700BF04180000BF
:1013600081170000C30737B525D516480BF0A0FC40
:10137000154B1B780BBB1548154D0BF099FC4324FE
:1013800015F8010B013CFFF7DDFF14F0FF04F7D166
:10139000002301930F4B01A9186800F030FF019B57
:1013A0004BB14FF0E0234FF08052C3F8042DBFF350
:1013B0004F8FBFF36F8F03B030BD07480BF078FC41
:1013C000E6E700BF8FFE20081B000000A2FE2008F9
:1013D0003E170000F4160000B7FE20080A4B0B4A27
:1013E0001988138889B29BB299420BD01388084997
:1013F0009BB2CB5C03701388013303F07F0313802F
:1014000001207047002070470418000002180000F7
:101410008117000008B5074B07491868432209F0F7
:101420006FFB014620B1BDE8084004480BF0D0BB7B
:1014300008BD00BF081800003E170000C9FE2008C4
:1014400010B513480BF034FC1249022009F0ACFA35
:1014500010B111480BF02CFC0E4C104920680022F2
:1014600009F0EEFA10B10E480BF0B2FB0D492068FE
:1014700009F098FB002002F06DFB0B4A002313706B
:1014800082F84430094A1370BDE81040FFF7C2BF2C
:10149000DEFE200808180000FEFE2008F80200000A
:1014A0000AFF200865232008F91600001B00000031
:1014B00009480A4A0A49006810B50A2309F048FB9E
:1014C000044608480BF0F4FB2CB121460648BDE861
:1014D00010400BF07DBB10BD081800003E17000047
:1014E000100000001FFF200832FF200830B504461E
:1014F00093B00146432201A80BF07AFD617823786E
:1015000094F842004B400DF105040022D5B2A942E7
:1015100004D81B1A5842584113B030BD14F8015F6B
:1015200001326B40F2E7000070B5054690B0002430
:101530003C22214601A800940BF09AFC6A780A4EDE
:10154000A91C68460BF054FD6A78E3B29A4201D8B0
:1015500010B070BD40336B44304613F8401C0BF0A4
:1015600037FB0134F0E700BF44FF200838B51B4CBF
:1015700005461B480BF09CFB2378032B08D8DFE8BB
:1015800003F002081622B62D02D1657001232370E4
:1015900038BD0DB90023FAE7002384F84430022354
:1015A000A5702370BDE838400E480BF081BB94F85D
:1015B0004420531CDBB222443F2B84F84430D570C6
:1015C000E6D90323E3E7084884F84350FFF78EFF8A
:1015D0000028DFD00448FFF7A7FFDBE7F91600007B
:1015E0005BFF20086FFF2008FA16000007B5174EB2
:1015F000174C30684FF0FF3100F0FCFE0128F8D1A5
:101600002378C3B90DF10700FFF7E8FE0028F0D0FA
:101610009DF807502846FFF7A9FF0E480BF048FB3E
:10162000BB2DEFD129460C480BF0D2FA01232370D1
:10163000FFF73EFFE6E7094A002313702370FFF728
:10164000E9FE07480BF034FBD3E700BFF4160000B7
:101650001B00000080FF20089FFF2008F8160000F4
:10166000B1FF200808B501F03BFD02F09DF807F03E
:10167000BBF901F085FB01F065FEBDE8084000F014
:10168000A1B900F0C9B908B500F008F8BDE80840F4
:1016900000F00AB800F0ACB870477047014802F09B
:1016A000C9BB00BFCDFF2008014802F0A8BC00BFA5
:1016B000D2FF2008EFF3108072B6704710B962B6FF
:1016C000BFF36F8F7047EFF311800C2383F3118802
:1016D000704780F31188BFF36F8F704730B50E4CA1
:1016E000416123688BB9206083600DE0891A9A6894
:1016F00041611D466AB113465A698A42F6D935B12D
:10170000A860521A83605A6130BD0025F4E720605A
:10171000F7E798608260F7E71C18000038B507F01B
:10172000D3F9094C094B1A6823680025C31A2AB15A
:1017300023B15169994203D3C91A5161206038BD60
:1017400055615B1A9268F2E7181800001C18000037
:1017500038B5154D2B682BB35B69A3B1134A1468D8
:1017600002201C4407F0BAF9204607F0C1F91049DD
:101770002A6800230B7022B1D08880070AD5012384
:101780000B70002038BD022007F0A8F9022007F0F6
:1017900003FAECE79268002AF3D050690344012B66
:1017A000EAD9EEE72220EDE71C1800001818000027
:1017B000141800000D490B6898B100229BB18342B8
:1017C00003D1836822B90B6003E01A469B68F5E7F2
:1017D000936083681BB15A6941690A445A610020C9
:1017E0007047222070470220704700BF1C1800007D
:1017F00070B5154EFFF767FF34780546FCB9134BFB
:101800001C60134B1C60134B1C6007F017F9012080
:1018100007F064F907F0E8F90F4B0246186020B9A9
:101820002846FFF756FF232070BD23460B4840F2A1
:10183000E7310AF06BFA0A4B18600123337028462F
:10184000FFF747FF0020EFE7151800001C18000005
:1018500018180000241800002018000018FCFFFFD2
:1018600010180000C2072DE9F843044607D5444A82
:10187000136801331360FFF751FFFFF769FFA307F8
:101880007CD5FFF720FF0546FFF748FF4FF0000823
:101890003C4F46463C680CB16369A3B13A4B002209
:1018A000012E1A7003D118F0020F18BF1E70FFF737
:1018B0004FFF222802D1022007F058F92846BDE840
:1018C000F843FFF706BF23465A693AB91A792179D6
:1018D000914288BF1C469B68002BF5D12846FFF734
:1018E000F8FE2569DDB107F0EFF8A269A0EB020868
:1018F0004FEAE873A84573F1000311DB2369134431
:10190000A361E36813B1216820469847B4F80680C4
:10191000FFF7D9FE01360546FFF700FFBAE7A846F4
:10192000FFF7D1FE81462046FFF744FF4846FFF708
:10193000D0FE2369002BE4D0A38BB5EB080533B1AF
:10194000E28B13449BB2B3F57A7F0FD2E383FFF7A8
:10195000BAFE294680462046FFF7C0FEA3692269E9
:101960001344A3614046FFF7B4FECAE7A3F57A73B8
:10197000E383A369013B013DA361E8E7BDE8F88388
:10198000241800001C1800000C18000008B5FFF710
:1019900069FEFFF778FEFFF77DFEFFF77DFEBDE8ED
:1019A0000840FFF77ABEFFF76CBE08B54FF0E023A2
:1019B0001B690DF0E9F9012803D0BDE8084001F0EA
:1019C000E9B808BDEFF3058373B9EFF31082094B53
:1019D00012B9EFF3118212B11A68022A04D0186802
:1019E00028B901221A6070476FF0050070474FF068
:1019F000FF3070471825000008B50DF0C5F938B163
:101A0000022804D0034B1868431E5842584108BDB1
:101A10000320FCE71825000010B5EFF30583ABB9F0
:101A2000EFF310820C4B12B9EFF3118212B11A6866
:101A3000022A0BD01A68012A0BD1084A0024D47755
:101A400002221A600DF0DCF9204610BD6FF005008F
:101A5000FBE74FF0FF30F8E71825000000ED00E04D
:101A600038B50546EFF3058313B10024204638BD91
:101A7000EFF3108313B9EFF311831BB11C4B1B68F9
:101A8000022BF2D02DB36B681A07EED4D5E90212FF
:101A900003F0010371B14F2AE7D993B1042000F09C
:101AA00000FB04460028E0D0296800F081FD44F0E6
:101AB0000104DBE7002AD8D1ABB1042000F025FBFC
:101AC000EFE7012000F0EDFA04460028CDD02968A8
:101AD00006E0012000F019FB04460028C5D0294685
:101AE00000F066FDC2E7012000F00FFBECE700BF4D
:101AF00018250000034610B520F001000C4603F045
:101B00000102EFF30581E9B9EFF3108111B9EFF3A9
:101B1000118119B10E490968022913D0012B14D97A
:101B2000214662B100F023FD012801D1002010BD43
:101B3000002C14BF6FF001006FF00200F7E700F017
:101B400059FCF1E76FF00500F1E76FF00300EEE7F5
:101B500018250000024608B520F0010002F001033C
:101B6000EFF30581C9B9EFF3108111B9EFF31181DA
:101B700019B10D49096802290FD0012A10D93BB1CA
:101B800000F0A4FA01280CBF00206FF0020008BD8D
:101B90001A46194600F0C9F9F4E76FF00500F6E7B8
:101BA0006FF00300F3E700BF18250000034B03604C
:101BB000034B0B604FF4807313607047A024000048
:101BC000A0200000034B0360034B0B604FF4007335
:101BD00013607047282000002818000000F1080357
:101BE0004FF0FF32C0E9022343600361002303602A
:101BF000704700230361704743684B609A688A60AE
:101C0000516099600368086101330360704730B523
:101C10000C68631C0AD103695A684A6091608B6042
:101C20005960036808610133036030BD00F10802A8
:101C3000134652681568A542FAD9EDE7D0E90112BA
:101C400003698A6051605968814208BF5A60002266
:101C500002611A68013A1A601868704710B50446A4
:101C600000F030FFA46B00F04DFFB4FA84F040099F
:101C700010BD70B51646026C856B044642B9066805
:101C80009EB980680DF0B8F8A6600135A56370BDF7
:101C90006EB940680BF0ACF96368226C1344A2681B
:101CA0006360934224BF236863600020EDE7C0684F
:101CB0000BF09EF9226CE36851429B1A2268E360A4
:101CC00093423EBFA3685B18E360022EEDD10DB1D5
:101CD000013DEAE72846D8E7034610B41A6C0846E7
:101CE0006AB1DC68996814448C4228BF1968DC60CA
:101CF00028BFD960D9685DF8044B0BF079B95DF85D
:101D0000044B704770B5044600F0DCFE94F8455073
:101D100004F124066DB2002D14DCFF2384F8453055
:101D200000F0F0FE00F0CEFE94F8445004F11006EE
:101D30006DB2002D12DCFF2384F84430BDE8704002
:101D400000F0E0BE636A002BE7D030460DF040F8AB
:101D500008B10DF04DF8013D6DB2DCE72369002BB1
:101D6000E9D030460DF034F808B10DF041F8013DEE
:101D70006DB2DEE738B50D46044640B94FF01403A6
:101D800083F31188BFF36F8FBFF34F8FFEE700F02F
:101D900099FED4E90F31226862604B43D0185B1A78
:101DA0001A44A060FF230020A063E26084F844305E
:101DB00084F84530A5B9236973B104F110000DF022
:101DC00007F848B14FF0E0234FF08052C3F8042DDC
:101DD000BFF34F8FBFF36F8F00F094FE012038BD2B
:101DE00004F11000FFF7FAFE04F12400FFF7F6FEFD
:101DF000F2E7F8B5064617460D46C9B14843B0FBB1
:101E0000F1F39E4208D04FF0140383F31188BFF31F
:101E10006F8FBFF34F8FFEE710F1510F19D94FF0BD
:101E2000140383F31188BFF36F8FBFF34F8FFEE767
:101E3000502000F08BFF88B180F8465004462060A7
:101E4000C4E90F6501212046FFF794FF84F84C7028
:101E500005E0503000F07AFF044610B90024204617
:101E6000F8BD002380F846305030E8E737B50D461E
:101E70001C4640B94FF0140383F31188BFF36F8FF2
:101E8000BFF34F8FFEE743B94FF0140383F311887C
:101E9000BFF36F8FBFF34F8FFEE74AB191BB4FF097
:101EA000140383F31188BFF36F8FBFF34F8FFEE7E7
:101EB00041B14FF0140383F31188BFF36F8FBFF369
:101EC0004F8FFEE750230193019B502B08D04FF01A
:101ED000140383F31188BFF36F8FBFF34F8FFEE7B7
:101EE000019B22460121C4E90F0584F846102260B7
:101EF0002046FFF73FFF9DF8183084F84C3020460D
:101F000003B030BD50230193019B502BDFD1019BC7
:101F1000E8E740B94FF0140383F31188BFF36F8FE4
:101F2000BFF34F8FFEE7FFF764BFF0B585B00E46F5
:101F300001921D46044640B94FF0140383F3118803
:101F4000BFF36F8FBFF34F8FFEE751B9036C43B1FF
:101F50004FF0140383F31188BFF36F8FBFF34F8FDC
:101F6000FEE7022D0BD1E36B012B08D04FF01403D9
:101F700083F31188BFF36F8FBFF34F8FFEE70CF031
:101F800003FF08B9019B03BB00F09CFDA26BE36B50
:101F90009A4223D22A4631462046FFF76AFE636AF8
:101FA0001BB104F124000CF013FF48B14FF0E02303
:101FB0004FF08052C3F8042DBFF34F8FBFF36F8FE4
:101FC00000F0A0FD012005B0F0BD4FF0140383F335
:101FD0001188BFF36F8FBFF34F8FFEE7022DD9D06B
:101FE00000231F4637E013B902A80CF0D1FE00F021
:101FF00089FD0CF0E1FE00F065FD94F84430FF2B04
:1020000008BF84F8447094F84530FF2B08BF84F86B
:10201000457000F077FD01A902A80CF0B1FE002880
:1020200039D100F04FFDA26BE36B9A421AD100F058
:1020300069FD019904F110000CF0C2FE2046FFF783
:1020400061FE0CF0D1FED8B100F03CFDA36BE26B59
:102050009A429FD80123019A002AC4D100F052FD70
:102060000020B0E700F04EFD2046FFF74BFE0CF0DD
:10207000BBFE00F027FDA26BE36B9A42EAD289E730
:102080004FF0E0234FF08052C3F8042DBFF34F8F81
:10209000BFF36F8FEDE72046FFF734FE0CF0A4FE90
:1020A000DEE713B500220B46009011460120FFF732
:1020B000DDFE044638B1002383600360C3601A4626
:1020C0001946FFF732FF204602B010BD38B504466E
:1020D00040B94FF0140383F31188BFF36F8FBFF340
:1020E0004F8FFEE785680CF047FE85420BD1E36811
:1020F000013BE3600BB1012038BD1A46194620466A
:10210000FFF713FFF7E70020F6E710B502460021BE
:102110000120FFF76EFE044638B1002383600360A0
:10212000C3601A461946FFF700FF204610BD2DE98F
:10213000F843894617461E46044640B94FF014033B
:1021400083F31188BFF36F8FBFF34F8FFEE751B951
:10215000036C43B14FF0140383F31188BFF36F8F07
:10216000BFF34F8FFEE7022E0BD1E36B012B08D09C
:102170004FF0140383F31188BFF36F8FBFF34F8FBA
:10218000FEE700F0B5FDEFF311884FF0140383F381
:102190001188BFF36F8FBFF34F8FA26BE36B9A422F
:1021A00001D3022E29D194F84550A36B6DB232466B
:1021B00049462046FFF75DFD6B1C0ED1636A3BB1BB
:1021C00004F124000CF004FE10B10FB101233B60B8
:1021D000012088F31188BDE8F8837F2D08D14FF0E6
:1021E000140383F31188BFF36F8FBFF34F8FFEE7A4
:1021F00001356DB284F84550EAE70020E9E770B593
:102200000D46044640B94FF0140383F31188BFF321
:102210006F8FBFF34F8FFEE7036C43B14FF0140392
:1022200083F31188BFF36F8FBFF34F8FFEE703680F
:1022300053B9836843B14FF0140383F31188BFF39C
:102240006F8FBFF34F8FFEE700F052FDEFF3118663
:102250004FF0140383F31188BFF36F8FBFF34F8FD9
:10226000A26BE36B934224D994F845100132FF2905
:102270004BB2A2630DD1636A3BB104F124000CF0B0
:10228000A7FD10B10DB101232B60012086F3118849
:1022900070BD7F2B08D14FF0140383F31188BFF377
:1022A0006F8FBFF34F8FFEE701335BB284F8453089
:1022B000EBE70020EAE7F0B585B00E460192044650
:1022C00040B94FF0140383F31188BFF36F8FBFF34E
:1022D0004F8FFEE751B9036C43B14FF0140383F302
:1022E0001188BFF36F8FBFF34F8FFEE70CF04CFDEB
:1022F00050B9019B43B14FF0140383F31188BFF32E
:102300006F8FBFF34F8FFEE700F0DCFBA56BDDB1F5
:1023100031462046013DFFF7DFFCA563236973B119
:1023200004F110000CF054FD48B14FF0E0234FF0E1
:102330008052C3F8042DBFF34F8FBFF36F8F00F0AF
:10234000E1FB012005B0F0BD019B1BB900F0DAFBF9
:102350000020F7E702A80CF01BFD2F4600F0D2FB8F
:102360000CF02AFD00F0AEFB94F84430FF2B08BFC0
:1023700084F8447094F84530FF2B08BF84F845700A
:1023800000F0C0FB01A902A80CF0FAFC38BB204603
:10239000FFF764FCE8B1019904F124000CF010FD92
:1023A0002046FFF7AFFC0CF01FFD48B94FF0E023CB
:1023B0004FF08052C3F8042DBFF34F8FBFF36F8FE0
:1023C00000F080FBA56B002DA2D1019B002BC5D195
:1023D000BCE72046FFF796FC0CF006FDF0E7204630
:1023E000FFF790FC0CF000FD2046FFF737FC0028BB
:1023F000E6D0ADE7F0B585B00446019140B94FF0A5
:10240000140383F31188BFF36F8FBFF34F8FFEE781
:10241000056C45B14FF0140383F31188BFF36F8F40
:10242000BFF34F8FFEE70CF0AFFC064620B32E46FD
:10243000002700F047FBA36B53B3013BA363236862
:1024400013B90CF0C9FCA060236973B104F110004A
:102450000CF0BEFC48B14FF0E0234FF08052C3F8BF
:10246000042DBFF34F8FBFF36F8F00F04BFB0120A4
:1024700005B0F0BD3546DBE7019B002BFAD04FF0ED
:10248000140383F31188BFF36F8FBFF34F8FFEE701
:10249000019B53B9002D66D04FF0140383F31188CC
:1024A000BFF36F8FBFF34F8FFEE716B902A80CF092
:1024B0006FFC00F027FB0CF07FFC00F003FB94F8AE
:1024C0004430FF2B08BF84F8447094F84530FF2B4C
:1024D00008BF84F8457000F015FB01A902A80CF0B4
:1024E0004FFC50BB2046FFF7B9FB00B323683BB954
:1024F00000F0E8FAA0680CF08BFC054600F002FB47
:10250000019904F124000CF05BFC2046FFF7FAFB74
:102510000CF06AFC48B94FF0E0234FF08052C3F84A
:10252000042DBFF34F8FBFF36F8F012681E7204645
:10253000FFF7E8FB0CF058FCF7E72046FFF7E2FB5B
:102540000CF052FC2046FFF789FB0028EDD065B166
:1025500000F0B8FA616A19B1236B1968C1F138014A
:10256000A0680CF019FC00F0CDFA002080E770B5EF
:102570000D46044640B94FF0140383F31188BFF3AE
:102580006F8FBFF34F8FFEE786680CF0F5FB864236
:1025900004D1E3680133E360012070BD2946204681
:1025A000FFF728FF0028F8D0E3680133E360F4E781
:1025B00030B5074A002352F8335002EBC3041DB96B
:1025C00042F83310606030BD0133082BF3D1FAE7D5
:1025D0001C25000070B504460D46164600F072FA40
:1025E00094F84430FF2B04BF002384F8443094F85F
:1025F0004530FF2B04BF002384F8453000F082FAF9
:10260000A36B2BB93246294604F124000CF0FCFBE5
:102610002046BDE87040FFF775BB0000914208B549
:10262000416000610AD8D21A83699A420DD2084BE0
:10263000011D1868FFF7EBFA002008BD9A4201D28D
:10264000994202D2034B011DF3E70120F5E700BFD9
:10265000082B00000C2B0000F7B5114C00F032FAEB
:102660002568BDB90F4F104E3846FFF7B7FA304610
:10267000FFF7B4FA0D4B0E4A1F600E4B10211E607F
:1026800005200D4B0095FFF7F1FB206010B10B49C1
:10269000FFF78EFF03B0BDE8F04000F033BA00BF93
:1026A000042B0000242B0000102B00000C2B00003A
:1026B000AC2A0000082B00005C2A0000DAFF20088A
:1026C00010B588B0FFF7C8FF124B1B68B3B10024E8
:1026D00007AA06A905A8CDE90544FFF773FA059BEB
:1026E0000293069B019337230093079A0A490B48EC
:1026F00023460CF055FB0A4B186040B94FF0140309
:1027000083F31188BFF36F8FBFF34F8FFEE7012074
:1027100008B010BD042B0000DFFF2008213820087E
:10272000002B00007FB5164604461A4640B94FF00C
:10273000140383F31188BFF36F8FBFF34F8FFEE74E
:102740000D4D286880B10529CDE9001602940DDCF5
:102750000CF01AFB0023022808BF089A286818BF4B
:102760001A466946FFF7E1FB04B070BD00236946D5
:10277000FFF7DDFCF8E700BF042B00002DE9F3476D
:10278000DFF8988006460CF02BFBD8F80030834227
:10279000054609D91F4F3B681A686AB91E4A116875
:1027A00039601360012300E0002328463360C8F835
:1027B000005002B0BDE8F087DB68DC68D3F8009019
:1027C00004F1040A5046FFF739FA236A2046984775
:1027D00094F828305B07DED5A3694B44994506D2AF
:1027E0003868636024615146FFF711FAD3E700238C
:1027F00000934A4619462046FFF794FF0028CAD1A5
:102800004FF0140383F31188BFF36F8FBFF34F8F23
:10281000FEE700BF0C2B0000082B0000FC2A000084
:102820002DE9F0436E4D6F4E89B02B68D3F80080D0
:10283000B8F1000F35D0DB68D3F8008000240CF02D
:10284000BBFA04A8FFF79AFF049B8146002B69D1CD
:10285000002C4CD1404550D30CF0C6FA2B68DB68F5
:10286000DF68381DFFF7EAF997F8283058071AD5BE
:10287000B96943464A4641443846FFF7CFFEB0B1F6
:1028800000942346424621463846FFF74BFF70B975
:102890004FF0140383F31188BFF36F8FBFF34F8F93
:1028A000FEE70124CBE723F0010387F828303B6AD9
:1028B000384698473068002204A9FFF7FCFC00283E
:1028C000B3D0049B0698002B2FDB069C6369002B7A
:1028D00032D103A8FFF752FF049B0246092BE9D827
:1028E000DFE803F02E2E2E575E762E2E575E3E4BDF
:1028F0001B681C68B4FA84F4640930682246A8EBAB
:102900000901FFF767FE0CF06FFA0028D2D14FF0F3
:10291000E0234FF08052C3F8042DBFF34F8FBFF375
:102920006F8FC7E70CF060FAC4E7059B07999847DB
:10293000049B002BBEDBC8E7201DFFF77FF9C8E72B
:1029400094F82830A16943F0010384F82830059BEE
:1029500020461944FFF762FE0028ABD0236A2046C8
:10296000984794F828305907A4D5A26905990023FF
:102970000A44009319462046FFF7D4FE002899D157
:102980004FF0140383F31188BFF36F8FBFF34F8FA2
:10299000FEE794F8283023F0010384F8283089E713
:1029A00094F8283043F0010384F828300599A16198
:1029B00041B94FF0140383F31188BFF36F8FBFF356
:1029C0004F8FFEE7034601442046FFF727FE71E7DD
:1029D00094F828309A07DED4204600F0C3F969E75E
:1029E0000C2B0000042B0000082B00000848006896
:1029F000006880F308884FF0000080F3148862B606
:102A000061B6BFF34F8FBFF36F8F00DF00BF0000D1
:102A100008ED00E0DFF80C00016841F4700101608E
:102A20007047000088ED00E082B0002301930D4B59
:102A30001B68013308D04FF0140383F31188BFF3F0
:102A40006F8FBFF34F8FFEE74FF0140383F31188AE
:102A5000BFF36F8FBFF34F8F019B002BFCD002B0F1
:102A6000704700BF200000004FF0807340F8043C26
:102A7000074B40F80C3C21F001016FF0020340F8D5
:102A8000081C40F8202C40F8243C4438704700BF14
:102A9000293A2008000000000000000000000000AB
:102AA000074B19680868B0E8F04F80F30988BFF356
:102AB0006F8F4FF0000080F311887047AFF30080F4
:102AC000582A00004FF0140383F31188BFF36F8F6F
:102AD000BFF34F8F0A4A13680133012B13600ED1E5
:102AE0004FF0E023D3F8043DDBB243B14FF01403C1
:102AF00083F31188BFF36F8FBFF34F8FFEE77047EB
:102B000020000000084A136843B94FF0140383F310
:102B10001188BFF36F8FBFF34F8FFEE7013B136048
:102B20000BB983F3118870472000000000000000FB
:102B3000EFF30980BFF36F8F154B1A681EF0100F6B
:102B400008BF20ED108A20E9F04F10602DE9090040
:102B50004FF0140080F31188BFF34F8FBFF36F8FD6
:102B60000CF032F94FF0000080F3118809BC1968AD
:102B70000868B0E8F04F1EF0100F08BFB0EC108AE4
:102B800080F30988BFF36F8F704700BFAFF30080F9
:102B9000582A000008B54FF0140383F31188BFF3DF
:102BA0006F8FBFF34F8F0CF003F928B14FF0E02384
:102BB0004FF08052C3F8042D002383F3118808BD21
:102BC0004FF0E022002313619361054B4FF47A71BB
:102BD0001B68B3FBF1F3013B53610723136170479B
:102BE000A02B00004FF0E02337B5D3F8001D3A4A80
:102BF000914208D14FF0140383F31188BFF36F8F14
:102C0000BFF34F8FFEE7D3F8002D344B9A4208D123
:102C10004FF0140383F31188BFF36F8FBFF34F8F0F
:102C2000FEE72F4B1A78D2B20192FF221A701B785E
:102C30002C4ADBB28DF803309DF8033003F0140307
:102C40001370294A0723136000219DF80300000632
:102C500003F1FF340CD411B1012B136011D04FF0EC
:102C6000140383F31188BFF36F8FBFF34F8FFEE719
:102C70009DF803305B00DBB28DF803300121234661
:102C8000E3E74FF480731360019B154A4FF0E02493
:102C9000DBB21370D4F8203D43F47C03C4F8203D2C
:102CA000D4F8203D43F07C43C4F8203DFFF788FF73
:102CB0000E4B00251D60FFF7ADFED4F8343F43F006
:102CC0004043C4F8343FFFF791FE0CF07DF8FFF766
:102CD000ABFE284603B030BD71C20F4170C20F4138
:102CE00000E400E03C2B0000382B00002000000036
:102CF000EFF305830F2B0ED9114A9B5C114A127812
:102D00009A4208D94FF0140383F31188BFF36F8FF1
:102D1000BFF34F8FFEE74FF0E0230B4AD3F80C3D93
:102D2000126803F4E063934208D94FF0140383F36D
:102D30001188BFF36F8FBFF34F8FFEE7704700BF5F
:102D4000F0E300E03C2B0000382B000010B50446F7
:102D50000CF032F8204609F051F904460CF044F822
:102D6000204610BD10B5044640B10CF025F82046B1
:102D700009F04CF9BDE810400CF036B810BD000069
:102D800070B5134C134D23685E6C0023194628461A
:102D90000222B04723681E680023194602222846F3
:102DA000B04723680C4DD3F8C030052098472368FE
:102DB0005E6C0023194628460A22B04723681C6827
:102DC00000232846A4460A22BDE870401946604701
:102DD0000001300000C004240000134630B5114B40
:102DE00093F85830013BDBB2FD2B8FB018D80E4D55
:102DF0000FCD6C460FC40FCD0FC40FCD0FC495E897
:102E0000030084E80300094C6846D4F844370CF00A
:102E10009FFC05F05FFFD4F8443700200FB030BDB1
:102E20000120FBE700021F0858021F08008005244C
:102E3000134B0168D3F84437F0B50127013900D2AC
:102E4000F0BDD0F808C04668CCF38455C5EBDC6211
:102E5000346801320023013A0CD203FA05F203EA86
:102E60000C03C3F3150324EA0202AB40134333609F
:102E70000830E3E707FA02FE43EA0E03EBE700BF80
:102E80000080052408B51848FFF7D2FF1748FFF760
:102E9000CFFF06F015FA06F027FA06F031FA06F031
:102EA00043FA06F04DFA1248FFF7C2FF1148FFF748
:102EB000BFFF1148FFF7BCFF1048FFF7B9FF1048EC
:102EC000FFF7B6FF0F48FFF7B3FF0F48FFF7B0FF5C
:102ED0000E48FFF7ADFF0E48FFF7AAFFBDE8084018
:102EE0000C48FFF7A5BF00BF84160000E8150000DE
:102EF00024120000F0120000E4120000041300008D
:102F0000C4110000B8110000AC1100000012000054
:102F1000481200003C12000010B5254CFFF7B2FF2C
:102F200094F8040600F00100FFF758FF4FF4C023A7
:102F3000C4F86C34D4F840311E4843F40023C4F87C
:102F40004031D4F8403143F00103C4F84031D4F8A3
:102F5000403143F00203C4F84031FFF769FF1649DE
:102F60001648D1F8103543F00203C1F810356369F3
:102F700023F400336361636943F480336361D0F801
:102F80004027D0F87837C2F34342023A23F4F07373
:102F900043EA4213C0F87837D1F8943443F400235D
:102FA000C1F89434236943F46013236110BD00BF5A
:102FB000008004241014000000A0052400800524D3
:102FC00008B550B10748FFF733FF0748FFF730FF58
:102FD0000648BDE80840FFF72BBF0548FFF728FF6C
:102FE0000448F6E75814000000150000F41400002F
:102FF000CC140000781400000B48D0F800D05DF825
:1030000004EB5DF804CB5DF804BB5DF804AB5DF840
:10301000049B5DF8048B80BC40BC20BC10BC08BC89
:1030200004BC02BC01BC70474C2B0000114AD2F812
:10303000103623F48073C2F810360F4B596B41F0F1
:1030400001015963596B41F0020159630423C2F82D
:10305000383482B000238DF807309DF80730092BF3
:1030600001D902B0704700BF9DF807300133DBB2D1
:10307000F1E700BF0080042400840424FEE7FEE79B
:10308000054B064A06498B4200D3704752F8040BA1
:1030900043F8040BF7E700BF100000007409210893
:1030A000D8160000064B0748DA1C121AC11E22F07F
:1030B0000302994288BF0022002109F0D9BE00BF57
:1030C000D03B0000D816000008B5FFF7D9FFFFF786
:1030D000E9FF00F0B3F8BDE80840FEF729B90000A9
:1030E00038B5374B374A1A60374B384A93F80636AB
:1030F000374C03F00F030F2B15BF364B4FF0006317
:10310000D3F89312D3F837140CBF11601160324A10
:103110000CBFD3F83634D3F89232136005F05AFF5F
:1031200005F05AFF2D4BDB694FF08061D3F88030FA
:103130004FF08C409847E369022060F30E33E3615F
:10314000274BDA696FF30202DA6105F0BFFF1E4B0D
:103150001A6A042161F302021A621A6A1207FCD584
:10316000A369022262F38403A361A3691B04FCD553
:103170001C4B1D4D5A6E6FF341025A665A6E6FF327
:1031800000025A66FFF752FF184B19480D4A1861A2
:103190004FF4FA44D86117485C6200211C624FF476
:1031A0000044C3E90022C3E90B05C3E90F2299607B
:1031B0005961DA609C625A635864996138BD00BFF6
:1031C000A02B0000005A620200800424482B00005B
:1031D0000081042400001F08442B0000000130007F
:1031E0000086042400840424002D3101502B0000AB
:1031F00000B4C4040048E8014FF0E02384B0D3F8E1
:10320000402F0192D3F8442F02920199094A91422A
:103210000DD10299084A914209D1D3F8882D039221
:10322000039A42F470020392039AC3F8882D04B003
:10323000704700BF210011101100001113B50023C9
:10324000009301932F4BD3F810250092009A00921F
:103250002D4A116821F00F01116011681160D3F837
:103260009C1421F46071C3F89C14D3F804170191E5
:103270000199C3F80415D3F8001701910199C3F817
:103280000015D3F8101541F01C01C3F81015D2F841
:10329000024014F48074FAD11C48436943F480332B
:1032A0004361436964F351434361FFF7A5FF184B42
:1032B0004FF080725A60174BC0F84031164B5A6875
:1032C00064F3C3025A60036A0E4A43F48033036214
:1032D000036A43F400330362D2F8943443F40023C6
:1032E000C2F89434036943F4601303610B4B1A680A
:1032F00042F400221A601A6842F480221A6002B076
:1033000010BD00BF00A00524000005240080042497
:1033100000003041030008000081042400840424DC
:1033200020F04040012802D0022805D07047034A0F
:103330001368013313607047014AF9E7A82B0000B6
:10334000A42B000010B5124CE3689847A3681148FD
:103350009847236902209847A46A01211520A047B5
:1033600001211620A0474FF4E1310120A0470A4C6B
:10337000206810B9FEF774FB2060084B4FF48052B0
:10338000C3F88020BFF34F8FBFF36F8F10BD00BF16
:103390006001210821432008AC2B000000E100E07F
:1033A00013B5094C00238DF804302360074B01212D
:1033B0009B6901A8984723681BB19DF8040002B0DF
:1033C00010BD00F035FDF6E7A42B000060012108D8
:1033D00013B5094C8DF8070000232360074B01212A
:1033E0005B690DF10700984723680BB102B010BD6F
:1033F00000F01EFDF8E700BFA82B000060012108C7
:1034000003681B780022202B04D0093B042B01D930
:10341000D0B270470368591C01605B780132F2E753
:103420000120704708B509F085FD162303604FF0B1
:10343000FF3008BD08B509F07DFD16230360FEE7E7
:1034400070B50D461446FEF7D7FA022805D10C4B8D
:103450004FF0FF311868FEF74DFB2E46731BA34259
:1034600009DBFEF7C9FA022803D1054B1868FEF7FD
:1034700071FB204670BD16F8010BFFF7A9FFEDE7C1
:10348000AC2B00004FF0FF3070474FF400534B60FF
:103490000020704701207047002070470FB42DE9CD
:1034A000F0438BB012AB002453F8046B01938DF8FA
:1034B0001040FFF775FF0D288DF81000F7D00A288F
:1034C000F5D0002425460134142C2ED0FFF768FFD8
:1034D00004F128036B440D2803F8180C01D00A28C6
:1034E000F0D105F128030DEB0305002305F8163C88
:1034F00004AB03939DF81030019F0296002B00F05F
:103500004E810025029B1B78002B3BD0DDF80C90F0
:1035100099F80060002E35D002A8FFF771FF04462D
:1035200038B103A8FFF76CFFECE700238DF82430D7
:10353000DEE7029A1346517813F8010B029325280F
:1035400001D1252907D18E421CD109F10103023294
:1035500003930292D6E726462046A0461A7806F044
:103560007C01002A67D100B10293002967D109E0EC
:10357000692A51D01ED8632A53D011D8392A07D8C6
:103580002F2A35D8E8B20BB0BDE8F04304B070473D
:10359000582AF7D146F0200601334FF0100833E0E7
:1035A000642AEFD146F4005646F0200601334FF06E
:1035B0000A0829E06F3AD1B20929E3D8092AE1D8EB
:1035C00001A151F822F000BF0D46200885452008D2
:1035D0008545200885452008314620088545200876
:1035E000A9452008854520088545200895452008DF
:1035F000002CC7D10A211A78303A01FB042413F8B1
:10360000012F303A092AF6D90120A7E746F0200613
:1036100001334FF00808F7E746F0200601338846EB
:10362000F2E7012C46F0040638BF01240133EBE732
:1036300046F00806FAE700299AD000B10293002C60
:1036400008BF632408291BD0202940D0042999D120
:1036500057F8042B4946144400200E780B460131DC
:103660000EB938B94EE702F8016B94424FF00100F1
:10367000F3D10B46994503933FF444AF013541E73D
:1036800003A8FFF7BDFEDDF80CC057F8042B664613
:1036900014440021307810F0DF0F334606F10106A4
:1036A00001D161B92EE7A0F1090EBEF1040FF8D9DE
:1036B00002F8010BA2424FF00101EBD133469C45C9
:1036C00003933FF41FAF374B00221A70D6E703A8CD
:1036D000FFF796FE039BB8F1000F10D0B8F1100F62
:1036E00017D11A78302A14D15A7802F0DF02582AFA
:1036F0000FD102330393023C4FF0100809E01A780F
:10370000302A16D15A7802F0DF02582AF1D04FF051
:103710000808039B1A782B2A0ED02D2A0FD10133CB
:103720000393013C4FF0FF31039A00201444844678
:1037300014E04FF00A08ECE701330393013C012148
:10374000F2E7A9F14103052B02D910B3039220E05F
:10375000A9F1370315E00CFB083C012092F800901A
:103760009646B9F1000FF0D0A242EED0A9F1300395
:10377000DBB2092B06D9A9F16103052BE1D8A9F128
:103780005703DBB2984502F10102E4D808B1CDF845
:103790000CE057F8043B0CFB01F119606EE74FF0A9
:1037A000FF35EFE6B02B0000044802231421C218B5
:1037B00001334B2B82F80013F9D1704700E100E090
:1037C000064B1868002382B262F30F03000C60F30B
:1037D0001F4382B0184602B0704700BF5C01210849
:1037E0000E207047014803F04BBA00BF0C012108BE
:1037F000014803F045BA00BFBC002108014803F0AE
:103800003FBA00BF6C00210807B50023034A0093AC
:1038100003F02CF803B05DF804FB00BFBC002108E6
:1038200037B5044602200D4600F0A2FCE2B2132A8E
:103830000346084A02D11178A52908D012780092CF
:103840002946054A204603F011F803B030BD6FF059
:103850000600FAE7240000000C01210837B50446F1
:1038600009200D4600F084FCE2B2132A0346084A00
:1038700002D11178A52908D0127800922946054A6C
:10388000204602F0F3FF03B030BD6FF00600FAE708
:10389000240000006C002108014802F0DDBF00BFD9
:1038A0000C012108014802F0D7BF00BFBC0021086D
:1038B000014802F0D1BF00BF6C0021081FB5064BC4
:1038C0001B680293054B0193054B0093054B02F0D7
:1038D000B5FE05B05DF804FBA03000002C2D000003
:1038E000340000000C0121081FB5064B1B68029331
:1038F000054B0193054B0093054B02F09FFE05B06D
:103900005DF804FBA03000002C2D00003400000006
:10391000BC0021081FB5064B1B680293054B0193A1
:10392000054B0093054B02F089FE05B05DF804FBE2
:103930009C3000003C2C0000280000006C00210896
:1039400007B5064B064A1B680193064B0093064BCE
:1039500003F06CFB03B05DF804FB00BFA030000077
:103960000C0121082C2D00003400000007B5064B87
:10397000064A1B680193064B0093064B03F056FB67
:1039800003B05DF804FB00BFA0300000BC002108BC
:103990002C2D00003400000007B5064B064A1B68BA
:1039A0000193064B0093064B03F040FB03B05DF818
:1039B00004FB00BF9C3000006C0021083C2C000080
:1039C0002800000007B5064B064A1B680193064B0A
:1039D0000093064B03F066FA03B05DF804FB00BFEA
:1039E000A03000000C0121082C2D00003400000044
:1039F00007B5064B064A1B680193064B0093064B1E
:103A000003F050FA03B05DF804FB00BFA0300000E3
:103A1000BC0021082C2D00003400000007B5064B27
:103A2000064A1B680193064B0093064B03F03AFAD3
:103A300003B05DF804FB00BF9C3000006C0021085F
:103A40003C2C000028000000014902F06DBD00BFC1
:103A50000C012108014902F067BD00BFBC0021082C
:103A6000014902F061BD00BF6C0021080149024814
:103A700002F03ABD340000000C012108014902485F
:103A800002F032BD34000000BC002108034B0449A1
:103A900004484FF480029A6402F026BD0084042496
:103AA000280000006C00210807B5074B07491022C9
:103AB0009A60074B0193074B0093074A074B02F0AC
:103AC0006FFB03B05DF804FB008404240C012108A3
:103AD00024300000A03000003400000000FC020090
:103AE00007B5074B074910229A60074B0193074B14
:103AF0000093074A074B02F053FB03B05DF804FB49
:103B000000840424BC00210824300000A030000000
:103B10003400000000FC020007B5084B08494FF4D0
:103B200080025A64074B0193074B0093074A084BE6
:103B300002F036FB03B05DF804FB00BF00840424F0
:103B40006C002108AC2F00009C3000002800000011
:103B5000001C0624014B1870704700BF24000000B1
:103B6000014803F09DB800BF0C012108014803F093
:103B700097B800BFBC002108014803F091B800BF0E
:103B80006C002108012808D1094BC9B2D3F8F020F4
:103B900061F30702C3F8F0207047022802D1054BF9
:103BA000C9B2F3E70328F7D1034BC9B2EEE700BF70
:103BB000000002440000014500080424012809D146
:103BC0000A4B9A696FF303029A61DA696FF3030291
:103BD000DA6170470228FCD1054B9A69012161F333
:103BE00003029A61DA6961F30302F1E7000002441B
:103BF00000000145012804D1074BD87900F00100ED
:103C00007047022801D1054BF7E7032801D1044B87
:103C1000F3E70020704700BF302C0000082C0000A4
:103C2000E02B000070477047064B1868002382B2F3
:103C300062F30F03000C60F31F4382B0184602B01A
:103C4000704700BFD4012108014B1868704700BFBE
:103C500040000000014804F081BD00BF40000000AA
:103C6000014904F039BD00BF40000000014804F0E4
:103C700011BD00BF4000000037B504460B200D46C3
:103C800000F076FA064B1B680193064B0093024640
:103C9000054B2946204604F08DF803B030BD00BF27
:103CA0009C3000002800000040000000014804F0A3
:103CB0007DB800BF40000000014804F074B800BFA8
:103CC000400000007FB5104BD3E90354B2F5806F7C
:103CD0002E883ABF02F1FF33C3F3090340F2FF33EA
:103CE00063F30D162E80258863F30D15074B258091
:103CF0001B680293064B0193064B0093024B04F0A2
:103D000019F804B070BD00BF400000009C300000F6
:103D10003C2C0000280000000D4B1A69B1F5806FA3
:103D200013B538BF01F1FF33148834BFC3F309035F
:103D300040F2FF3363F30D14064B14801B680193AC
:103D4000054B0093024A054B03F056FF02B010BD2D
:103D5000400000009C3000003C2C000028000000C7
:103D60000D4BDA68B1F5806F13B538BF01F1FF3341
:103D7000148834BFC3F3090340F2FF3363F30D1417
:103D8000064B14801B680193054B0093024A054BB8
:103D900003F084FE02B010BD400000009C30000023
:103DA0003C2C000028000000024B034A1B6803491A
:103DB00003F0CCBD9C300000280000004000000053
:103DC000034B044904484FF400129A6403F06EBD9B
:103DD00000840424280000004000000007B5064BC2
:103DE0000193064B0093064A064B074903F0CEFCAD
:103DF00003B05DF804FB00BFAC2F00009C30000056
:103E000028000000001C062440000000014803F0C8
:103E100095BB00BFC8000000014803F08FBB00BF86
:103E200084000000014803F089BB00BF400000008F
:103E3000FFF7F8BF7FB5264E03788DF80D308DF86B
:103E4000093033784278234D8DF80C200121044647
:103E50008DF80E108DF80820B3B1039806F042FBE0
:103E600003462860A8B962782079052A13D1217801
:103E7000194B1A4A43F8214006F0ACFBA2781849C6
:103E800001238B54337004E006F0CEFB2860002839
:103E9000E3D004B070BD042A10D1124D124A297823
:103EA00042F8214000930246104B1148415C02A8A1
:103EB00006F034FA2B7801332B70DFE70D4D0E4AF4
:103EC000297842F82140009302460C4B0C48EDE75C
:103ED000503100005431000034310000B94F200847
:103EE0004C3100004E3100003C310000A94F200849
:103EF0000C0100004F31000044310000994F2008B0
:103F00001401000010B5044629B1042912D0BDE8FF
:103F1000104007F015BA4B2804D90D4840F2DB11C8
:103F200006F0C4FE240104F18C4404F59814606882
:103F3000C0B210BD0B2804D905484FF4EF7106F04C
:103F4000B5FE240104F1105404F59824EFE700BFF6
:103F5000D801210870B5044641780078FFF7D2FFF8
:103F600043B2002561782078DEB2FFF7CBFF43B281
:103F7000B342F6D10135B5F5FA7FF3D10549A27800
:103F800020788A5C934214BF01210021FDF76AF971
:103F900070BD00BF4C310000024B53F82000FFF70A
:103FA000D9BF00BF44310000024B53F82000FFF797
:103FB000D1BF00BF3C310000024B53F82000FFF797
:103FC000C9BF00BF343100000278052A15D84378F4
:103FD00022B93A2B34BF002021207047511E0129FD
:103FE00005D9032A05D0042A05D0062BF2E7102BA9
:103FF000F0E70A2BEEE70C2BECE72120704713B516
:10400000837804468BB9012006F03AFA63788DF87C
:10401000043023788DF8053000238DF806300198A0
:1040200002B0BDE8104006F05DBA0020ECE70000E9
:1040300037B5831E5D425D4104468DF80500AD0035
:1040400001A88DF80450FFF7BFFF80B98DB94B2C44
:1040500004D90B4840F24A2106F028FE240104F15D
:104060008C4404F59814636883F00103636003B023
:1040700030BD044A536A83F001035362F7E700BF7F
:10408000D801210800C00424354BDFED366AD3F88F
:10409000102242F04002C3F8102207EE900AD3F833
:1040A0001022F4EEE67A42F01002F1EE10FA07EE7A
:1040B000101A82B0C3F8102206DCF0EE086AB4EEE3
:1040C000E67AF1EE10FA08D5D3F8102242F0200279
:1040D000C3F81022002002B070479FED237AF4EE5F
:1040E000C77AF1EE10FA10D5D3F810226FF303025D
:1040F000C3F81022D3F810226FF38612C3F81022EF
:10410000D3F810226FF30412E2E777EEC77ADFEDFF
:10411000176A134A87EEA67AF7EE007A77EE277AC7
:10412000FCEEE77ACDED017A9DF80430F6EE007AE8
:1041300077EE277A07EE103AB8EE477AB4EEE77AD0
:10414000F1EE10FAC2BFFCEEE77ACDED017A9DF8F0
:104150000430D2F8101263F30301C2F81012B9E769
:104160000038042433333340CDCCCC3F0AD7A33DB1
:10417000D0B50E2800F27C82DFE810F00F005A0064
:104180009500D00004010F014101710181019001EE
:10419000B701DC010702320254024FF08C43DB69A5
:1041A00003F00703042B41D8DFE803F0033A343768
:1041B0003D00844B9A6C013A052A37D8DFE802F0BB
:1041C000032224222628586C4FF08C43DC69DB69DB
:1041D000C4F3C30413F0005F60D094B107F062FA37
:1041E000064620460F4607F05DFA774B002207F09F
:1041F0001DF902460B463046394607F0F7FB07F03B
:1042000065FDD0BDD86ADFE7D86BDDE7186BDBE76B
:10421000586BD9E76B4BD869D6E76A4B5869D3E737
:10422000684B9868D0E7674BD868CDE70020CBE7AC
:104230004FF08C43DB69C3F3C213042B2CD8DFE8A7
:1042400003F003251F2228005E4B9A6C013A052AD1
:1042500022D8DFE802F0030D0F0D1113586C4FF058
:104260008C43DC69DB69C4F3832413F0804FB3E72C
:10427000D86AF4E7D86BF2E7186BF0E7586BEEE713
:10428000504BD869EBE74F4B5869E8E74D4B9868BE
:10429000E5E74C4BD868E2E70020E0E7002CB0D01F
:1042A000B0FBF4F0ADE74FF08C439B69C3F3C2332E
:1042B000052B31D8DFE803F0032124272A2D414BB9
:1042C0009A6C013A052A27D8DFE802F0030F110F94
:1042D0001315586C4FF08C439B69C3F3C32213F43E
:1042E000F04F8ED0B0FBF2F08BE7D86AF2E7D86BD4
:1042F000F0E7186BEEE7586BECE7324B9868E9E7AC
:10430000304B1869E6E72F4B5869E3E72D4BD86926
:10431000E0E72C4BD868DDE70020DBE74FF08C436B
:104320009B6AC3F34243032B2AD8DFE803F0022041
:104330002326244B9A6C013A052A21D8DFE802F0A3
:10434000030F110F1315586C4FF08C439A6AC2F388
:10435000055312F07C7F3FF454AF5B004CE0D86A09
:10436000F2E7D86BF0E7186BEEE7586BECE7154B0C
:104370005869E9E7134B9868E6E7124BD868E3E71A
:104380000020E1E74FF08C42936903F00703032B11
:1043900025D8DFE803F0081B1E214FF08C42D36FB5
:1043A000C3F34223F3E7074BD86A91699369D26953
:1043B0008C05C3F3C503C2F3007212D5B2B9DBB9E1
:1043C0001FE700BF502B00000000E03F824BD86980
:1043D000EBE7814B5869E8E77F4B9868E5E70020F9
:1043E000E3E71AB9002BB8D140080AE7D9077FF5EF
:1043F00008AF022B7FF605AFB0FBF3F001E74FF0FB
:104400008C439B69C3F30263042B00F23181DFE824
:1044100013F0DF0005001D00200023006E4B9A6C96
:10442000013A052A00F22481DFE812F006000800B4
:104430000B0008000D00F700586CE2E6664BD86AE6
:10444000DFE6D86BDDE6644B186BDAE6624B986802
:10445000D7E6614BD869D4E65F4B5869D1E64FF097
:104460008C42936913F4802F5B4B0CBF586998689A
:10447000936992691202C3F3C343B3D59FE74FF028
:104480008C439A6A12F4806F534A0CBF9069D068CB
:104490009A6AC2F3C52312F4FC3F5CE74F4A936962
:1044A0001B0F062B1FD8DFE803F0040C0F121518A2
:1044B0001B00494B58689369C3F3464213F47E0FBF
:1044C0000FE7454B186AF6E7434B586AF3E7424B50
:1044D000986AF0E7404BD86AEDE73F4B186BEAE784
:1044E0003D4BD868E7E70020E5E73C4AD369C3F3D2
:1044F0004303052B1CD8DFE803F0030C0F1215183B
:10450000354B5868D369C3F34713002B7FF425AFAD
:1045100077E6314B186AF5E72F4B586AF2E72E4BD6
:10452000986AEFE72C4BD86AECE72B4B186BE9E75E
:104530000020E7E7294A136AC3F34303072B22D875
:10454000DFE803F0040C0F1215181B1E224B5868ED
:10455000136AC3F3421213F0E00FC2E61E4B186A4F
:10456000F6E71D4B586AF3E71B4B986AF0E71A4BC6
:10457000D86AEDE7184B186BEAE7174BD868E7E7FE
:10458000154B586BE4E70020E2E7144B1B6BC3F3B9
:104590004303062B6CD801A252F823F0B95520082A
:1045A000BF552008C5552008CB5520083D5420088C
:1045B00047542008D1552008074B586821E6064B80
:1045C000186A1EE6044B586A1BE6034B986A18E605
:1045D000014BD86815E600BF502B000000140424DE
:1045E000244B5B6BC3F34303082B41D801A252F861
:1045F00023F000BFB9552008BF552008C555200835
:10460000CB5520083D54200847542008D155200898
:10461000195620081F562008174B586BF1E5164B0A
:104620009869EEE5134AD36AC3F34303062B1DD8FA
:10463000DFE803F0040A0D10131619000E4B58683A
:10464000D36AC3F34713BAE60B4B186AF8E70A4B71
:10465000586AF5E7084B986AF2E7074BD86AEFE724
:10466000054B186BECE7044BD868E9E70020E7E757
:104670000020C6E500140424502B0000024B1B68E8
:10468000D3F8BC30184700BF00013000024B1B6854
:10469000D3F8CC30184700BF00013000024B1B6834
:1046A000D3F8EC30184700BF00013000024B012165
:1046B0009B69C0B2184700BF78310000FFF7F6BF12
:1046C0001346054A126810B4546C0A46A4460021E9
:1046D0005DF8044B604700BF00013000034B1B6ACC
:1046E00002469B6A02480121184700BF00013000C2
:1046F00000140424104B114A1B7F82B0012BADF82B
:1047000004000F4BC0B24FF400610DD9116020B905
:10471000D3F808220A43C3F808225A68002042F05E
:1047200001025A6002B0704711600028F5D1D3F839
:10473000082242F40062EEE77831000000E100E078
:10474000003804242DE9F04F224B234893F81CE055
:10475000224B1A7800231C4602F59875D9B28E4573
:104760000CD8DFF880800023A8F5107902F5907C42
:10477000DAB2964509D80020BDE8F08F30F8151060
:104780008C4238BF0C460133E8E743B929F81C30A6
:104790000133EDE7B5F820B0594489B20AE00027AB
:1047A0001FFA83FABEB2B442F2D900220C4D104671
:1047B00035F8021FA14203D2B142EBD1013292B2CD
:1047C000013080B25045F3D30137002AEAD128F8EE
:1047D0001360DDE77831000098310000743100008B
:1047E000D6330000D8330000012800D17047C3073A
:1047F00001D44008F8E700207047034601208342B7
:1048000008DC00EBD072A3EB6203B3EBA00FB8BFE0
:10481000400870474000F2E707EE100ADFED087A23
:10482000084837EE277AF7EE006AC6EE877AFCEE84
:10483000E77A17EE903A834228BF0346184670473E
:1048400095BFD633404B4C0084B0F0B506AC84E83D
:104850000E00DFED957A002123AC0DF16B050A46C1
:104860000B46CEB2B04200F2AF80002B00F0A38026
:10487000B0EE007AF4EEC77AF1EE10FAB0EE047AF8
:1048800005DBF4EEC77AF1EE10FA00F1DF80F4EE0A
:10489000C77AF1EE10FAB0EE087A05DBF4EEC77ACB
:1048A000F1EE10FA00F1D880F4EEC77AF1EE10FACA
:1048B000B1EE007A05DBF4EEC77AF1EE10FA00F102
:1048C000CE80F4EEC77AF1EE10FAB1EE047A05DB91
:1048D000F4EEC77AF1EE10FA00F1C480F4EEC77A74
:1048E000F1EE10FA07DBB1EE087AF4EEC77AF1EEDA
:1048F00010FA00F1BA80B1EE0C7AF4EEC77AF1EE5C
:1049000010FAB2EE007A05DBF4EEC77AF1EE10FA97
:1049100000F1AE80F4EEC77AF1EE10FAB2EE027A50
:1049200005DBF4EEC77AF1EE10FA00F1A480F4EEA4
:10493000C77AF1EE10FA06DBB2EE047AF4EEC77A2B
:10494000F1EE10FA6FD4B2EE087AF4EEC77AF1EE17
:1049500010FA06DBB2EE0C7AF4EEC77AF1EE10FA3A
:104960006ED4B3EE017AF4EEC77AF1EE10FA06DBFC
:10497000B3EE027AF4EEC77AF1EE10FA63D4B3EE36
:10498000097AF4EEC77AF1EE10FA06DBB3EE0A7A92
:10499000F4EEC77AF1EE10FA70D9B3EE0B7AF4EEBA
:1049A000C77AF1EE10FA06DB9FED407AF4EEC77A93
:1049B000F1EE10FA74D9DFED3E7A9FED3E7A002ACF
:1049C00018BFF0EE477A65E015F8016FA6F1140CF8
:1049D000BCF1020F2F7C0FD894ED007AB4EEE77A89
:1049E000F1EE10FA03DD0133DBB2F0EE477A0D2F62
:1049F00016D00131043434E7A7F10A0CBCF1020FE0
:104A00000CD894ED007AB4EEE77AF1EE10FA03DDFB
:104A10000133DBB2F0EE477A182EE9E7182EE6D123
:104A20000132D2B2E5E7DFED247A9AB39FED217A25
:104A3000F4EEC77AF1EE10FA23D5F0EE477A29E0CA
:104A4000DFED1E7AF1E7DFED1E7AEEE7DFED1D7A8E
:104A5000BAB1DFED187A1DE0DFED1B7AF8E7DFED84
:104A60001B7AF5E7DFED1A7AF2E7DFED1A7AEFE766
:104A7000DFED197AECE7DFED197AE9E7DFED187A77
:104A800042B19FED0B7AF4EE477AF1EE10FA48BF8F
:104A9000F0EE477ABDE8F04017EE900A04B0704798
:104AA000DFED107AECE700BF0000000000004C4290
:104AB00095BFD6338BE16A36ACC5A735EFE608362D
:104AC0009F9D42362E5A823301A90C3437F859344F
:104AD0002439EC3434580F35AD186335883E8A35A7
:104AE000B1B49D36F2DD1C3770B50D46164604464E
:104AF000D0B9FFF7D3FDAA4807222146FFF7E0FD12
:104B0000002D40F0AA81012E00F09F810B2C1DD0BA
:104B10000C2C40F0F5800520FFF7C0FDA0480722CF
:104B20000521FFF7CDFD98E0012818D10220FFF7FD
:104B3000B5FD9B4807220221FFF7C2FD002D76D16B
:104B4000012E00F082810B2C40F0DA800320FFF769
:104B5000A5FD072203219248FFF7B2FD96E0022847
:104B60000ED10420FFF79AFD072204218C48FFF79D
:104B7000A7FD002D00F06681012D40F0778155E101
:104B8000032805D10620FFF789FD07220621EDE75E
:104B9000042805D10820FFF781FD07220821E5E759
:104BA000052805D10A20FFF779FD07220A21DDE754
:104BB00006280CD17B4B20225A601920FFF766FD96
:104BC0001920FFF75BFD78480E221921B4E707286A
:104BD0001ED1744B20225A601B20FFF757FD1B206B
:104BE000FFF74CFD0E221B216F48FFF769FD002DDA
:104BF00000F02881012D40F0D980012E00F01981AC
:104C00000C2C21D10520FFF749FD07220521A2E741
:104C1000082840F0FD80634B20225A601D20FFF7DA
:104C200035FD1D20FFF72AFD0E221D21DCE70B2C90
:104C30001ED0012D40F01A81012E00F0FA800C2CBC
:104C4000E0D00D2C00F0C1800E2C50D00F2C6FD076
:104C5000102C75D12EE0022D40D0032D52D1012E03
:104C600059D00E2C70D00F2C62D0102C30D121E0F6
:104C70000320FFF713FD4A4807220321FFF720FD19
:104C8000022D2BD0032D03D1012E44D0002070BD66
:104C9000042D00F0A480052DDAD1012E40F0A38070
:104CA0000720FFF7FBFC07223D481146FFF708FDF0
:104CB000102C5ED13B4B20225A601A20FFF7E6FCF5
:104CC0001A20FFF7DBFC38480E221A21FFF7F8FC08
:104CD000112C50D0072D5CD1012E88E0012ED5D1AA
:104CE00069E0012E67D00D2C0FD00E2CBBD109200E
:104CF000FFF7D4FC2A4807220921FFF7E1FCCAE7A5
:104D00000D2C62D00E2C68D1F1E70B20FFF7C6FC0A
:104D100007220B211FE70B20FFF7C0FC20480722CA
:104D20000B21FFF7CDFC8FE70E2CE0D00F2CB2D17A
:104D30000720FFF7B3FC072219481146FFF7C0FC14
:104D4000062DC5D1012E4FE00920FFF7A7FC072251
:104D5000092100E70920FFF7A1FC114807220921DA
:104D6000FFF7AEFC7FE70720FFF798FC072211460C
:104D7000F1E6112C0DD10B4B20225A601C20FFF7BD
:104D800085FC1C20FFF77AFC07480E221C21FFF748
:104D900097FC122C2FD0082D7FF478AF012E28E03D
:104DA00000C004240000304100001346022D7FF4AF
:104DB00054AF012E99D10520FFF770FC2E48072231
:104DC0000521FFF77DFC0D2CAED10B20FFF766FC13
:104DD000294807220B21FFF773FC042DA6D1012ED1
:104DE000B8D00F2CBFD0102C3FF464AF112CC2D020
:104DF000122C7FF44BAF214B20225A601E20FFF76C
:104E000045FC1E20FFF73AFC1D480E221E21A3E69A
:104E10000A287FF475AE0120FFF740FC16480722F0
:104E20000121FFF74DFC012D7FF415AF012E7FF41A
:104E30002DAF0320FFF732FC0F4807220321FFF7B5
:104E40003FFC65E6012E7FF421AF0120FFF726FC31
:104E5000094807220121FFF733FC0B2C3FF408AF70
:104E6000012D3FF4E9AE0C2C3FF455AE022D3FF47A
:104E700038AF0D2CA9D0F0E600C00424000030416A
:104E8000000013462DE9F0410F29BDF81850BDF878
:104E90001C609DF820809DF824E055D845EA060462
:104EA000B4F5806F50D22B4C01F1100701F1400C8A
:104EB00044F8273001F150079A4244F8212024F8A1
:104EC0001C5024F8176041D0B8F1000F17D001F141
:104ED000300802EB4502C0F8D42144F8282045EA06
:104EE000C12242F40048C0F8D881D0F8D881C0F877
:104EF000D821D0F8D82144F82C8044F82720BEF1DE
:104F0000000F02D10020BDE8F08101F1600205EB45
:104F100046052B44C0F8D43144F82230CB0203F5C7
:104F20008063334343F40042C0F8D82101F170029A
:104F3000D0F8D85144F822508031C0F8D831D0F898
:104F4000D83144F82130DDE70120DCE742F20210DD
:104F5000D9E700BF983100000F2910B528D892B1C9
:104F6000144A01F1300452F82440C0F8D44101F150
:104F7000400452F82440C0F8D84101F1500452F8DE
:104F80002420C0F8D8218BB10A4B01F1600253F8FC
:104F90002220C0F8D42101F17002803153F8222080
:104FA00053F82130C0F8D821C0F8D831002010BD06
:104FB0000120FCE79831000010B5274B27485A68BC
:104FC0005A6842F001025A60D3F8082242F4806223
:104FD000C3F8082203F5B4331A68026852BBD3F849
:104FE000402442F46752C3F840241D4AD2F80230EC
:104FF000DC05FBD41B4BD3F80427D107FBD5D3F832
:105000000427D207FBD4D3F84824174C174B216848
:105010001A60930803F4F8530B43910001F07C01EC
:1050200012020B4302F47832134343F081032360EE
:10503000012303600C4B1A680A4BC3F84424084A46
:10504000D2F8023013F48073FAD1034A516863F343
:105050000001516010BD00BF003804246831000019
:105060000000052400A00524703100006C31000010
:105070000F29024610B54FF001000CD8D2F8CC41F0
:1050800000FA01F32343D2F8CC119BB263F30F0172
:10509000C2F8CC11002010BD0F29024610B54FF008
:1050A00001000DD8D2F8CC4100FA01F343EA1443D1
:1050B000D2F8CC119BB263F31F41C2F8CC1100208F
:1050C00010BD30B50F299DF80C402CD81F2A2AD8C6
:1050D0000F2B28D8012C26D845686D060FD509015D
:1050E00034B14518AC6B44EA835343F08063AB633F
:1050F00001448B6B43EA42438B63002030BD5CB1BB
:10510000D0F8081241F40071C0F80812D0F8081263
:1051100063F34811C0F80812D0F8083262F30403B0
:10512000C0F80832E9E70120E8E7000029B9D0F823
:10513000083261F3CB23C0F80832064B5B68DB070B
:1051400041BF43686FF300034360002058BF4FF036
:10515000FF30704700380424C1B2024882B002B068
:10516000FFF7E4BF003804240F2915D80D4B5A6807
:10517000520603D4D3F8DC31002B0FDAD0F8DC214F
:1051800001238B401343D0F8DC219BB263F30F0261
:10519000C0F8DC2100207047012070474FF4045014
:1051A000704700BF00380424B1F5007F14D2B2F577
:1051B000806F11D243686FF38A234360C36861F341
:1051C0001843C360C36862F30903C360436843F4D0
:1051D0008063436000207047012070470F2925D865
:1051E000012A05D1436A6FF3D75343620020704709
:1051F000022A0BD1436A6FF300034362436A6FF3E1
:1052000004134362436A6FF3C303EEE7084BD3F81A
:10521000DC31002BEADA436A0122C3F3CF138A4060
:1052200023EA0201436A61F3D613DEE701207047E7
:10523000003804240F2903464FF0010014D81A6ADD
:1052400000FA01F189B2186AC2F30F220A4362F32D
:10525000172018621A6AC2F30F2222EA0102196AA1
:1052600062F31721196200207047000008B510B1E1
:1052700001280ED008BD4FF4006003F0E7FE104B8C
:105280004FF000725A640F4A137843F00103137011
:10529000F0E74FF4006003F0F3FE0A4A13786FF36F
:1052A00000031370DBB2002BE4D1074B07481B6AE5
:1052B0000221DB6B9847024B4FF000729A64D9E7EA
:1052C00000840424C83400000001300000140424C9
:1052D00084B0F0B52DED028B83B00AAC84E80F00EA
:1052E0005A4D709B0F9CAB61594B9DF8BD61BDF849
:1052F0001C112E77621E9A4280F0A4800FAA01230F
:105300009E420AD8012E40F081809DF8BC3183B1C5
:10531000012911D942F2061071E0174652F8040F24
:105320003F68B84200F28E80002800F08B80013385
:10533000E6E7B1F5806FEDD20020FFF797FF04207C
:10534000FFF7CCF9434B44485A686FF38A225A60FE
:10535000DA686FF31842DA60DA68042161F309024F
:10536000DA605A683D4942F480625A60FEF78CFE6A
:10537000FFF722FE012E16BF7443A4006400B4F5AB
:10538000FA4F46D20220FFF7A9F94FF4FA436B60B7
:1053900003F0F4FF288103F0E5FF288203F0F4FF17
:1053A000C0F30D0307EE103A9FED2D8AB8EEC77AD1
:1053B000830BC7EE086A07EE903AF8EEE77A77EECD
:1053C000A67AC5ED037A03F0D3FFC0F30D0307EE11
:1053D000103AB8EEC77A830BC7EE086A01A807EE49
:1053E000903AF8EEE77A002377EEA67A0193C5EDBE
:1053F000057A04F0E7FC003818BF0120404203B0F2
:10540000BDEC028BBDE8F04004B07047731E0F2B5B
:105410007FE7144BA4F5FA449C4204D80420FFF71C
:105420005DF9114BB3E7114BDC6914F0080407D1A7
:10543000022004F0FFF82046FFF750F90C4BA6E7D6
:105440000C4BA4E742F20410D9E700BF783100000A
:10545000A02526000038042433333340CDCC4C4003
:1054600000007A4400B80B000048E8010000081270
:10547000005A6202002D310184B070B52DED028B0F
:1054800082B008AC84E80F00574C9DF820206E993C
:10549000A16108A901EB820154484969544E9DF865
:1054A000B531327001398142237780F09A80012B27
:1054B0007AD108AB03EB4202B2F8F4309DF8B42184
:1054C00022B1012B05D942F2061066E0B3F5806FD8
:1054D000F9D20020FFF7CAFE0420FFF7FFF8454B82
:1054E00045495A6845486FF38A225A60DA686FF373
:1054F0001842DA60DA68042565F30902DA605A684E
:1055000042F480625A60FEF7BFFDFFF755FD337825
:1055100008AA02EB830342F228325B69934246D821
:105520000220FFF7DBF84FF4FA43636003F026FF35
:10553000208103F017FF208203F026FFC0F30D0344
:1055400007EE103A9FED2E8AB8EEC77A830BC7EEAE
:10555000086A07EE903AF8EEE77A77EEA67AC4ED9D
:10556000037A03F005FFC0F30D0307EE103AB8EE1F
:10557000C77A830BC7EE086A01A807EE903AF8EEE7
:10558000E77A002377EEA67A0193C4ED057A04F05A
:1055900019FC003818BF0120404202B0BDEC028B5C
:1055A000BDE8704004B07047013B0F2B8AE7154AF5
:1055B000A3F50C53293B93420BD82846FFF78EF8EE
:1055C000114BDA6A114B9A4201D1104BADE7104BE7
:1055D000ABE7104BDB691B07F9D4022004F02AF873
:1055E000EBE742F20410D8E778310000A02526004E
:1055F0007431000000380424CDCC4C4033333340A8
:1056000000007A44D6110C00502B00000048E8013D
:10561000002D31010000081213B50D4BADF8040048
:105620004FF40062C3F88020BFF34F8FBFF36F8F3A
:1056300003220121002004F099FC044628B901202E
:10564000FFF714FE204602B010BD4FF0FF30FAE71E
:1056500000E100E04368064A61F349234360D2F861
:10566000403443EA4143C2F840340020704700BF51
:1056700000A0052484B02DE9F04F2DED048BEDB092
:105680007AAC84E80F009DF87D3362934FF4C472C6
:1056900001237DA9684669939DF87C53DFF894A3A4
:1056A00007F0A6FC94E80E006298FFF7CDF808EE2C
:1056B000900AFFF7B1F8DAF8048007EE900A07EED7
:1056C000108AF8EE677AB8EE477AB7EE008A88EE6D
:1056D000079A88EE277AC7EE097A17EE900A06F045
:1056E00003F809F075FA06F0F1FAC8EE897A84B287
:1056F00017EE900A05F0F8FF09F06AFA06F0E6FAEC
:1057000086B2B44208BF01347F9F08BFA4B2002D07
:1057100065D1B8FBF4F3AAF80060AAF80240DFF8FC
:1057200018A363930DF5FC7B5146AAF25E284FF057
:105730000209629AEBB29A4200F2C880B74DDFF8D4
:10574000F4B2FEF7FFFF224631462846FFF72CFD54
:1057500001212846FFF77EFF6B68B14E43F00063DE
:105760006B606B6843F040036B606B686FF34103E1
:105770006B603323C5F8E4316B6843F004036B605E
:10578000D5F8DC3143F00043C5F8DC310DF2DA2303
:10579000659306F18103A6AF06F13E0A66930DF507
:1057A000F47800246791629AE3B29A4200F2D780BB
:1057B0009C4B6A9300229C4B6B9369A9104604F0A2
:1057C00039FB10B1452840F0258169996AAA00206B
:1057D00004F09EFB003818BF0120404269E02046DB
:1057E00005F070FFB8FBF7F780463846894605F0AC
:1057F00059FF02460B464046494606F03FFA00284C
:105800005ED1AAF80060AAF80240224631468348D9
:10581000FFF7CAFC01218148FFF71CFF7F4B5A6844
:1058200042F000625A605A686FF386125A606A1E2C
:10583000012A5A684FF0000194BF42F0020265F35A
:1058400041025A60C3F8E4115A6842F004025A60F7
:10585000D3F8DC2161F3DF72C3F8DC219DF8E92184
:105860009DF83C029DF84C125AB1D3F8084262F3FD
:105870004924C3F80842D3F8084261F34814C3F836
:105880000842664CD4F8083260F30403C4F80832C6
:10589000FFF72AF92A4600212046FFF79FFCBAF8B5
:1058A0000220DAF80430B3FBF2F3604A0020C2F8B9
:1058B00080326DB0BDEC048BBDE8F04F04B0704792
:1058C000BAB2AAF80060AAF802209FE79DBB639BCA
:1058D000B3FBF7F39BB2012B8CBFA8F86032A8F89A
:1058E0006092629B012B08D04A881046FEF77CFF2D
:1058F00018B91046FEF781FF4880DFED4D7A524619
:1059000000231FFA85FC32F8020F07EE100AB8EEEA
:10591000477A0133C8EE076A9BB2634577EEA67AF1
:10592000F1D9F4EEC87AF1EE10FA0DDC013502314E
:105930000BF1040BFDE6DBE90032B3FBF2F20B885E
:1059400013FB02F34B80CCE75246002332F8020FE0
:1059500001339BB2400063451080F7D9E6E798F821
:10596000549098F86430649318F8013F639300935F
:105970004A462146649B2846FFF7A3FB36F8021FE0
:10598000328C012A08D0A30003F1105303F58723BA
:10599000A3F83811C3F8782121462846FFF7E4FB25
:1059A000DDE963214846FFF79FF821462846FFF7C7
:1059B00073FB659B33F8029F6593679BCDE9009964
:1059C000CDE902332146D7F8A4307A6E2846FFF796
:1059D00059FA21462846FFF74BFB0022214628466C
:1059E000FFF7FCFBBBF80220DBF80430B3FBF2F35B
:1059F000328CB3FBF2F34AF8043F57F8043FA6F8A1
:105A0000D090CAF85030669B639A03F8012F013496
:105A10006693C8E64FF0FF304BE700BF0038042420
:105A2000D6330000AD562008BD562008983100003E
:105A30000000000078310000F633000084B02DE94A
:105A4000F04F2DED048BEBB078AC84E80F002146CD
:105A50009DF87533DFF810A311F80C8B62934FF4A7
:105A6000C4720123684667939DF874638AF80080C6
:105A700007F0BEFA94E80E006298B44DFEF7E4FE1B
:105A800008EE900AFEF7C8FED5F804B007EE900ABB
:105A900007EE10BAF8EE677AB8EE477AB7EE008AEA
:105AA00088EE079A88EE277AC7EE097A17EE900AF1
:105AB00005F01AFE09F08CF806F008F9C8EE897AAC
:105AC00084B217EE900A05F00FFE09F081F806F097
:105AD000FDF887B2BC4204BF0134A4B2002E55D1F8
:105AE000BBFBF4F378AA649308F1040302EB83038D
:105AF00097492F806C800DF5F8796593629AF3B21F
:105B00009A4200F2C180934EFEF71CFE22463946AF
:105B10003046FFF749FB01213046FFF79BFD7368D4
:105B20008D4C43F000637360736843F0400373600F
:105B300073686FF3410373603323C6F8E43173680D
:105B400043F004037360D6F8DC3143F00043C6F839
:105B5000DC310027629AFBB29A4200F207817F4B48
:105B6000689300227E4B699367A9104604F062F99E
:105B700010B1452840F07B81679968AA002004F0A5
:105B8000C7F9003818BF0120404271E078AB03EB41
:105B900088082046D8F81430BBFBF3FB05F092FDD3
:105BA00080465846894605F07DFD02460B46404634
:105BB000494606F063F8002861D12F806C802246A8
:105BC00039466448FFF7F0FA01216248FFF742FDC9
:105BD000604B5A6842F000625A605A686FF386124E
:105BE0005A60721E012A5A684FF0000194BF42F0B9
:105BF000020266F341025A60C3F8E4115A6842F0A7
:105C000004025A60D3F8DC2161F3DF72C3F8DC21AF
:105C10009AF8002002F5F0726A4492F8540092F863
:105C2000641052785AB1D3F8084262F34924C3F899
:105C30000842D3F8084261F34814C3F80842454FBC
:105C4000D7F8083260F30403C7F80832FEF74CFFB8
:105C50009AF80040324621463846FFF7BFFAA03492
:105C60006A886B68B3FBF2F33B4A42F824300020A9
:105C70006BB0BDEC048BBDE8F04F04B070471FFA69
:105C80008BF22F806A809BE708F59873DFF8C8B025
:105C90006393002E50D1659B649A5B68B2FBF3F36B
:105CA0009BB2639A012B98BF02232BF81230629BA0
:105CB000012B08D04A881046FEF796FD18B9104609
:105CC000FEF79BFD488078AB03EB4803B0B2B3F816
:105CD000F430012B01BF08F598723BF812309B0895
:105CE0002BF81230639B3BF8133007EE903AF8EE36
:105CF000677A002288EE277ADFED1A7A01321FFADE
:105D000082FC844577EE877AF8D9F4EEC87AF1EE12
:105D100010FA0CDD002201321FFA82FC5B00844580
:105D20009BB2F8D90C4808F5987220F81230013669
:105D3000023109F10409E1E6D9E90032B3FBF2F2DC
:105D40000B8813FB02F34B80B1E700BF78310000F2
:105D5000F63300000038042498310000AD562008C6
:105D6000BD56200800000000743100009AF80010B1
:105D7000639101F5F0736B44304693F8548093F8C7
:105D8000649093F801B0CDF800B04B464246FFF75F
:105D900098F9639901F5907334F8130001F598733D
:105DA00034F81320012A08D08B0003F1105303F5B7
:105DB0008723A3F83801C3F878213046FFF7D4F9D8
:105DC0005A4649464046FEF78FFE9AF80080304614
:105DD0004146FFF761F978AB03EB480378AAB3F8C3
:105DE000F43002EB88000122CDE90222CDE9003334
:105DF0004146D0F85431D0F814213046FFF742F82C
:105E00009AF8008030464146FFF732F941460022B9
:105E10003046FFF7E3F908F1A00269886B68B3FB2D
:105E2000F1F308F59871013734F81110B3FBF1F371
:105E300044F8223078AA02EB480208F5C473B2F89D
:105E4000F42024F8132078AA02EB880208F1B403A6
:105E5000D2F8B42044F8232008F5F07204EB0803CC
:105E60000DEB020898F8012083F8C02272E64FF08B
:105E7000FF30FDE6D0F8E03143F00103C0F8E03137
:105E8000002070472DE9F341374B9A6A0192019A3D
:105E900016020DD5426A1502C2F3C05008D45A6AE0
:105EA00042F400025A62314B9B690421984718E082
:105EB000019BDC0709D52C4A136A43F001031362E6
:105EC0002A4B05219B690020F0E7019C14F08074A7
:105ED0000BD02548012100F095F8254B02201B68C6
:105EE0009847002002B0BDE8F0811F4B5A68500669
:105EF00003D4D3F8DC31002B24DA1E4D1A4E1B4F8D
:105F0000019BE21DD340D90717D521463046FFF744
:105F100091F92B785FFA84F8B3FA83F2520941467B
:105F20003046FFF719F8BB6913B100214046984786
:105F30002B78B3FA83F35B092B700134102C05F135
:105F40000105DDD1084B5A689207CAD4D3F8DC1199
:105F5000C90FC6D15A6842F004025A600198034B37
:105F6000C0B29B69A2E700BF00380424783100006A
:105F7000CC340000583100000148FFF783BF00BF58
:105F800000380424030548BF20F40060174B58BFB5
:105F900040F40060D1B11A8A93ED057A821A07EEB7
:105FA000902AF8EEE77A67EE877AFDEEE77A17EE49
:105FB000903A18B2B0F5805F11DA002812DDB0F522
:105FC000006F10DBA0F5006000B270471A8993EDF6
:105FD000037A821A07EE902AF8EEE77AE3E740F6B2
:105FE000FF70EFE7002000F50060EDE7783100007A
:105FF000406921B11146C0F30B00FFF7C3BFC0F3E6
:106000000B007047436A01291DBF43F0020343623E
:10601000436A43F0807318BF43F0040343620020D7
:1060200070472DE9F04F92F806C092F802A053781D
:10603000D5781679577992F807E092F8088092F8A7
:10604000099092F80AB0D47A127802B35B0643EA58
:106050004B7343EA8A5343EA495343EA085343EAFA
:106060004E4343EA0C4343EA47330901026843EADB
:10607000C62301F1105143EA852301F5872142F03F
:10608000004243EA44230260CB63BDE8F08F02681C
:106090006CF3C712026002686AF34F320260026852
:1060A00063F313420260036865F34103036003680E
:1060B00066F383030360036867F3061303600368F2
:1060C0006EF30A230360036868F3CB23036003685D
:1060D00069F30C33036003686BF3145303600368C4
:1060E00064F300030360D0E710B4034C2468646CCD
:1060F000A4465DF8044B604700013000024B1B686A
:10610000D3F8B830184700BF00013000024B1B68BD
:10611000D3F8C030184700BF00013000024B1B68A5
:10612000D3F8C830184700BF00013000024B1B688D
:10613000D3F8E830184700BF00013000072806D91F
:10614000102834BF02230423024A1370704701232E
:10615000FAE700BFD634000038B590F8343003F0C9
:10616000FD03012B044616D1006805699DB9E26A5A
:10617000937113680BB9012038BD084A821A504246
:106180005041C00740F004009847E36A9A79002A1A
:10619000F1D09D71EFE70020EEE700BF0008042476
:1061A00073B5CB6ADE7916F001060C464FF0000598
:1061B00040F093819E809E7118601C22206B3146B6
:1061C00006F056FE94F834305A1E012A00F2388147
:1061D000E368587840280CD94038C0B2FFF7A6FFD2
:1061E000E36895485A78403A0623D2B23146FFF721
:1061F0007BFFE16891488B784A780978FFF774FF54
:10620000E368D87808B1FFF781FFE3685878FFF7B3
:1062100085FFE3685878A0F11903052B01D8FFF733
:106220006DFF23693BB3587840280CD94038C0B281
:10623000FFF77CFF236980485A78403A0623D2B2A0
:106240000021FFF751FF21697C488B784A78097853
:10625000FFF74AFF2369D87808B1FFF757FF236992
:106260005878FFF75BFF23695878A0F11903052BD5
:1062700001D8FFF743FF63693BB3587840280CD936
:106280004038C0B2FFF752FF63696B485A78403A12
:106290000623D2B20021FFF727FF616967488B7898
:1062A0004A780978FFF720FF6369D87808B1FFF7CB
:1062B0002DFF63695878FFF731FF63695878A0F1C3
:1062C0001903052B01D8FFF719FFA3693BB35878D1
:1062D00040280CD94038C0B2FFF728FFA3695648C0
:1062E0005A78403A0623D2B20021FFF7FDFEA16999
:1062F00052488B784A780978FFF7F6FEA369D87878
:1063000008B1FFF703FFA3695878FFF707FFA369F8
:106310005878A0F11903052B01D8FFF7EFFEE369C8
:106320003BB3587840280CD94038C0B2FFF7FEFE86
:10633000E36941485A78403A0623D2B20021FFF778
:10634000D3FEE1693D488B784A780978FFF7CCFEA7
:10635000E369D87808B1FFF7D9FEE3695878FFF709
:10636000DDFEE3695878A0F11903052B01D8FFF78A
:10637000C5FE6368587840280CD94038C0B2FFF792
:10638000D5FE63682C485A78403A0623D2B20021E1
:10639000FFF7AAFE616829488B784A780978FFF7E9
:1063A000A3FE6368D87808B1FFF7B0FE6368587839
:1063B000FFF7B4FE63685878A0F11903052B01D8E4
:1063C000FFF79CFEA368587840280CD94038C0B22B
:1063D000FFF7ACFEA36818485A78403A0623D2B2B9
:1063E0000021FFF781FEA16814488B784A7809786C
:1063F000FFF77AFEA368D87808B1FFF787FEA36895
:106400005878FFF78BFEA3685878A0F11903052B85
:1064100001D8FFF773FE636A13B9A36A002B59D042
:10642000002301A8019303F0CDFC002852D04FF0C7
:10643000FF3002B070BD00BF00C00424000013464E
:10644000032BE8D1E3685878FFF770FEE168244831
:106450008B784A780978FFF747FE236903B15D78A6
:10646000636903B15D78A36903B15D7804238DF896
:10647000043000238DF8063004F0D6F80028D6D179
:106480008DF80550019804F02DF80028CFD1154B58
:106490001D702D0105F1105505F5982501236B6040
:1064A0006B68012BFCD163685878FFF73FFE616889
:1064B0000B484A788B780978FFF716FEA36858785E
:1064C000FFF734FEA16806488B784A780978FFF711
:1064D0000BFEA0E7E36A0122DA710020A9E700BF02
:1064E00000C00424D43400000268002310B5936077
:1064F000C26AD3710446D0E9093003B980B1017F83
:1065000003220131002003F031FD50B9A36A197F45
:106510000322013103F02AFD003818BF0120404258
:1065200010BD4FF0FF30FBE738B50C4620B1022814
:1065300034D06FF0030038BD91F92030002B0DDB13
:106540005A09012103F01F03994002F12003384A40
:1065500042F82310BFF34F8FBFF36F8F22680023E1
:106560009360E26A9380937194F92030002B09DBE9
:106570005A09012103F01F03994002F160032C4ADC
:1065800042F823101C22206B002106F071FCE26A05
:10659000D37923F00203D3710020CCE7CB6ADB79F7
:1065A000DA0741D59B07F7D491F83410012923D19C
:1065B000204B94F83820DB694FF08C40D3F8A8507A
:1065C000E36BA847E36A00229A809A71DA7942F075
:1065D0000202DA7194F92030002BDDDB03F01F0199
:1065E0005B099B0003F1604303F5614301228A408C
:1065F000C3F880211A60CFE7022909D10D4BDB696E
:106600000122D3F8E43003214FF08C409847D9E7BA
:106610000329D7D1074B94F839201B6A06485D69D6
:10662000A38F0121A847CDE74FF0FF3083E700BFDC
:1066300000E100E000013000001404242DE9F041E5
:1066400088468AB017461C460646002800F0F280AD
:10665000002900F0EF80002A00F0EC80DB6ADA7994
:10666000520740F1D6801B79002B40F0E68020468F
:10667000FFF772FD0546002840F0E280E36A012240
:106680009A809871236BC3E90186C3E903002368EC
:10669000196860F3092119609A6094F83420616ADE
:1066A0001E6802F0FD02012A1AD1C6F30446002931
:1066B00040F0A580A16A002957D13046FFF73EFD82
:1066C000614B226B1B787B43136094F83430032BAF
:1066D00000F0A4802268D36A43F01F03D3628CE0E9
:1066E00006F00F060029E5D0072E00D90125DA6C47
:1066F000DFF858C142F00102DA645A6D00206FF3EE
:1067000003025A658DF827000A7F01320092603338
:106710000A68CDF804C0CDE903380323CDE9053577
:106720004FF48173ADF824304B69DFF824C1CDF804
:1067300008C06946CDE907578DF8263003F07AFB8B
:1067400008B1452865D1009901AA002003F0E0FBBB
:1067500000285ED1009903AA03F04CFC002858D110
:10676000636A197F013103F07FFDA16A002941D0DE
:10677000072E4CD90F2E8CBF022501252368334EDE
:10678000DA6C42F00202DA641A6D012060F303024F
:1067900000201A658DF827000A7F013200920A68EE
:1067A00001962B4E0296266B6033B6680396CDE9B0
:1067B00004350323CDE9063540F20113ADF824304A
:1067C0004B69089769468DF8263003F033FB08B112
:1067D00045281ED1009901AA002003F099FBC0B9F9
:1067E000009903AA03F006FC98B9A36A197F013146
:1067F00003F03AFD002003F053FD00200BE0072ECC
:106800007FF675AF0F2E7FF671AF02256FE700257B
:10681000B4E74FF0FF300AB0BDE8F0810D4B1B78B4
:106820001B0103F1105303F5982359605A68002A9D
:10683000FCD14FE76FF00400EDE76FF00100EAE7ED
:106840006FF00300E7E700BFD6340000254C2008B6
:10685000274C2008D4340000C36ADB79024613F0C9
:1068600004001CBF136BD868704700002DE9F3418A
:106870001446984AE56A9DF820E095F807C082F82A
:1068800000E01CF0020F064604D14FF0FF3002B0CA
:10689000BDE8F0812768904A9742C0B211D1012823
:1068A00000F0D881142814D1BB6C01931C22206BFA
:1068B000019B002106F0DCFAE36A00221A71002035
:1068C000E5E7864A974202D0854A9742EAD10228F4
:1068D000E6E72A79002A40F0C081BA6013283AD846
:1068E000DFE810F014001D002F00BE01BE013900CA
:1068F00039003900390039003900390039003900D0
:106900003900390027007B0080008300AB682CF041
:10691000040C23F0FF03AB6085F807C0CFE7AA683B
:1069200022F0FF0242F001024CF0040CAA6085F84C
:1069300007C0B3FBF1F07B69C0B260F30F037B616A
:1069400009E0AB6823F0FF0343F002034CF0040CB2
:10695000AB6085F807C0AB68DAB2012A0ED106F445
:10696000C012B2F5801F00F0F58000F29980002A75
:1069700000F0A080B2F5002F00F0A180E26A9368D9
:10698000D9B2022913D123F4001316F4001F936027
:1069900040F08D8023695B784BB963695B7833B9CC
:1069A000A3695B781BB9E3695B78002B7FD006F4A1
:1069B000E063B3F5407F00F03A8100F2DE80B3F58A
:1069C000807F00F02181B3F5007F00F02681002B4D
:1069D00000F0DE806FF0070059E77A6992B2B3FBEE
:1069E000F2F054E7236B198369E7AB68D8B201284A
:1069F0007FF44BAF03F4C01359BBB3F5801F11D123
:106A000094F8342002F0FD03012B06D13A6903FA11
:106A10000EF322EA03033B6151E7022A7FF44FAFF2
:106A200039614CE7BEF1030F05D8DFE80EF0020C28
:106A30000E1023695A782B4B1B685C6801232A4887
:106A40000021A0473BE76369F4E7A369F2E7E36944
:106A5000F0E7B3F5801F0FD194F8342002F0FD0366
:106A6000012B04D13A6903FA0EF31343D3E7022A48
:106A70007FF425AF386122E7BEF1030F05D8DFE8C8
:106A80000EF002090B0D23695A78164B1B685C68DF
:106A90000023D4E76369F7E7A369F5E7E369F3E760
:106AA000B2F5C01F7FF46AAF23F4C013AB606FF080
:106AB0000A00ECE63A6123F4C013AB605EE723F40E
:106AC000C013AB60BEF1030FF1D8DFE80EF00F3D4D
:106AD0003F4100BFD53400000000014500000244E2
:106AE0000008042400013000000013462369D87810
:106AF0005D7808B1FFF70AFB002DD8D0402D07D9EB
:106B0000A5F140025B480623D2B20021FFF7ECFA60
:106B1000594F5A48002319462A46FFF7E5FA3B68C1
:106B20005648D3F80080002319462A46C0473B68E0
:106B300052485F682A4601230021B847E26A9368F9
:106B400043F40023936019E76369D0E7A369CEE7B4
:106B5000E369CCE7226923F4C013AB6052784AB9E9
:106B60006269527832B9A26952781AB9E2695278E8
:106B7000002A9CD043F480139FE7B3F5806F5BD06D
:106B8000B3F5A06F7FF426AF236802211A6856E0A0
:106B90002268116863F3C7111160116863F38611ED
:106BA000116094F8342002F0FD02C6F30533012A87
:106BB000A3F1040146D11C2955D821680868013B7E
:106BC00063F3144016F4802608604FD123681968D7
:106BD00066F3CB211960196866F35651196019687C
:106BE00066F305111960996966F303019961D96922
:106BF00066F30301D961012ADA6A0CBF22F03F0271
:106C000022F01F02DA625AE623681A686FF3C7128D
:106C10001A601A6842F0400207E023681A6842F0DE
:106C200080021A601A686FF386121A60B9E7236847
:106C30001A6842F08002EBE723681A68012161F3C9
:106C40000512F2E70C290ED821680868013B63F3AE
:106C50000300B7E76FF0030019E66FF0010016E6D6
:106C60006FF0060013E66FF0080010E66FF0090001
:106C70000DE600BF00C004240001300000001346F0
:106C8000C26A5379117990795B0001F0010103F038
:106C9000020380000B4300F004001843704700001B
:106CA000F7B50268136B916A0446906C019013F07B
:106CB0000E0F01980BD0936B0093D36B0093136C62
:106CC0000093009BE36A01225A71022024E00D0721
:106CD00040F18980D80640F18680216B4868002801
:106CE0007FD0CB680D68AB42EFD26A4D2D78012D75
:106CF0003FD192F860205D1CCD60C254236BD968EF
:106D00001A6891425ED32268D36A23F01003D362DB
:106D1000E36A00221A710120E36A1A68002A60D02F
:106D200023685D498B4200F0B08001F57F018B4202
:106D300000F0AD805949591A4B424B415B0040EA83
:106D40008370904794F83430032B0BD1544B1B784D
:106D50001B0103F1105303F5982301225A605A686E
:106D6000012AFCD1E36A1A79002A3AD000221A716A
:106D700037E0022D0BD1126E5D1CCD60C254236B27
:106D8000D96858684D1CDD60120A4254B6E7042DDC
:106D9000B4D1126E5D1CCD60C254236BD9685868A3
:106DA0004D1CDD60130A4354236BD96858684D1C91
:106DB000DD60130C4354236BD96858684D1CDD60AB
:106DC000120EE2E794F8342002F0FD02012A08D105
:106DD0009B6833B92368A5221A662268936ADF0785
:106DE000FCD403B0F0BD4E07FBD5DD07F9D5216B10
:106DF0008D68002DF5D00B6908688342BFF465AF3C
:106E00002448007801281ED1581C0861EB5C82F8E8
:106E1000603094F8343003F0FD03012B03D1226875
:106E2000936AD807FCD4236B1A691B689A42D8D39B
:106E30002368DA6A22F00102DA621B68C3F30123D5
:106E4000012BCED164E7022809D15E1C0E61E85CFB
:106E500002330B61AB5D40EA03231366D9E70428D4
:106E6000D7D15E1C0E61981CEF5C086115F806C056
:106E7000DE1C0E61285C043300040B61AB5D40EA4C
:106E80000C20384340EA0363E7E7002357E7012378
:106E900055E700BFD6340000000002440008042477
:106EA000D4340000F0B55C4B154600228BB00E4682
:106EB0001A600746002800F0A680002900F0A38091
:106EC000EB6ADA79520703D44FF0FF300BB0F0BD14
:106ED0001B79002B40F09A802846FFF73DF90346C6
:106EE000002840F09680EA6A0121918090712A6B17
:106EF0002C68C2E90107C2E90300226861F3092294
:106F00002260A16095F83420A96A02F0FD02012AEE
:106F100016D12268C2F30442104600295FD1FFF760
:106F20000DF93E4B2A6B1B787343136095F8343090
:106F3000032B5BD02A68D36A43F00303D3624CE08F
:106F4000236803F00F0318460029E8D0072B94BFED
:106F500000230123E26CDFF8CCC042F00202E264BD
:106F6000226D012060F3030222650A7F6034013242
:106F700000920A68CDF804C0CDE904430324CDE9AA
:106F8000064340F20113DFF8A0C0ADF824304B698E
:106F9000089600206946CDE902C78DF827008DF8D4
:106FA000263002F047FF08B145288DD1009901AA8B
:106FB000002002F0ADFF002886D1009903AA03F05B
:106FC00019F8044600287FF47FAFAB6A197F0131BE
:106FD00003F04AF9204603F063F9002076E7072A18
:106FE000B8D90F2A8CBF02230123B3E70C4B1B78BF
:106FF0001B0103F1105303F5982300225A605A68CD
:10700000002AFCD196E76FF004005FE76FF0010003
:107010005CE76FF0030059E7D0340000D63400007D
:10702000D4340000254C2008274C20082DE9F041DD
:10703000904B144600228AB00F461A608046002802
:1070400000F00F81002900F00C81E36ADA79520721
:1070500040F1F3801B79002B40F006812046FFF7BA
:107060007BF80246002840F00281E36A0121987112
:107070009980236BC3E90180C3E903002368186882
:10708000022666F309201860996094F83400616A5A
:107090001D6800F0FD00012823D1C5F3044549BB5C
:1070A000A66A002E69D12846FFF748F8724B226B7A
:1070B0001B787B43136094F83410032940F0C2809E
:1070C0006E4B1B781B0103F1105303F598235E6090
:1070D0005A68002AFCD12368DA6A42F01C02DA629C
:1070E000B7E005F00F050029DAD0072D40F2A080A7
:1070F000012604E0072D40F29B800F2DF8D9DA6CB1
:10710000DFF880C142F00102DA645A6D00206FF3AB
:1071100003025A658DF827000A7F0132009260331E
:107120000A68CDF804C0CDE903380323CDE905365C
:107130004FF48173ADF824304B69DFF84CC1CDF8C2
:1071400008C06946CDE907678DF8263002F072FE67
:1071500008B1452871D1009901AA002002F0D8FE9B
:1071600000286AD1009903AA02F044FF002864D1E4
:10717000636A197F013103F077F894F8343003F033
:10718000FD03012B4FD1A66A002E4CD0072D51D9FB
:107190000F2D8CBF4FF002084FF001082568EB6CF3
:1071A00043F00203EB642B6D012262F303032B65B2
:1071B0001C22002103A805F05BFE337F3049013318
:1071C0000093304B326801932F4B02932F4BDB69B6
:1071D000089713F0080F274B18BF0B4603930323A0
:1071E000CDE9063840F20113ADF8243073698DF80B
:1071F0002630603569460020CDE9045802F01AFEB9
:1072000008B1452819D1009901AA002002F080FE9A
:1072100098B9009903AA02F0EDFE70B9A36A197F2C
:10722000013103F021F8002003F03AF8002006E0D5
:10723000164664E74FF00008B0E74FF0FF300AB0A1
:10724000BDE8F0812368DA6A012942F01C02DA62A3
:10725000ECD1A52283F860202268936ADB07FCD476
:10726000E4E76FF00400EAE76FF00100E7E76FF092
:107270000300E4E7D0340000D6340000D43400002A
:1072800020030624254C2008274C20080000081263
:10729000054B9A689107FCD45A689207F9D4DA69C9
:1072A000002AF6D1704700BF008C0424064B1A6AEE
:1072B00061F397421A621A6A60F34C221A621A6AE0
:1072C0009204FCD5704700BF00800424024B0122C9
:1072D000C3F80421704700BF008C0424074B5A6890
:1072E000012A0AD102221A61DA699207FCD401222A
:1072F000C3F804229A60FFF7CBBF7047008C0424C8
:1073000010B5094CFFF7C4FF6368012B03D1FFF7E9
:10731000E5FFFFF7BDFF054A936843F480339360B0
:107320000378E36010BD00BF008C042400003041EE
:1073300010B101281CD070474A680B7812B112783E
:1073400043EAC2034A7843EA42038A6812B11278D8
:1073500043EA82138A7843EA8203CA6812B1127838
:1073600043EA4223104A9364936D002BFCD170478B
:107370004A680B7812B1127843EAC2034A7843EAAA
:1073800042038A6812B1127843EA82138A7843EA88
:107390008203CA6812B1127843EA4223024A936612
:1073A000936F002BFCD17047008C042410B101288E
:1073B00004D07047034BC3F844117047014BC3F826
:1073C00064117047008C042410B1012804D0704768
:1073D000034BC3F844127047014BC3F86412704763
:1073E000008C042410B1012804D07047034BC3F86B
:1073F00040127047014BC3F860127047008C0424A0
:1074000018B1012804D000207047034B186C704756
:10741000014B186E704700BF008C042418B101287E
:107420000BD00020704711B1012903D07047074BE2
:10743000D86C7047054B186D704721B10129F0D108
:10744000024B186F7047014BD86E7047008C0424B4
:1074500010B101280CD070470B4B29B1012905D080
:107460009A6D002AFCD17047DA64F9E71A65F7E7EC
:10747000054B29B1012905D09A6F002AFCD170472C
:10748000DA66F9E71A67F7E7008C0424044B4FF437
:1074900080625A60034B4FF480021A60704700BF4D
:1074A0000000081200E100E0094B4FF48002C3F82D
:1074B0008020BFF34F8FBFF36F8F064B4FF4806276
:1074C0009A601A60044AD36B43F48063D3637047B5
:1074D00000E100E0000008120081042410B4034C15
:1074E0002468646CA4465DF8044B604700013000DA
:1074F000024B1B68D3F8B830184700BF00013000BA
:10750000024B1B68D3F8C030184700BF00013000A1
:10751000024B1B68D3F8C830184700BF0001300089
:10752000024B1B68D3F8E830184700BF0001300059
:10753000014BDB685B69184700013000F0B5436818
:1075400085B00024B3F1884F01940546029403945A
:107550000BD0774A934208D0764A934200F0D1800C
:10756000754C181B4442444164009A680192019A88
:1075700002F00602062A4FEA84742CD15B6902935A
:10758000029B990710D56A6913686BB1012151718B
:10759000202098476B6993F82820032A04D193F898
:1075A00026300BB144F01004029B5A0707D56A69D4
:1075B000136823B1012111724FF400709847029BA8
:1075C0001B0740F1A0806A69136823B10121D171C2
:1075D0004FF480709847019B9E071DD56B691E690B
:1075E00010201A6A6968964209D09F690138BF5C09
:1075F0000F6002F101021A62F3D196420CD14A687F
:1076000022F002024A60002283F826201B681BB188
:1076100044F0010420469847019B580738D56B6910
:107620001A68002A34D06A685169C90725D51168DB
:107630005A69DB69D1546B69DA69D96801328A42C7
:10764000DA611AD169684A6822F001024A6093F847
:107650002820023A0021012A197164D893F82720C2
:1076600083F82710022A5ED0032A59D0012A01D1BB
:1076700044F001041B68204698476B691A683AB1C8
:10768000D969DB68994203D044F040042046904712
:10769000019B1A074AD16B689B6903936B78DB06E1
:1076A00008D5039BDF0705D56B6944F480641B682C
:1076B000204698476B785E0608D5039B980705D54A
:1076C0006B6944F400641B6820469847AB78D9077F
:1076D00008D5039B5A0705D56B6944F400541B6811
:1076E0002046984795F90130002B1FDA039B1B07B2
:1076F0001CD56B691B6844F4805005B0BDE8F040B0
:107700001847012431E7029BDF067FF564AF6A6901
:107710001368002B3FF45FAF01219171802059E77E
:1077200044F00404A6E744F00204A3E705B0F0BD6A
:1077300000010044000002450018042430B504464E
:107740000AB3B0F5E10F1ED853688025DD608900CB
:10775000B1FBF0F1D3F8C0006FF30500C3F8C0002F
:10776000002018605860D860DD60C1F387151D6087
:10777000C1F3873501F03F015D60C3F8C010D860E8
:107780005369DC6230BD40F20160FBE72DE9F7434D
:107790004E69DDF8289096F8295015F001050C4641
:1077A000174698466ED1C6E90005357286F8265010
:1077B00086F824504B68B3F1884F02D0354A934283
:1077C00012D1354B10229A60344BA26BDB690192C7
:1077D00094F834200092D3F8A45094F83C2000236D
:1077E00001214FF08C40A84762682D4B9A4215D179
:1077F00003F15F4303F5213310229A60274BA26BFC
:10780000DB69019294F834200092D3F8A45094F8E4
:107810003C20012319464FF08C40A8476268214B59
:107820009A4210D103F5D8434FF400125A641B4B0F
:10783000228F1B6A0092DD6994F83C2094F8353061
:1078400019480121A847E3680BB92369B3B16568FA
:10785000B5F1884F08D00F4B9D4205D0104B9D428B
:1078600002D0104B9D4211D10C4BDB684A461D687B
:107870000B9B41463846A847C9F8000063690122BE
:1078800083F82920002003B0BDE8F0834FF0FF30DB
:10789000F9E700BF00010044008404240001300027
:1078A00000000245001804240014042438B543687D
:1078B000B3F1884F04460D4602D01F4A934207D1C8
:1078C0001E4BDB690021D3F8E8304FF08C4098471D
:1078D00062681B4B9A4207D1184BDB690121D3F830
:1078E000E8304FF08C4098476268164B9A4205D1B9
:1078F000124B15481B6A0821DB6B9847E3680BB9EC
:1079000023698BB16368B3F1884F08D00A4A934268
:1079100005D00B4A934202D00A4A934209D1074B41
:10792000DB6828465B6898476369002083F8290074
:1079300038BD4FF0FF30FBE700010044000130008C
:1079400000000245001804240014042470B50C46FD
:1079500015461E4620B1022872D06FF0030070BD9C
:1079600091F9080000280CDB4309474900F01F008B
:1079700020330122824041F82320BFF34F8FBFF311
:107980006F8FE06862696368B0B192F826209AB19F
:10799000B3F1884F0BD03D4A934208D03C4A934202
:1079A00005D03C4A934202D04FF0FF30D7E7007930
:1079B00032462946FFF7BCFDD4E90402636890B162
:1079C000127982B1B3F1884F08D0304A934205D082
:1079D0002F4A934202D02F4A9342E5D10079324692
:1079E0002946FFF7A5FD63682B4AB3F1884F05D000
:1079F00026498B4202D026498B421DD11023D360E9
:107A000094F90830002B09DB5A09012103F01F0308
:107A1000994002F160031C4A42F823106369002276
:107A20005A601A7283F8262093F8292022F0020265
:107A300083F82920002092E74FF400139364DFE7D6
:107A40004A6992F82930D907AED513F00203F1D173
:107A500061684B605360137282F826304FF44073B4
:107A6000138594F90830002BE4DB03F01F015B0958
:107A70009B0003F1604303F5614301228A40C3F890
:107A800080211A60D6E700BF00E100E00001004459
:107A90000000024500180424008404242DE9F04F5E
:107AA0008FB00DF11C0A06460D46904600211C229F
:107AB0005046DDF864901F4605F0DAF9002E00F01C
:107AC0008D80002D00F08A80D8F8142092F829309B
:107AD000580704D44FF0FF300FB0BDE8F08F92F894
:107AE0002630002B7DD1012482F82640D8F80CE006
:107AF00013629661D8F804301561BEF1000F59D0B9
:107B0000B3F1884F099450D0374A93424DD0374A49
:107B100093424CD0364A9342DCD122460324CDE92D
:107B20000C4201210B91DEF80000DEF808C007913D
:107B30009EF80410BEF800E0CEF3091E6EF30D109F
:107B400000F0070BBBF1020F01BFBA6894686BF33A
:107B500002049460274C0EF101029542E26838BF9E
:107B600005F1FF3ED2F808B0189ACDF8149038BF4E
:107B7000CEF3090E6EF30D10CDE903C2CDE9010A73
:107B8000009532463846D8470130A3D0D8F80C00CB
:107B9000E3680079DB6839464A469847E368494616
:107BA0001B6938469847002096E71922B7E71B2241
:107BB0000224B4E7596989060ED45A6842F00202D9
:107BC0005A60F0E74C1C1462715C19600138F4D003
:107BD000116AA942F6D1F0E71020F9E76FF004002E
:107BE0007AE76FF0010077E70001004400000245EA
:107BF00000180424000130002DE9F04F8FB09846A2
:107C000007AB81460F461846164600211C22DDF8B8
:107C100064A005F02DF90346B9F1000F7BD0002FC9
:107C200079D0726992F82910490704D44FF0FF30D7
:107C30000FB0BDE8F08F117901296FD00025012424
:107C4000546015723069D760C2F81490D5617268BB
:107C500000285BD0B2F1884FCDE9085451D03149AA
:107C60008A424ED030498A424DD030498A42DDD1D5
:107C70000324B0F800B0D0F800C0D0F808E0CBF38F
:107C8000091BCDE90C456BF30D1C01210B910791EC
:107C90000CF007050021022D0A91017901BFD8F8E7
:107CA0000800846865F302048460214C0BF1010034
:107CB0008742E06838BF07F1FF3B85681898CDF828
:107CC00014A038BFCBF3090B6BF30D1CCDE903E017
:107CD000CDE901C300974B464046A8470130A5D0E7
:107CE0003069E3680079DB6852464146984796F868
:107CF000403023B9E36851461B694046984700204D
:107D000096E71825B5E71A250224B2E7536843F031
:107D100001035360F3E76FF0040089E76FF001009F
:107D200086E700BF0001004400000245001804245B
:107D3000000130002DE9F3470746DDE90AA8DDF828
:107D40003090084616461D461FB311B30AB35B694F
:107D500093F82920520723D595F84040F4B12A78AA
:107D600012F0060F1CD0032283F827203146CDE9FC
:107D7000008953462A46FFF73FFF60B953462A461B
:107D800031463846CDE90A8902B0BDE8F047FFF731
:107D900085BE6FF0040002B0BDE8F0872046FAE728
:107DA0004FF0FF30F7E74369186A70474369D869B5
:107DB000704700002DE9F0471C465B69924693F836
:107DC000292080469007DDE90867894640F148840C
:107DD0005FFA88F5A5F11501052900F26481DFE855
:107DE00011F006005A00C200DB00FB002901B9F1C6
:107DF000000F4BD06368B3F1884F05D0874A934298
:107E000002D0874A934228D1E36958783F280CD999
:107E10004038C0B2FFF784FBE36982485A78403AA1
:107E20000623D2B20021FFF759FBE369D87808B1E5
:107E3000FFF766FBE3695878A0F11903052B01D819
:107E4000FFF756FBE3695878FFF762FBE169764874
:107E50008B784A780978FFF741FB6268734B9A4246
:107E60000AD1E3695878FFF75BFBE1696D488B78CD
:107E70004A780978FFF732FB626992F8293043F0BB
:107E8000080382F829300020BDE8F08722F00802BC
:107E900083F82920F7E7B9F1000F61D06368B3F1E7
:107EA000884F05D05D4A934202D05D4A93423AD151
:107EB000236A58783F2816D95D4B1B68403801214A
:107EC000D3F8F030C0B29847236A58784038C0B22F
:107ED000FFF726FB236A53485A78403A0623D2B26A
:107EE0000021FFF7FBFA236AD87808B1FFF708FBF7
:107EF000236A5878A0F11903052B01D8FFF7F8FA87
:107F00004B4B226A1B685078D3F8D4300121984734
:107F1000236A5878FFF7FCFA216A43488B784A783D
:107F20000978FFF7DBFA6268404B9A4212D1404B66
:107F3000226A1B685078D3F8F03001219847236AF1
:107F40005878FFF7EDFA216A36488B784A78097835
:107F5000FFF7C4FA626992F8293043F0100390E702
:107F600022F0100294E7B9F1000F0DD093F826200B
:107F7000002A40F078836168CA6842F04002CA6013
:107F8000012283F826207EE76168CA6822F0400259
:107F9000CA6083F8269076E76068E568426822F058
:107FA00002024260052282609DB193F8263083B1BF
:107FB000B0F1884F08D0194B984205D0184B984221
:107FC00002D01A4B984204D128793A463146FFF73D
:107FD000AFFA63690022D4E76068426822F00102C8
:107FE00042602269032181609AB11B798BB1B0F1A3
:107FF000884F08D0094B984205D0094B984202D0CF
:108000000A4B984205D1E3683A4618793146FFF7A2
:108010008FFA636900221A7135E700BF000100443E
:108020000000024500C00424000013460018042488
:10803000000130006268E068516821F0030151607E
:1080400098B193F8263083B1B2F1884F08D0784BBD
:108050009A4205D0774B9A4202D0774B9A4204D18C
:1080600000793A463146FFF763FA2069A0B16369A7
:108070001B798BB16368B3F1884F08D06C4A934287
:1080800005D06C4A934202D06B4A934204D10079E6
:108090003A463146FFF74CFA636807229A606369F3
:1080A00000221A716DE76A1E132A00F2DF82DFE8F0
:1080B00012F05F0014007100AD00C9003101DD0253
:1080C000DD02DD02DD02DD02DD02DD02DD02DD02B8
:1080D0003701170031013A01310194F8403013B9EA
:1080E0006FF00600D0E66268514B9A42F8D12378CF
:1080F00099073DD5A36958783F280CD94038C0B2BC
:10810000FFF70EFAA3694D485A78403A0623D2B2D7
:108110000021FFF7E3F9A369D87808B1FFF7F0F978
:10812000A3695878A0F11903052B01D8FFF7E0F9EE
:10813000A3695878FFF7ECF9A16941488B784A7830
:108140000978FFF7CBF963689A6D42F001029A65EE
:108150009A6D42F002029A6594F841109A6D0029D6
:1081600051D042F010029A659A6D42F020029A6551
:1081700008F4E066B6F5A06F00F0EE8000F2D7805C
:10818000002E00F0EC80B6F5807F00F0EA806FF002
:10819000080079E66268264B9A42A1D123785A07F3
:1081A0009ED5A36958783F280CD94038C0B2FFF754
:1081B000B7F9A36921485A78403A0623D2B2002180
:1081C000FFF78CF9A369D87808B1FFF799F9A3698B
:1081D0005878A0F11903052B01D8FFF789F9A36995
:1081E0005878FFF795F9A16915488B784A7809788E
:1081F000FFF774F963689A6D42F001029A659A6D0F
:108200006FF34102A7E761F30412ACE721780B0793
:10821000AED563681A6C42F001021A641A6C8F07BB
:108220004CBF6FF3410242F002021A64A0E700BFA4
:1082300000010044000002450018042400C004248A
:10824000000013466368B3F1884F03D09C4A934201
:108250007FF446AF2378DE067FF542AFE36A5878B5
:108260003F280CD94038C0B2FFF75AF9E36A954865
:108270005A78403A0623D2B20021FFF72FF9E36A79
:10828000D87808B1FFF73CF9E36A5878A0F11903F0
:10829000052B01D8FFF72CF9E36A5878FFF738F976
:1082A000E16A89488B784A780978FFF717F9236BD8
:1082B00058783F280CD94038C0B2FFF731F9236B0A
:1082C00080485A78403A0623D2B20021FFF706F9D7
:1082D000236BD87808B1FFF713F9236B5878A0F116
:1082E0001903052B01D8FFF703F9236B5878FFF723
:1082F0000FF9216B74488B784A780978FFF7EEF80C
:108300002378D8067FF5ECAE6268136943F040032A
:1083100013612DE7257815F020053FF429AFDFE63E
:1083200083F82490AFE5257815F04005F5E7B6F51C
:10833000C06F18D0B6F5E06F7FF429AF0026022792
:1083400008F44053B3F5805F10D0B3F5005F1BD045
:1083500073B16FF0090097E500260027F0E70327C7
:10836000EEE70926F9E700260127E9E747F01807B5
:1083700008F44043B3F5804F09D0B3F5004F06D061
:108380003BB16FF00A007FE547F00807F0E747F0E0
:10839000040708F44032B2F5003F636800F0E8805B
:1083A00009D8002A00F03181B2F5803F00F09280B8
:1083B0006FF00B0068E5B2F5403FF9D1627802F04A
:1083C0001802182A74D1B3F1884F05D03C4A934261
:1083D00002D03E4A934251D1636A58783F280CD963
:1083E0004038C0B2FFF79CF8636A36485A78403A82
:1083F0000623D2B20021FFF771F8636AD87808B17A
:10840000FFF77EF8636A5878A0F11903052B01D8AD
:10841000FFF76EF8636A5878FFF77AF8616A2A48BE
:108420008B784A780978FFF759F8A36A58783F287B
:108430000CD94038C0B2FFF773F8A36A21485A78C4
:10844000403A0623D2B20021FFF748F8A36AD87851
:1084500008B1FFF755F8A36A5878A0F11903052B66
:1084600001D8FFF745F8A36A5878FFF751F8A16AD9
:1084700015488B784A780978FFF730F86268144B12
:108480009A4215D1A36A5878FFF74AF8A16A0D48B5
:108490004A788B780978FFF721F8636A5878FFF7F4
:1084A0003FF8616A07488B784A780978FFF716F831
:1084B000238803F4C073B3F5C07F54D078E700BFBE
:1084C0000001004400C004240000134600000245DF
:1084D000001804246278110740D5B3F1884F05D005
:1084E000674A934202D0674A934228D1A36A5878D8
:1084F0003F280CD94038C0B2FFF712F8A36A62488F
:108500005A78403A0623D2B20021FEF7E7FFA36A69
:10851000D87808B1FEF7F4FFA36A5878A0F11903E0
:10852000052B01D8FEF7E4FFA36A5878FEF7F0FFA9
:10853000A16A56488B784A780978FEF7CFFF6268BF
:10854000534B9A420AD1A36A5878FEF7E9FFA16A11
:108550004D488B784A780978FEF7C0FF94F90030CF
:10856000002BBFF625AF6268136943F022034BE08E
:108570006278D20640D5B3F1884F05D0404A934285
:1085800002D0404A934228D1636A58783F280CD9D8
:108590004038C0B2FEF7C4FF636A3B485A78403A9D
:1085A0000623D2B20021FEF799FF636AD87808B19A
:1085B000FEF7A6FF636A5878A0F11903052B01D8CE
:1085C000FEF796FF636A5878FEF7A2FF616A2F48AC
:1085D0008B784A780978FEF781FF62682C4B9A42C3
:1085E0000AD1636A5878FEF79BFF616A27488B7847
:1085F0004A780978FEF772FF6378DB077FF5D8AE1B
:108600006268136943F020031361AB1E012B05D888
:1086100018F4802F2DD118F4002F2DD1D4F8048018
:10862000D8F8103023F01003C8F810302246514615
:108630004846FFF783F86369012183F82850C8F89A
:108640000810C8F80C70C8F8CC60D8F8AC2061F3FA
:10865000C402C8F8AC2093F8292042F0040217E4C1
:108660004FF0FF3010E46FF001000DE46FF00300F5
:108670000AE46FF00C0007E46FF00D0004E400BFA3
:10868000000100440000024500C00424000013461D
:108690000018042442694368107A5969137981F0FB
:1086A00080015B00C1F3C01103F002030B43517959
:1086B000C90001F008010B439179090101F0100193
:1086C0000B43D179490101F0200180010B4300F0F7
:1086D00040001843704700004B6993F829305B074E
:1086E00033D54B68002B33D040B94A7812072FD5C9
:1086F0001A6922F002021A6100207047012806D18F
:108700004A78100724D51A6942F00202F3E70228DA
:108710000CD1B3F1884F02D00F4A934218D14A7856
:10872000910615D51A6922F00102E4E70328E3D186
:10873000B3F1884F02D0084A934209D14A78920691
:1087400006D51A6942F00102D5E74FF0FF307047B5
:108750006FF00300704700BF00010044426830B56D
:10876000044612B3436993F8293013F004001DD076
:1087700065789269A07815F0100318BFC2F3001352
:1087800015F0400118BFC2F3401110F0010018BFEE
:10879000C2F380102C060DD5C2F3C01243EA410388
:1087A00043EA820343EAC00030BD10460246014658
:1087B0000346F3E70022F1E741F20273984221D029
:1087C00011DC41F2045398421CD005DCF8B10128B9
:1087D0000CBF21200120704741F2017398420CBF69
:1087E00011200120704742F2041398420CD042F24B
:1087F000061398420AD042F2031398420CBF21207C
:108800000120704721207047282070472B20704797
:10881000014BDB695B6E184700013000014BDB69DF
:108820009B6B184700013000014BDB695B6A1847FE
:10883000000130003E4B994270B50C4615460AD9EE
:108840003C4B4FF400125A623B4B10229A615A6C17
:1088500042F010025A6401283FD0022855D048BB8C
:10886000364EF3690121A4220846D3F8EC3098472C
:10887000334B9C60FFF7D8FF324B9D42324B02BF17
:108880005A6822F440425A604FF45942A3F86020DB
:10889000F3692A469B6821464FF08C40984750B9AF
:1088A0002A4B9C420BD82A4B4FF40032DA664FF425
:1088B0008022DA660020BDE87040FFF77DBF254BBF
:1088C0009C42F7D9224BDA6E9203F3D44FF4802204
:1088D0009A664FF400329A66ECE7194B5C61FFF739
:1088E00097FF194B4FF45942A3F8A020134BDB69B3
:1088F0002A469B6D21464FF08C4098470028DAD1DC
:10890000592CD0D95A2CDDD1D4E70D4B9C61FFF7FF
:1089100085FF0D4B4FF45942A3F8E020074BDB696C
:108920002A46DB6B21464FF08C409847C3E700BFD7
:10893000FF0D2707000028200080004600013000BE
:10894000502B0000005A6202008018467F4A5D05E5
:1089500000840424BF8C6C05052870B505460E46BE
:1089600037D81D4B99420DD81C4A536A23F4001383
:1089700053621B4B9A6922F010029A615A6C22F0E2
:1089800010025A64002211464FF08C4000F00CFD9A
:108990000446FFF711FF0246E0B9DDB1042D13D103
:1089A000104A31460120FFF745FF04B22046FFF789
:1089B00003FF024670B929464FF08C4000F0F4FCEA
:1089C000BDE87040FFF7F8BE022DEFD1054A3146F1
:1089D000E9E72122104670BDFF0D2707000028207F
:1089E00000800046005A620213B503214FF08C400C
:1089F00000F0BAFD032000F01DFE0C490220FFF735
:108A0000ABFF0B4A0B490120FFF714FF0A4B012271
:108A1000DB690092D3F8A04000231A4602214FF0F0
:108A20008C40A047002002B010BD00BF0095BA0ADC
:108A3000005A6202006889090001300010B5002464
:108A400086B0012321460820ADF808308DF80430A7
:108A5000CDE903448DF800408DF80A400594FEF7F7
:108A600025FC6846FEF74CFC01AB02A920460393A7
:108A70008DF80840FEF75CFC0F212046FEF7A4FCB1
:108A80000F212046FEF7AEFCFEF720FC0B4B9C614D
:108A9000DA695207FCD40A4A4FF480615160094AEE
:108AA0004FF480011160182182F8161301221A6117
:108AB000DA69002AFCD106B010BD00BF008C042486
:108AC0000000081200E100E0014B9869704700BF08
:108AD000008C042400210846FEF7A0BC00F0010130
:108AE000830748BF41F002010020FEF75FBC000091
:108AF0002DE9F0410446F8F7DDFD1A4D0746D5F89B
:108B00001880FFF7E7FF06460020FEF779FC830791
:108B100005D4A6EB0803042B01D8464514D1A96956
:108B2000B4F1FF3F28BF0134C1F103032344072BF5
:108B300098BFCC1C00210846621EFEF789FC02206B
:108B4000FFF7CCFFFEF7A2FC3846F8F7B7FD064A60
:108B500013782BB1AB6C43F00103AB6400231370AB
:108B6000BDE8F081008C04241C010000830700F0A4
:108B7000010109D5064B01221A70064A936C23F0B5
:108B8000010341F0020193640020FEF71DBC00BF09
:108B90001C010000008C0424830742BF024B022208
:108BA000C3F84021704700BF008C042438B5FEF79D
:108BB0007BFCF8F788FD04460020FEF721FC8307C4
:108BC00000F0010548BF45F0020500F00301002058
:108BD000FEF708FC2846F8F745FE2046F8F779FD31
:108BE000BDE83840FEF752BC4FF40040704700002B
:108BF000044B4FF48072DA63034B4FF400629A60C7
:108C0000704700BF008104240000081208B5284BFB
:108C10004FF400621A60274AD2F88C3743F40043BD
:108C200043F08003C2F88C37D2F88C375B06FBD553
:108C3000D2F88C27204BDFED216A9FED216A214974
:108C400002F03F021A601A68262A84BF26221A60A0
:108C50001D4A9268EAB11D48C2F315020260D3EDC5
:108C6000007A90ED007AF8EE677AB8EE477A77EE00
:108C7000A67A37EE267A67EE867AC7EE876AC1ED66
:108C8000006AFFF7B5FF0A4B4FF400625A600868AC
:108C900008BDD3ED007AF8EE677A77EEA67ADFEDBD
:108CA0000C6A67EE867A87EEA67A81ED007AE8E7AD
:108CB0000000081200A00524E034000089410B42A6
:108CC00033335340D834000024120000DC34000059
:108CD000C4A08342F0B5A24CA24BA2680578A24E74
:108CE00002EA0301027802F001020A439F49A260EE
:108CF0008A6802EA0304427802F00102920042EA22
:108D0000951222438A600A69457802EA03040278D0
:108D1000C2F344022243964C0A61A26802EA0301AC
:108D2000827802F00302520142EAD5020A439149D5
:108D3000A2608A6884781A4042EA94028E4C8A6063
:108D4000A268C1781A4001F01F011143A160B26806
:108D5000047902EA030504F03F04C278640044EA9F
:108D6000D214C2F3411242EA84022A43B260834E13
:108D70004579B26802EA0304027905F07F05920999
:108D800042EA850222437E4DB260AA6802EA0304E9
:108D9000C27902F00F0222437A4CAA60A268C57918
:108DA000067A1A4042EA1512774DA260AA6802EAD2
:108DB0000304427C02F07F022243AA60734DAA683A
:108DC00002EA0304027A02F07F022243AA60704D95
:108DD000AA6802EA0304427A02F01F02520042EA41
:108DE000D61222436B4EAA60B268857A02EA030467
:108DF000C27A520042EAD512057B05F0010542EA2B
:108E000045222243644DB260AA68467A02EA03040E
:108E1000827A02F07F02D20042EA56122243AA600E
:108E20005E4D5F4EAA6802EA0304B0F80D202243AB
:108E3000AA60B268457D02EA0304027D05F00F05D1
:108E400042EA05222243574DB260AA68564E02EA12
:108E50000304427DC2F302122243AA60B268C57DB8
:108E6000477902EA0304827D05F00F0542EA0522F4
:108E70002243B2604D4EC57DB26802EA0304027E11
:108E8000120142EA1512457E05F00F0542EA05324D
:108E90002243474DB260AA68467E02EA0304827EFE
:108EA000120142EA16122243AA60424DAA6802EA5F
:108EB0000304B0F81B202243AA603F4DAA6802EACF
:108EC00003048279560802F00102520042EAD712E6
:108ED00042EA86022243847CAA60457C90F82460A2
:108EE00004F00F02520052EAD512344D1EBFA96899
:108EF00019401143A960324D1A4AAB6803EA0201D6
:108F0000437F03F00F030B43AB602E4DAB6803EAC6
:108F10000201837FC3F383030B43AB602A4DAB682D
:108F200003EA020190F8253003F007035B0043EAEF
:108F3000D6130B43AB60254DAB6803EA0201C37C3B
:108F400003F003035B0043EAD4130B432049AB60F7
:108F50008B681A40837CC3F3021313438B60F0BD0C
:108F6000041300000000C0FF8C120000F01200008B
:108F7000D8120000C0120000B412000070120000ED
:108F8000481200003C120000CC1200003012000019
:108F900024120000181200001C1300000012000030
:108FA0000C1200007C110000F4110000E811000018
:108FB000DC110000D011000054120000A8120000C3
:108FC000C4110000B8110000AC11000094110000A1
:108FD000A0110000F9F7A0BFF0B5194D194C2B886E
:108FE000E5B004F11001002600274FF4C272684674
:108FF000ADF88431CDE9626703F0FAFF94E80F0021
:1090000000F00EFD62A800F0C9FD2B78687843EAF5
:10901000002000F073FEDDE9624532463B46204603
:10902000294602F049FE48B1074B00222046294656
:1090300002F02EFE10B10020F9F7C2FF65B0F0BDBE
:10904000D40200004001000000004E4010B50A4A62
:109050000A4BD2F80815D3F80240E405FBD440EAE5
:109060005110C2F80805D3F80220D205FBD4024BF8
:10907000D3F8083510BD00BF00A00524000005246A
:1090800010F4405F0F4B0BD0D3F8042522F480126C
:10909000C3F80425D3F8042522F40012C3F80425EC
:1090A000D3F80825084BD3F80210C905FBD4C043F8
:1090B00000EA5210034AC2F80805D3F80220D2058C
:1090C000FBD4704700A00524000005240D4A0E497A
:1090D000D2F81035013823F0030310B5C0B2C2F83E
:1090E0001035D1F80230DC05FBD4D2F8104501234D
:1090F00083402343C2F81035D1F80230DB05FBD49E
:1091000010BD00BF00A005240000052430B58BB0C1
:10911000002301930293039304930593069307930B
:10912000089309938DF802308DF8033010B90120AF
:109130000BB030BD019A50F822200292029A002A08
:10914000F5D001930121019C029A944201D30020A1
:10915000EEE7019A00EBC20252680392019A0132D3
:1091600050F832200492049AC2F384528DF80320FE
:10917000049AD20E8DF802209DF802209DF803403B
:10918000121B01320592059A162AD0D8039A12684A
:1091900007929DF80320D2B2069208930993069C89
:1091A000079A01FA04F422EA04020792099A089C39
:1091B00001FA02F222430892069A01320692099AB3
:1091C000013209929DF80320059D069C2A44A24283
:1091D000E5D8089C049A22400492049A9DF8035012
:1091E000079CAA4022430492039A049C1460019AAB
:1091F00001320192A7E730B58BB0002301930293AF
:1092000003930493059306930793089309938DF8AA
:1092100002308DF80330039A10B901200BB030BD35
:10922000019A50F822200292029A002AF5D0019366
:109230000121019C029A944201D30698EEE7019A1B
:10924000013250F832200692069AC2F384528DF809
:109250000320069AD20E8DF802209DF802209DF878
:109260000340121B01320492049A162AD5D89DF8A5
:109270000320D2B2059208930993099A089C01FA37
:1092800002F222430892059A01320592099A0132AC
:1092900009929DF80320049D059C2A44A242ECD823
:1092A000089C069A22400692069A9DF80350079C55
:1092B000AA4022430692019A01320192B9E70000C6
:1092C000064B074A996C0748DA620229D96C08BF35
:1092D0001A60022908BF5A60FFF718BF502B000020
:1092E0000048E801D8120000024B034A03485A63C1
:1092F000FFF70CBF502B00000048E801C01200002F
:10930000064B074A996C07481A630529D96C08BFB0
:109310001A60052908BF5A60FFF7F8BE502B0000FD
:10932000002D310130120000034B04484FF4FA4283
:109330001A62FFF7EBBE00BF502B0000B412000012
:10934000034B04484FF4FA425A62FFF7DFBE00BFF6
:10935000502B0000541200000148FFF74CBF00BF23
:109360000C1200000148FFF746BF00BFF4110000D7
:109370000148FFF740BF00BFE81100000148FFF7B8
:109380003ABF00BFDC1100000148FFF734BF00BF47
:10939000D01100000148FFF72EBF00BF00120000EF
:1093A00001B108477047000010B5002852D03E2A8E
:1093B00050D82B4BDB689C0748BF5208052949D879
:1093C000DFE801F003481B26313C836A6FF3030397
:1093D0008362244B1B6824490B60846DE405FCD533
:1093E000846A62F30914846212B1B3FBF2F30B6076
:1093F0001C4B0A68DA60002010BD836D9B062BD5DC
:10940000836A022161F303038362164B9B68E2E7E0
:10941000836D5C0620D5836A032161F303038362B5
:10942000104B1B69D7E7836D190715D5836A042193
:1094300061F3030383620B4B5B69CCE70B4B5B6A05
:109440005B0709D5836A052161F303038362054B3A
:109450009B6BC0E70120CFE741F20170CCE700BF72
:1094600000860424502B0000A02B000000140424CC
:1094700007B50B46114606281ED8DFE800F0042188
:10948000333B47586400364A106A40025EBF106A98
:1094900040F48000106213B90A20FFF781FF314BBE
:1094A000D3F81C2122F08012C3F81C21D3F81C2110
:1094B00042F00122C3F81C21002003B05DF804FB38
:1094C000274A106A800207D4106A40F480101062A4
:1094D000106A40F400101062002BEDD10A20FFF753
:1094E0005FFFE9E71E4A106AC002F5D4106A40F433
:1094F0008010F0E71A4A106A00035EBF106A40F459
:1095000000201062002BD7D10220E8E7144B1A6A22
:109510005203D1D41A6A42F480221A624FF4FA70CC
:109520000191FFF73DFF019940F2DC50D7E70C4A6B
:10953000106A80035EBF106A40F400301062002B96
:10954000BAD1FA20CBE7064A106AC0035EBF106AA0
:1095500040F480301062002BAED19620BFE700BFF0
:10956000008104240080042410B50446002858D04B
:109570000139052955D8DFE801F003131D273445CB
:10958000294BD969012262F30201D961274B9A6400
:109590005B6C264A1360A36D002BFCDA002010BD23
:1095A000214BD969022262F30201D9611F4B9A64EF
:1095B000DB6AEEE71C4BD969032262F30201D96131
:1095C0001A4B9A64DB6BE4E7194B40229A83164BE3
:1095D000D969042262F30201D961144B9A641B6CAD
:1095E000D7E7114B1A6AD2025EBF1A6A42F48012A0
:1095F0001A62D969052262F30201D9610B4B9A64A0
:109600001B6BC6E7012100220846FFF731FF064B1E
:10961000D969062262F30201D961044B9A645B6B3B
:10962000B7E70120BBE700BF00810424502B0000F6
:1096300000801341013808B5052850D8DFE800F054
:1096400003101A243140274BD969012262F31241D9
:10965000D961254BDA645B6C234A0020536008BD56
:10966000204BD969022262F31241D9611E4BDA64A0
:10967000DB6AF1E71B4BD969032262F31241D9611E
:10968000194BDA64DB6BE7E7184B40229A83154BE2
:10969000D969042262F31241D961134BDA641B6C5D
:1096A000DAE7002201210220FFF7E2FE0D4BD96923
:1096B000052262F31241D9610B4BDA641B6BCBE7D5
:1096C000012100220846FFF7D3FE064BD969062286
:1096D00062F31241D961044BDA645B6BBCE7012091
:1096E000BDE700BF00810424502B0000008013411F
:1096F00041F20273984221D011DC41F204539842A6
:109700001CD005DCF8B101280CBF212001207047D6
:1097100041F2017398420CBF11200120704742F2C0
:10972000041398420CD042F2061398420AD042F237
:10973000031398420CBF212001207047212070475D
:10974000282070472B2070470378012B06D84378D8
:10975000013B0F2B94BF0020212070472120704730
:10976000174B1B78012B0CBF03780023C2185278CB
:10977000012A22D800EB83004369D3B1114A9342F6
:1097800019D8D0F81431104A934207D9D0F85401AF
:109790000E4B98428CBF212000207047B3F53D3F0F
:1097A0000BD8D0F85431B3F53E3F34BF0020212010
:1097B00070472D207047282070472120704700BF38
:1097C000E4340000A0252600FFFF0524001B06242A
:1097D00011B1042900D07047014B1B68184700BF26
:1097E000E834000084B000B52DED028BE7B00DF534
:1097F000D47C8CE80F003F4B9DF83D139DEDD08A43
:109800001970CFA8FFF7A0FF002858D16AA8FFF76A
:10981000A7FF002853D1012908BF9DF8A8019DF892
:109820003C236AAB03EB4000012AB0F8F43003D1CB
:10983000012B4BD02B2042E0013B9BB240F2FE308B
:109840008342F7D8002A41D101293FD92A4B62939C
:109850004FF4C272BDF83C33ADF884316EA968464E
:1098600003F0C6FB6AAB0FCBFBF732FDFFF740FFFF
:1098700028BB00236593FFF7C9F965909DED657AD4
:10988000DFED1E7AB4EEE77AF1EE10FA02D51C484D
:10989000FFF73CFCDFED1B7A6599B4EEE78AF1EE49
:1098A00010FA24D4DFED187AB4EEE78AF1EE10FA5C
:1098B0001DDC18EE100AFAF7E7FBFFF719FF67B097
:1098C000BDEC028B5DF804EB04B070470A4B629369
:1098D0006EA9BDF83C33ADF884314FF4C2726846CE
:1098E00003F086FB6AAB0FCBFBF7C6FDBEE721207A
:1098F000E5E700BFE4340000D1A720089A99194099
:10990000641400006666E63F6666664084B000B593
:10991000E3B00DF5C87C8CE80F00C9A8FFF714FF71
:10992000D0B964A8FFF71CFFB0B99DF82423BDF897
:109930002433B2B99DF82523012A12D94FF4C272FB
:1099400068A96846ADF8843103F052FB64AB0FCBD5
:10995000FBF790FEFFF7CCFE63B05DF804EB04B0BC
:10996000704768A94FF4C2726846ADF8843103F0BD
:109970003FFB64AB0FCBFCF761F8EBE7034620B18C
:10998000044A106818B913607047222070470420F9
:10999000704700BFE834000008B50348FCF76AFAD6
:1099A000BDE80840FFF7A4BE0038042407B5ADF8B1
:1099B000040001A8FFF7C8FE20B90198FAF79AFE43
:1099C000FFF796FE03B05DF804FB07B5ADF80400A1
:1099D00001A8FFF7B9FE20B90198FBF7BDFBFFF71F
:1099E00087FE03B05DF804FB07B5ADF8040001A8DD
:1099F000FFF7AAFE20B90198FBF70EFEFFF778FEED
:109A0000024B00221A6003B05DF804FBE83400004A
:109A1000042902BF014B01221A707047F434000080
:109A200084B000B5E5B00DF5CC7C8CE80F009DF856
:109A30002C33012B3BD19DF82D33013B0F2B36D816
:109A40009DF89931002B32D11E4B6B9A9A4234D833
:109A5000BDF88C32012B32D11B4B62934FF4C27292
:109A6000BDF82C33ADF884316AA9684603F0C0FA1A
:109A700066AB0FCBFFF7B6FED0B9BDF82C33ADF80F
:109A800084314FF4C2726AA9684603F0B1FA66AB3A
:109A90000FCBFFF73BFF58B90C48FFF76FFF38B902
:109AA000CB9865B05DF804EB04B0FFF77FBF2120D1
:109AB00065B05DF804EB04B070472820F8E72B2070
:109AC000F6E700BF404B4C003D0A274011AA200892
:109AD00084B000B5E3B00DF5C87C8CE80F0014230A
:109AE0008DF8E4310E4A0F4B0F4881930021FCF7AB
:109AF00098FA0E4B68A91B88ADF884314FF4C272F6
:109B0000684603F075FA64AB0FCBFFF7FFFE003831
:109B100018BF012063B05DF804EB04B0704700BFCC
:109B20001D01000000004C42143A0424D40200003D
:109B3000012801D1FFF730BF38B9054BD3F8E02138
:109B400060F30002C3F8E02170472120704700BF96
:109B50000038042484B000B5E3B00DF5C87C8CE86F
:109B60000F00172301208DF8E431FFF7E1FF68B9FA
:109B7000094B4FF4C2721B88ADF8843168A968465E
:109B800003F036FA64AB0FCBFFF7C0FE63B05DF8AD
:109B900004EB04B0704700BFD40200002DE9F0438D
:109BA0002DED028B0646E3B0002800F092804A4D6E
:109BB0004FF4C27205F11001684603F019FA95E8F6
:109BC0000F00FFF785FF2F460446002873D1434B53
:109BD0001A7862B118706A7841480121FCF708FAD6
:109BE00007EE900A3F4BF8EEE77AC3ED007A3E4964
:109BF0004FF4C272684603F0FBF997E80F00FFF7D5
:109C0000A9FF0446002856D1DFF8D490374F4FF013
:109C10000A086A7800214846FCF7EAF907EE900A3C
:109C200008F1FF38F8EEE77A18F0FF08C7ED007A80
:109C3000EFD1020545D520F400631B041B0C07EE91
:109C4000903AF8EEE77AC7ED007AFFF797FB08EE57
:109C5000100AFFF781FB08EE900AFFF79BFB214BF0
:109C600097ED007AD3ED007ADFED216AB8EE488AED
:109C7000C0F5707037EE487A77EEC87A0130C7EEDB
:109C8000275A07EE900AF8EEE77AF8EE688A87EE30
:109C9000A67A88EEA66AF0EE477A45EE867ADFED80
:109CA000156A9FED157A17EEA67A17EE100A01F0E5
:109CB0001BFDC6E90001204663B0BDEC028BBDE888
:109CC000F08340F400631BB207EE903AF8EE677A37
:109CD000B9E72224EFE700BF40010000F4340000A0
:109CE00000380424EC34000050010000F03400007F
:109CF00000007A4400009B430080884307B5134B63
:109D0000ADF804001B6A12489B6A0422012198479F
:109D10009DF80430012B16D19DF80530013B0F2B27
:109D200011D80C4B5B68DB0705D4019803B05DF8D4
:109D300004EBFFF759BE0198FFF747FE0028F4D067
:109D400003B05DF804FB2120FAE700BF00013000FA
:109D50000014042400380424014BDB681B691847F5
:109D6000000130000346012B084602D0022B08D028
:109D70007047074B182202FB01339B683BB100215F
:109D80001847034B182202FB0133DB68F6E77047E4
:109D9000183600000346012B084602D0022B08D0DB
:109DA0007047074B182202FB01339B683BB100212F
:109DB0001847034B182202FB0133DB68F6E77047B4
:109DC000F8340000F8B50468012C054622D8124E7C
:109DD00056F8242042B1536810498B4204D01049F0
:109DE0008B4201D01120F8BD0E4B0F49DB680F48A4
:109DF0001F680F4B51F8241053F8243050F82400FA
:109E0000B8472B6846F8240056F82330002BE9D0D9
:109E10000020E8E72120E6E7083A000000000344BC
:109E20000080072400013000D8020000E802000092
:109E3000F00200002DE9F04129B1012803D80B6898
:109E400018B9202B0AD9212028E00C2BFBD8012A95
:109E5000F9D82C4C64681CBB11201FE0012AF2D8F1
:109E6000284C2468002CF7D0BBBB4FF0200C264DAB
:109E7000264C0023AE46A0465E1CC0B9277927BBFE
:109E80001824634308EB03040E60C4E902000125B3
:109E900048F8032025710B6883B30020BDE8F081EA
:109EA00013B11948013B1AE04FF00C0CDFE72F7992
:109EB0005FB9182043430EEB030001240E60C0E994
:109EC00002774EF803200471E5E7B445334605F107
:109ED000180504F11804CFD1DDE70C48013B182523
:109EE0006B43C41824795CB9C2500B68013B05FB75
:109EF00003030122C3E902441A71CEE74620CDE7ED
:109F00004520CBE7083A0000F8340000183600007E
:109F1000012810B503D811B118B9202909D9212079
:109F200016E00C29FBD8C2B10D4B5B688BB9112030
:109F30000EE092B10A4B1B68002BF8D01068094B59
:109F40000139182404FB013398605268DA6000205C
:109F500010BD1068044B0139F3E72220F8E700BF79
:109F6000083A000018360000F8340000012830B527
:109F700036D8002934D0E8B9202931D8531E022B15
:109F80002ED8194B53F8203063B302F00203D207E6
:109F900021D54C1E182578B9144A05FB042290607F
:109FA00033B1124B0139182202FB01310023CB607F
:109FB000002030BD0C29E0E70D4A05FB04220020FB
:109FC0009060002BF4D00A4B1822013902FB0133B8
:109FD0000022DA60ECE7002BEAD00028E1D0F2E7BB
:109FE0002120E6E71120E4E7083A000018360000D7
:109FF000F83400002DE9F04F012897B005460C46D3
:10A00000164600F21A81002900F01781002840F05E
:10A010000281202900F21181D6F814C0BCF1000F92
:10A0200000F00B8133680893002B00F00481736803
:10A030000993002B00F0FF80D6F80CA0BAF1030FB3
:10A0400000F2FB80B3680A93032B00F2F680777E60
:10A0500007F0FD03012B40F0F080327E022A00F26F
:10A06000EC80B07E072800F2E88033690793022B6A
:10A0700000F2E380744B53F825300B93002B00F073
:10A08000DE80013C1823002D40F0C780DFF8BCE1E2
:10A0900063430EEB030898F80480B8F1000F00F05A
:10A0A000D080B7F1010818BF4FF00108CDF840800B
:10A0B0005EF8033003F1FF3EDEF1000343EB0E03D5
:10A0C00002F1FF3E5FFA8EFEBEF1020F0F9300F128
:10A0D000FF33DBB235BF4FF0010E4FF0000E002111
:10A0E0000A21CDF84CE0072B4FF0000E28BF704638
:10A0F000012F14BF4FF003084FF00108BCF5806F2B
:10A1000038BF0CF1FF33CDE91404CDE911EE0D9108
:10A1100034BFC3F3090340F2FF331827002D7FD16A
:10A120004A48DFF838E107FB0400C0E90428484A40
:10A13000484F52F825200C92002268F302026FF378
:10A14000C30263F30D1257F8250002F0070BBBF1B1
:10A15000020F01BFD0F80880D8F808906BF302090D
:10A16000C8F8089003F10108C445DFF8F480D8F876
:10A170000C1038BF0CF1FF33D1F808900D99CDF8D1
:10A1800000C038BFC3F309031B0143EA81330799B9
:10A190004FEA016B0BF0407B43EA0B0B0A9B9B06DB
:10A1A00003F04063090701F040514BEA03030B43FE
:10A1B00043EA8A7302F00F021A430B9B05930C9B30
:10A1C000E4B2CDE903E30FABCDE901232146DDE99C
:10A1D0000823C847367EDEB9DFF86C90D8F80C301B
:10A1E00059F82520DB6857F825102046984759F87C
:10A1F000251057F82500FFF7AFFD1F2C18D859F888
:10A2000025305A6801235169A3400B4353613046FE
:10A2100017B0BDE8F08F0C29FCE6DFF83CE037E72B
:10A220000D48DFF840E007FB0400C0E904287EE7A2
:10A2300040F20130ECE72220EAE72120E8E7112094
:10A24000E6E74820E4E700BF083A000018360000BF
:10A25000E0020000E8020000F834000065AD2008CC
:10A260000001300095AD2008012813D891B160B9E4
:10A2700020290FD8094B1B6873B101395A68C9B23C
:10A2800001238B409362002070470C2902D8034BB6
:10A290005B68F1E72120704711207047083A000001
:10A2A000012808B50CD8084B53F8201051B1074BC2
:10A2B00053F82000FFF750FD003818BF012008BDFB
:10A2C0002120FCE71120FAE7083A0000E80200002C
:10A2D000034BC0001A580AB107221A50704700BF3A
:10A2E000041213460278052A15D8437822B93A2B6E
:10A2F00034BF002021207047511E012905D9032AAF
:10A3000005D0042A05D0062BF2E7102BF0E70A2B24
:10A31000EEE70C2BECE72120704700002DE9F84315
:10A320000C46904699460646002865D0002B63D01F
:10A330000F2A03D921273846BDE8F883FFF7D2FF5B
:10A3400007460028F7D13378032B1DD8082CF1D805
:10A350002A4951F824300BB10427ECE7284A101998
:10A36000155D037A90F90800002836DA254A03F0D3
:10A370000F03AD00EDB2D55441F8249043467178F7
:10A380003078224600F0A0FC3378042B14D1072C3F
:10A39000D0D81D4B53F82420002ADDD11B4A4FF49E
:10A3A00080211160482182F8121343F8249041461D
:10A3B0007278E0B200F0CEFE3378052BBBD1042CCE
:10A3C000B8D8134B53F82420002AC5D1E1B2404637
:10A3D00043F8249000F0DAFFADE7012003F01F02FC
:10A3E00090404FEA531C094A42F82C00AD001A4431
:10A3F000EDB282F80053BFE722279CE7543A0000F1
:10A40000E502210814ED00E02C3A000000E100E034
:10A41000103A0000F8B50E461746054678B1FFF72A
:10A4200061FF044648B90F2E0BD8012F09D869786F
:10A4300028783B46324600F06FFD2046F8BD2224C6
:10A44000FBE72124F9E7392808B503D800F048FED6
:10A45000002008BD2120FCE7222808B503D800F021
:10A46000CDFB002008BD2120FCE708B5A0F11903B1
:10A47000052B03D800F0D8FB002008BD2120FCE705
:10A48000012808B503D800F041FE002008BD2120B6
:10A49000FCE7012808B503D800F0D4FB002008BD74
:10A4A0002120FCE70B2808B503D800F0E1FE0020CE
:10A4B00008BD2120FCE7052808B505D8072903D8E1
:10A4C00000F0EAFE002008BD2120FCE7052808B5C1
:10A4D00005D8012903D800F0FBFE002008BD21208B
:10A4E000FCE7000073B5C4B2032C01903DD801A86D
:10A4F000FFF7F8FE60BB304B9DF8055003EB0413EB
:10A500002601585D60B309282AD0C4B9A5F1190302
:10A51000052B22D8FFF7A9FFD0B92846FFF793FFF4
:10A52000B0B90022114601A8FFF774FF80B99DF869
:10A5300006202946204600F06FFD002008E0012C8F
:10A5400008D1A5F10903052B04D8FFF78EFF48B108
:10A5500002B070BDFFF780FFF9E7FFF77DFFDBE793
:10A56000002CDAD0A819C0B2D8E7042C0ED19DF87F
:10A570000550124B585DFFF76FFF0028E8D12846C1
:10A58000FFF790FF0028E3D10246CBE7052CD4D19A
:10A590009DF8054001212046FFF798FF0028D7D1FC
:10A5A00001462046FFF787FF0028D1D19DF806100D
:10A5B000204600F0A9FEC0E7990221088D0221087B
:10A5C000102808B503D800F047FB002008BD212063
:10A5D000FCE7000070B56AB1094E56F821405CB93D
:10A5E0000F280BD8042909D846F8212000F0CEFE08
:10A5F000204670BD2220FCE70420FAE72120F8E77E
:10A60000103A00000F2808B503D800F03BFB0020EB
:10A6100008BD2120FCE7012808B503D800F03CFB69
:10A62000002008BD2120FCE71E4B70B500211E4D07
:10A6300019610C4608460131FFF74AFE082945F822
:10A64000044BF7D1194D0020FFF723FF01202C60A8
:10A65000FFF71FFF6C600024154D2646E0B2013461
:10A66000FFF7AEFF052C45F8046BF7D10024114E1F
:10A67000254620460134FFF7C5FF082C46F8045B49
:10A68000F7D10D4C0020FFF7C6FF01202560FFF732
:10A69000C2FF0020656000F039FD012000F036FDAA
:10A6A000002070BD00000812543A00004C3A00002F
:10A6B000103A00002C3A0000243A000010B50020A7
:10A6C000FFF706FE024BBDE810401B68002018474C
:10A6D000543A000010B50120FFF7FAFD024BBDE827
:10A6E00010405B6801201847543A000010B5022062
:10A6F000FFF7EEFD024BBDE810409B6802201847B3
:10A70000543A000010B50320FFF7E2FD024BBDE80C
:10A710001040DB6803201847543A000010B50420AD
:10A72000FFF7D6FD024BBDE810401B690420184717
:10A73000543A000010B50520FFF7CAFD024BBDE8F2
:10A7400010405B6905201847543A000010B50620F8
:10A75000FFF7BEFD024BBDE810409B69062018477D
:10A76000543A000010B50720FFF7B2FD024BBDE8D8
:10A770001040DB6907201847543A000010B500204C
:10A7800000F060FA024BBDE810401B68002018473B
:10A790004C3A000010B5012000F054FA024BBDE81D
:10A7A00010405B68012018474C3A000010B500F0DB
:10A7B00059FAC00702D5012000F04EFA00F052FA13
:10A7C00010F0020403D0022000F046FA012400F049
:10A7D00049FA410703D5042000F03EFA022400F0B4
:10A7E00041FA020703D5082000F036FA032400F0EE
:10A7F00039FAC30603D5102000F02EFA0424044BC6
:10A8000053F824301BB12046BDE81040184710BD56
:10A81000103A000010B5002000F02CFA012802D1F7
:10A82000002000F02FFA012000F024FA012804464D
:10A830003ED100F027FA022000F01CFA012803D1D3
:10A84000022000F01FFA0224032000F013FA01286E
:10A8500003D1032000F016FA0324042000F00AFAC2
:10A86000012803D1042000F00DFA0424052000F093
:10A8700001FA012803D1052000F004FA052406207E
:10A8800000F0F8F9012803D1062000F0FBF90624B6
:10A89000072000F0EFF9012803D1072000F0F2F9BA
:10A8A0000724044B204653F82430BDE810401847D5
:10A8B0000024C0E72C3A000010B50021042000F06D
:10A8C000ABFC012802D1002000F0E6F901210420B0
:10A8D00000F0A2FC0128044608D100F0DDF9044B89
:10A8E000204653F82430BDE8104018470024F6E70E
:10A8F000243A000070B5850F14D0012D14D0022D1C
:10A900000A4B18BF002320F04044012C03D15B6A9E
:10A91000002113209847064B204653F82530BDE808
:10A9200070401847034BEEE7034BECE7E8FF2008C5
:10A93000743A000040002108140021080B300B2855
:10A940009ABF024B185C0120704700BFF502210836
:10A95000064B984207D0064B984204D0054BC31AC9
:10A960005842584170470120704700BF40002108FD
:10A9700014002108E8FF2008084B984202D101206A
:10A98000F9F71CB9064B984201D10220F8E7054BB4
:10A99000984201D10320F3E7704700BF400021082F
:10A9A00014002108E8FF2008012838B504460D46A8
:10A9B00023D11D4B1C792046F9F71CF9012822D020
:10A9C000032C24D8012C26D0022C26D0032C174C83
:10A9D00018BF00241DB32C60A36815489847FFF7E3
:10A9E000ADFF88B92046FFF7B3FFD0B1236902203D
:10A9F0009847BDE83840FFF7A1BF022809D0F9F712
:10AA0000F9F8012801D1042038BD032CDED901203A
:10AA1000FAE7084BCEE7084CDCE7084CDAE72220DF
:10AA2000F2E72120F0E700BF0C030000E8FF200858
:10AA3000F5B82008F80200004000210814002108A1
:10AA4000284A904270B506460D4624D0264B9842BF
:10AA500023D0002942D0002840D03046FFF778FFAD
:10AA600000283DD0E868214B984239D8AC68B4F54D
:10AA7000A06F35D82B78191F0C2931D869680329A4
:10AA80000DD11B4988422BD844EA033444F4801486
:10AA900044F001040AE0174DDFE7174DDDE71FD84A
:10AAA000022944EA0334F1D144F0020496422969B0
:10AAB0000AD10120F9F766F8736AE96820469847D9
:10AAC000BDE87040FFF73ABF074B9E4201D102201C
:10AAD000F0E70A4B9E42EFD10320EBE7222070BD46
:10AAE0002120FCE74000210814002108005A6202DE
:10AAF000404B4C000C030000F8020000E8FF200867
:10AB000070B5044616460D46D9B1D0B1DAB1FFF79B
:10AB10001FFFC0B10D4B9C420AD12046FFF72CFF0E
:10AB2000A369314628469847BDE87040FFF706BF45
:10AB3000636A012113209847FFF700FF0028ECD03B
:10AB400070BD2220FCE72120FAE700BF1400210895
:10AB5000F8B5044616461F460D46E9B1E2B1D8B134
:10AB6000FFF7F6FED0B1CFB10D4B9C420BD1204682
:10AB7000FFF702FFE3693A46314628469847BDE8A9
:10AB8000F840FFF7DBBE636A012113209847FFF707
:10AB9000D5FE0028EBD0F8BD2220FCE72120FAE703
:10ABA0001400210808B50246C8B1C1B1FFF7D0FEB4
:10ABB000B8B10E4B9A420ED00D4B9A420DD00D4BB0
:10ABC000D31A5A425A4152000B4B53F8220050B943
:10ABD00043F8221008BD0022F6E70122F4E7222004
:10ABE000F8E72120F6E70420F4E700BF4000210841
:10ABF00014002108E8FF2008743A00001528094ACB
:10AC00004FF0010307D9D2F81816163883400B43CA
:10AC1000C2F818367047D2F8101683400B43C2F8BA
:10AC20001036704700003041A0F11903052B06D8FB
:10AC3000034A0C38516C012383400B435364704723
:10AC400000800046034BC0001A5842F001021A501F
:10AC5000704700BF44121346014B40009860704794
:10AC600000000812024BD868C0F34400704700BFD0
:10AC700000000812024BC000185800F00100704795
:10AC800004D20424034BC0001A5842F001021A50A7
:10AC9000704700BF04D20424034BC0001A5842F08E
:10ACA00001021A50704700BF44D2042408B50A4676
:10ACB0000146044801F08CFFBDE808400D2001F07A
:10ACC00099BF00BF010321082DE9F04180460D46E0
:10ACD00016461F4603287FD8DFE800F00217262813
:10ACE0004B297DD940483F21FFF7E0FF0F2F1FD9A7
:10ACF0003D484021FFF7DAFF082E1FD93A4841218D
:10AD0000FFF7D4FF0F2D1DD918E03B2968D936482D
:10AD10003F21FFF7CBFF0F2FEED933484021FFF73C
:10AD2000C5FF082EEED9E9E72B29EFE71B29D8E765
:10AD3000082E03D92C484121FFF7B8FF4FEA151818
:10AD400005F00F0506F51072284C54F8323068F300
:10AD50000D3344F8323054F8323065F30B2344F8A5
:10AD6000323054F8323017F0080114BF43F00803B2
:10AD700061F3C30344F8323054F8323017F0040161
:10AD80000CBF61F3820343F0040344F83230174BE5
:10AD900053F8321017F001000CBF60F3000141F0CE
:10ADA000010143F83210114917F0020315BF51F8A1
:10ADB000323051F8320043F0020363F3410014BF14
:10ADC00041F8323041F8320051F832306FF3041359
:10ADD00041F83230BDE8F08103483F21FFF766FFBC
:10ADE0000F2F9ED999E700BF2703210800001346C3
:10ADF000052838B505460C460AD920484FF49B7102
:10AE0000FFF754FF1D484FF49F71FFF74FFF2EE0EF
:10AE100003280ED9042828D10B2904D9174840F259
:10AE20003B11FFF743FF240104F1105404F598246B
:10AE30000EE080B94B2904D910484FF49C71FFF7FC
:10AE400035FF04EB0514240104F18C4404F5981437
:10AE50000123636038BD012801D13B29EBE70228BB
:10AE600001D12B29E7E71B29E5E70529CAD8044BBF
:10AE7000A4001A5942F020021A51EBE7D801210828
:10AE80001C860424052838B505460C460AD92048F6
:10AE90004FF4CE71FFF70AFF1D484FF4D271FFF750
:10AEA00005FF2EE003280ED9042828D10B2904D948
:10AEB000174840F2A111FFF7F9FE240104F11054E4
:10AEC00004F598240EE080B94B2904D910484FF4BA
:10AED000CF71FFF7EBFE04EB0514240104F18C4461
:10AEE00004F598140023636038BD012801D13B2983
:10AEF000EBE7022801D12B29E7E71B29E5E7052924
:10AF0000CAD8044BA4001A596FF345121A51EBE743
:10AF1000D80121081C860424012BF8B506460C46EE
:10AF2000154617D939487E21FFF7C0FE002D37D0CE
:10AF300021463046FFF75CFF042E05F00F014DD18E
:10AF40000A2D3BD8324A2301D05861F38500D050F6
:10AF500075B3F8BD82B102F00F07002BE8D1FFF7FF
:10AF600091FF042E34D10A2D28D8294B24011A59D7
:10AF700067F385021A51ECE7042815BF04EB0012B1
:10AF800023492449220118BF1201885865F385001E
:10AF900088506BB921463046BDE8F840FFF772BFD4
:10AFA000042E2DD11A4A2301D15865F38501D150C1
:10AFB00021463046BDE8F840FFF71ABF13488A2102
:10AFC000FFF774FE124B24011A5965F38502D1E78D
:10AFD0000F2D0DD80F4B04EB0614C7E70F2D07D824
:10AFE00004EB06140B4B24011A5961F38502C1E7E7
:10AFF00006488F21FFF75AFE04EB0614054BE2E7E3
:10B0000004EB0613034A1B01CEE700BF2703210808
:10B0100000C00424000013460528F8B505460C4678
:10B02000164602F0010719D92948D821FFF73EFE3C
:10B03000012E19D92648D921FFF738FE052C03D94E
:10B040002348E321FFF732FEE4212148FFF72EFEDB
:10B05000204BA4001A5967F3041223E0012A07D8F1
:10B06000032815D904280BD0052CF1D9E321ECE7EE
:10B070001748D921FFF71AFE032D09D9042DDDD178
:10B080000B2C03D91248DF21FFF710FE124B05E00D
:10B0900055B94B2C10D8114B04EB051424011A5947
:10B0A00067F300021A51F8BD012D0AD13B2C8CBF69
:10B0B00000230123002BEED10548DB21FFF7F6FD2D
:10B0C000E9E7022D01D12B2CF1E71B2CE2E700BFB1
:10B0D000270321081C86042400C004240000134612
:10B0E0003F2810B5044604D9064840F21B11FFF76B
:10B0F000DDFD054800EB8400036843F010030360A6
:10B1000010BD00BF2703210800400046012808B5F4
:10B110000ED90E4840F28911FFF7C8FD0C4B1A6892
:10B1200042F480421A601A6842F480121A600BE0FE
:10B130000028F3D14FF08C431A6942F480321A612F
:10B140009A6842F400129A6008BD00BF27032108E4
:10B15000001404240C2A70B505460E46144604D982
:10B160002B484FF43D71FFF7A1FD0F2E04D928485D
:10B1700040F2F521FFF79AFD0C2D04D9244840F246
:10B18000F621FFF793FD05F51070224B53F83020A0
:10B190006FF30D3243F8302053F8302064F30B2264
:10B1A00043F8302053F8302016F0080114BF42F065
:10B1B000080261F3C30243F8302053F8302016F040
:10B1C000040114BF42F0040261F3820243F830200C
:10B1D000104B53F8302016F0010114BF42F0010269
:10B1E00061F3000243F830200A4B53F8302016F088
:10B1F000020114BF42F0020261F3410243F8302021
:10B2000053F830206FF3041243F8302070BD00BFB4
:10B210002703210800C00424052870B506460D4602
:10B2200001F5127411D9114840F24B31FFF73EFD80
:10B23000012D04D90D484FF45371FFF737FDE3009A
:10B2400003F18C4303F598130DE0012904D9074855
:10B250004FF45371FFF72AFD042EF0D1E30003F100
:10B26000105303F59823586870BD00BF27032108C9
:10B270000C2810B5044604D9054840F27B31FFF78D
:10B2800015FD044B01209A68A0401043986010BD42
:10B290002703210800A00424052838B504460D46DC
:10B2A00004D909484FF47871FFF700FD0A2D04D93D
:10B2B000054840F2E131FFF7F9FC044BA4001A59AC
:10B2C00065F302021A5138BD270321081C860424A5
:10B2D000052838B504460D4604D9094840F2EE3138
:10B2E000FFF7E4FC012D04D9054840F2EF31FFF7E8
:10B2F000DDFC044BA4001A5965F3C3021A5138BD92
:10B30000270321081C860424052838B504460D4669
:10B3100004D9094840F2FF31FFF7C8FC012D04D9D8
:10B3200005484FF48061FFF7C1FC044BA4001A5993
:10B3300065F304121A5138BD270321081C86042422
:10B34000052810B5044604D9054840F24641FFF7E8
:10B35000ADFC044B5869E04000F0010010BD00BF97
:10B360002703210800000812102810B5044604D94C
:10B3700004484FF49061FFF799FC034B64005C6054
:10B3800010BD00BF27032108000008120F2870B568
:10B3900005460E4604D91F4840F2AD41FFF786FC32
:10B3A000082E04D91B4840F2AE41FFF77FFC012470
:10B3B000B440E6B23046FFF7D7FF174B1A6915F0D5
:10B3C000040F14BF3243B2431A61134B22021969AE
:10B3D00092B215F0080F14BF0A4321EA02021A6163
:10B3E0000D4B2204196902F47F0215F0020F14BFFD
:10B3F0000A4321EA02021A61074B1A69240615F072
:10B40000010F14BF2243A2431A61044B4FF40012F0
:10B410001A6070BD270321080000081200E100E057
:10B4200081F0004102E000BF83F0004330B54FEAF5
:10B4300041044FEA430594EA050F08BF90EA020F62
:10B440001FBF54EA000C55EA020C7FEA645C7FEAF5
:10B45000655C00F0E2804FEA5454D4EB5555B8BF18
:10B460006D420CDD2C4480EA020281EA030382EA89
:10B47000000083EA010180EA020281EA0303362D1B
:10B4800088BF30BD11F0004F4FEA01314FF4801CEE
:10B490004CEA113102D0404261EB410113F0004F00
:10B4A0004FEA03334CEA133302D0524263EB4303B7
:10B4B00094EA050F00F0A780A4F10104D5F1200E55
:10B4C0000DDB02FA0EFC22FA05F2801841F10001B0
:10B4D00003FA0EF2801843FA05F359410EE0A5F184
:10B4E00020050EF1200E012A03FA0EFC28BF4CF0B5
:10B4F000020C43FA05F3C01851EBE37101F000456B
:10B5000007D54FF0000EDCF1000C7EEB00006EEB77
:10B510000101B1F5801F1BD3B1F5001F0CD3490801
:10B520005FEA30004FEA3C0C04F101044FEA445258
:10B5300012F5800F80F09A80BCF1004F08BF5FEADF
:10B54000500C50F1000041EB045141EA050130BDBF
:10B550005FEA4C0C404141EB0101013C28BFB1F5D1
:10B56000801FE9D291F0000F04BF01460020B1FA1C
:10B5700081F308BF2033A3F10B03B3F120020CDAEF
:10B580000C3208DD02F1140CC2F10C0201FA0CF0CD
:10B5900021FA02F10CE002F11402D8BFC2F1200C32
:10B5A00001FA02F120FA0CFCDCBF41EA0C019040E8
:10B5B000E41AA2BF01EB0451294330BD6FEA040431
:10B5C0001F3C1CDA0C340EDC04F11404C4F120021C
:10B5D00020FA04F001FA02F340EA030021FA04F32E
:10B5E00045EA030130BDC4F10C04C4F1200220FA85
:10B5F00002F001FA04F340EA0300294630BD21FAC3
:10B6000004F0294630BD94F0000F83F4801306BF88
:10B6100081F480110134013D4EE77FEA645C18BF7C
:10B620007FEA655C29D094EA050F08BF90EA020F13
:10B6300005D054EA000C04BF1946104630BD91EA0B
:10B64000030F1EBF0021002030BD5FEA545C05D10E
:10B650004000494128BF41F0004130BD14F580044D
:10B660003CBF01F5801130BD01F0004545F0FE41C1
:10B6700041F470014FF0000030BD7FEA645C1ABFF6
:10B68000194610467FEA655C1CBF0B46024650EA2D
:10B69000013406BF52EA033591EA030F41F4002159
:10B6A00030BD00BF90F0000F04BF0021704730B5DF
:10B6B0004FF4806404F132044FF000054FF00001B4
:10B6C00050E700BF90F0000F04BF0021704730B575
:10B6D0004FF4806404F1320410F0004548BF40424A
:10B6E0004FF000013EE700BF42004FEAE2014FEA9F
:10B6F00031014FEA02701FBF12F07F4393F07F4F7A
:10B7000081F06051704732F07F4208BF704793F07C
:10B710007F4F04BF41F40021704730B54FF460748F
:10B7200001F0004521F000411CE700BF50EA010292
:10B7300008BF704730B54FF000050AE050EA01023B
:10B7400008BF704730B511F0004502D5404261EBAB
:10B7500041014FF4806404F132045FEA915C3FF4EC
:10B76000D8AE4FF003025FEADC0C18BF03325FEA89
:10B77000DC0C18BF033202EBDC02C2F1200300FA3A
:10B7800003FC20FA02F001FA03FE40EA0E0021FA5F
:10B7900002F11444BDE600BF70B54FF0FF0C4CF44D
:10B7A000E06C1CEA11541DBF1CEA135594EA0C0FFF
:10B7B00095EA0C0F00F0DEF82C4481EA030621EA3A
:10B7C0004C5123EA4C5350EA013518BF52EA033575
:10B7D00041F4801143F4801338D0A0FB02CE4FF027
:10B7E0000005E1FB02E506F00042E0FB03E54FF057
:10B7F0000006E1FB03569CF0000F18BF4EF0010E4F
:10B80000A4F1FF04B6F5007F64F5407404D25FEA4A
:10B810004E0E6D4146EB060642EAC62141EA5551FD
:10B820004FEAC52040EA5E504FEACE2EB4F1FD0C3F
:10B8300088BFBCF5E06F1ED8BEF1004F08BF5FEABD
:10B84000500E50F1000041EB045170BD06F000466F
:10B8500046EA010140EA020081EA0301B4EB5C041C
:10B86000C2BFD4EB0C0541EA045170BD41F4801114
:10B870004FF0000E013C00F3AB8014F1360FDEBF39
:10B88000002001F0004170BDC4F10004203C35DA15
:10B890000C341BDC04F11404C4F1200500FA05F398
:10B8A00020FA04F001FA05F240EA020001F0004239
:10B8B00021F0004110EBD37021FA04F642EB0601AF
:10B8C0005EEA430E08BF20EAD37070BDC4F10C04D9
:10B8D000C4F1200500FA04F320FA05F001FA04F29D
:10B8E00040EA020001F0004110EBD37041F1000189
:10B8F0005EEA430E08BF20EAD37070BDC4F1200594
:10B9000000FA05F24EEA020E20FA04F301FA05F2FB
:10B9100043EA020321FA04F001F0004121FA04F2A3
:10B9200020EA020000EBD3705EEA430E08BF20EA73
:10B93000D37070BD94F0000F0FD101F000464000AD
:10B9400041EB010111F4801F08BF013CF7D041EA2F
:10B95000060195F0000F18BF704703F00046520033
:10B9600043EB030313F4801F08BF013DF7D043EA04
:10B970000603704794EA0C0F0CEA135518BF95EABA
:10B980000C0F0CD050EA410618BF52EA4306D1D141
:10B9900081EA030101F000414FF0000070BD50EA60
:10B9A000410606BF1046194652EA430619D094EAEA
:10B9B0000C0F02D150EA013613D195EA0C0F05D1D4
:10B9C00052EA03361CBF104619460AD181EA030128
:10B9D00001F0004141F0FE4141F470014FF00000E0
:10B9E00070BD41F0FE4141F4780170BD70B54FF07B
:10B9F000FF0C4CF4E06C1CEA11541DBF1CEA1355FB
:10BA000094EA0C0F95EA0C0F00F0A7F8A4EB0504DC
:10BA100081EA030E52EA03354FEA013100F08880D3
:10BA20004FEA03334FF0805545EA131343EA12639C
:10BA30004FEA022245EA111545EA10654FEA002651
:10BA40000EF000419D4208BF964244F1FD0404F50A
:10BA5000407402D25B084FEA3202B61A65EB030566
:10BA60005B084FEA32024FF480104FF4002CB6EB23
:10BA7000020E75EB030E22BFB61A754640EA0C00A3
:10BA80005B084FEA3202B6EB020E75EB030E22BFE3
:10BA9000B61A754640EA5C005B084FEA3202B6EB24
:10BAA000020E75EB030E22BFB61A754640EA9C00E3
:10BAB0005B084FEA3202B6EB020E75EB030E22BFB3
:10BAC000B61A754640EADC0055EA060E18D04FEA71
:10BAD000051545EA16754FEA06164FEAC30343EA11
:10BAE00052734FEAC2025FEA1C1CC0D111F4801FDE
:10BAF0000BD141EA00014FF000004FF0004CB6E7D7
:10BB000011F4801F04BF01430020B4F1FD0C88BF75
:10BB1000BCF5E06F3FF6AFAEB5EB030C04BFB6EB80
:10BB2000020C5FEA500C50F1000041EB045170BD73
:10BB30000EF0004E4EEA113114EB5C04C2BFD4EBA0
:10BB40000C0541EA045170BD41F480114FF0000E24
:10BB5000013C90E645EA060E8DE60CEA135594EAA0
:10BB60000C0F08BF95EA0C0F3FF43BAF94EA0C0FA3
:10BB70000AD150EA01347FF434AF95EA0C0F7FF418
:10BB800025AF104619462CE795EA0C0F06D152EA6C
:10BB900003353FF4FDAE1046194622E750EA410650
:10BBA00018BF52EA43067FF4C5AE50EA41047FF461
:10BBB0000DAF52EA43057FF4EBAE12E74FF0FF3CC6
:10BBC00006E000BF4FF0010C02E000BF4FF0010C97
:10BBD0004DF804CD4FEA410C7FEA6C5C4FEA430C10
:10BBE00018BF7FEA6C5C1BD001B050EA410C0CBF5F
:10BBF00052EA430C91EA030F02BF90EA020F0020C1
:10BC0000704710F1000F91EA030F58BF994208BF27
:10BC100090422CBFD8176FEAE37040F001007047E4
:10BC20004FEA410C7FEA6C5C02D150EA013C07D13B
:10BC30004FEA430C7FEA6C5CD6D152EA033CD3D086
:10BC40005DF8040B704700BF8446104662468C4680
:10BC50001946634600E000BF01B5FFF7B7FF0028B3
:10BC600048BF10F1000F01BD4DF808EDFFF7F4FFDC
:10BC70000CBF012000205DF808FB00BF4DF808ED67
:10BC8000FFF7EAFF34BF012000205DF808FB00BF8A
:10BC90004DF808EDFFF7E0FF94BF012000205DF8AC
:10BCA00008FB00BF4DF808EDFFF7CEFF94BF012061
:10BCB00000205DF808FB00BF4DF808EDFFF7C4FF5A
:10BCC00034BF012000205DF808FB00BF4A0011D2FC
:10BCD00012F5001211D20DD56FF47873B3EB6252E6
:10BCE0000ED44FEAC12343F0004343EA505323FAF2
:10BCF00002F070474FF00000704750EA013002D167
:10BD00004FF0FF3070474FF00000704753B94AB909
:10BD1000002908BF00281CBF4FF0FF314FF0FF3053
:10BD200000F06AB9ADF1080C6DE904CE00F006F838
:10BD3000DDF804E0DDE9022304B070472DE9F047A7
:10BD4000089D0C46002B4ED194468C458646B2FA8F
:10BD500082F262D94AB1C2F12003914020FA03F382
:10BD60000CFA02FC194300FA02FE4FEA1C471FFAC4
:10BD70008CF6B1FBF7F44FEA1E4307FB141143EABC
:10BD8000014304FB06F199420AD91CEB030304F1B9
:10BD9000FF3080F01381994240F21081023C6344ED
:10BDA000591A1FFA8EF3B1FBF7F007FB101143EAA3
:10BDB000014300FB06F69E420AD91CEB030300F187
:10BDC000FF3180F0FD809E4240F2FA8063440238E9
:10BDD0009B1B40EA044000211DB1D3400022C5E96D
:10BDE0000032BDE8F0878B4205D90DB1C5E90001ED
:10BDF00000210846F5E7B3FA83F1002946D1A342B2
:10BE000002D39042C0F0F180861A64EB0303012054
:10BE1000002DE6D0C5E90063E3E7002A40F09180F9
:10BE2000A1EB0C044FEA1C481FFA8CF70121B4FB6C
:10BE3000F8F64FEA1E4308FB164443EA044307FBA7
:10BE400006F0984208D91CEB030306F1FF3402D236
:10BE5000984200F2CE8026461C1A1FFA8EF3B4FBDD
:10BE6000F8F008FB104443EA044300FB07F79F4245
:10BE700008D91CEB030300F1FF3402D29F4200F209
:10BE8000B1802046DB1B40EA0640A5E7C1F1200651
:10BE90008B4022FA06F71F4320FA06FC04FA01F34E
:10BEA00043EA0C03F44000FA01F8380C4FEA134956
:10BEB000B4FBF0FE1FFA87FC00FB1E4449EA044471
:10BEC0000EFB0CF9A14502FA01F20AD93C190EF158
:10BED000FF3A80F08580A14540F28280AEF1020EEB
:10BEE0003C44A4EB09041FFA83F9B4FBF0F300FB14
:10BEF000134449EA044403FB0CFCA44507D93C194C
:10BF000003F1FF3068D2A44566D9023B3C4443EAC2
:10BF10000E40A0FB0293A4EB0C049C42CE469C4630
:10BF200052D34FD055B1B8EB0E0364EB0C0404FAB6
:10BF300006F6CB40CC401E43C5E900640021BDE8B5
:10BF4000F087C2F1200320FA03F10CFA02FC24FA74
:10BF500003F394400C434FEA1C4800FA02FE1FFA18
:10BF60008CF7B3FBF8F008FB1031230C43EA0143D4
:10BF700000FB07F1994208D91CEB030300F1FF36DF
:10BF80002CD299422AD9023863445B1AA4B2B3FB7B
:10BF9000F8F108FB113344EA034401FB07F3A34221
:10BFA00008D91CEB040401F1FF3613D2A34211D9C6
:10BFB00002396444E41A41EA004138E70446EFE6F6
:10BFC000084605E7C845ADD2B9EB020E63EB070C96
:10BFD0000138A7E73146EDE7034698E73046D4E756
:10BFE000D6467EE7634402384CE7064623460846B9
:10BFF0000EE7023E63442FE7704700BF024B014645
:10C00000186800F02DB800BF2C030000024B014659
:10C01000186801F0B7BE00BF2C03000070B50F4ECA
:10C020000C463168054611B900F062FF30602146C8
:10C03000284600F05DFF431C03D14FF0FF3420463B
:10C0400070BDC41C24F00304A042F8D0211A284675
:10C0500000F04EFF0130F2D1EFE700BF803A000060
:10C060002DE9F041CD1C25F0030508350C2D38BF16
:10C070000C25002D064601DBA94204D90C233360B0
:10C080000020BDE8F081314F00F062F83B681C46AB
:10C0900044BB29463046FFF7C1FF431C044650D13C
:10C0A0003C682146002941D1002C44D02368304609
:10C0B00004EB030800F01CFF80453CD121686D1A99
:10C0C00029463046FFF7AAFF013034D023682B44BD
:10C0D00023603B68002B36D05A68A24229D1002247
:10C0E0005A600EE02268521B1DD40B2A16D9611922
:10C0F000A342256018BF5960636808BF3960625168
:10C100004B60304600F02AF804F10B00231D20F0AC
:10C110000700C21AB5D01B1AA350B2E7A342626847
:10C12000DED13A60EDE723466468B1E70C46496822
:10C13000B8E71346CEE70C233360304600F00EF824
:10C140009EE70560DDE75B60FFDE00BF843A00002C
:10C15000014800F0F6BE00BFC83B0000014800F0F7
:10C16000F1BE00BFC83B00002DE9F04F89B0DDE90A
:10C170001598002B1D461446BCBF03F1004314461E
:10C1800028F0200A149AB6BF1D4600232D23BAF1C9
:10C19000460FDDE9126B137005D0BAF1450F00D1DF
:10C1A0000136022300E0032307AA049206AACDE980
:10C1B0000292CDE9003622462B4600F0B9FFB8F1D5
:10C1C000670F074619D11BF0010F0ED007EB0608C9
:10C1D0000022002320462946FFF746FD08B1CDF88E
:10C1E0001C803022079B434521D3079B179ADB1BFA
:10C1F0003846136009B0BDE8F08FB8F1470FE2D0C0
:10C20000BAF1460F00EB0608E2D10378302B0AD1D1
:10C210000022002320462946FFF726FD18B9C6F163
:10C220000106C9F80060D9F800309844D0E7591CDD
:10C2300007911A70D6E7F7B50029BABF49422D23F6
:10C240002B2309290270437029DD0DF107031D46D8
:10C250000A271A46B1FBF7F607FB1614303402F82A
:10C26000014C0C46632C03F1FF333146F1DC3031D5
:10C27000941E03F8011C411C2346AB420AD30DF166
:10C2800009039B1AAC4288BF002302330344181AE7
:10C2900003B0F0BD13F8016B01F8016FEDE7302337
:10C2A00030318370C170031DF1E700002DE9F04FBC
:10C2B00091B00C46DDF8688016461F46054600F032
:10C2C000DFFD03680893184600F0A0FE00230E93DC
:10C2D000D8F800300990073323F0070303F1080270
:10C2E00094F818A0D4F800B0C8F80020D3E9008969
:10C2F00029F000430B93CDF82880C4E91289DDE9C9
:10C300000A019C4B4FF0FF3202F0DEFC70BBDDE90E
:10C310000A01984B4FF0FF32FFF7BAFC30BB002206
:10C32000002340464946FFF7A9FC10B12D2384F8AD
:10C330004330914A914BBAF1470F94BF90469846CB
:10C34000032323612BF0040323604FF000090097BF
:10C3500033460FAA2146284600F0DEF9013040F0AE
:10C3600099804FF0FF3011B0BDE8F08F42464B4648
:10C370004046494602F0A8FC40B14B46002BBCBFEA
:10C380002D2384F843307E4A7E4BD4E763685A1CE1
:10C3900029D1062363604BF4806300222360069258
:10C3A0000EAACDE904A20DAA03920DF13302CDE944
:10C3B00001326368009342464B462846FFF7D4FE9D
:10C3C000BAF1670F0D99804615D1CB1C3BDB636832
:10C3D000994238DC0E9B994255DB23682161D807CE
:10C3E00045D54B1C42E00AF0DF02472AD3D1002B8F
:10C3F000D1D10123CEE7BAF1470F07D1C81C25DB05
:10C4000063688B4222DB4FF0670AE3E7BAF1650FFE
:10C410001FD80139524604F150000D91FFF70BFF70
:10C420000E9A1318012A8146236102DC2268D20782
:10C4300001D5013323619DF83330002B87D02D23A4
:10C4400084F8433083E74FF0650AE2E74FF0450A8E
:10C45000DFE7BAF1660FBDD1002963680BDD21610A
:10C4600013B92268D00702D501330B442361A165BB
:10C470004FF00009DFE713B92268D20701D5023374
:10C48000F4E70123F2E70029D4BFC1F1020201223F
:10C490001344EBE723685A0507D423694246314623
:10C4A0002846B84701302BD15BE7BAF1650F40F25F
:10C4B000DC80D4E9120100220023FFF7D5FB00281D
:10C4C00033D0314A012331462846B84701303FF482
:10C4D00048AFDDE90D38434502DB2368D8070FD5A7
:10C4E000DDE9082331462846B84701303FF439AF2B
:10C4F0004FF0000908F1FF3804F11A0AC84509DCB9
:10C5000023689B0700F10281E0680F9B9842B8BF47
:10C51000184628E70123524631462846B8470130DD
:10C520003FF41FAF09F10109E8E70D9B002B38DC50
:10C53000154A012331462846B84701303FF411AF70
:10C54000DDE90D3959EA030302D12368D907D7D5AC
:10C55000DDE9082331462846B84701303FF401AFF2
:10C560004FF0000A04F11A0B0D9B5B4253450DDCA2
:10C570004B4693E7FFFFEF7FDC032108E003210830
:10C58000E4032108E8032108EC03210801235A46AB
:10C5900031462846B84701303FF4E3AE0AF1010ABC
:10C5A000E2E7A36DDDF838A05345A8BF5346002B42
:10C5B000994636DC4FF0000B29EAE97904F11A02BA
:10C5C000A36D0A93A3EB09035B4531DC0D9B9A45F0
:10C5D0003ADC2368DA0737D40D9BAAEB03090A9BE0
:10C5E000AAEB03039945A8BF9946B9F1000F33DCC4
:10C5F0004FF0000829EAE97904F11A0B0D9BAAEB28
:10C600000303A3EB090343457FF77AAF01235A469F
:10C6100031462846B84701303FF4A3AE08F101087F
:10C62000ECE7424631462846B8470130C2D198E689
:10C630000123314628460A92B84701303FF491AEB3
:10C640000A9A0BF1010BBBE7DDE9082331462846C6
:10C65000B8470130C0D184E60A9A4B46424431467D
:10C660002846B8470130C3D17BE6DDF838A0BAF1DF
:10C67000010F01DCDB0736D501234246314628464F
:10C68000B84701303FF46DAEDDE908233146284656
:10C69000B84701303FF465AED4E91201002200230F
:10C6A0000AF1FF3AFFF7E0FAC0B9534608F1010278
:10C6B00031462846B84701300CD152E601235A468C
:10C6C00031462846B84701303FF44BAE08F1010827
:10C6D000D045F3DB4B4604F15002E0E64FF0000892
:10C6E00004F11A0BF4E701234246E1E701234A462D
:10C6F00031462846B84701303FF433AE08F101080F
:10C70000E3680F995B1A4345F0DCFDE64FF0000843
:10C7100004F11909F4E700BF2DE9F04716469846E1
:10C720008A680B69DDF820909342B8BF13463360E6
:10C7300091F8432007460C460AB101333360236861
:10C74000990642BF336802333360256815F0060549
:10C7500006D104F1190AE36832689B1AAB4226DC61
:10C7600094F843302268003B18BF012392062BD473
:10C7700004F1430241463846C84701301ED02368C1
:10C78000226903F00603042B02BFE5683368ED1A43
:10C79000A3680CBF25EAE57500259342C4BF9B1A28
:10C7A000ED1800261A34B5421AD1002008E0012302
:10C7B000524641463846C847013003D14FF0FF305A
:10C7C000BDE8F0870135C6E7E1185A1C302081F832
:10C7D0004300224494F8451082F843100233C7E71F
:10C7E0000123224641463846C8470130E6D001368B
:10C7F000D9E700002DE9FF470F7E0C9E782F914668
:10C8000080460C469A4601F1430207D8622F0AD8A7
:10C81000002F00F0DD80582F00F0C38004F14206A5
:10C8200084F842703AE0A7F16303152BF6D801A112
:10C8300051F823F08DD82008A1D820081DD8200851
:10C840001DD820081DD820081DD82008A1D82008F0
:10C850001DD820081DD820081DD820081DD8200864
:10C86000B7D920082FD920086FD920081DD8200853
:10C870001DD82008D9D920081DD820082FD9200874
:10C880001DD820081DD8200877D9200833681A1D24
:10C890001B68326004F1420684F842300123A8E0AC
:10C8A00031682368081D30601E0601D50D6803E05D
:10C8B0005D06FBD5B1F900506168002D78DA2D20B6
:10C8C000002984F84300A1602DDA5E486D420A23F6
:10C8D0001646B5FBF3F103FB1157C75D06F8017D62
:10C8E0002F46BB420D46F4D9082B0BD12368DF0736
:10C8F00008D5236961689942DEBF302306F8013C00
:10C9000006F1FF36921B2261CDF800A04B4603AA28
:10C9100021464046FFF700FF01306FD14FF0FF3056
:10C9200004B0BDE8F08723F004032360CDE721685D
:10C930003368080653F8045B02D4490648BFADB219
:10C940006F2F4048336014BF0A230823002184F866
:10C9500043106668A660002EBADB216821F004014E
:10C960002160002DB4D1002EB2D11646BCE7236859
:10C9700043F0200323603448782784F84570236807
:10C9800031681F0651F8045B02D45F0648BFADB2A0
:10C990003160D90744BF43F0200323601DB1102349
:10C9A000D4E72848E9E7236823F020032360F6E76B
:10C9B00024480A23CDE7336825686169181D306073
:10C9C0002E061B6801D5196002E06806FBD51980A8
:10C9D00000232361164697E733681A1D32601E68EC
:10C9E00062680021304600F0B3FA08B1801B606035
:10C9F00063682361002384F8433085E72369324666
:10CA000049464046D047013088D023689B0714D45C
:10CA1000E068039B9842B8BF184681E7012332467D
:10CA200049464046D04701303FF478AF0135E368CE
:10CA300003995B1AAB42F1DCEAE7002504F1190621
:10CA4000F5E700BFEE032108FF032108002310B51E
:10CA50000446C0E90033C0E9043383608181436642
:10CA6000C2818361194608225C3000F001FA0D4B47
:10CA700063620D4BA3620D4BE3620D4B23630D4BC1
:10CA800024629C4206D003F16802944202D0D03363
:10CA90009C4205D104F15800BDE8104000F050BAA6
:10CAA00010BD00BFC1DC2008E3DC20081BDD20082E
:10CAB0003FDD2008883A0000024A0349034800F09D
:10CAC00069B800BF20030000B1F82008300300005F
:10CAD00041680C4B994210B5044601D001F0E8FEC4
:10CAE000A168094B994202D0204601F0E1FEE168BD
:10CAF000064B994204D02046BDE8104001F0D8BE54
:10CB000010BD00BF883A0000F03A0000583B00001A
:10CB100010B50B4B0B4C0C4A1A6020460022042126
:10CB2000FFF794FF04F1680001220921FFF78EFF4F
:10CB300004F1D0000222BDE810401221FFF786BFA9
:10CB4000C03B0000883A0000B9DA2008014800F034
:10CB5000F8B900BFC93B0000014800F0F3B900BFBD
:10CB6000C93B000010B50446FFF7F0FF236A1BB174
:10CB7000BDE81040FFF7F0BF044B2362044B1B6875
:10CB8000002BF5D1FFF7C4FFF2E700BFD1DA200890
:10CB9000C03B00002DE9F8430746884614460026AE
:10CBA000D4E90195B9F1010905D52468002CF7D124
:10CBB0003046BDE8F883AB89012B07D9B5F90E30B3
:10CBC000013303D029463846C04706436835E9E7B4
:10CBD0000FB407B5064904AB086853F8042B816805
:10CBE000019301F0C9FC03B05DF804EB04B0704799
:10CBF0002C030000024B01461868826801F0E2BE77
:10CC00002C030000036A70B5846805460E460BB914
:10CC1000FFF7A8FF636EDB0705D4A389980502D44C
:10CC2000A06D00F08EF9A389190702D52369002BA6
:10CC300035D12146284600F0C5F880B34FF0FF35C6
:10CC4000636EDA0705D4A3899B0502D4A06D00F0BA
:10CC500079F9284670BD002B15DB23685A1C226029
:10CC60001970A36816F8011F013BA3600029F2D1D7
:10CC7000002B16DA22460A21284600F064F801301B
:10CC8000DCD00A25DCE7A2699A4201DC0A29E4D15A
:10CC90002246284600F057F80130E2D1CEE7013EA7
:10CCA000DFE723685A1C22600A221A70E9E70000B5
:10CCB000024B01461868FFF7A5BF00BF2C03000018
:10CCC00010B50C46B1F90E1000F000F90028ABBF0A
:10CCD000636DA3891B1823F48053ACBF6365A381E4
:10CCE00010BD2DE9F0411F468B89DB0505460C463A
:10CCF000164605D5B1F90E100223002200F0D4F833
:10CD0000A389B4F90E1023F48053A38132463B4625
:10CD10002846BDE8F04100F0FBB810B50C46B1F96B
:10CD20000E1000F0C1F8431CA38915BF606523F401
:10CD3000805343F48053A38118BFA38110BDB1F980
:10CD40000E1000F0A1B8F8B50E461446054618B10D
:10CD5000036A0BB9FFF706FFA369A360A3891A074B
:10CD600001D5236943B92146284600F02BF818B1B4
:10CD70004FF0FF373846F8BD23682269981A636977
:10CD8000F6B28342374605DC2146284601F090FD85
:10CD90000028EDD1A368013BA36023685A1C2260E0
:10CDA0001E706269431C9A4204D0A389DB07E1D557
:10CDB0000A2EDFD12146284601F07AFD0028D9D07D
:10CDC000D6E7000038B5294B054618680C4618B15F
:10CDD000036A0BB9FFF7C6FEB4F90C30190722D469
:10CDE000DA0607D409222A6043F04003A3814FF0FA
:10CDF000FF3033E0580712D5616B41B104F14403B1
:10CE0000994202D0284600F0BDFF00236363A38946
:10CE100023F02403A3810023636023692360A38993
:10CE200043F00803A38123694BB9A38903F420735A
:10CE3000B3F5007F03D02146284601F087FDB4F901
:10CE40000C3013F001020AD00022A2606269524243
:10CE5000A261226942B913F08000C5D138BD99079B
:10CE600058BF6269A260F4E70020F7E72C030000D6
:10CE700002440346934200D1704703F8011BF9E7CF
:10CE8000004870476C04000038B5064D0023044686
:10CE900008462B60F6F7F6FA431C02D12B6803B163
:10CEA000236038BDC43B000038B5074D0446084632
:10CEB000114600222A601A46F6F7EEFA431C02D108
:10CEC0002B6803B1236038BDC43B000038B5074D63
:10CED00004460846114600222A601A46F6F7DEFA92
:10CEE000431C02D12B6803B1236038BDC43B000052
:10CEF00038B5064D0023044608462B6001F022FF9A
:10CF0000431C02D12B6803B1236038BDC43B000031
:10CF100038B5074D04460846114600222A601A46D5
:10CF2000F6F78EFA431C02D12B6803B1236038BD9B
:10CF3000C43B0000014B1868704700BF2C03000081
:10CF400070477047704700000000000000000000BC
:10CF500001F0FF01102A2BDB10F0070F08D010F8AA
:10CF6000013B013A8B422DD010F0070F42B3F6D1AE
:10CF7000F0B441EA012141EA014122F007047FF0C7
:10CF800000070023F0E80256083C85EA010586EA1E
:10CF9000010685FA47F5A3FA87F586FA47F6A5FA5A
:10CFA00087F68EB9EED1F0BC01F0FF0102F0070266
:10CFB00032B110F8013B013A83EA010313B1F8D111
:10CFC0000020704701387047002D06BF35460338F2
:10CFD000073815F0010F07D1013015F4807F02BF2B
:10CFE000013015F4C03F0130F0BC0138704700BF7C
:10CFF0000A44914200F1FF3300D1704710B511F897
:10D00000014B03F8014F9142F9D110BD034613F8CB
:10D01000012B002AFBD1181A013870472DE9F74F70
:10D0200003690C69A34207467EDB013C01F1140849
:10D03000A30000F11405009305EB8403019358F855
:10D04000243055F8242001339A4208EB8409B2FBBE
:10D05000F3F62ED34FF0000AC446AE46D3465CF832
:10D06000043B98B206FB00A0020C1B0C06FB03233A
:10D07000DEF8002080B292B2121A5A44DEF80000A4
:10D080004FEA134A9BB2C3EB224303EB104392B225
:10D0900042EA0342E1454EF8042B4FEA234BDED22D
:10D0A000009BEB582BB9019B043B9D421A462FD3A2
:10D0B0003C61384601F02EF9002825DB2946002086
:10D0C00058F8042BD1F800C01FFA82FE1FFA8CF327
:10D0D000A3EB0E030344120CC2EB234202EB1C42EF
:10D0E0009BB243EA0243C14541F8043B4FEA224068
:10D0F000E6D255F8242005EB840322B9043B9D4277
:10D100001A460BD33C610136304603B0BDE8F08FC0
:10D110001268043B002ACBD1013CC6E71268043BED
:10D12000002AEFD1013CEAE70020EEE70000000012
:10D130002DE9F04FC76997B014461D46CDE9044567
:10D14000239E83467FB91020FEF758FF0246CBF896
:10D150001C0020B9A64BEF21A64801F089FCC0E9CC
:10D1600001770760C760DBF81C30196859B15A684D
:10D170004A60012393408B60584600F08DFEDBF837
:10D180001C3000221A602B1EB9BF23F00043059308
:10D1900000233360059F984BBCBF01223260BB4324
:10D1A00019D1229A42F20F731360C7F3130323437A
:10D1B00000F0DE85249B53B9904B21E0904B0893FF
:10D1C0000833249A1360089817B0BDE8F08F8B4B92
:10D1D00008930333F5E79DED047B002251EC170B18
:10D1E00000238DED0C7BFEF73FFD804650B1229A67
:10D1F00001231360249B13B1249A824B1360824B4A
:10D200000893E0E714AB019315AB00935846DDE9B2
:10D210000C2301F02FF9C7F30A560390002E79D0A2
:10D220000D9BCDF84C80C3F31303DDE90C0143F0F3
:10D230007F5343F44013A6F2FF3619460022734B86
:10D24000FEF7F2F864A3D3E90023FEF7A5FA64A37E
:10D25000D3E90023FEF7EAF8044630460D46FEF710
:10D2600031FA61A3D3E90023FEF796FA02460B4692
:10D2700020462946FEF7DAF804460D4601F03AFD4D
:10D2800000220746002320462946FEF7F7FC40B15E
:10D290003846FEF717FA22462B46FEF7E5FC00B9A2
:10D2A000013F162F53D85A4B03EBC703D3E9002392
:10D2B000DDE90C01FEF7E2FC00284AD0013F002323
:10D2C0001293149B9B1B5A1E45BFC3F10103099384
:10D2D000002300230A9254BF09930A93002F3ADBDC
:10D2E0000A9B0F973B440A9300230B93209B092B27
:10D2F00067D8052BC4BF043B2093209BA3F10203F6
:10D30000CCBF00240124032B00F28680DFE803F069
:10D310002B383657DDE914631E4406F23243202BC6
:10D32000C1BFC3F140039F4006F2124324FA03F346
:10D33000D6BFC3F1200347EA030004FA03F0FEF767
:10D34000B1F90122A1F1F873013E139275E70123AF
:10D35000B6E71290B5E7099BDB1B09937B420B9361
:10D3600000230F93C2E700230E93219B002B56DC72
:10D370000123069399461A4621920CE00123F3E714
:10D3800000230E93219BFB1803F1010906934B46E2
:10D39000012BB8BF0123DBF81C000021042202F19D
:10D3A00014059D423FD94160584600F035FD089074
:10D3B00000283BD1174B024640F2AF11CCE60123C7
:10D3C000DFE70124002320930E944FF0FF330693F0
:10D3D000994600221223CFE761436F63A787D23FAC
:10D3E000B3C8608B288AC63FFB799F501344D33F54
:10D3F0001D042108340421080000F07F19042108CD
:10D4000010042108ED032108EC0321080000F83F77
:10D41000300521088D04210801230E93D5E7219BB7
:10D4200006939946B7E701315200B8E7DBF81C30A4
:10D43000089A1A60B9F10E0F6FD8002C6DD0002F2A
:10D4400036DDA14B07F00F0203EBC20393ED007B27
:10D45000F8058DED107B4FEA271417D59B4BDDE9BE
:10D460000C01D3E90823FEF7C1FACDE9040104F069
:10D470000F044FF00308954D5CB9DDE91023DDE999
:10D480000401FEF7B3FACDE904012BE04FF00208E6
:10D49000F1E7E10709D5DDE91001D5E90023FEF741
:10D4A0007BF9CDE9100108F1010864100835E3E7C4
:10D4B00000F007817C42844B844D04F00F0203EBA3
:10D4C000C203D3E90023DDE90C01FEF765F9CDE9DC
:10D4D0000401241100234FF00208002C40F0E580E5
:10D4E000002BD0D1129BDDE90445002B00F04B81CD
:10D4F000774B002220462946FEF7C0FB002800F0AB
:10D500004281B9F1000F00F03E81069B002B00F331
:10D51000E380DDE90C34CDE90434159B002B02DBFC
:10D520000E2F40F341820E9A002A40F066820B9C37
:10D53000DDF824800025B8F1000F0DD00A9B002BE8
:10D540000ADD4345099AA8BF4346D21A09920A9AAE
:10D55000A8EB0308D31A0A930B9B0BB30E9B002B6B
:10D5600000F0A582002C00F0A082294622465846F1
:10D5700000F00AFE039A01460546584600F05AFD9F
:10D5800003990646584600F087FC0B9B1B1B0B9328
:10D5900000F090820B9A3146584600F0F5FD03905A
:10D5A0000121584600F030FD0F9B0446002B00F08F
:10D5B00083821A460146584600F0E6FD209B012B67
:10D5C000044603DC049B002B00F07B8200262369C9
:10D5D00004EB8303186900F0C7FC0F96C0F120002C
:10D5E0000A9B184410F01F0000F09082C0F1200345
:10D5F000042B40F38082099BC0F11C000344099373
:10D600000A9B034480440A93099B002B05DD039980
:10D610001A46584600F012FE03900A9B002B05DDC7
:10D6200021461A46584600F009FE0446129B002B7C
:10D6300000F075820398214600F06CFE002880F20D
:10D640006E82002303990A22584600F047FC0E9B85
:10D6500003907E1E002B00F05B82002329460A22E5
:10D66000584600F03BFC069B002B054603DC209B44
:10D67000022B00F35D82B8F1000F05DD294642461A
:10D68000584600F0DBFD05460F9B002B00F0CF82D3
:10D690006968584600F0C0FB0746002840F07E82CB
:10D6A0000C4B024640F2EF2156E5E20706D5D5E9DC
:10D6B0000023FEF771F808F1010801236410083512
:10D6C0000BE74FF002080DE7300521080805210897
:10D6D0000000F03F8D0421082046AD4B0022294672
:10D6E000FEF75AF8CDE90401069C7E1E08F10108F8
:10D6F0004046FDF7E7FFDDE90423FEF74DF8A54BB3
:10D700000022FDF793FEA1F15073CDE910011193B2
:10D71000002C3BD1DDE904019F4B0022FDF784FE84
:10D7200002460B46CDE90423DDE91023FEF7C4FAD7
:10D73000002840F05781DDE9102101F10043DDE9C7
:10D740000401FEF79BFA00283FF4E3AE00242546CF
:10D75000219BDDF820A0DE434FF00008214658460B
:10D7600000F09AFB002D00F0A980B8F1000F05D061
:10D77000A84503D04146584600F08EFB294658463E
:10D7800000F08AFB9AE03E464C46B1E7834B03EB40
:10D79000C40353E90201089B1C440E9B002B4AD092
:10D7A00002460B4600207E49FEF720F9DDE91023F2
:10D7B000FDF73AFECDE91001DDF820A0DDE9040116
:10D7C00001F098FA0546FDF77DFF02460B46DDE9BC
:10D7D0000401FDF729FE3035CDE9040102460B4670
:10D7E0000AF8015BDDE91001FEF766FA002865D151
:10D7F000DDE904236B490020FDF716FE02460B46C7
:10D80000DDE91001FEF758FA002840F00D81A2452D
:10D8100000F0EA80DDE910015D4B0022FDF7BCFF5E
:10D820005B4BCDE910010022DDE90401FDF7B4FFF7
:10D83000CDE90401C2E7DDE91023FDF7ADFFCDE935
:10D840001001DDF820A0A046DDE9040101F052FA44
:10D850000546FDF737FF02460B46DDE90401FDF7FB
:10D86000E3FD30350AF8015B02460B46A245CDE9DF
:10D8700004234FF0000223D1494BDDE91001FDF7ED
:10D88000D5FD02460B46DDE90401FEF715FA002836
:10D8900040F0CA80DDE9102341490020FDF7C4FDB6
:10D8A00002460B46DDE90401FEF7E8F970B1C24615
:10D8B00008F1FF381AF8013C302BF8D0374655E014
:10D8C000334BFDF769FFCDE90401BDE7DDE90C3419
:10D8D000CDE90434159B002BFFF629AE0E2F3FF740
:10D8E00026AE2E4B03EBC70393ED007B219B002B51
:10D8F0008DED067B02DAB9F1000F64D0DDE9044555
:10D90000DDF820A0DDE9062320462946FEF76EF863
:10D9100001F0F0F90646FDF7D5FEDDE90623FDF737
:10D920003BFF02460B462046294606F13004FDF730
:10D930007BFD0AF8014B089CAAEB0404A1450246B2
:10D940000B4640F08280FDF771FDDDE906230446B9
:10D950000D46FEF7B1F9002865D1DDE90623204622
:10D960002946FEF781F908B1F3075CD403995846BC
:10D9700000F092FA00238AF80030229B01371F60E2
:10D98000249B002B3FF41FACC3F800A01BE400BF96
:10D990000000244000001C40000014403005210815
:10D9A0000000E03F0000F03FA24B03EBC70393ED04
:10D9B000007B219B002B8DED067B9FDAB9F1000FD8
:10D9C0009CDC7FF4C3AE9C4B0022DDE90601FDF731
:10D9D000E3FEDDE90423FEF765F9044600287FF441
:10D9E000B5AE3E462546B4E0DDE90C34CDE904345D
:10D9F000159B002B01DB0E2FD6DD209A012A36DC89
:10DA0000139A82B303F233430B9CDDF82480099A06
:10DA10001A4409920A9A01211A4458460A9200F0BF
:10DA2000F3FA054687E53E4653469A4613F8012D1C
:10DA3000392A06D1089A9A42F7D10899302201363C
:10DA40000A701A7801321A7038E77C4B0022FDF711
:10DA5000A3FE0022002304460D46FEF705F9002828
:10DA60003FF450AF82E7149BC3F13603CCE70B9B26
:10DA700009F1FF34A34208DBB9F1000FA3EB040462
:10DA80000EDBDDF824804B46C1E70B9B0F9A0B940D
:10DA9000E31A1A44DDF824800F924B460024B6E7BF
:10DAA000099BA3EB09080023B1E7039E72E50B9ADB
:10DAB000039971E5039673E5209B012B17DC049B0A
:10DAC000ABB9059BC3F313039BB9059B23F0004639
:10DAD000360D360536B1099B013309930A9B013394
:10DAE0000A9301260F9B002B7FF471AD0F96012046
:10DAF00076E50026F6E73FF487AD099A1C331A4411
:10DB000009920A9A1A4498440A927DE50346F4E77A
:10DB1000069B002B2BDC209B022B09DC27E0B9F1B4
:10DB2000000F1DDC209B022B1ADDCDF818903E461D
:10DB3000069B002B7FF40CAE21460522584600F0D0
:10DB4000CDF901460446039800F0E4FB00287FF776
:10DB5000FFADDDF820A031230AF8013B0136FBE5DB
:10DB60000E9BCDF818903E46002B7FF484AD089FA5
:10DB700003982146FFF752FA00F1300907F8019B9C
:10DB8000089B069AFB1A9A4240F3CB800399002324
:10DB90000A22584600F0A2F90390E9E72A69023206
:10DBA000920005F10C010C30FFF722FA01223946F0
:10DBB000584600F043FB089B089A03F1010A069BB4
:10DBC00013440A93049B03F00103A8460B930546F4
:10DBD0000AF1FF33214603980693FFF71FFA4146E7
:10DBE000099000F13009039800F094FB2A46214681
:10DBF0000746584600F0AAFBC268014602B35846E1
:10DC000000F04AF9002F3ADA03990122584600F051
:10DC100015FB2146039000F07DFB002803DC29D191
:10DC200019F0010F26D0B9F1390F1DD132E0284685
:10DC3000C1E700BF30052108000014400000244067
:10DC40000E90039800F066FB0E990C90584600F079
:10DC500023F90C9A5ABB209B53B90B9B43B9B9F1DA
:10DC6000390F17D0002F05DD099B03F1310901E0C1
:10DC7000002F2ADADDF818A00AF8019B6EE5209B38
:10DC80003B4304D1049B03F00103002BBCD0B9F14A
:10DC9000390F36D1069F392307F8013BBA46013FB9
:10DCA0001AF8013C392B5BD001333B7056E5002F4D
:10DCB00006DB209B3B4306D1049B03F0010313B911
:10DCC000002AA1DCD6E7002AE1DC0A9B0AF8019CC5
:10DCD000534557462FD0039900230A22584600F097
:10DCE000FDF8A84503904FF000034FF00A024146AB
:10DCF00058460BD100F0F2F8804605460AF1010AB9
:10DD000066E7DDF818A009F10109B5E700F0E6F8CB
:10DD10002946804600230A22584600F0DFF80546CF
:10DD2000ECE7069B002BC8BF1F46089BD8BF012706
:10DD30001F444FF0000803990122584600F07EFA74
:10DD40002146039000F0E6FA0028A7DC02D119F082
:10DD5000010FA3D1BA4617F8013D302BFAD0FDE4EC
:10DD6000089BBB429AD1089A312301361370F5E41F
:10DD7000249B002B7FF422AA014BFFF741BA00BF7E
:10DD80001004210838B50546002941D051F8043C5B
:10DD90000C1F002BB8BFE418FEF7DAF91D4A136810
:10DDA00033B9636014602846BDE83840FEF7D6B941
:10DDB000A34208D9206821188B4201BF19685B680B
:10DDC00009182160EDE71A465B680BB1A342FAD946
:10DDD00011685018A0420BD12068014450188342AA
:10DDE0001160E0D118685B68536008441060DAE79E
:10DDF00002D90C232B60D6E7206821188B4204BF80
:10DE000019685B68636004BF091821605460CAE741
:10DE100038BD00BF843A000070B5C66904460D469F
:10DE200076B91020FEF7EAF80246E06120B9184BF7
:10DE300018486B2100F01CFEC0E901660660C66050
:10DE4000E669F36883B1E369DB6853F82500B8B984
:10DE5000012101FA05F6721D9200204600F026FE0F
:10DE600060B1C0E901560EE021220421204600F0F5
:10DE70001DFEE369F060DB68002BE4D1002070BD7B
:10DE8000026843F825200023C0E90333F7E700BF09
:10DE90001D0421089E04210870B5C66905460C467C
:10DEA00076B91020FEF7AAF80246E86120B9094BBE
:10DEB00009488F2100F0DCFDC0E901660660C660FC
:10DEC0003CB1EB696268DB6853F82210216043F8CB
:10DED000224070BD1D0421089E0421082DE9F04157
:10DEE0000D6907460C461E4601F1140C0020DCF8B3
:10DEF000003099B202FB01611E0C0B0C02FB0633D1
:10DF000089B2013001EB034185424CF8041B4FEA12
:10DF10001346ECDC0EB3A368AB4219DC61683846EB
:10DF20000131FFF779FF804628B902460C4B0D48B6
:10DF3000BA2100F09DFD2269023204F10C01920029
:10DF40000C30FFF755F821463846FFF7A5FF444649
:10DF500004EB850301355E6125612046BDE8F08153
:10DF60008D0421089E042108B0F5803F034636BF8A
:10DF7000030400201020B3F1807F3CBF1B02083057
:10DF8000B3F1805F3CBF1B010430B3F1804F03D37A
:10DF9000002B0ADB013070479B0001D5023070472F
:10DFA0005B0001D5033070472020704703680246AC
:10DFB00013F007000BD0D90721D4980749BF5B089D
:10DFC0009B08012013605CBF13600220704799B268
:10DFD00009B91B0C1020D9B209B908301B0A19075E
:10DFE00004BF1B090430990704BF9B080230D907FE
:10DFF00003D45B0800F1010003D0136070470020D8
:10E00000704720207047000010B50C460121FFF733
:10E0100003FF024628B9054B054840F2451100F0C0
:10E0200027FD01234461036110BD00BF8D04210859
:10E030009E0421082DE9F04F14460A6923699A428B
:10E04000A8BF23460F46A4BF0C461F46D4F810A015
:10E05000D7F81090A36861680AEB0906B34285B04F
:10E06000B8BF0131FFF7D8FE30B90246444B4548EE
:10E070004FF4B17100F0FCFC00F1140505EB8608CB
:10E080002B460022434521D307F1140104F1140269
:10E0900002EB8A0201EB89030293131B153B23F069
:10E0A0000303043304F11507BA4238BF0423019374
:10E0B000029B03918B420CD8002E03DD58F8043DDF
:10E0C000002B5BD0066105B0BDE8F08F43F8042B50
:10E0D000D8E7B1F800A0BAF1000F24D004F1140E73
:10E0E000A9464FF0000C5EF8047BD9F800301FFA07
:10E0F00087FB9BB20AFB0B334FEA174BD9F8007032
:10E1000063444FEA174C0AFB0BC707EB13479BB25C
:10E1100043EA0743724549F8043B4FEA174CE2D8FB
:10E12000019B45F803C0039BB3F802900431B9F199
:10E13000000F21D02B6804F1140CAE464FF0000AFA
:10E14000BCF800B0BEF8027009FB0B7757449BB2D5
:10E1500043EA07434EF8043B5CF8043B4FEA134A9A
:10E16000BEF8003009FB0A3303EB174362454FEA60
:10E17000134AE5D8019FEB51043599E7013E9BE72F
:10E180008D0421089E0421082DE9F843154612F05C
:10E19000030207460E4607D0254C013A002354F8E7
:10E1A0002220FFF79BFE0646AD103DD0FC697CB9EE
:10E1B0001020FDF723FF0246F86128B91D4B1E48C9
:10E1C00040F2B31100F054FCC0E901440460C460A3
:10E1D000D7F81C80D8F808404CB940F27121384675
:10E1E000FFF712FF0023C8F80800044603604FF051
:10E1F0000009EB070AD5314622463846FFF71AFFD9
:10E20000314680463846FFF747FE46466D100BD034
:10E21000206838B9224621463846FFF70BFF2060B8
:10E22000C0F800900446E4E73046BDE8F88300BF3C
:10E23000F80421081D0421089E0421082DE9F04757
:10E240000C464968236903EB6218A36807469146A8
:10E250004FEA621A08F10106B3420BDB3846FFF7BA
:10E26000DBFD054648B90246284B29484FF4EF71BB
:10E2700000F0FEFB01315B00EEE7002300F114012A
:10E2800000F110021846534533DB20692AEAEA7A86
:10E2900004F1140319F01F0901EB8A0103EB800C50
:10E2A0002BD0C9F1200E8A460022186800FA09F026
:10E2B00010434AF8040B53F8042B9C4522FA0EF243
:10E2C000F3D8ACEB0403153B23F00303043304F150
:10E2D0001500844538BF0423CA500AB108F102066C
:10E2E000013E38462E612146FFF7D6FD2846BDE89F
:10E2F000F08742F8040F0133C5E7043953F8042BC3
:10E3000041F8042F9C45F9D8EAE700BF8D042108A5
:10E310009E0421080A6903460069801A30B50ED1AF
:10E320001433143103EB820401EB820154F8045DD1
:10E3300051F8042D954203D005D24FF0FF3030BD87
:10E34000A342F3D3FBE70120F9E700002DE9F74FE3
:10E3500089460646114648461446FFF7DBFF051E70
:10E3600012D129463046FFF757FD024628B93F4BE8
:10E3700040F237213E4800F07BFB0123C0E9043521
:10E38000104603B0BDE8F08FBCBF4B46A1463046F7
:10E39000D9F80410BABF1C4601250025FFF73CFD43
:10E3A000024618B9314B40F24521E3E7D9F8107025
:10E3B0002669C56009F1100309F1140504F1140E72
:10E3C00000F1140B05EB87080EEB86060193D94686
:10E3D0004FF0000C019B5EF8040B53F804AF01935F
:10E3E0001FFA8AF3194683B2CB1A000C6344C0EBC0
:10E3F0001A4000EB23409BB243EA0043764549F8BC
:10E40000043B4FEA204CE5D8331B153B23F00303B4
:10E4100015340433A64238BF04231D445B441E4612
:10E420002C4644450ED308F10301491B21F003019A
:10E43000033DA84538BF00210B4453F8041D91B19A
:10E4400017619DE754F8041BE646080C1CFA81FC92
:10E45000714400EB2C4089B241EA004146F8041BAC
:10E460004FEA204CDDE7013FE7E700BF8D042108BC
:10E470009E0421082DE973430121089E9046994688
:10E48000FFF7CAFC044630B90246244B244840F248
:10E490000F3100F0EDFAC9F30A55C9F313030DB1BA
:10E4A00043F480130193B8F1000324D0684600932D
:10E4B000FFF77CFDDDE90012D8B1C0F1200302FABC
:10E4C00003F30B43C24063610192019BA361002BE4
:10E4D0000CBF012202222261ADB1A5F233450544F1
:10E4E0003560C0F13500099B1860204602B0BDE8D8
:10E4F00070836161E9E701A8FFF758FD019B636143
:10E5000020300122E7E704EB8203A0F232403060C2
:10E510001869FFF729FDC0EB4210E4E78D042108DC
:10E520009E0421089368013B002B10B4936008DA25
:10E530009469A34201DB0A2903D15DF8044BFEF77D
:10E5400002BC1368581C1060197008465DF8044B33
:10E550007047F8B506460F461446D518AC4201D1AF
:10E56000002007E014F8011B3A463046FFF7DAFFB7
:10E57000431CF3D1F8BD00002DE9F04F0D469DB0CE
:10E5800014469846064618B1036A0BB9FEF7EAFA34
:10E590006B6ED90705D4AB899A0502D4A86DFEF736
:10E5A000D0FCAB891B0701D52B699BB929463046A6
:10E5B000FEF708FC70B16B6EDC0704D54FF0FF303E
:10E5C0001DB0BDE8F08FAB899805F7D4A86DFEF7B4
:10E5D000B9FCF3E70023099320238DF82930CDF807
:10E5E0000C803023DFF8AC818DF82A304FF0010920
:10E5F00023469A4613F8012B0AB1252AF9D1BAEB22
:10E60000040B0BD05B46224629463046FFF7A1FF9C
:10E61000013000F0A780099A5A4409929AF8003014
:10E62000002B00F09F8000234FF0FF32CDE905233F
:10E630000AF1010A049307938DF853301A93544654
:10E64000052214F8011B5348FEF782FC049AD8B93E
:10E65000D10644BF20238DF85330130744BF2B232A
:10E660008DF853309AF800302A2B15D0079A54466B
:10E6700000204FF00A0C214611F8013B303B092BDA
:10E680004BD9B0B1079214E0A0EB080309FA03F3E9
:10E6900013430493A246D2E7039B191D1B68039101
:10E6A000002BBBBF5B4242F0020207930793B8BF47
:10E6B000049223782E2B0AD163782A2B32D1039B24
:10E6C0001A1D1B68039243EAE37302340593DFF8D3
:10E6D000D4A0217803225046FEF73AFC38B1049BBF
:10E6E000A0EB0A004022824013430134049314F843
:10E6F000011B29488DF828100622FEF729FC002866
:10E700003FD0264B1BBB039B073323F00703083383
:10E710000393099B3B4409936AE70CFB02320C46C6
:10E720000120A8E700230134059319464FF00A0C95
:10E73000204610F8012B303A092A03D9002BC6D005
:10E740000591C4E70CFB012104460123F0E703AB6C
:10E7500000932A46124B04A93046FDF7A7FD074651
:10E76000781CD6D16B6ED90705D4AB899A0502D433
:10E77000A86DFEF7E7FBAB895B063FF51FAF099875
:10E780001EE703AB00932A46054B04A93046FEF76B
:10E7900031F8E4E7F805210802062108ADD2200887
:10E7A00053F52008FE052108B1F90C202DE9F041B0
:10E7B000170705460C4656D44B68002B02DC0B6C41
:10E7C000002B3DDDE66A002E3AD0002312F4805281
:10E7D0002F68216A2B6025D0626DA389580705D563
:10E7E0006368D21A636B0BB1236CD21A216AE66A92
:10E7F00000232846B047411C24D0002363602369CE
:10E800002360A389DA0400D56065616B2F60B9B11C
:10E8100004F14403994202D02846FFF7B3FA0023DB
:10E8200063630DE001232846B047461C0246D4D15D
:10E830002B68002BD1D01D2B01D0162B2BD12F6094
:10E8400000202FE02A68B4F90C3042B11D2A01D013
:10E85000162A22D10023636023692360D5E7626012
:10E8600022692260CEE70F69002FE9D093070E6876
:10E8700008BF4B690F6018BF0023A6EB07088B6029
:10E88000B8F1000FDCDD216AA66A43463A46284605
:10E89000B047002808DCB4F90C3043F04003A381F2
:10E8A0004FF0FF30BDE8F0810744A8EB0008E7E730
:10E8B00038B50B6905460C4613B90025284638BD06
:10E8C00018B1036A0BB9FEF74DF9B4F90C30002BFF
:10E8D000F3D0626ED00704D4990502D4A06DFEF780
:10E8E00030FB28462146FFF75FFF636EDA070546D7
:10E8F000E4D4A3899B05E1D4A06DFEF723FBDDE7FB
:10E9000070B50C46B1F90E10002996B015461E469A
:10E910000DDAA38913F0800F4FF0000114BF4023DC
:10E920004FF48063002031602B6016B070BD6A46E2
:10E9300000F07CF80028ECDB019901F47041A1F5AE
:10E940000053594259414FF48063EBE78B89F7B587
:10E950009D0706460C4607D504F147032360236153
:10E960000123636103B0F0BD01AB6A46FFF7C8FF46
:10E97000009F054639463046FDF772FB48B9B4F9A9
:10E980000C309A05EED423F0030343F00203A38175
:10E99000E2E7A389206043F08003A381019BC4E9DF
:10E9A00004075BB1B4F90E10304600F051F828B1FD
:10E9B000A38923F0030343F00103A381A3891D432B
:10E9C000A581CFE770B50D461446064618B1036A17
:10E9D0000BB9FEF7C7F8636ED80705D4A38999056C
:10E9E00002D4A06DFEF7ADFAA368013B002BA36033
:10E9F00005DAA269934212DBEBB20A2B0FD023682F
:10EA00005A1C22601D70EDB2636EDA0705D4A3892B
:10EA10009B0502D4A06DFEF795FA284670BD2946E5
:10EA200022463046FEF78FF90546EDE738B5074D2B
:10EA300000230446084611462B60F4F726FD431CCC
:10EA400002D12B6803B1236038BD00BFC43B000076
:10EA500038B5064D0023044608462B60F4F71AFD2E
:10EA6000431C02D12B6803B1236038BDC43B0000B6
:10EA70001FB514461A46094B1B680546D86854B999
:10EA8000074B1C46CDE9013400912B46054900F0A7
:10EA900041F800F051F8044BF4E700BF2C030000EC
:10EAA00026032108200621081306210870B5A1FBC2
:10EAB00002543CB92946FDF7D3FA064628B9002688
:10EAC000304670BD0C220260F9E72A462146FEF767
:10EAD000CFF9F5E782B001B901A942B14BB1137882
:10EAE0000B601278101E18BF012002B0704710464C
:10EAF000FBE76FF00100F8E70346084641B1FF2A43
:10EB000004D98A221A604FF0FF3070470A70012042
:10EB1000704700000EB403B5014603AB054853F837
:10EB2000042B00680193FFF727FD02B05DF804EBAA
:10EB300003B070472C03000008B5062000F02CF845
:10EB40000120F4F777FC1F2938B505460C4604D997
:10EB5000162303604FF0FF3038BDC26B12B152F87C
:10EB600021304BB9284600F031F8224601462846AC
:10EB7000BDE8384000F018B8012B0AD0591C03D169
:10EB8000162303600120E7E7002142F82410204605
:10EB900098470020E0E70000024B01461868FFF7A5
:10EBA000D2BF00BF2C03000038B5074D0023044638
:10EBB000084611462B60F4F735FC431C02D12B6844
:10EBC00003B1236038BD00BFC43B0000F4F728BC8C
:10EBD000C1F30A5C2DE9F041ACF2FF35132D02467A
:10EBE0000B460C46064634DC002D20DBDFF8D480D3
:10EBF00048FA05F801EA080C5CEA000C0F462DD033
:10EC00002DA3D3E90023FCF711FC00220023FDF71C
:10EC100053F840B1002C03DD4FF480132B411F4407
:10EC200027EA0804002621463046BDE8F08122A3E9
:10EC3000D3E90023FCF7FAFB00220023FDF73CF8A0
:10EC40000028F0D0002C33DB344300D01C4C0026CD
:10EC5000E9E7332D06DDB5F5806F26D0104619465D
:10EC6000BDE8F081ACF2134C4FF0FF3727FA0CF7F8
:10EC70003842F3D010A3D3E90023FCF7D7FB0022DE
:10EC80000023FDF719F80028CDD0002C334609DD0C
:10EC9000142D06D0C5F134050122AA4013449E422A
:10ECA00000D9013423EA0706BDE7FCF7BFFBD7E72D
:10ECB00000264FF00044B6E79C7500883CE4377EA0
:10ECC0000000F03FFFFF0F004FEA410C7FEA6C5C51
:10ECD00002D150EA013C0AD14FEA430C7FEA6C5C56
:10ECE00002D152EA033C02D14FF0000070474FF0CE
:10ECF000010070474FEA410212F5001215D211D5FA
:10ED00006FF47873B3EB625212D94FEAC12343F028
:10ED1000004343EA505311F0004F23FA02F018BFAA
:10ED2000404270474FF00000704750EA013005D173
:10ED300011F0004008BF6FF0004070474FF0000036
:10ED4000704700BF044A05491368002B08BF0B46F3
:10ED50001844106018467047CC3B0000D06B000090
:10ED6000F8B500BFF8BC08BC9E467047F8B500BFB8
:10ED7000F8BC08BC9E4670475FF800F0D90E000052
:10ED80005FF800F03D0E00005FF800F0E50E0000B7
:10ED90005FF800F0250E00005FF800F0051000009D
:10EDA0005FF800F0210900005FF800F09109000011
:10EDB0005FF800F0990A00005FF800F07D0A00009B
:10EDC0005FF800F0350D00005FF800F0AD0C0000BA
:10EDD0005FF800F0A50D00005FF800F0A110000042
:10EDE0005FF800F08D0A00005FF800F0C50B00002E
:10EDF0005FF800F0CD0E00005FF800F0810F00001A
:10EE00005FF800F0ED0900005FF800F0690D000008
:10EE10005FF800F0050F000048656C6C6F20576FBD
:10EE2000726C64210D004661696C656420746F200A
:10EE30006372656174652053504920525820736590
:10EE40006D6170686F72650D005350495F525800D4
:10EE50000D0A204D345F4750494F5F50494E207492
:10EE600065737420737461727473200D0067657428
:10EE70005F70696E5F6F7574707574203D202564D6
:10EE80000A004750494F20746F67676C650D005347
:10EE90005049207472616E7366657220646F6E658E
:10EEA0000D0049535220696E204D4F44455F524535
:10EEB00043454956450D0049535220696E204D4F38
:10EEC00044455F53454E440D005245434549564520
:10EED000204661696C656420256C640D0A00496EEA
:10EEE000697469616C69617A652053504920534C9B
:10EEF0004156452066726F6D205353490D00496E8F
:10EF00006974204661696C65640053657420436FC1
:10EF10006E666967204661696C65640D5C6E0053BE
:10EF2000656E64205350492066756E6369746F6E18
:10EF30000D0053454E44204661696C656420256C84
:10EF4000640D0A00446174612072656365697665C9
:10EF500064206973202530780D0A0072656163684A
:10EF600065642072785F68616E646C65720D004C38
:10EF7000454E4754482072656365697665640D00A7
:10EF800046756E6374696F6E20666F722068616E7D
:10EF9000646C696E6720524543454956450D0042F1
:10EFA000797465207072696E7420253032780D0A8C
:10EFB0000046756E6374696F6E20666F72206861BB
:10EFC0006E646C696E672053454E440D0002050067
:10EFD000000C02040049444C4500546D7251005429
:10EFE0006D72205376630000C1472008E147200876
:10EFF000194B20088D4A2008614A20081D4A200824
:10F000009949200815492008B14820085D48200882
:10F01000FD472008C1472008E1472008E14A2008B1
:10F020007D4A2008554A2008F14920086D492008EA
:10F03000E9482008A548200809482008F147200889
:10F04000C1472008E1472008A94A20086D4A200846
:10F05000494A2008C549200841492008BD482008E0
:10F060009948200821482008E54720080008042482
:10F07000B8002108B4002108B0002108AC00210824
:10F080000000000000000000000000001000000070
:10F090000000000000000000E02B0000C42B000076
:10F0A000030000000300000000000000000A01004F
:10F0B00000080100000201000001010000000145FC
:10F0C000080121080401210800012108FC00210891
:10F0D0000000000000000000000000002C00000004
:10F0E0000000000000000000082C0000EC2B0000D5
:10F0F00002000000030400000000000000190800E6
:10F10000001A0800001C0800001B08000000024450
:10F110005801210854012108500121084C012108FF
:10F120000000000000000000000000002F000000B0
:10F130000000000000000000302C0000142C000033
:10F1400001000000030400000000000000090304A7
:10F1500000080303000C0307000B03060002000273
:10F16000294C2008494C2008DD4D2008C14D2008BD
:10F17000A94D2008614D2008194D2008C54C2008D4
:10F18000B94C2008AD4C2008794C20086D4C200863
:10F19000614C2008554C2008000A080000010300BB
:10F1A00000090300000B0300000A0605000B060619
:10F1B0000006060100070602002F020B0030020CB9
:10F1C0000009020400060201001D0200001E0200E8
:10F1D0000008020302020A02633A5C7573657273E7
:10F1E0005C666C6F72696E2E6D6F74615C73696DB5
:10F1F000706C696369747973747564696F5C736446
:10F200006B735C73696D706C69636974795F736447
:10F210006B5C657874656E73696F6E5C7769736536
:10F22000636F6E6E6563745C636F6D706F6E656E39
:10F2300074735C6465766963655C73696C61627341
:10F240005C73693931785C6D63755C64726976658D
:10F2500072735C756E69666965645F70657269700A
:10F26000686572616C5F647269766572735C696E01
:10F27000635C736C5F73693931785F706572697054
:10F28000686572616C5F6770696F2E680016171889
:10F29000191A1B1C1D1E1F20210000000000000168
:10F2A000020304050607000008000000000000003B
:10F2B0000000191A1B1C1D1E090909090000000085
:10F2C000000000000000000A0B0C0D0E0F101112C0
:10F2D000131415000000000000161718191A1B1C43
:10F2E0001D1E1F20213435363738393A3B34353628
:10F2F0003738393A3B212828262401210F070401F9
:10F3000000417373657274206661696C65643A20AC
:10F3100066696C65202573206F6E206C696E6520B0
:10F32000256C75200D0A00433A2F55736572732FB3
:10F33000666C6F72696E2E6D6F74612F53696D709C
:10F340006C696369747953747564696F2F53444BA6
:10F35000732F73696D706C69636974795F73646B23
:10F360002F657874656E73696F6E2F776973656347
:10F370006F6E6E6563742F636F6D706F6E656E7404
:10F38000732F6465766963652F73696C6162732F8F
:10F3900073693931782F6D63752F64726976657280
:10F3A000732F756E69666965645F706572697068F0
:10F3B0006572616C5F647269766572732F737263D4
:10F3C0002F736C5F73693931785F7065726970682B
:10F3D0006572616C5F6770696F2E6300494E46000D
:10F3E000696E66004E414E006E616E003000303135
:10F3F000323334353637383941424344454600309C
:10F4000031323334353637383961626364656600CA
:10F41000496E66696E697479004E614E00524545C9
:10F420004E54206D616C6C6F63207375636365650A
:10F43000646564002F646174612F6A656E6B696E28
:10F44000732F776F726B73706163652F474E552D05
:10F45000746F6F6C636861696E2F61726D2D3132EC
:10F460002F7372632F6E65776C69622D637967778E
:10F47000696E2F6E65776C69622F6C6962632F739A
:10F4800074646C69622F64746F612E630042616CF6
:10F490006C6F6320737563636565646564002F64D6
:10F4A0006174612F6A656E6B696E732F776F726B13
:10F4B00073706163652F474E552D746F6F6C636871
:10F4C00061696E2F61726D2D31322F7372632F6EF1
:10F4D00065776C69622D63796777696E2F6E6577E2
:10F4E0006C69622F6C6962632F7374646C69622F3C
:10F4F0006D707265632E6300050000001900000046
:10F500007D000000000000000080E03779C3414327
:10F51000176E05B5B5B89346F5F93FE9034F384D79
:10F52000321D30F94877825A3CBF737FDD4F157525
:10F53000000000000000F03F000000000000244038
:10F5400000000000000059400000000000408F4013
:10F55000000000000088C34000000000006AF8407E
:10F560000000000080842E4100000000D0126341A2
:10F570000000000084D797410000000065CDCD4118
:10F58000000000205FA00242000000E876483742F9
:10F59000000000A2941A6D42000040E59C30A24297
:10F5A0000000901EC4BCD64200003426F56B0C430C
:10F5B0000080E03779C3414300A0D88557347643B3
:10F5C00000C84E676DC1AB43003D9160E458E14314
:10F5D000408CB5781DAF154450EFE2D6E41A4B4489
:10F5E00092D54D06CFF08044F64AE1C7022DB544CE
:10F5F000B49DD9794378EA44232D302B2000686CE0
:10F600004C00656667454647004300504F534958D4
:10F61000002E002C2066756E6374696F6E3A2000B0
:10F62000617373657274696F6E2022257322206680
:10F6300061696C65643A2066696C652022257322D5
:10F640002C206C696E65202564257325730A0000E3
:10F650002020202020202020202828282828202082
:10F66000202020202020202020202020202020209A
:10F670008810101010101010101010101010101012
:10F6800004040404040404040404101010101010F2
:10F6900010414141414141010101010101010101CB
:10F6A00001010101010101010101011010101010FF
:10F6B000104242424242420202020202020202029C
:10F6C00002020202020202020202021010101020C4
:10F6D000000000000000000000000000000000002A
:10F6E000000000000000000000000000000000001A
:10F6F000000000000000000000000000000000000A
:10F7000000000000000000000000000000000000F9
:10F7100000000000000000000000000000000000E9
:10F7200000000000000000000000000000000000D9
:10F7300000000000000000000000000000000000C9
:10F7400000000000000000000000000000000000B9
:10F750007F490278D1F80035F0B502F00102447813
:10F76000877CC57CDFF8E8E123F4802343EA824309
:10F77000C1F80035427F017804F001039B0012F0CC
:10F780000F0643EA91134FEAC3431FBFC7F3021C9E
:10F7900043EA8C2305F0030C4FEA4C0C1CBF4CEAE7
:10F7A000D71C43EACC13DEF89CC42CF4601C08BFC1
:10F7B00043F410632CF4FC5C43EA0C0CCEF89CC4BC
:10F7C000DFF8A0C1ACF80030C3F3C21CC3F382233E
:10F7D000042B98BF0133BCF1000F00F0B080BCF1E6
:10F7E000010F00F0AF80ACF1020EBEF1020F01D8A4
:10F7F0000CF1010C9B0243EACC13DFF86CC1ACF8AE
:10F800000030534BD3F8ACC4C1F344012CF01F0CAF
:10F8100041EA0C01C3F8AC14D3F8101421F4FE1C17
:10F82000817801F00301490141EAD4014CEA8131B8
:10F83000C3F81014D3F80414847821F4FC11A4083C
:10F8400041EAC431C3F80414D3F80814447C07F027
:10F850000F077F0047EAD41721F4F81141EA074166
:10F86000C3F80814D3F80C1484793A4F640821F4CF
:10F87000FE1141EA8431C3F80C14D3F83814C4796A
:10F8800021F4F03104F00F0441EA4431C3F8381494
:10F89000D3F81414047A21F4FE1104F07F0441EA31
:10F8A0008431C3F81414C37A847AD7F808155B003E
:10F8B00043EAD413047B21F47F7104F0010421F0A6
:10F8C000030143EA44230B432349C7F80835234C7B
:10F8D000D1F834740123C1F83434D4F8103A23F049
:10F8E0000F0343EA1513C4F8103AC1F8347466B331
:10F8F00002F00F0252041A4990F82440D1F8403720
:10F9000023F4F0131A43C1F84027D1F87C27837FF2
:10F9100022F00F02C3F383031343C1F87C3790F83E
:10F920002530D1F8482703F007035B0022F4F032BA
:10F9300043EAD41342EA4333C1F84837F0BD4FF0ED
:10F94000020C57E74FF0000C54E74FF4C012D2E717
:10F9500000A00524008004240010042400300424A6
:10F9600000800524402B00003E2B0000D0C3FF7F09
:10F9700001000000445566778899AABBCC33010288
:10F9800037000000AAAAAAAAA50000000080072448
:10F990000A000000001C06240000034421000000AF
:10F9A00000FC020009060000001804240C000000FE
:10F9B0000000000000000000A43000000000000073
:10F9C000A4012108A00121089C0121089801210817
:10F9D0000000000000000000000000000000000027
:10F9E0000000000000000000891F00000000024528
:10F9F000270000000000000000000000D4300000DC
:10FA000000000000B4012108B0012108AC01210868
:10FA1000A801210800000000000000000000000014
:10FA20000100000000000000000000009FFF1F0018
:10FA3000000000442600000000000000000000005C
:10FA400004310000D0012108CC012108C80121089F
:10FA5000C0012108C4012108BC012108B801210806
:10FA60000000000001000000000000000000000095
:10FA7000000102030405060700010203040506074E
:10FA80000100010400010000000001000100020368
:10FA90000001000000000101000000000000000063
:10FAA0000000000000000000000000000000000056
:10FAB00000000000000000002823000000000000FB
:10FAC0000000000000000000000000000000000036
:10FAD0000000000000000000000000000000000026
:10FAE0000000000000000000000000000000000016
:10FAF0000000000000000000000000000000000006
:10FB000000000000000000000000000000000000F5
:10FB100000000000000000000000000000000000E5
:10FB200000000000000000000000000000000000D5
:10FB300000000000000000000000000000000000C5
:10FB400000000000000000000000000000000000B5
:10FB500000000000000000000000000000000000A5
:10FB60000000000000000000000000000000000095
:10FB70000000000000000000000000000000000085
:10FB80000000000000000000000000000000000075
:10FB90000000000000000000010000000000000064
:10FBA0000000000000000000000000000000000055
:10FBB0000000000000000000000000000000000045
:10FBC0000000000000000000000000000000000035
:10FBD0000000000000000000000000000000000025
:10FBE0000000000000000000000000000000000015
:10FBF0000000000000000000000000000000000005
:10FC000000000000000000000000000000000000F4
:10FC100000000000000000000000000000000000E4
:10FC200000000000000000000000000000000000D4
:10FC300000000000000000000101000000FC0200C4
:10FC4000001C06242C2D00003C2C00003400000079
:10FC5000280000009039000018390000080000005A
:10FC60000200000000000000000000000000000092
:10FC700008000000010000000000000080969800CD
:10FC8000000000000000000003000000883A0000AF
:10FC90003003000000000000883A0000F03A000045
:10FCA000583B0000000000000000000000000000C1
:10FCB0000000000000000000000000000000000044
:10FCC0000000000000000000000000000000000034
:10FCD0000000000000000000000000000000000024
:10FCE00043000000000000000000000000000000D1
:10FCF0000000000000000000000000000000000004
:10FD000043000000000000000000000000000000B0
:10FD100000000000000000000000000000000000E3
:10FD20004300000000000000000000000000000090
:10FD300000000000000000000000000000000000C3
:10FD40004300000000000000000000000000000070
:10FD500000000000000000000000000000000000A3
:10FD60004300000000000000000000000000000050
:10FD70000000000000000000000000000000000083
:10FD80004300000000000000000000000000000030
:10FD90000000000000000000000000000000000063
:10FDA0004300000000000000000000000000000010
:10FDB0000000000000000000000000000000000043
:10FDC000F9FA2008D5FA2008000000004F062108A3
:10FDD00011062108260321082603210826032108ED
:10FDE00026032108260321082603210826032108CB
:10FDF0002603210826032108FFFFFFFFFFFFFFFF67
:10FE0000FFFFFFFFFFFF000001004153434949008E
:10FE100000000000000000000000000000000000E2
:10FE20000000000000000000000041534349490069
:10FE300000000000000000000000000000000000C2
:10FE400000000000000000000000000038B5234B57
:10FE50000222C3F88420BFF34F8FBFF36F8F204B74
:10FE6000D3F80028D30735D401231946202B01D11C
:10FE70001C4606E001FA03F4144203F1010027D006
:10FE8000DCB2184B03EB04139A68C2F38162032AB5
:10FE900022D09B689B0F032B1ED0134B142202FB16
:10FEA0000433D3E90253ED1A18BF01250F4B0E4A54
:10FEB000DB680C49DB690E4898472DB1084A0123DD
:10FEC0005169A3400B435361044B02225A6038BD71
:10FED0000346CBE70024D4E70025E7E700E100E094
:10FEE0000000034400FC02002C2D00000001300043
:10FEF0003400000038B5244B4FF48062C3F88020F2
:10FF0000BFF34F8FBFF36F8F204BD3F80028D30779
:10FF100036D4012319460C2B01D11C4606E001FA08
:10FF200003F4144203F1010028D0DCB2184B03EBB8
:10FF300004139A68C2F38162032A23D09B689B0F43
:10FF4000032B1FD0134B142202FB0433D3E90253BB
:10FF5000ED1A18BF0125104B0E4ADB680C49DB690E
:10FF60000E4898472DB1094A01235169A3400B431C
:10FF70005361054B4FF480621A6038BD0346CAE7EF
:10FF80000024D3E70025E6E700E100E00080072435
:10FF9000001C06243C2C000000013000280000005A
:10FFA0002DE9F041044600F045FD304B304E1A6813
:10FFB000304F01321A603568002D4BD134601B6818
:10FFC000012B1FD1B8464046013500F04BFD382DBE
:10FFD00008F11408F7D1DFF8C480274D404600F03F
:10FFE00041FD284600F03EFD244800F03BFD24483A
:10FFF00000F038FD234800F035FD234BC3F80080A6
:020000040001F9
:10000000224B1D60224A136801331360214AA36406
:100010001168E36A14208B4200FB037004F10401B1
:1000200088BF136000F02AFD00F020FD1A4B1B680A
:1000300073B13368DA6AE36A9A4209D24FF0E02377
:100040004FF08052C3F8042DBFF34F8FBFF36F8F73
:10005000BDE8F081104B1A68E36A002AD2D13268F9
:10006000D26A9A4298BF3460CCE700BF8025000076
:10007000582A0000F8250000D0250000B425000013
:10008000A025000088250000CC250000C825000020
:10009000642500007825000074250000E425000098
:1000A000F8B5174B174D1C682B68064628680022C8
:1000B00083F8722004300F4600F0B0FC731C07D1A7
:1000C00037B129681048BDE8F840043100F0D6BCCB
:1000D0002B68A4195C6007D30C4B18682968BDE82D
:1000E000F840043100F0BABC094B186829680431A3
:1000F00000F0B4FC074B1A68A24288BF1C60F8BD30
:100100007C250000582A000088250000C825000032
:10011000CC25000060250000064A13681968064BCC
:1001200019B94FF0FF321A6070471268D26812682E
:10013000F9E700BFCC2500006025000010B590F85D
:10014000713004463BB9006B00F084FC2046BDE8EA
:10015000104000F07FBC012BF9D0022B08D04FF0EB
:10016000140383F31188BFF36F8FBFF34F8FFEE744
:1001700010BD000080B5134C134F144D236873B9A4
:10018000134B1B68012BF8D94FF0E0234FF080523E
:10019000C3F8042DBFF34F8FBFF36F8FEDE700F06F
:1001A00049FCFB68DE68301D00F038FC2B68013B21
:1001B0002B602368013B236000F058FC3046FFF7BA
:1001C000BDFFDBE79C250000A02500008025000086
:1001D000F82500002DE9F047DDE909844FEA82099E
:1001E0004A4606460D46206BA5211F4600F01AFC24
:1001F000236BA9F104094B4423F00709C4F8449088
:10020000002D3CD06B1E04F133020E3513F8011F94
:1002100002F8011F09B1AB42F8D1002384F8423043
:10022000089D372D28BF37254FF0000AE562256568
:10023000201DC4F854A000F005FCC5F1380504F1F8
:10024000180000F0FFFB142251462461A56164628E
:1002500004F1580000F0E6FBC4F86CA084F870A02C
:1002600084F872A03A463146484600F0EFFB206021
:10027000B8F1000F01D0C8F80040BDE8F08784F85D
:100280003450CDE770B586B0DDE90B5445B94FF079
:10029000140383F31188BFF36F8FBFF34F8FFEE713
:1002A00044B94FF0140383F31188BFF36F8FBFF38A
:1002B0004F8FFEE778260596059E782E08D04FF0E2
:1002C000140383F31188BFF36F8FBFF34F8FFEE7E3
:1002D0002563022584F8715004AD01950A9D0294AE
:1002E0000095059EFFF776FF2046FFF759FE04981C
:1002F00006B070BD2DE9F043074685B090008846F2
:100300001646994600F092FB054620B94FF0FF30A3
:1003100005B0BDE8F083782000F088FB044698B172
:10032000002380F871300D9B056301930C9B0290B4
:10033000009332464B4641463846FFF74BFF204676
:10034000FFF72EFE0120E3E7284600F083FBDDE700
:1003500010B588B0002407AA06A905A8CDE9054470
:1003600000F088FB059B0293069B079A16491748E5
:10037000CDE900432346FFF785FFA8B100F082FBDB
:10038000012815D14FF0140383F31188BFF36F8F49
:10039000BFF34F8F0E4B4FF0FF321A600D4B1860BA
:1003A0000D4B1C6000F04AFB0C4B1B6808B010BDE5
:1003B0000130F9D14FF0140383F31188BFF36F8F2D
:1003C000BFF34F8FFEE700BFD5FF200811080000E4
:1003D00060250000742500007C2500001C00000042
:1003E000024A136801331360704700BF5C250000A8
:1003F000014B1868704700BF7C2500003F4B1B680D
:100400002DE9F74F002B72D13D4B1C6801341C6065
:10041000BCB93C4B1A68126842B14FF0140383F325
:100420001188BFF36F8FBFF34F8FFEE7364A19680D
:10043000106818601160354A136801331360FFF7C4
:100440006BFE334D334E2B68334F9C424FF0000B05
:1004500012D23A68D26A14214A43B258022A2F4A69
:10046000126828BF4FF0010B002A18BF4FF0010B94
:10047000584603B0BDE8F08FDFF88890DFF8A4A0FD
:10048000D9F8002012681AB94FF0FF322A60E0E76D
:10049000D9F80020D268D2F80C80D8F804108C4229
:1004A00001D22960D5E708F104031846019300F052
:1004B000B5FAD8F8281019B108F1180000F0AEFA12
:1004C000D8F82C00DAF800101423884288BFCAF844
:1004D0000000019903FB006000F0D0FA3868D8F8FA
:1004E0002C10C26A914228BF4FF0010BC8E70C4A9A
:1004F0001368013313604FF0000BB9E75C2500006F
:100500007C250000CC250000C825000068250000DF
:1005100060250000F8250000582A00006C25000026
:1005200070250000782500002DE9F041304C23684B
:1005300043B94FF0140383F31188BFF36F8FBFF3F8
:100540004F8FFEE700F076FA2368013B23602468B2
:100550002CB1002400F08AFA2046BDE8F081254B3A
:100560001B68002BF5D0244D244EDFF8A0801DE041
:10057000EB68DC68271D04F1180000F04FFA3846DC
:1005800000F04CFAE36A32681420934200FB0380C7
:10059000394688BF336000F071FA194BE26A1B6874
:1005A000DB6A9A4202D3174B01221A602B68002B98
:1005B000DED10CB1FFF7B0FD134D2C6844B1114EE4
:1005C0000127FFF71BFF00B13760013CF9D12C6018
:1005D0000C4B1B68002BBCD04FF0E0234FF0805237
:1005E000C3F8042DBFF34F8FBFF36F8F0124B1E722
:1005F0005C25000080250000B4250000782500005F
:10060000582A00006C25000070250000F825000025
:100610001B4B1A681B4BF0B512B101221A60F0BDDA
:1006200019481A60194E0368194F32685A671949F8
:100630003A684FF0140C0CFB02F3CC18CD589DB166
:10064000656808336D6865600B449D4204BF6B6844
:100650006360142303FB02114B68DB6803603A609C
:1006600003685B6F3360DAE742B94FF0140383F33A
:100670001188BFF36F8FBFF34F8FFEE7013ADAE7C0
:100680005C2500006C250000582A0000842500002D
:1006900078250000F825000010B50C4640B94FF051
:1006A000140383F31188BFF36F8FBFF34F8FFEE7FF
:1006B000054B1968183100F0D1F920460121BDE839
:1006C0001040FFF7EDBC00BF582A000038B50D46BA
:1006D000144640B94FF0140383F31188BFF36F8FB2
:1006E000BFF34F8FFEE7074B1968183100F0C6F9CA
:1006F000002C21460CBF28464FF0FF30BDE83840A3
:10070000FFF7CEBC582A000038B5C368DC6844B98E
:100710004FF0140383F31188BFF36F8FBFF34F8F34
:10072000FEE704F11805284600F078F9104B1B6825
:10073000DBB9251D284600F071F90E4AE36A1168FD
:100740008B4288BF13600C4A1420294600FB03200B
:1007500000F094F9094BE26A1B68DB6A9A4283BF96
:10076000074B01201860002038BD06482946EFE7F6
:100770005C25000078250000F8250000582A0000BC
:100780006C250000B4250000034B1B680360034B7D
:100790001B684360704700BF682500007C2500008F
:1007A00070B50D46044640B94FF0140383F3118829
:1007B000BFF36F8FBFF34F8FFEE741B94FF01403C4
:1007C00083F31188BFF36F8FBFF34F8FFEE700F005
:1007D00031F9144B62681968134B186890F872006D
:1007E00040B11B68002283F87220012400F03EF91A
:1007F000204670BD2B68581C12D00C482668006833
:10080000864204D08A4202D800232B60EDE7881A82
:100810008342F9D95B1A13442B602046FFF7B4FFDB
:100820000024E3E77C250000582A0000682500002A
:10083000014B01221A6070476C250000014B1868BB
:10084000704700BF582A0000054B1B6833B1054BA9
:100850001868B0FA80F040094000704701207047E6
:10086000742500005C250000F8B5044638B31A4D25
:10087000C36A2A68D26A934226D28269174E002A36
:10088000A1BF2A68D26AC2F138028261142202FB37
:10089000036342699A4213D1071D384600F0BEF83F
:1008A0002B680F4ADB6A1168E36214208B4200FB5D
:1008B0000360394688BF136000F0E0F80120F8BDFE
:1008C0002B68DB6AC362F9E72B68006DDB6A98422C
:1008D0002CBF00200120F2E7582A0000F825000074
:1008E0007825000038B508B9002038BD1B4B1C68BE
:1008F000844208D04FF0140383F31188BFF36F8F45
:10090000BFF34F8FFEE7636D43B94FF0140383F3DA
:100910001188BFF36F8FBFF34F8FFEE7E16A226D3F
:10092000013B91426365DFD0002BDDD1251D2846B8
:1009300000F074F8236DE362C3F13802A261084A43
:1009400011688B4288BF1360064A142000FB032005
:10095000294600F093F80120C7E700BF582A00009D
:1009600078250000F825000070B50446002841D025
:10097000426D42B94FF0140383F31188BFF36F8FB8
:10098000BFF34F8FFEE7036D994238BF1946C36A24
:100990008B422FD0012A2DD1174A1268824208D1EA
:1009A0004FF0140383F31188BFF36F8FBFF34F8FA2
:1009B000FEE78269114DC162002A4FF0140202FB6A
:1009C00003534269A4BFC1F1380181619A4211D138
:1009D000061D304600F022F8094AE36A1168142027
:1009E0008B4200FB03503146BDE8704088BF136066
:1009F00000F044B870BD00BF582A0000F825000080
:100A000078250000044B1A681AB119684A6D013242
:100A10004A651868704700BF582A00005FF800F068
:100A20003D2C20085FF800F071DE20085FF800F030
:100A30004D3D20085FF800F0C53A20085FF800F04F
:100A4000E53B20085FF800F0F32B20085FF800F08A
:100A5000693A20085FF800F0653D20085FF800F073
:100A60000F2C20085FF800F0DD2B20085FF800F065
:100A7000053B20085FF800F0AD2B20085FF800F080
:100A8000F92B20085FF800F0C136200801000000B3
:100A900004A405240000004201000000ACA40524C9
:100AA0000000402901000000ACA4052401004029F9
:100AB0000100000004A505240000C0200100000082
:100AC000C4A405241F000020010000009CA40524EC
:100AD0000100C049010000009CA4052400008062C0
:100AE00001000000A4A40524000080A4010000006F
:100AF000A4A40524000080A4010000009CA40524F7
:100B00000100C049010000009CA40524000080628F
:100B10000100000048870524000040830100000018
:100B20007C87052400000018010000004087052490
:100B30000C0040A401000000CCA405240080007833
:100B400001000000C8A40524640000580100000052
:100B5000C4A405240080007801000000C0A405247E
:100B60006400005801000000E0A40524D9030050EF
:100B700001000000DCA40524BF04005801000000AF
:100B8000D8A405240E0100480100000038A4052463
:100B9000000000280100000014A40524270080A301
:100BA0000100000038A40524030040830100000078
:100BB00038A4052403004083030000000CA405248E
:100BC0005A0080A30CA40524020040100CA40524A4
:100BD00000000000030000000CA405245A0080A3BC
:100BE0000CA40524030040100CA405240000000000
:100BF000030000000CA405245A0080A30CA40524C3
:100C0000000040100CA405240000000001000000BA
:100C100008A40524150000A40100000008A4052470
:100C2000070000A40100000004A405242000C0A3C4
:100C30000100000010A40524380080A3010000007A
:100C400010A405245A0080A30100000000A505247B
:100C50000000805A020000009CA405240300C0ACE0
:100C6000ACA40524100000200100000000A505240C
:100C70000300809C01000000D4A40524010000783A
:100C800001000000D0A40524F20000800100000053
:100C90005887052403008059010000005887052467
:100CA0000C00002801000000408705240C0040A42F
:100CB0000100000000A4052400000008010000005D
:100CC00000A40524560583A00100000038A40524D3
:100CD000070040A40100000038A405240F0040A430
:100CE0000100000038A40524070040A40100000012
:100CF00038A405240F0040A4010000009CA4052492
:100D000000000021010000009CA405240100002136
:100D1000010000009CA405240000C0180100000090
:100D20009CA405240100C0180200000094A405241E
:100D30000100009494A40524020000AD010000000D
:100D40009CA40524000000100100000000A505245B
:100D50000300809C0100000000A505240000809C89
:100D600002000000A4A40524000080A4A4A405247B
:100D70000000008402000000A4A40524000080A458
:100D8000A4A405240100008401000000A4A40524FB
:100D9000010080A401000000A4A40524020080A496
:100DA0000300000098A40524F80040A3A0A4052493
:100DB00010008051A0A40524010040AD01000000F6
:100DC000A0A40524000040AD020000009CA405245E
:100DD0000000C049A0A40524000040AD05000000AB
:100DE000A0A40524000040AD9CA40524020080625C
:100DF00098A40524F80040A3A0A405241000805165
:100E0000A0A40524010040AD0200000098A4052420
:100E1000F00040A3A0A40524010040AD02000000A2
:100E20009CA405240200C049A0A40524000040ADF4
:100E30000200000098A405242F003EA8A0A40524C9
:100E4000200020A802000000548705240100C039BA
:100E5000588705240100002101000000588705245F
:100E6000010080520300000060870524030080AC6D
:100E7000748705240600409C748705240400405AAA
:100E80000200000060870524030080AC7087052401
:100E9000010040AD0100000078870524090000181A
:100EA00001000000788705240800001805000000F4
:100EB00074870524DA2422A848870524000040838B
:100EC000408705240C004083708705240C00007BBC
:100ED00070870524040000100600000074870524B4
:100EE0000300804148870524000040834087052493
:100EF00003004083708705240200007B708705246F
:100F00000700001074870524020000AD01000000F6
:100F100040870524090040A4010000004087052403
:100F20000C0040A4020000005487052400000021AA
:100F3000448705240000408C0200000054870524EB
:100F400001000021448705240100408C13000000AB
:100F5000408705240C0040A440870524BF000060A2
:100F60004887052426000060488705240300409434
:100F70004C87052420030070688705240300C020E7
:100F8000448705240100C09C60870524010080106F
:100F9000788705240700404158870524CC00005875
:100FA000748705249A2412A87487052403008041BD
:100FB0004087052408004083708705240500007BD6
:100FC000708705240400001074870524020000AD1A
:100FD00070870524010000847C8705240100408C73
:100FE0003887052401008010090000009CA4052416
:100FF0000100C049A4A405240100008400A5052423
:101000001900C09B94A405240100801014A4052499
:101010000100006394A405240100008C94A405241D
:10102000020000ADACA405240000402910A5052451
:1010300001004029E9212008C1212008000000000A
:1010400000000000000000000000000000000000A0
:101050000000000000000000000000000000000090
:101060000000000000000000000000000000000080
:101070000000000000000000000000000000000070
:101080000000000000000000000000000000000060
:101090000000000000000000000000000000000050
:1010A0000000000000000000000000000000000040
:1010B0000000000000000000000000000000000030
:1010C0000000000000000000000000000000000020
:1010D0000000000000000000000000000000000010
:1010E0000000000000000000000000000000000000
:1010F00000000000000000000000000000000000F0
:1011000000000000000000000000000000000000DF
:1011100000000000000000000000000000000000CF
:1011200000000000000000000000000000000000BF
:1011300000000000000000000000000000000000AF
:10114000000000000000000000000000000000009F
:10115000000000000000000000000000000000008F
:10116000000000000000000000000000000000007F
:10117000000000000000000000000000000000006F
:10118000000000000000000000000000000000005F
:10119000000000000000000000000000000000004F
:1011A000000000000000000000000000000000003F
:1011B000000000000000000000000000000000002F
:1011C000000000000000000000000000000000001F
:1011D000000000000000000000000000000000000F
:1011E00000000000000000000000000000000000FF
:1011F00000000000000000000000000000000000EF
:1012000000000000000000000000000000000000DE
:1012100000000000000000000000000000000000CE
:1012200000000000000000000000000000000000BE
:1012300000000000000000000000000000000000AE
:10124000000000000000000000000000000000009E
:10125000000000000000000000000000000000008E
:10126000000000000000000000000000000000007E
:10127000000000000000000000000000000000006E
:10128000000000000000000000000000000000005E
:10129000000000000000000000000000000000004E
:1012A000000000000000000000000000000000003E
:1012B000000000000000000000000000000000002E
:1012C000000000000000000000000000000000001E
:1012D000000000000000000000000000000000000E
:1012E00000000000000000000000000000000000FE
:1012F00000000000000000000000000000000000EE
:1013000000000000000000000000000000000000DD
:1013100000000000000000000000000000000000CD
:1013200000000000000000000000000000000000BD
:1013300000000000000000000000000000000000AD
:10134000000000000000000000000000000000009D
:10135000000000000000000000000000000000008D
:10136000000000000000000000000000000000007D
:10137000000000000000000000000000000000006D
:10138000000000000000000000000000000000005D
:10139000000000000000000000000000000000004D
:1013A000000000000000000000000000000000003D
:1013B000000000000000000000000000000000002D
:1013C000000000000000000000000000000000001D
:1013D000000000000000000000000000000000000D
:1013E00000000000000000000000000000000000FD
:1013F00000000000000000000000000000000000ED
:1014000000000000000000000000000000000000DC
:1014100000000000000000000000000000000000CC
:1014200000000000000000000000000000000000BC
:1014300000000000000000000000000000000000AC
:10144000000000000000000000000000000000009C
:10145000000000000000000000000000000000008C
:10146000000000000000000000000000000000007C
:10147000000000000000000000000000000000006C
:10148000000000000000000000000000000000005C
:10149000000000000000000000000000000000004C
:1014A000000000000000000000000000000000003C
:1014B000000000000000000000000000000000002C
:1014C000000000000000000000000000000000001C
:1014D000000000000000000000000000000000000C
:1014E00000000000000000000000000000000000FC
:1014F00000000000000000000000000000000000EC
:1015000000000000000000000000000000000000DB
:1015100000000000000000000000000000000000CB
:1015200000000000000000000000000000000000BB
:1015300000000000000000000000000000000000AB
:10154000000000000000000000000000000000009B
:10155000000000000000000000000000000000008B
:10156000000000000000000000000000000000007B
:10157000000000000000000000000000000000006B
:10158000000000000000000000000000000000005B
:10159000000000000000000000000000000000004B
:1015A000000000000000000000000000000000003B
:0C15B0000000000000000000000000002F
:00000001FF
