S018000073693931785F68656C6C6F5F776F726C642E73333724
S31500000000010000000D900D90D414010001000000C5
S31500000010001020009AB5CB3200000000000000005E
S3150000002000000000000000000000000000000000CA
S315000000300000000000000000000000000D900D9080
S31500000040A55A0000002020080000008000000000E3
S31500000050000000000000000000000000000000009A
S31500000060000000000000000000000000000000008A
S31500000070000000000000000000000000000000007A
S31500000080000000000000000000000000000000006A
S31500000090000000000000000000000000000000005A
S315000000A0000000000000000000000000000000004A
S315000000B0000000000000000000000000000000003A
S315000000C0000000000000000000000000000000002A
S315000000D0000000000000000000000000000000001A
S315000000E0000000000000000000000000000000000A
S315000000F000000000000000000000000000000000FA
S3150000010000000000000000000000000000000000E9
S3150000011000000000000000000000000000000000D9
S3150000012000000000000000000000000000000000C9
S3150000013000000000000000000000000000000000B9
S3150000014000000000000000000000000000000000A9
S315000001500000000000000000000000000000000099
S315000001600000000000000000000000000000000089
S315000001700000000000000000000000000000000079
S315000001800000000000000000000000000000000069
S315000001900000000000000000000000000000000059
S315000001A00000000000000000000000000000000049
S315000001B00000000000000000000000000000000039
S315000001C00000000000000000000000000000000029
S315000001D00000000000000000000000000000000019
S315000001E00000000000000000000000000000000009
S315000001F000000000000000000000000000000000F9
S3150000020000000000000000000000000000000000E8
S3150000021000000000000000000000000000000000D8
S3150000022000000000000000000000000000000000C8
S3150000023000000000000000000000000000000000B8
S3150000024000000000000000000000000000000000A8
S315000002500000000000000000000000000000000098
S315000002600000000000000000000000000000000088
S315000002700000000000000000000000000000000078
S315000002800000000000000000000000000000000068
S315000002900000000000000000000000000000000058
S315000002A00000000000000000000000000000000048
S315000002B00000000000000000000000000000000038
S315000002C00000000000000000000000000000000028
S315000002D00000000000000000000000000000000018
S315000002E00000000000000000000000000000000008
S315000002F000000000000000000000000000000000F8
S3150000030000000000000000000000000000000000E7
S3150000031000000000000000000000000000000000D7
S3150000032000000000000000000000000000000000C7
S3150000033000000000000000000000000000000000B7
S3150000034000000000000000000000000000000000A7
S315000003500000000000000000000000000000000097
S315000003600000000000000000000000000000000087
S315000003700000000000000000000000000000000077
S315000003800000000000000000000000000000000067
S315000003900000000000000000000000000000000057
S315000003A00000000000000000000000000000000047
S315000003B00000000000000000000000000000000037
S315000003C00000000000000000000000000000000027
S315000003D00000000000000000000000000000000017
S315000003E00000000000000000000000000000000007
S315000003F000000000000000000000000000000000F7
S3150000040000000000000000000000000000000000E6
S3150000041000000000000000000000000000000000D6
S3150000042000000000000000000000000000000000C6
S3150000043000000000000000000000000000000000B6
S3150000044000000000000000000000000000000000A6
S315000004500000000000000000000000000000000096
S315000004600000000000000000000000000000000086
S315000004700000000000000000000000000000000076
S315000004800000000000000000000000000000000066
S315000004900000000000000000000000000000000056
S315000004A00000000000000000000000000000000046
S315000004B00000000000000000000000000000000036
S315000004C00000000000000000000000000000000026
S315000004D00000000000000000000000000000000016
S315000004E00000000000000000000000000000000006
S315000004F000000000000000000000000000000000F6
S3150000050000000000000000000000000000000000E5
S3150000051000000000000000000000000000000000D5
S3150000052000000000000000000000000000000000C5
S3150000053000000000000000000000000000000000B5
S3150000054000000000000000000000000000000000A5
S315000005500000000000000000000000000000000095
S315000005600000000000000000000000000000000085
S315000005700000000000000000000000000000000075
S315000005800000000000000000000000000000000065
S315000005900000000000000000000000000000000055
S315000005A00000000000000000000000000000000045
S315000005B00000000000000000000000000000000035
S315000005C00000000000000000000000000000000025
S315000005D00000000000000000000000000000000015
S315000005E00000000000000000000000000000000005
S315000005F000000000000000000000000000000000F5
S3150000060000000000000000000000000000000000E4
S3150000061000000000000000000000000000000000D4
S3150000062000000000000000000000000000000000C4
S3150000063000000000000000000000000000000000B4
S3150000064000000000000000000000000000000000A4
S315000006500000000000000000000000000000000094
S315000006600000000000000000000000000000000084
S315000006700000000000000000000000000000000074
S315000006800000000000000000000000000000000064
S315000006900000000000000000000000000000000054
S315000006A00000000000000000000000000000000044
S315000006B00000000000000000000000000000000034
S315000006C00000000000000000000000000000000024
S315000006D00000000000000000000000000000000014
S315000006E00000000000000000000000000000000004
S315000006F000000000000000000000000000000000F4
S3150000070000000000000000000000000000000000E3
S3150000071000000000000000000000000000000000D3
S3150000072000000000000000000000000000000000C3
S3150000073000000000000000000000000000000000B3
S3150000074000000000000000000000000000000000A3
S315000007500000000000000000000000000000000093
S315000007600000000000000000000000000000000083
S315000007700000000000000000000000000000000073
S315000007800000000000000000000000000000000063
S315000007900000000000000000000000000000000053
S315000007A00000000000000000000000000000000043
S315000007B00000000000000000000000000000000033
S315000007C00000000000000000000000000000000023
S315000007D00000000000000000000000000000000013
S315000007E00000000000000000000000000000000003
S315000007F000000000000000000000000000000000F3
S3150000080000000000000000000000000000000000E2
S3150000081000000000000000000000000000000000D2
S3150000082000000000000000000000000000000000C2
S3150000083000000000000000000000000000000000B2
S3150000084000000000000000000000000000000000A2
S315000008500000000000000000000000000000000092
S315000008600000000000000000000000000000000082
S315000008700000000000000000000000000000000072
S315000008800000000000000000000000000000000062
S315000008900000000000000000000000000000000052
S315000008A00000000000000000000000000000000042
S315000008B00000000000000000000000000000000032
S315000008C00000000000000000000000000000000022
S315000008D00000000000000000000000000000000012
S315000008E00000000000000000000000000000000002
S315000008F000000000000000000000000000000000F2
S3150000090000000000000000000000000000000000E1
S3150000091000000000000000000000000000000000D1
S3150000092000000000000000000000000000000000C1
S3150000093000000000000000000000000000000000B1
S3150000094000000000000000000000000000000000A1
S315000009500000000000000000000000000000000091
S315000009600000000000000000000000000000000081
S315000009700000000000000000000000000000000071
S315000009800000000000000000000000000000000061
S315000009900000000000000000000000000000000051
S315000009A00000000000000000000000000000000041
S315000009B00000000000000000000000000000000031
S315000009C00000000000000000000000000000000021
S315000009D00000000000000000000000000000000011
S315000009E00000000000000000000000000000000001
S315000009F000000000000000000000000000000000F1
S31500000A0000000000000000000000000000000000E0
S31500000A1000000000000000000000000000000000D0
S31500000A2000000000000000000000000000000000C0
S31500000A3000000000000000000000000000000000B0
S31500000A4000000000000000000000000000000000A0
S31500000A500000000000000000000000000000000090
S31500000A600000000000000000000000000000000080
S31500000A700000000000000000000000000000000070
S31500000A800000000000000000000000000000000060
S31500000A900000000000000000000000000000000050
S31500000AA00000000000000000000000000000000040
S31500000AB00000000000000000000000000000000030
S31500000AC00000000000000000000000000000000020
S31500000AD00000000000000000000000000000000010
S31500000AE00000000000000000000000000000000000
S31500000AF000000000000000000000000000000000F0
S31500000B0000000000000000000000000000000000DF
S31500000B1000000000000000000000000000000000CF
S31500000B2000000000000000000000000000000000BF
S31500000B3000000000000000000000000000000000AF
S31500000B40000000000000000000000000000000009F
S31500000B50000000000000000000000000000000008F
S31500000B60000000000000000000000000000000007F
S31500000B70000000000000000000000000000000006F
S31500000B80000000000000000000000000000000005F
S31500000B90000000000000000000000000000000004F
S31500000BA0000000000000000000000000000000003F
S31500000BB0000000000000000000000000000000002F
S31500000BC0000000000000000000000000000000001F
S31500000BD0000000000000000000000000000000000F
S31500000BE000000000000000000000000000000000FF
S31500000BF000000000000000000000000000000000EF
S31500000C0000000000000000000000000000000000DE
S31500000C1000000000000000000000000000000000CE
S31500000C2000000000000000000000000000000000BE
S31500000C3000000000000000000000000000000000AE
S31500000C40000000000000000000000000000000009E
S31500000C50000000000000000000000000000000008E
S31500000C60000000000000000000000000000000007E
S31500000C70000000000000000000000000000000006E
S31500000C80000000000000000000000000000000005E
S31500000C90000000000000000000000000000000004E
S31500000CA0000000000000000000000000000000003E
S31500000CB0000000000000000000000000000000002E
S31500000CC0000000000000000000000000000000001E
S31500000CD0000000000000000000000000000000000E
S31500000CE000000000000000000000000000000000FE
S31500000CF000000000000000000000000000000000EE
S31500000D0000000000000000000000000000000000DD
S31500000D1000000000000000000000000000000000CD
S31500000D2000000000000000000000000000000000BD
S31500000D3000000000000000000000000000000000AD
S31500000D40000000000000000000000000000000009D
S31500000D50000000000000000000000000000000008D
S31500000D60000000000000000000000000000000007D
S31500000D70000000000000000000000000000000006D
S31500000D80000000000000000000000000000000005D
S31500000D90000000000000000000000000000000004D
S31500000DA0000000000000000000000000000000003D
S31500000DB0000000000000000000000000000000002D
S31500000DC0000000000000000000000000000000001D
S31500000DD0000000000000000000000000000000000D
S31500000DE000000000000000000000000000000000FD
S31500000DF000000000000000000000000000000000ED
S31500000E0000000000000000000000000000000000DC
S31500000E1000000000000000000000000000000000CC
S31500000E2000000000000000000000000000000000BC
S31500000E3000000000000000000000000000000000AC
S31500000E40000000000000000000000000000000009C
S31500000E50000000000000000000000000000000008C
S31500000E60000000000000000000000000000000007C
S31500000E70000000000000000000000000000000006C
S31500000E80000000000000000000000000000000005C
S31500000E90000000000000000000000000000000004C
S31500000EA0000000000000000000000000000000003C
S31500000EB0000000000000000000000000000000002C
S31500000EC0000000000000000000000000000000001C
S31500000ED0000000000000000000000000000000000C
S31500000EE000000000000000000000000000000000FC
S31500000EF000000000000000000000000000000000EC
S31500000F0000000000000000000000000000000000DB
S31500000F1000000000000000000000000000000000CB
S31500000F2000000000000000000000000000000000BB
S31500000F3000000000000000000000000000000000AB
S31500000F40000000000000000000000000000000009B
S31500000F50000000000000000000000000000000008B
S31500000F60000000000000000000000000000000007B
S31500000F70000000000000000000000000000000006B
S31500000F80000000000000000000000000000000005B
S31500000F90000000000000000000000000000000004B
S31500000FA0000000000000000000000000000000003B
S31500000FB0000000000000000000000000000000002B
S31500000FC0000000000000000000000000000000001B
S31500000FD0000000000000000000000000000000000B
S31500000FE000000000000000000000000000000000FB
S31500000FF000000000000000000000000000000000EB
S31500001000106C0000694020081D4020081D40200883
S315000010101D4020081D4020081D402008000000003B
S31500001020000000000000000000000000413A200817
S315000010301D40200800000000D13A2008572920084A
S315000010401D4020081D4020081D4020081D40200886
S315000010501D4020081D4020081D4020081D40200876
S315000010601D4020081D402008CD050000196F2008EE
S31500001070C54D20081D4020081D4020081D402008A1
S31500001080194B20081D402008B5B7200859B820087C
S315000010901D4020084DB720084D9B20081D40200804
S315000010A01D4020081D4020081D4020081D40200826
S315000010B01D4020081D402008106C00001D4020081F
S315000010C069402008250500001D4020081D40200815
S315000010D01D4020081D402008AD4D2008B94D2008B0
S315000010E0993F20081D4020081D4020081B94B06928
S315000010F00D4B20081D4020081D402008014B2008EC
S315000011001D4020081D4020081DB7200835B72008BF
S315000011105DB6200875B620088DB62008A5B620084D
S31500001120BDB62008D5B62008EDB6200805B72008BC
S315000011301D4020081D4020081D4020081D40200895
S315000011401D4020081D4020081D4020081D40200885
S315000011501D4020081D4020081D4020081D40200875
S315000011601D4020081D4020081D40200800000000EA
S315000011700000000000000000000000000000000069
S315000011800348044B834202D0034B03B11847704710
S315000011901817000018170000000000000548064B4D
S315000011A01B1AD90F01EBA301491002D0034B03B15F
S315000011B018477047181700001817000000000000B5
S315000011C010B5064C237843B9FFF7DAFF044B13B189
S315000011D00448AFF300800123237010BD18170000E8
S315000011E0000000006806210808B5054B1BB105493B
S315000011F00548AFF30080BDE80840FFF7CFBF00BF4A
S31500001200000000001C1700006806210807B500F062
S315000012103FF80F480BF0F4FC03220021012000F0F8
S315000012204EFE0C4B186018B90B480BF0E9FCFEE7B4
S3150000123000230522CDE90023084909484FF400722E
S315000012400DF046FD03B05DF804EB00F0E5B800BF15
S3150000125068FD20083417000076FD200899FD200857
S31500001260B525200808B5084B1B7883420BD1012908
S3150000127009D1064B187802F0ABFE00F003F9BDE881
S31500001280084000F043B808BDE6FE2008EBFE200843
S3150000129010B51A481A4C0BF0B3FC0D200BF052FC9B
S315000012A0002009F0DBFE0120212820701ED92E2007
S315000012B009F0BEFE0022012310462E2109F0D4FDBE
S315000012C0002210460F4C2E2109F04EFE0123C4F8D1
S315000012D0E432D4F8E4120C48C9B20BF021FC0D201C
S315000012E00BF030FC0023C4F8E43210BD092801D00D
S315000012F009F02CFC20780130C0B2D5E7A0FD20080B
S315000013001000000000001346BDFD2008064AD2F872
S31500001310E43283F00103C2F8E432044B00BF013B20
S31500001320FCD103480BF06CBC00001346C0304600ED
S31500001330D2FD200808B500F0FFFAFFF767FF00F0BE
S3150000134008FB002008BD0000054A064913889BB229
S31500001350C8541388013303F07F031380704700BF1E
S3150000136044180000C1170000C30737B525D5164835
S315000013700BF046FC154B1B780BBB1548154D0BF0B7
S315000013803FFC432415F8010B013CFFF7DDFF14F089
S31500001390FF04F7D1002301930F4B01A9186800F051
S315000013A004FF019B4BB14FF0E0234FF08052C3F88E
S315000013B0042DBFF34F8FBFF36F8F03B030BD0748C7
S315000013C00BF01EFCE6E700BFDFFD20081100000061
S315000013D0F2FD20087E1700003417000007FE2008E3
S315000013E00A4B0B4A1988138889B29BB299420BD0D3
S315000013F0138808499BB2CB5C03701388013303F052
S315000014007F031380012070470020704744180000B6
S3150000141042180000C117000010B512480BF0F0FB8F
S315000014201149022009F090FA10B110480BF0E8FBC0
S315000014300D4C0F492068002209F0D2FA10B10D4870
S315000014400BF06EFB0C49206809F054FB002002F0FB
S3150000145051FB0A4A0023137082F84430084A13707D
S3150000146010BD00BF19FE20084818000039FE2008EC
S315000014703403000045FE20086923200839170000C0
S315000014801100000007480849084A006808B54323C8
S3150000149009F006FB014620B1BDE8084004480BF000
S315000014A03FBB08BD48180000120000007E17000070
S315000014B05AFE200830B5044693B00146432201A8DF
S315000014C00BF03EFD6178237894F842004B400DF115
S315000014D005040022D5B2A94204D81B1A5842584125
S315000014E013B030BD14F8015F01326B40F2E7000023
S315000014F070B5054690B000243C22214601A8009410
S315000015000BF05EFC6A780A4EA91C68460BF018FDC3
S315000015106A78E3B29A4201D810B070BD40336B448A
S31500001520304613F8401C0BF0FBFA0134F0E700BF1D
S315000015306FFE200838B51B4C05461B480BF060FBB8
S315000015402378032B08D8DFE803F002081622B62D0D
S3150000155002D165700123237038BD0DB90023FAE767
S31500001560002384F844300223A5702370BDE8384078
S315000015700E480BF045BB94F84420531CDBB22244C2
S315000015803F2B84F84430D570E6D90323E3E70848B7
S3150000159084F84350FFF78EFF0028DFD00448FFF79A
S315000015A0A7FFDBE73917000086FE20089AFE200811
S315000015B03A17000007B5114E114C124D30684FF026
S315000015C0FF3100F0EDFE0128F8D123786BB90DF15B
S315000015D00700FFF705FF0028F0D09DF80700FFF78A
S315000015E0A9FF09480BF00CFBF1E700232B702370D1
S315000015F0FFF748FF05480BF003FBDFE73417000051
S315000016001100000038170000ABFE2008CAFE2008B3
S3150000161008B501F035FD02F097F807F0B5F901F0CD
S315000016207FFB01F05FFEBDE8084000F0A1B900F0C5
S31500001630C9B908B500F008F8BDE8084000F00AB8D6
S3150000164000F0ACB870477047014802F0C3BB00BF5A
S31500001650E6FE2008014802F0A2BC00BFEBFE20080F
S31500001660EFF3108072B6704710B962B6BFF36F8F92
S315000016707047EFF311800C2383F31188704780F3D2
S315000016801188BFF36F8F704730B50E4C41612368E8
S315000016908BB9206083600DE0891A9A6841611D4606
S315000016A06AB113465A698A42F6D935B1A860521A08
S315000016B083605A6130BD0025F4E72060F7E7986043
S315000016C08260F7E75C18000038B507F0CDF9094CE1
S315000016D0094B1A6823680025C31A2AB123B1516938
S315000016E0994203D3C91A5161206038BD55615B1A0E
S315000016F09268F2E7581800005C18000038B5154DDE
S315000017002B682BB35B69A3B1134A146802201C44EF
S3150000171007F0B4F9204607F0BBF910492A68002300
S315000017200B7022B1D08880070AD501230B700020E8
S3150000173038BD022007F0A2F9022007F0FDF9ECE718
S315000017409268002AF3D050690344012BEAD9EEE7E8
S315000017502220EDE75C18000058180000541800001D
S315000017600D490B6898B100229BB1834203D183686F
S3150000177022B90B6003E01A469B68F5E7936083681D
S315000017801BB15A6941690A445A61002070472220F8
S3150000179070470220704700BF5C18000070B5154EF8
S315000017A0FFF767FF34780546FCB9134B1C60134BF3
S315000017B01C60134B1C6007F011F9012007F05EF95D
S315000017C007F0E2F90F4B0246186020B92846FFF7EA
S315000017D056FF232070BD23460B4840F2E7310AF03E
S315000017E03DFA0A4B1860012333702846FFF747FF7E
S315000017F00020EFE7551800005C180000581800009C
S31500001800641800006018000018FCFFFF5018000064
S31500001810C2072DE9F843044607D5444A1368013345
S315000018201360FFF751FFFFF769FFA3077CD5FFF7AA
S3150000183020FF0546FFF748FF4FF000083C4F46469D
S315000018403C680CB16369A3B13A4B0022012E1A70B1
S3150000185003D118F0020F18BF1E70FFF74FFF2228A2
S3150000186002D1022007F052F92846BDE8F843FFF7F7
S3150000187006BF23465A693AB91A792179914288BF37
S315000018801C469B68002BF5D12846FFF7F8FE256914
S31500001890DDB107F0E9F8A269A0EB02084FEAE873A8
S315000018A0A84573F1000311DB23691344A361E368C0
S315000018B013B1216820469847B4F80680FFF7D9FE91
S315000018C001360546FFF700FFBAE7A846FFF7D1FE47
S315000018D081462046FFF744FF4846FFF7D0FE2369BE
S315000018E0002BE4D0A38BB5EB080533B1E28B134490
S315000018F09BB2B3F57A7F0FD2E383FFF7BAFE294690
S3150000190080462046FFF7C0FEA36922691344A361FF
S315000019104046FFF7B4FECAE7A3F57A73E383A369EB
S31500001920013B013DA361E8E7BDE8F88364180000C8
S315000019305C1800004C18000008B5FFF769FEFFF7B9
S3150000194078FEFFF77DFEFFF77DFEBDE80840FFF756
S315000019507ABEFFF76CBE08B54FF0E0231B690DF0A9
S31500001960CFF9012803D0BDE8084001F0E3B808BD6F
S31500001970EFF3058373B9EFF31082094B12B9EFF356
S31500001980118212B11A68022A04D0186828B90122F5
S315000019901A6070476FF0050070474FF0FF307047D0
S315000019A05825000008B50DF0ABF938B1022804D06F
S315000019B0034B1868431E5842584108BD0320FCE7F4
S315000019C05825000010B5EFF30583ABB9EFF310828D
S315000019D00C4B12B9EFF3118212B11A68022A0BD01E
S315000019E01A68012A0BD1084A0024D47702221A6009
S315000019F00DF072F9204610BD6FF00500FBE74FF0C1
S31500001A00FF30F8E75825000000ED00E038B5054640
S31500001A10EFF3058313B10024204638BDEFF310839E
S31500001A2013B9EFF311831BB11C4B1B68022BF2D0C9
S31500001A302DB36B681A07EED4D5E9021203F0010341
S31500001A4071B14F2AE7D993B1042000F000FB044698
S31500001A500028E0D0296800F081FD44F00104DBE7AE
S31500001A60002AD8D1ABB1042000F025FBEFE7012016
S31500001A7000F0EDFA04460028CDD0296806E00120E2
S31500001A8000F019FB04460028C5D0294600F066FD83
S31500001A90C2E7012000F00FFBECE700BF582500006D
S31500001AA0034610B520F001000C4603F00102EFF3E7
S31500001AB00581E9B9EFF3108111B9EFF3118119B17D
S31500001AC00E490968022913D0012B14D9214662B1A7
S31500001AD000F023FD012801D1002010BD002C14BF09
S31500001AE06FF001006FF00200F7E700F059FCF1E734
S31500001AF06FF00500F1E76FF00300EEE758250000F0
S31500001B00024608B520F0010002F00103EFF305815B
S31500001B10C9B9EFF3108111B9EFF3118119B10D496C
S31500001B20096802290FD0012A10D93BB100F0A4FAA6
S31500001B3001280CBF00206FF0020008BD1A461946A6
S31500001B4000F0C9F9F4E76FF00500F6E76FF003005F
S31500001B50F3E700BF58250000034B0360034B0B60FF
S31500001B604FF4807313607047E0240000E02000000B
S31500001B70034B0360034B0B604FF400731360704715
S31500001B80682000006818000000F108034FF0FF32DB
S31500001B90C0E902234360036100230360704700230A
S31500001BA00361704743684B609A688A605160996028
S31500001BB00368086101330360704730B50C68631C25
S31500001BC00AD103695A684A6091608B60596003685C
S31500001BD008610133036030BD00F108021346526804
S31500001BE01568A542FAD9EDE7D0E9011203698A60C2
S31500001BF051605968814208BF5A60002202611A6822
S31500001C00013A1A601868704710B5044600F02AFFBA
S31500001C10A46B00F047FFB4FA84F0400910BD70B51C
S31500001C201646026C856B044642B906689EB9806802
S31500001C300DF092F8A6600135A56370BD6EB94068D7
S31500001C400BF07EF96368226C1344A26863609342CA
S31500001C5024BF236863600020EDE7C0680BF070F9CD
S31500001C60226CE36851429B1A2268E36093423EBFAE
S31500001C70A3685B18E360022EEDD10DB1013DEAE7E2
S31500001C802846D8E7034610B41A6C08466AB1DC68E1
S31500001C90996814448C4228BF1968DC6028BFD96053
S31500001CA0D9685DF8044B0BF04BB95DF8044B7047EF
S31500001CB070B5044600F0D6FE94F8455004F12406AB
S31500001CC06DB2002D14DCFF2384F8453000F0EAFEE7
S31500001CD000F0C8FE94F8445004F110066DB2002DD1
S31500001CE012DCFF2384F84430BDE8704000F0DABE11
S31500001CF0636A002BE7D030460DF00AF808B10DF004
S31500001D001FF8013D6DB2DCE72369002BE9D03046B0
S31500001D100CF0FEFF08B10DF013F8013D6DB2DEE7E1
S31500001D2038B50D46044640B94FF0140383F31188C5
S31500001D30BFF36F8FBFF34F8FFEE700F093FED4E93A
S31500001D400F31226862604B43D0185B1A1A44A060B8
S31500001D50FF230020A063E26084F8443084F8453015
S31500001D60A5B9236973B104F110000CF0D1FF48B195
S31500001D704FF0E0234FF08052C3F8042DBFF34F8F8E
S31500001D80BFF36F8F00F08EFE012038BD04F1100006
S31500001D90FFF7FAFE04F12400FFF7F6FEF2E7F8B5C6
S31500001DA0064617460D46C9B14843B0FBF1F39E42BD
S31500001DB008D04FF0140383F31188BFF36F8FBFF37E
S31500001DC04F8FFEE710F1510F19D94FF0140383F32B
S31500001DD01188BFF36F8FBFF34F8FFEE7502000F0DF
S31500001DE085FF88B180F8465004462060C4E90F6537
S31500001DF001212046FFF794FF84F84C7005E050302F
S31500001E0000F074FF044610B900242046F8BD0023F4
S31500001E1080F846305030E8E737B50D461C4640B9E5
S31500001E204FF0140383F31188BFF36F8FBFF34F8F07
S31500001E30FEE743B94FF0140383F31188BFF36F8FA6
S31500001E40BFF34F8FFEE74AB191BB4FF0140383F304
S31500001E501188BFF36F8FBFF34F8FFEE741B14FF08D
S31500001E60140383F31188BFF36F8FBFF34F8FFEE721
S31500001E7050230193019B502B08D04FF0140383F39A
S31500001E801188BFF36F8FBFF34F8FFEE7019B22468A
S31500001E900121C4E90F0584F8461022602046FFF7A9
S31500001EA03FFF9DF8183084F84C30204603B030BD13
S31500001EB050230193019B502BDFD1019BE8E740B9EA
S31500001EC04FF0140383F31188BFF36F8FBFF34F8F67
S31500001ED0FEE7FFF764BFF0B585B00E4601921D46DA
S31500001EE0044640B94FF0140383F31188BFF36F8F94
S31500001EF0BFF34F8FFEE751B9036C43B14FF01403A4
S31500001F0083F31188BFF36F8FBFF34F8FFEE7022D68
S31500001F100BD1E36B012B08D04FF0140383F3118828
S31500001F20BFF36F8FBFF34F8FFEE70CF0E9FE08B9E2
S31500001F30019B03BB00F096FDA26BE36B9A4223D292
S31500001F402A4631462046FFF76AFE636A1BB104F152
S31500001F5024000CF0DDFE48B14FF0E0234FF0805234
S31500001F60C3F8042DBFF34F8FBFF36F8F00F09AFDB8
S31500001F70012005B0F0BD4FF0140383F31188BFF3C1
S31500001F806F8FBFF34F8FFEE7022DD9D000231F4678
S31500001F9037E013B902A80CF0C7FE00F083FD0CF081
S31500001FA0DFFE00F05FFD94F84430FF2B08BF84F895
S31500001FB0447094F84530FF2B08BF84F8457000F054
S31500001FC071FD01A902A80CF0B7FE002839D100F076
S31500001FD049FDA26BE36B9A421AD100F063FD0199A9
S31500001FE004F110000CF088FE2046FFF761FE0CF0AD
S31500001FF097FED8B100F036FDA36BE26B9A429FD8EC
S315000020000123019A002AC4D100F04CFD0020B0E75C
S3150000201000F048FD2046FFF74BFE0CF081FE00F075
S3150000202021FDA26BE36B9A42EAD289E74FF0E023E7
S315000020304FF08052C3F8042DBFF34F8FBFF36F8F5D
S31500002040EDE72046FFF734FE0CF06AFEDEE713B537
S3150000205000220B46009011460120FFF7DDFE0446E4
S3150000206038B1002383600360C3601A461946FFF740
S3150000207032FF204602B010BD38B5044640B94FF0D5
S31500002080140383F31188BFF36F8FBFF34F8FFEE7FF
S3150000209085680CF059FE85420BD1E368013BE3608D
S315000020A00BB1012038BD1A4619462046FFF713FF2B
S315000020B0F7E70020F6E710B5024600210120FFF7FA
S315000020C06EFE044638B1002383600360C3601A467F
S315000020D01946FFF700FF204610BD2DE9F843894653
S315000020E017461E46044640B94FF0140383F3118881
S315000020F0BFF36F8FBFF34F8FFEE751B9036C43B148
S315000021004FF0140383F31188BFF36F8FBFF34F8F24
S31500002110FEE7022E0BD1E36B012B08D04FF0140320
S3150000212083F31188BFF36F8FBFF34F8FFEE700F085
S31500002130AFFDEFF311884FF0140383F31188BFF35B
S315000021406F8FBFF34F8FA26BE36B9A4201D3022EC0
S3150000215029D194F84550A36B6DB2324649462046C4
S31500002160FFF75DFD6B1C0ED1636A3BB104F12400E1
S315000021700CF0CEFD10B10FB101233B60012088F3B6
S315000021801188BDE8F8837F2D08D14FF0140383F33F
S315000021901188BFF36F8FBFF34F8FFEE701356DB226
S315000021A084F84550EAE70020E9E770B50D46044695
S315000021B040B94FF0140383F31188BFF36F8FBFF359
S315000021C04F8FFEE7036C43B14FF0140383F311887E
S315000021D0BFF36F8FBFF34F8FFEE7036853B9836872
S315000021E043B14FF0140383F31188BFF36F8FBFF32E
S315000021F04F8FFEE700F04CFDEFF311864FF014030E
S3150000220083F31188BFF36F8FBFF34F8FA26BE36B1E
S31500002210934224D994F845100132FF294BB2A263A8
S315000022200DD1636A3BB104F124000CF071FD10B1CD
S315000022300DB101232B60012086F3118870BD7F2B21
S3150000224008D14FF0140383F31188BFF36F8FBFF3E8
S315000022504F8FFEE701335BB284F84530EBE7002091
S31500002260EAE7F0B585B00E460192044640B94FF054
S31500002270140383F31188BFF36F8FBFF34F8FFEE70D
S3150000228051B9036C43B14FF0140383F31188BFF3C4
S315000022906F8FBFF34F8FFEE70CF032FD50B9019BF5
S315000022A043B14FF0140383F31188BFF36F8FBFF36D
S315000022B04F8FFEE700F0D6FBA56BDDB13146204619
S315000022C0013DFFF7DFFCA563236973B104F110003C
S315000022D00CF01EFD48B14FF0E0234FF08052C3F8DA
S315000022E0042DBFF34F8FBFF36F8F00F0DBFB012090
S315000022F005B0F0BD019B1BB900F0D4FB0020F7E749
S3150000230002A80CF011FD2F4600F0CCFB0CF028FDC6
S3150000231000F0A8FB94F84430FF2B08BF84F8447003
S3150000232094F84530FF2B08BF84F8457000F0BAFBDF
S3150000233001A902A80CF000FD38BB2046FFF764FC9B
S31500002340E8B1019904F124000CF0D6FC2046FFF711
S31500002350AFFC0CF0E5FC48B94FF0E0234FF080529B
S31500002360C3F8042DBFF34F8FBFF36F8F00F07AFBD6
S31500002370A56B002DA2D1019B002BC5D1BCE7204641
S31500002380FFF796FC0CF0CCFCF0E72046FFF790FC3C
S315000023900CF0C6FC2046FFF737FC0028E6D0ADE778
S315000023A0F0B585B00446019140B94FF0140383F3AC
S315000023B01188BFF36F8FBFF34F8FFEE7056C45B1F2
S315000023C04FF0140383F31188BFF36F8FBFF34F8F62
S315000023D0FEE70CF095FC064620B32E46002700F0DB
S315000023E041FBA36B53B3013BA363236813B90CF002
S315000023F09FFCA060236973B104F110000CF088FC07
S3150000240048B14FF0E0234FF08052C3F8042DBFF3DC
S315000024104F8FBFF36F8F00F045FB012005B0F0BD75
S315000024203546DBE7019B002BFAD04FF0140383F30C
S315000024301188BFF36F8FBFF34F8FFEE7019B53B930
S31500002440002D66D04FF0140383F31188BFF36F8F0E
S31500002450BFF34F8FFEE716B902A80CF065FC00F03B
S3150000246021FB0CF07DFC00F0FDFA94F84430FF2BC4
S3150000247008BF84F8447094F84530FF2B08BF84F8F1
S31500002480457000F00FFB01A902A80CF055FC50BBEB
S315000024902046FFF7B9FB00B323683BB900F0E2FA28
S315000024A0A0680CF021FC054600F0FCFA019904F145
S315000024B024000CF021FC2046FFF7FAFB0CF030FC60
S315000024C048B94FF0E0234FF08052C3F8042DBFF314
S315000024D04F8FBFF36F8F012681E72046FFF7E8FB9A
S315000024E00CF01EFCF7E72046FFF7E2FB0CF018FCA9
S315000024F02046FFF789FB0028EDD065B100F0B2FA5F
S31500002500616A19B1236B1968C1F13801A0680CF032
S31500002510DBFB00F0C7FA002080E770B50D460446E5
S3150000252040B94FF0140383F31188BFF36F8FBFF3E5
S315000025304F8FFEE786680CF007FC864204D1E368FD
S315000025400133E360012070BD29462046FFF728FFCE
S315000025500028F8D0E3680133E360F4E730B5074AB2
S31500002560002352F8335002EBC3041DB942F833106E
S31500002570606030BD0133082BF3D1FAE75C2500001B
S3150000258070B504460D46164600F06CFA94F84430D1
S31500002590FF2B04BF002384F8443094F84530FF2B0A
S315000025A004BF002384F8453000F07CFAA36B2BB9F6
S315000025B03246294604F124000CF0A6FB2046BDE86D
S315000025C07040FFF775BB0000914208B5416000619D
S315000025D00AD8D21A83699A420DD2084B011D18688F
S315000025E0FFF7EBFA002008BD9A4201D2994202D2C7
S315000025F0034B011DF3E70120F5E700BF482B000060
S315000026004C2B0000F7B5114C00F02CFA2568BDB92B
S315000026100F4F104E3846FFF7B7FA3046FFF7B4FAB9
S315000026200D4B0E4A1F600E4B10211E6005200D4BF0
S315000026300095FFF7F1FB206010B10B49FFF78EFF05
S3150000264003B0BDE8F04000F02DBA00BF442B0000F7
S31500002650642B0000502B00004C2B0000EC2A0000DD
S31500002660482B00009C2A0000F3FE200810B588B015
S31500002670FFF7C8FF124B1B68B3B1002407AA06A9CF
S3150000268005A8CDE90544FFF773FA059B0293069B5F
S31500002690019337230093079A0A490B4823460CF007
S315000026A03BFB0A4B186040B94FF0140383F31188C3
S315000026B0BFF36F8FBFF34F8FFEE7012008B010BD49
S315000026C0442B0000F8FE2008CD372008402B0000E0
S315000026D07FB5164604461A4640B94FF0140383F3F5
S315000026E01188BFF36F8FBFF34F8FFEE70D4D28683C
S315000026F080B10529CDE9001602940DDC0CF000FB33
S315000027000023022808BF089A286818BF1A46694697
S31500002710FFF7E1FB04B070BD00236946FFF7DDFC5F
S31500002720F8E700BF442B00002DE9F347DFF8988057
S3150000273006460CF0DDFAD8F800308342054609D982
S315000027401F4F3B681A686AB91E4A116839601360E0
S31500002750012300E0002328463360C8F8005002B089
S31500002760BDE8F087DB68DC68D3F8009004F1040A62
S315000027705046FFF739FA236A2046984794F82830DE
S315000027805B07DED5A3694B44994506D2386863607A
S3150000279024615146FFF711FAD3E7002300934A4616
S315000027A019462046FFF794FF0028CAD14FF01403BC
S315000027B083F31188BFF36F8FBFF34F8FFEE700BF20
S315000027C04C2B0000482B00003C2B00002DE9F04369
S315000027D06E4D6F4E89B02B68D3F80080B8F1000FAC
S315000027E035D0DB68D3F8008000240CF0B9FA04A8D1
S315000027F0FFF79AFF049B8146002B69D1002C4CD130
S31500002800404550D30CF08CFA2B68DB68DF68381D26
S31500002810FFF7EAF997F8283058071AD5B9694346F9
S315000028204A4641443846FFF7CFFEB0B100942346EE
S31500002830424621463846FFF74BFF70B94FF0140366
S3150000284083F31188BFF36F8FBFF34F8FFEE7012429
S31500002850CBE723F0010387F828303B6A38469847D0
S315000028603068002204A9FFF7FCFC0028B3D0049BC3
S315000028700698002B2FDB069C6369002B32D103A838
S31500002880FFF752FF049B0246092BE9D8DFE803F065
S315000028902E2E2E575E762E2E575E3E4B1B681C68DC
S315000028A0B4FA84F4640930682246A8EB0901FFF7FC
S315000028B067FE0CF035FA0028D2D14FF0E0234FF036
S315000028C08052C3F8042DBFF34F8FBFF36F8FC7E756
S315000028D00CF026FAC4E7059B07999847049B002B42
S315000028E0BEDBC8E7201DFFF77FF9C8E794F828305C
S315000028F0A16943F0010384F82830059B204619445A
S31500002900FFF762FE0028ABD0236A2046984794F86A
S3150000291028305907A4D5A269059900230A440093D3
S3150000292019462046FFF7D4FE002899D14FF014032C
S3150000293083F31188BFF36F8FBFF34F8FFEE794F8D1
S31500002940283023F0010384F8283089E794F82830EA
S3150000295043F0010384F828300599A16141B94FF08D
S31500002960140383F31188BFF36F8FBFF34F8FFEE716
S31500002970034601442046FFF727FE71E794F8283006
S315000029809A07DED4204600F0BDF969E74C2B00001B
S31500002990442B0000482B000008480068006880F3BC
S315000029A008884FF0000080F3148862B661B6BFF362
S315000029B04F8FBFF36F8F00DF00BF000008ED00E010
S315000029C0DFF80C00016841F47001016070470000F7
S315000029D088ED00E082B0002301930D4B1B680133A4
S315000029E008D04FF0140383F31188BFF36F8FBFF342
S315000029F04F8FFEE74FF0140383F31188BFF36F8FF9
S31500002A00BFF34F8F019B002BFCD002B0704700BF75
S31500002A105C0000004FF0807340F8043C074B40F820
S31500002A200C3C21F001016FF0020340F8081C40F84D
S31500002A30202C40F8243C4438704700BFD539200884
S31500002A40074B19680868B0E8F04F80F30988BFF3B0
S31500002A506F8F4FF0000080F311887047AFF300804E
S31500002A60982A00004FF0140383F31188BFF36F8F89
S31500002A70BFF34F8F0A4A13680133012B13600ED13F
S31500002A804FF0E023D3F8043DDBB243B14FF014031B
S31500002A9083F31188BFF36F8FBFF34F8FFEE7704745
S31500002AA05C000000084A136843B94FF0140383F32F
S31500002AB01188BFF36F8FBFF34F8FFEE7013B1360A3
S31500002AC00BB983F3118870475C000000000000001A
S31500002AD0EFF30980BFF36F8F154B1A681EF0100FC6
S31500002AE008BF20ED108A20E9F04F10602DE909009B
S31500002AF04FF0140080F31188BFF34F8FBFF36F8F31
S31500002B000CF0EEF84FF0000080F3118809BC19684C
S31500002B100868B0E8F04F1EF0100F08BFB0EC108A3E
S31500002B2080F30988BFF36F8F704700BFAFF3008053
S31500002B30982A000008B54FF0140383F31188BFF3F9
S31500002B406F8FBFF34F8F0CF003F928B14FF0E023DE
S31500002B504FF08052C3F8042D002383F3118808BD7B
S31500002B604FF0E022002313619361054B4FF47A7115
S31500002B701B68B3FBF1F3013B5361072313617047F5
S31500002B80E02B00004FF0E02337B5D3F8001D3A4A9A
S31500002B90914208D14FF0140383F31188BFF36F8F6E
S31500002BA0BFF34F8FFEE7D3F8002D344B9A4208D17E
S31500002BB04FF0140383F31188BFF36F8FBFF34F8F6A
S31500002BC0FEE72F4B1A78D2B20192FF221A701B78B9
S31500002BD02C4ADBB28DF803309DF8033003F0140362
S31500002BE01370294A0723136000219DF8030000068D
S31500002BF003F1FF340CD411B1012B136011D04FF047
S31500002C00140383F31188BFF36F8FBFF34F8FFEE773
S31500002C109DF803305B00DBB28DF8033001212346BB
S31500002C20E3E74FF480731360019B154A4FF0E024ED
S31500002C30DBB21370D4F8203D43F47C03C4F8203D86
S31500002C40D4F8203D43F07C43C4F8203DFFF788FFCD
S31500002C500E4B00251D60FFF7B3FED4F8343F43F05A
S31500002C604043C4F8343FFFF797FE0CF039F8FFF7FE
S31500002C70B1FE284603B030BD71C20F4170C20F418C
S31500002C8000E400E07C2B0000782B00005C000000D4
S31500002C90EFF305830F2B0ED9114A9B5C114A12786C
S31500002CA09A4208D94FF0140383F31188BFF36F8F4C
S31500002CB0BFF34F8FFEE74FF0E0230B4AD3F80C3DEE
S31500002CC0126803F4E063934208D94FF0140383F3C8
S31500002CD01188BFF36F8FBFF34F8FFEE7704700BFBA
S31500002CE0F0E300E07C2B0000782B000010B50446D2
S31500002CF00CF036F8204609F029F904460CF010F8D5
S31500002D00204610BD10B5044640B10CF029F8204607
S31500002D1009F024F9BDE810400CF002B810BD00001F
S31500002D2070B5134C134D23685E6C00231946284674
S31500002D300222B04723681E6800231946022228464D
S31500002D40B04723680C4DD3F8C03005209847236858
S31500002D505E6C0023194628460A22B04723681C6881
S31500002D6000232846A4460A22BDE87040194660475B
S31500002D700001300000C004240000134630B5114B9A
S31500002D8093F85830013BDBB2FD2B8FB018D80E4DAF
S31500002D900FCD6C460FC40FCD0FC40FCD0FC495E8F1
S31500002DA0030084E80300094C6846D4F844370CF065
S31500002DB05BFC05F05FFFD4F8443700200FB030BD50
S31500002DC00120FBE700021F0858021F0800800524A7
S31500002DD0134B0168D3F84437F0B50127013900D207
S31500002DE0F0BDD0F808C04668CCF38455C5EBDC626C
S31500002DF0346801320023013A0CD203FA05F203EAE1
S31500002E000C03C3F3150324EA0202AB4013433360F9
S31500002E100830E3E707FA02FE43EA0E03EBE700BFDA
S31500002E200080052408B51848FFF7D2FF1748FFF7BA
S31500002E30CFFF06F015FA06F027FA06F031FA06F08B
S31500002E4043FA06F04DFA1248FFF7C2FF1148FFF7A2
S31500002E50BFFF1148FFF7BCFF1048FFF7B9FF104846
S31500002E60FFF7B6FF0F48FFF7B3FF0F48FFF7B0FFB6
S31500002E700E48FFF7ADFF0E48FFF7AAFFBDE8084072
S31500002E800C48FFF7A5BF00BFC416000028160000B7
S31500002E9064120000301300002413000044130000E5
S31500002EA004120000F8110000EC11000040120000AE
S31500002EB0881200007C12000010B5254CFFF7B2FF07
S31500002EC094F8040600F00100FFF758FF4FF4C02302
S31500002ED0C4F86C34D4F840311E4843F40023C4F8D7
S31500002EE04031D4F8403143F00103C4F84031D4F8FE
S31500002EF0403143F00203C4F84031FFF769FF164939
S31500002F001648D1F8103543F00203C1F8103563694D
S31500002F1023F400336361636943F480336361D0F85B
S31500002F204027D0F87837C2F34342023A23F4F073CD
S31500002F3043EA4213C0F87837D1F8943443F40023B7
S31500002F40C1F89434236943F46013236110BD00BFB4
S31500002F50008004245014000000A0052400800524ED
S31500002F6008B550B10748FFF733FF0748FFF730FFB2
S31500002F700648BDE80840FFF72BBF0548FFF728FFC6
S31500002F800448F6E7981400004015000034150000C8
S31500002F900C150000B81400000B48D0F800D05DF8FE
S31500002FA004EB5DF804CB5DF804BB5DF804AB5DF89B
S31500002FB0049B5DF8048B80BC40BC20BC10BC08BCE4
S31500002FC004BC02BC01BC70478C2B0000114AD2F82D
S31500002FD0103623F48073C2F810360F4B596B41F04C
S31500002FE001015963596B41F0020159630423C2F888
S31500002FF0383482B000238DF807309DF80730092B4E
S3150000300001D902B0704700BF9DF807300133DBB22B
S31500003010F1E700BF0080042400840424FEE7FEE7F5
S31500003020054B064A06498B4200D3704752F8040BFB
S3150000303043F8040BF7E700BF100000008C082108D6
S3150000304018170000064B0748DA1C121AC11E22F098
S315000030500302994288BF0022002109F0B1BE00BFD9
S31500003060103C00001817000008B5FFF7D9FFFFF75E
S31500003070E9FF00F0B3F8BDE80840FEF75BB90000D1
S3150000308038B5374B374A1A60374B384A93F8063605
S31500003090374C03F00F030F2B15BF364B4FF0006371
S315000030A0D3F89312D3F837140CBF11601160324A6B
S315000030B00CBFD3F83634D3F89232136005F05AFFBA
S315000030C005F05AFF2D4BDB694FF08061D3F8803055
S315000030D04FF08C409847E369022060F30E33E361BA
S315000030E0274BDA696FF30202DA6105F0BFFF1E4B68
S315000030F01A6A042161F302021A621A6A1207FCD5DF
S31500003100A369022262F38403A361A3691B04FCD5AD
S315000031101C4B1D4D5A6E6FF341025A665A6E6FF381
S3150000312000025A66FFF752FF184B19480D4A1861FC
S315000031304FF4FA44D86117485C6200211C624FF4D0
S315000031400044C3E90022C3E90B05C3E90F229960D5
S315000031505961DA609C625A635864996138BD00BF50
S31500003160E02B0000005A620200800424882B000035
S315000031700081042400001F08842B00000001300099
S315000031800086042400840424002D3101902B0000C5
S3150000319000B4C4040048E8014FF0E02384B0D3F83B
S315000031A0402F0192D3F8442F02920199094A914285
S315000031B00DD10299084A914209D1D3F8882D03927C
S315000031C0039A42F470020392039AC3F8882D04B05E
S315000031D0704700BF210011101100001113B5002324
S315000031E0009301932F4BD3F810250092009A00927A
S315000031F02D4A116821F00F01116011681160D3F892
S315000032009C1421F46071C3F89C14D3F8041701913F
S315000032100199C3F80415D3F8001701910199C3F871
S315000032200015D3F8101541F01C01C3F81015D2F89B
S31500003230024014F48074FAD11C48436943F4803385
S315000032404361436964F351434361FFF7A5FF184B9C
S315000032504FF080725A60174BC0F84031164B5A68CF
S3150000326064F3C3025A60036A0E4A43F4803303626E
S31500003270036A43F400330362D2F8943443F4002320
S31500003280C2F89434036943F4601303610B4B1A6864
S3150000329042F400221A601A6842F480221A6002B0D0
S315000032A010BD00BF00A005240000052400800424F2
S315000032B00000304103000800008104240084042437
S315000032C020F04040012802D0022805D07047034A6A
S315000032D01368013313607047014AF9E7E82B0000D1
S315000032E0E42B000010B5124CE3689847A368114818
S315000032F09847236902209847A46A01211520A04710
S3150000330001211620A0474FF4E1310120A0470A4CC5
S31500003310206810B9FEF77AFB2060084B4FF4805204
S31500003320C3F88020BFF34F8FBFF36F8F10BD00BF70
S3150000333078002108C1422008EC2B000000E100E0E3
S3150000334013B5094C00238DF804302360074B012187
S315000033509B6901A8984723681BB19DF8040002B039
S3150000336010BD00F035FDF6E7E42B000078002108DB
S3150000337013B5094C8DF8070000232360074B012184
S315000033805B690DF10700984723680BB102B010BDC9
S3150000339000F01EFDF8E700BFE82B000078002108CA
S315000033A003681B780022202B04D0093B042B01D98B
S315000033B0D0B270470368591C01605B780132F2E7AE
S315000033C00120704708B509F05DFD162303604FF034
S315000033D0FF3008BD08B509F055FD16230360FEE76A
S315000033E070B50D461446FEF7DDFA022805D10C4BE2
S315000033F04FF0FF311868FEF753FB2E46731BA342AE
S3150000340009DBFEF7CFFA022803D1054B1868FEF751
S3150000341077FB204670BD16F8010BFFF7A9FFEDE715
S31500003420EC2B00004FF0FF3070474FF400534B6019
S315000034300020704701207047002070470FB42DE927
S31500003440F0438BB012AB002453F8046B01938DF854
S315000034501040FFF775FF0D288DF81000F7D00A28E9
S31500003460F5D0002425460134142C2ED0FFF768FF32
S3150000347004F128036B440D2803F8180C01D00A2820
S31500003480F0D105F128030DEB0305002305F8163CE2
S3150000349004AB03939DF81030019F0296002B00F0B9
S315000034A04E810025029B1B78002B3BD0DDF80C904B
S315000034B099F80060002E35D002A8FFF771FF044688
S315000034C038B103A8FFF76CFFECE700238DF8243032
S315000034D0DEE7029A1346517813F8010B029325286A
S315000034E001D1252907D18E421CD109F101030232EF
S315000034F003930292D6E726462046A0461A7806F09F
S315000035007C01002A67D100B10293002967D109E046
S31500003510692A51D01ED8632A53D011D8392A07D820
S315000035202F2A35D8E8B20BB0BDE8F04304B0704797
S31500003530582AF7D146F0200601334FF0100833E041
S31500003540642AEFD146F4005646F0200601334FF0C8
S315000035500A0829E06F3AD1B20929E3D8092AE1D845
S3150000356001A151F822F000BFAD45200825452008ED
S315000035702545200825452008D14520082545200851
S3150000358049452008254520082545200835452008B9
S31500003590002CC7D10A211A78303A01FB042413F80B
S315000035A0012F303A092AF6D90120A7E746F020066E
S315000035B001334FF00808F7E746F020060133884646
S315000035C0F2E7012C46F0040638BF01240133EBE78D
S315000035D046F00806FAE700299AD000B10293002CBB
S315000035E008BF632408291BD0202940D0042999D17B
S315000035F057F8042B4946144400200E780B46013137
S315000036000EB938B94EE702F8016B94424FF001004B
S31500003610F3D10B46994503933FF444AF013541E797
S3150000362003A8FFF7BDFEDDF80CC057F8042B66466D
S3150000363014440021307810F0DF0F334606F10106FE
S3150000364001D161B92EE7A0F1090EBEF1040FF8D938
S3150000365002F8010BA2424FF00101EBD133469C4523
S3150000366003933FF41FAF374B00221A70D6E703A827
S31500003670FFF796FE039BB8F1000F10D0B8F1100FBC
S3150000368017D11A78302A14D15A7802F0DF02582A54
S315000036900FD102330393023C4FF0100809E01A7869
S315000036A0302A16D15A7802F0DF02582AF1D04FF0AC
S315000036B00808039B1A782B2A0ED02D2A0FD1013326
S315000036C00393013C4FF0FF31039A002014448446D3
S315000036D014E04FF00A08ECE701330393013C0121A3
S315000036E0F2E7A9F14103052B02D910B3039220E0BA
S315000036F0A9F1370315E00CFB083C012092F8009075
S315000037009646B9F1000FF0D0A242EED0A9F13003EF
S31500003710DBB2092B06D9A9F16103052BE1D8A9F182
S315000037205703DBB2984502F10102E4D808B1CDF89F
S315000037300CE057F8043B0CFB01F119606EE74FF003
S31500003740FF35EFE6F02B0000044802231421C218CF
S3150000375001334B2B82F80013F9D1704700E100E0EA
S31500003760064B1868002382B262F30F03000C60F365
S315000037701F4382B0184602B0704700BF740021088C
S315000037800E207047014803F04BBA00BF2400210801
S31500003790014803F045BA00BFD4FF2008014803F0F2
S315000037A03FBA00BF84FF200807B50023034A0093F1
S315000037B003F02CF803B05DF804FB00BFD4FF20082B
S315000037C037B5044602200D4600F0A2FCE2B2132AE9
S315000037D00346084A02D11178A52908D0127800922A
S315000037E02946054A204603F011F803B030BD6FF0B4
S315000037F00600FAE7600000002400210837B50446F9
S3150000380009200D4600F084FCE2B2132A0346084A5A
S3150000381002D11178A52908D0127800922946054AC6
S31500003820204602F0F3FF03B030BD6FF00600FAE762
S315000038306000000084FF2008014802F0DDBF00BFE1
S3150000384024002108014802F0D7BF00BFD4FF20089A
S31500003850014802F0D1BF00BF84FF20081FB5064B08
S315000038601B680293054B0193054B0093054B02F031
S31500003870B5FE05B05DF804FBE03000006C2D0000DD
S3150000388070000000240021081FB5064B1B68029338
S31500003890054B0193054B0093054B02F09FFE05B0C7
S315000038A05DF804FBE03000006C2D000070000000A5
S315000038B0D4FF20081FB5064B1B680293054B0193E6
S315000038C0054B0093054B02F089FE05B05DF804FB3D
S315000038D0DC3000007C2C00006400000084FF20081F
S315000038E007B5064B064A1B680193064B0093064B29
S315000038F003F06CFB03B05DF804FB00BFE030000092
S31500003900240021086C2D00007000000007B5064B4E
S31500003910064A1B680193064B0093064B03F056FBC1
S3150000392003B05DF804FB00BFE0300000D4FF2008C0
S315000039306C2D00007000000007B5064B064A1B6898
S315000039400193064B0093064B03F040FB03B05DF872
S3150000395004FB00BFDC30000084FF20087C2C000044
S315000039606400000007B5064B064A1B680193064B28
S315000039700093064B03F066FA03B05DF804FB00BF44
S31500003980E0300000240021086C2D000070000000CB
S3150000399007B5064B064A1B680193064B0093064B78
S315000039A003F050FA03B05DF804FB00BFE0300000FE
S315000039B0D4FF20086C2D00007000000007B5064BF0
S315000039C0064A1B680193064B0093064B03F03AFA2E
S315000039D003B05DF804FB00BFDC30000084FF200864
S315000039E07C2C000064000000014902F06DBD00BFA0
S315000039F024002108014902F067BD00BFD4FF20085A
S31500003A00014902F061BD00BF84FF20080149024858
S31500003A1002F03ABD70000000240021080149024866
S31500003A2002F032BD70000000D4FF2008034B0449A9
S31500003A3004484FF480029A6402F026BD00840424F0
S31500003A406400000084FF200807B5074B07491022D1
S31500003A509A60074B0193074B0093074A074B02F006
S31500003A606FFB03B05DF804FB0084042424002108E6
S31500003A7064300000E03000007000000000FC02002E
S31500003A8007B5074B074910229A60074B0193074B6E
S31500003A900093074A074B02F053FB03B05DF804FBA3
S31500003AA000840424D4FF200864300000E0300000C5
S31500003AB07000000000FC020007B5084B08494FF4EF
S31500003AC080025A64074B0193074B0093074A084B41
S31500003AD002F036FB03B05DF804FB00BF008404244B
S31500003AE084FF2008EC2F0000DC300000640000009A
S31500003AF0001C0624014B1870704700BF60000000D0
S31500003B00014803F09DB800BF24002108014803F0D6
S31500003B1097B800BFD4FF2008014803F091B800BF52
S31500003B2084FF2008012808D1094BC9B2D3F8F02038
S31500003B3061F30702C3F8F0207047022802D1054B53
S31500003B40C9B2F3E70328F7D1034BC9B2EEE700BFCA
S31500003B50000002440000014500080424012809D1A0
S31500003B600A4B9A696FF303029A61DA696FF30302EB
S31500003B70DA6170470228FCD1054B9A69012161F38D
S31500003B8003029A61DA6961F30302F1E70000024475
S31500003B9000000145012804D1074BD87900F0010047
S31500003BA07047022801D1054BF7E7032801D1044BE2
S31500003BB0F3E70020704700BF702C0000482C00007F
S31500003BC0202C000070477047064B1868002382B20D
S31500003BD062F30F03000C60F31F4382B0184602B075
S31500003BE0704700BFEC002108014B1868704700BF02
S31500003BF07C000000014804F081BD00BF7C0000008D
S31500003C00014904F039BD00BF7C000000014804F002
S31500003C1011BD00BF7C00000037B504460B200D46E1
S31500003C2000F076FA064B1B680193064B009302469A
S31500003C30054B2946204604F08DF803B030BD00BF81
S31500003C40DC300000640000007C000000014804F045
S31500003C507DB800BF7C000000014804F074B800BFC6
S31500003C607C0000007FB5104BD3E90354B2F5806F9A
S31500003C702E883ABF02F1FF33C3F3090340F2FF3344
S31500003C8063F30D162E80258863F30D15074B2580EB
S31500003C901B680293064B0193064B0093024B04F0FC
S31500003CA019F804B070BD00BF7C000000DC300000D5
S31500003CB07C2C0000640000000D4B1A69B1F5806F82
S31500003CC013B538BF01F1FF33148834BFC3F30903BA
S31500003CD040F2FF3363F30D14064B14801B68019307
S31500003CE0054B0093024A054B03F056FF02B010BD88
S31500003CF07C000000DC3000007C2C0000640000002A
S31500003D000D4BDA68B1F5806F13B538BF01F1FF339B
S31500003D10148834BFC3F3090340F2FF3363F30D1471
S31500003D20064B14801B680193054B0093024A054B12
S31500003D3003F084FE02B010BD7C000000DC30000001
S31500003D407C2C000064000000024B034A1B680349F8
S31500003D5003F0CCBDDC300000640000007C000000F5
S31500003D60034B044904484FF400129A6403F06EBDF5
S31500003D7000840424640000007C00000007B5064BA4
S31500003D800193064B0093064A064B074903F0CEFC07
S31500003D9003B05DF804FB00BFEC2F0000DC30000030
S31500003DA064000000001C06247C000000014803F0AB
S31500003DB095BB00BF04010000014803F08FBB00BFA4
S31500003DC0C0000000014803F089BB00BF7C00000072
S31500003DD0FFF7F8BF7FB5264E03788DF80D308DF8C6
S31500003DE0093033784278234D8DF80C2001210446A2
S31500003DF08DF80E108DF80820B3B1039806F042FB3B
S31500003E0003462860A8B962782079052A13D121785B
S31500003E10194B1A4A43F8214006F0ACFBA278184920
S31500003E2001238B54337004E006F0CEFB2860002893
S31500003E30E3D004B070BD042A10D1124D124A29787D
S31500003E4042F8214000930246104B1148415C02A8FB
S31500003E5006F034FA2B7801332B70DFE70D4D0E4A4E
S31500003E60297842F82140009302460C4B0C48EDE7B6
S31500003E70903100009431000074310000594F200841
S31500003E808C3100008E3100007C310000494F200843
S31500003E90480100008F31000084310000394F2008AE
S31500003EA05001000010B5044629B1042912D0BDE81E
S31500003EB0104007F0EDB94B2804D90D4840F2DB114C
S31500003EC006F09CFE240104F18C4404F59814606805
S31500003ED0C0B210BD0B2804D905484FF4EF7106F0A7
S31500003EE08DFE240104F1105404F59824EFE700BF79
S31500003EF0F000210870B5044641780078FFF7D2FF3C
S31500003F0043B2002561782078DEB2FFF7CBFF43B2DB
S31500003F10B342F6D10135B5F5FA7FF3D10549A2785A
S31500003F2020788A5C934214BF01210021FDF79AF99B
S31500003F3070BD00BF8C310000024B53F82000FFF724
S31500003F40D9BF00BF84310000024B53F82000FFF7B1
S31500003F50D1BF00BF7C310000024B53F82000FFF7B1
S31500003F60C9BF00BF743100000278052A15D843780E
S31500003F7022B93A2B34BF002021207047511E012957
S31500003F8005D9032A05D0042A05D0062BF2E7102B03
S31500003F90F0E70A2BEEE70C2BECE72120704713B570
S31500003FA0837804468BB9012006F03AFA63788DF8D7
S31500003FB0043023788DF8053000238DF806300198FB
S31500003FC002B0BDE8104006F05DBA0020ECE7000044
S31500003FD037B5831E5D425D4104468DF80500AD0090
S31500003FE001A88DF80450FFF7BFFF80B98DB94B2C9F
S31500003FF004D90B4840F24A2106F000FE240104F1E0
S315000040008C4404F59814636883F00103636003B07D
S3150000401030BD044A536A83F001035362F7E700BFD9
S31500004020F000210800C00424354BDFED366AD3F8D2
S31500004030102242F04002C3F8102207EE900AD3F88D
S315000040401022F4EEE67A42F01002F1EE10FA07EED4
S31500004050101A82B0C3F8102206DCF0EE086AB4EE3D
S31500004060E67AF1EE10FA08D5D3F8102242F02002D3
S31500004070C3F81022002002B070479FED237AF4EEB9
S31500004080C77AF1EE10FA10D5D3F810226FF30302B7
S31500004090C3F81022D3F810226FF38612C3F8102249
S315000040A0D3F810226FF30412E2E777EEC77ADFED5A
S315000040B0176A134A87EEA67AF7EE007A77EE277A22
S315000040C0FCEEE77ACDED017A9DF80430F6EE007A43
S315000040D077EE277A07EE103AB8EE477AB4EEE77A2B
S315000040E0F1EE10FAC2BFFCEEE77ACDED017A9DF84B
S315000040F00430D2F8101263F30301C2F81012B9E7C4
S315000041000038042433333340CDCCCC3F0AD7A33D0B
S31500004110D0B50E2800F27C82DFE810F00F005A00BE
S315000041209500D00004010F01410171018101900148
S31500004130B701DC010702320254024FF08C43DB69FF
S3150000414003F00703042B41D8DFE803F0033A3437C2
S315000041503D00844B9A6C013A052A37D8DFE802F015
S31500004160032224222628586C4FF08C43DC69DB6935
S31500004170C4F3C30413F0005F60D094B107F03AFAB9
S31500004180064620460F4607F035FA774B002207F021
S31500004190F5F802460B463046394607F0CFFB07F0E6
S315000041A03DFDD0BDD86ADFE7D86BDDE7186BDBE7EE
S315000041B0586BD9E76B4BD869D6E76A4B5869D3E792
S315000041C0684B9868D0E7674BD868CDE70020CBE707
S315000041D04FF08C43DB69C3F3C213042B2CD8DFE802
S315000041E003F003251F2228005E4B9A6C013A052A2C
S315000041F022D8DFE802F0030D0F0D1113586C4FF0B3
S315000042008C43DC69DB69C4F3832413F0804FB3E786
S31500004210D86AF4E7D86BF2E7186BF0E7586BEEE76D
S31500004220504BD869EBE74F4B5869E8E74D4B986818
S31500004230E5E74C4BD868E2E70020E0E7002CB0D079
S31500004240B0FBF4F0ADE74FF08C439B69C3F3C23388
S31500004250052B31D8DFE803F0032124272A2D414B13
S315000042609A6C013A052A27D8DFE802F0030F110FEE
S315000042701315586C4FF08C439B69C3F3C32213F498
S31500004280F04F8ED0B0FBF2F08BE7D86AF2E7D86B2E
S31500004290F0E7186BEEE7586BECE7324B9868E9E706
S315000042A0304B1869E6E72F4B5869E3E72D4BD86981
S315000042B0E0E72C4BD868DDE70020DBE74FF08C43C6
S315000042C09B6AC3F34243032B2AD8DFE803F002209C
S315000042D02326244B9A6C013A052A21D8DFE802F0FE
S315000042E0030F110F1315586C4FF08C439A6AC2F3E3
S315000042F0055312F07C7F3FF454AF5B004CE0D86A64
S31500004300F2E7D86BF0E7186BEEE7586BECE7154B66
S315000043105869E9E7134B9868E6E7124BD868E3E774
S315000043200020E1E74FF08C42936903F00703032B6B
S3150000433025D8DFE803F0081B1E214FF08C42D36F0F
S31500004340C3F34223F3E7074BD86A91699369D269AD
S315000043508C05C3F3C503C2F3007212D5B2B9DBB93B
S315000043601FE700BF902B00000000E03F824BD8699A
S31500004370EBE7814B5869E8E77F4B9868E5E7002053
S31500004380E3E71AB9002BB8D140080AE7D9077FF549
S3150000439008AF022B7FF605AFB0FBF3F001E74FF055
S315000043A08C439B69C3F30263042B00F23181DFE87F
S315000043B013F0DF0005001D00200023006E4B9A6CF1
S315000043C0013A052A00F22481DFE812F0060008000F
S315000043D00B0008000D00F700586CE2E6664BD86A41
S315000043E0DFE6D86BDDE6644B186BDAE6624B98685D
S315000043F0D7E6614BD869D4E65F4B5869D1E64FF0F2
S315000044008C42936913F4802F5B4B0CBF58699868F4
S31500004410936992691202C3F3C343B3D59FE74FF082
S315000044208C439A6A12F4806F534A0CBF9069D06825
S315000044309A6AC2F3C52312F4FC3F5CE74F4A9369BC
S315000044401B0F062B1FD8DFE803F0040C0F121518FC
S315000044501B00494B58689369C3F3464213F47E0F19
S315000044600FE7454B186AF6E7434B586AF3E7424BAA
S31500004470986AF0E7404BD86AEDE73F4B186BEAE7DE
S315000044803D4BD868E7E70020E5E73C4AD369C3F32C
S315000044904303052B1CD8DFE803F0030C0F12151895
S315000044A0354B5868D369C3F34713002B7FF425AF08
S315000044B077E6314B186AF5E72F4B586AF2E72E4B31
S315000044C0986AEFE72C4BD86AECE72B4B186BE9E7B9
S315000044D00020E7E7294A136AC3F34303072B22D8D0
S315000044E0DFE803F0040C0F1215181B1E224B586848
S315000044F0136AC3F3421213F0E00FC2E61E4B186AAA
S31500004500F6E71D4B586AF3E71B4B986AF0E71A4B20
S31500004510D86AEDE7184B186BEAE7174BD868E7E758
S31500004520154B586BE4E70020E2E7144B1B6BC3F313
S315000045304303062B6CD801A252F823F059552008E4
S315000045405F552008655520086B552008DD53200867
S31500004550E753200871552008074B586821E6064B9B
S31500004560186A1EE6044B586A1BE6034B986A18E65F
S31500004570014BD86815E600BF902B000000140424F8
S31500004580244B5B6BC3F34303082B41D801A252F8BB
S3150000459023F000BF595520085F55200865552008AF
S315000045A06B552008DD532008E75320087155200875
S315000045B0B9552008BF552008174B586BF1E5164B27
S315000045C09869EEE5134AD36AC3F34303062B1DD855
S315000045D0DFE803F0040A0D10131619000E4B586895
S315000045E0D36AC3F34713BAE60B4B186AF8E70A4BCC
S315000045F0586AF5E7084B986AF2E7074BD86AEFE77F
S31500004600054B186BECE7044BD868E9E70020E7E7B1
S315000046100020C6E500140424902B0000024B1B6802
S31500004620D3F8BC30184700BF00013000024B1B68AE
S31500004630D3F8CC30184700BF00013000024B1B688E
S31500004640D3F8EC30184700BF00013000024B0121BF
S315000046509B69C0B2184700BFB8310000FFF7F6BF2C
S315000046601346054A126810B4546C0A46A446002143
S315000046705DF8044B604700BF00013000034B1B6A26
S3150000468002469B6A02480121184700BF000130001C
S3150000469000140424104B114A1B7F82B0012BADF885
S315000046A004000F4BC0B24FF400610DD9116020B960
S315000046B0D3F808220A43C3F808225A68002042F0B9
S315000046C001025A6002B0704711600028F5D1D3F894
S315000046D0082242F40062EEE7B831000000E100E093
S315000046E0003804242DE9F04F224B234893F81CE0B0
S315000046F0224B1A7800231C4602F59875D9B28E45CE
S315000047000CD8DFF880800023A8F5107902F5907C9C
S31500004710DAB2964509D80020BDE8F08F30F81510BA
S315000047208C4238BF0C460133E8E743B929F81C3000
S315000047300133EDE7B5F820B0594489B20AE0002705
S315000047401FFA83FABEB2B442F2D900220C4D1046CB
S3150000475035F8021FA14203D2B142EBD1013292B227
S31500004760013080B25045F3D30137002AEAD128F848
S315000047701360DDE7B8310000D8310000B431000025
S315000047801634000018340000012800D17047C30712
S3150000479001D44008F8E70020704703460120834211
S315000047A008DC00EBD072A3EB6203B3EBA00FB8BF3B
S315000047B0400870474000F2E707EE100ADFED087A7E
S315000047C0084837EE277AF7EE006AC6EE877AFCEEDF
S315000047D0E77A17EE903A834228BF03461846704799
S315000047E095BFD633404B4C0084B0F0B506AC84E898
S315000047F00E00DFED957A002123AC0DF16B050A461C
S315000048000B46CEB2B04200F2AF80002B00F0A38080
S31500004810B0EE007AF4EEC77AF1EE10FAB0EE047A52
S3150000482005DBF4EEC77AF1EE10FA00F1DF80F4EE64
S31500004830C77AF1EE10FAB0EE087A05DBF4EEC77A25
S31500004840F1EE10FA00F1D880F4EEC77AF1EE10FA24
S31500004850B1EE007A05DBF4EEC77AF1EE10FA00F15C
S31500004860CE80F4EEC77AF1EE10FAB1EE047A05DBEB
S31500004870F4EEC77AF1EE10FA00F1C480F4EEC77ACE
S31500004880F1EE10FA07DBB1EE087AF4EEC77AF1EE34
S3150000489010FA00F1BA80B1EE0C7AF4EEC77AF1EEB6
S315000048A010FAB2EE007A05DBF4EEC77AF1EE10FAF2
S315000048B000F1AE80F4EEC77AF1EE10FAB2EE027AAB
S315000048C005DBF4EEC77AF1EE10FA00F1A480F4EEFF
S315000048D0C77AF1EE10FA06DBB2EE047AF4EEC77A86
S315000048E0F1EE10FA6FD4B2EE087AF4EEC77AF1EE72
S315000048F010FA06DBB2EE0C7AF4EEC77AF1EE10FA95
S315000049006ED4B3EE017AF4EEC77AF1EE10FA06DB56
S31500004910B3EE027AF4EEC77AF1EE10FA63D4B3EE90
S31500004920097AF4EEC77AF1EE10FA06DBB3EE0A7AEC
S31500004930F4EEC77AF1EE10FA70D9B3EE0B7AF4EE14
S31500004940C77AF1EE10FA06DB9FED407AF4EEC77AED
S31500004950F1EE10FA74D9DFED3E7A9FED3E7A002A29
S3150000496018BFF0EE477A65E015F8016FA6F1140C52
S31500004970BCF1020F2F7C0FD894ED007AB4EEE77AE3
S31500004980F1EE10FA03DD0133DBB2F0EE477A0D2FBC
S3150000499016D00131043434E7A7F10A0CBCF1020F3A
S315000049A00CD894ED007AB4EEE77AF1EE10FA03DD56
S315000049B00133DBB2F0EE477A182EE9E7182EE6D17E
S315000049C00132D2B2E5E7DFED247A9AB39FED217A80
S315000049D0F4EEC77AF1EE10FA23D5F0EE477A29E025
S315000049E0DFED1E7AF1E7DFED1E7AEEE7DFED1D7AE9
S315000049F0BAB1DFED187A1DE0DFED1B7AF8E7DFEDDF
S31500004A001B7AF5E7DFED1A7AF2E7DFED1A7AEFE7C0
S31500004A10DFED197AECE7DFED197AE9E7DFED187AD1
S31500004A2042B19FED0B7AF4EE477AF1EE10FA48BFE9
S31500004A30F0EE477ABDE8F04017EE900A04B07047F2
S31500004A40DFED107AECE700BF0000000000004C42EA
S31500004A5095BFD6338BE16A36ACC5A735EFE6083687
S31500004A609F9D42362E5A823301A90C3437F85934A9
S31500004A702439EC3434580F35AD186335883E8A3501
S31500004A80B1B49D36F2DD1C3770B50D4616460446A8
S31500004A90D0B9FFF7D3FDAA4807222146FFF7E0FD6C
S31500004AA0002D40F0AA81012E00F09F810B2C1DD015
S31500004AB00C2C40F0F5800520FFF7C0FDA04807222A
S31500004AC00521FFF7CDFD98E0012818D10220FFF758
S31500004AD0B5FD9B4807220221FFF7C2FD002D76D1C6
S31500004AE0012E00F082810B2C40F0DA800320FFF7C4
S31500004AF0A5FD072203219248FFF7B2FD96E00228A2
S31500004B000ED10420FFF79AFD072204218C48FFF7F7
S31500004B10A7FD002D00F06681012D40F0778155E15B
S31500004B20032805D10620FFF789FD07220621EDE7B8
S31500004B30042805D10820FFF781FD07220821E5E7B3
S31500004B40052805D10A20FFF779FD07220A21DDE7AE
S31500004B5006280CD17B4B20225A601920FFF766FDF0
S31500004B601920FFF75BFD78480E221921B4E70728C4
S31500004B701ED1744B20225A601B20FFF757FD1B20C5
S31500004B80FFF74CFD0E221B216F48FFF769FD002D34
S31500004B9000F02881012D40F0D980012E00F0198106
S31500004BA00C2C21D10520FFF749FD07220521A2E79C
S31500004BB0082840F0FD80634B20225A601D20FFF735
S31500004BC035FD1D20FFF72AFD0E221D21DCE70B2CEB
S31500004BD01ED0012D40F01A81012E00F0FA800C2C17
S31500004BE0E0D00D2C00F0C1800E2C50D00F2C6FD0D1
S31500004BF0102C75D12EE0022D40D0032D52D1012E5E
S31500004C0059D00E2C70D00F2C62D0102C30D121E050
S31500004C100320FFF713FD4A4807220321FFF720FD73
S31500004C20022D2BD0032D03D1012E44D0002070BDC0
S31500004C30042D00F0A480052DDAD1012E40F0A380CA
S31500004C400720FFF7FBFC07223D481146FFF708FD4A
S31500004C50102C5ED13B4B20225A601A20FFF7E6FC4F
S31500004C601A20FFF7DBFC38480E221A21FFF7F8FC62
S31500004C70112C50D0072D5CD1012E88E0012ED5D104
S31500004C8069E0012E67D00D2C0FD00E2CBBD1092068
S31500004C90FFF7D4FC2A4807220921FFF7E1FCCAE7FF
S31500004CA00D2C62D00E2C68D1F1E70B20FFF7C6FC65
S31500004CB007220B211FE70B20FFF7C0FC2048072225
S31500004CC00B21FFF7CDFC8FE70E2CE0D00F2CB2D1D5
S31500004CD00720FFF7B3FC072219481146FFF7C0FC6F
S31500004CE0062DC5D1012E4FE00920FFF7A7FC0722AC
S31500004CF0092100E70920FFF7A1FC11480722092135
S31500004D00FFF7AEFC7FE70720FFF798FC0722114666
S31500004D10F1E6112C0DD10B4B20225A601C20FFF717
S31500004D2085FC1C20FFF77AFC07480E221C21FFF7A2
S31500004D3097FC122C2FD0082D7FF478AF012E28E097
S31500004D4000C004240000304100001346022D7FF409
S31500004D5054AF012E99D10520FFF770FC2E4807228B
S31500004D600521FFF77DFC0D2CAED10B20FFF766FC6D
S31500004D70294807220B21FFF773FC042DA6D1012E2B
S31500004D80B8D00F2CBFD0102C3FF464AF112CC2D07A
S31500004D90122C7FF44BAF214B20225A601E20FFF7C6
S31500004DA045FC1E20FFF73AFC1D480E221E21A3E6F5
S31500004DB00A287FF475AE0120FFF740FC164807224B
S31500004DC00121FFF74DFC012D7FF415AF012E7FF475
S31500004DD02DAF0320FFF732FC0F4807220321FFF710
S31500004DE03FFC65E6012E7FF421AF0120FFF726FC8C
S31500004DF0094807220121FFF733FC0B2C3FF408AFCB
S31500004E00012D3FF4E9AE0C2C3FF455AE022D3FF4D4
S31500004E1038AF0D2CA9D0F0E600C0042400003041C4
S31500004E20000013462DE9F0410F29BDF81850BDF8D2
S31500004E301C609DF820809DF824E055D845EA0604BC
S31500004E40B4F5806F50D22B4C01F1100701F1400CE4
S31500004E5044F8273001F150079A4244F8212024F8FB
S31500004E601C5024F8176041D0B8F1000F17D001F19B
S31500004E70300802EB4502C0F8D42144F8282045EA60
S31500004E80C12242F40048C0F8D881D0F8D881C0F8D1
S31500004E90D821D0F8D82144F82C8044F82720BEF138
S31500004EA0000F02D10020BDE8F08101F1600205EBA0
S31500004EB046052B44C0F8D43144F82230CB0203F522
S31500004EC08063334343F40042C0F8D82101F17002F5
S31500004ED0D0F8D85144F822508031C0F8D831D0F8F3
S31500004EE0D83144F82130DDE70120DCE742F2021038
S31500004EF0D9E700BFD83100000F2910B528D892B1E4
S31500004F00144A01F1300452F82440C0F8D44101F1AA
S31500004F10400452F82440C0F8D84101F1500452F838
S31500004F202420C0F8D8218BB10A4B01F1600253F856
S31500004F302220C0F8D42101F17002803153F82220DA
S31500004F4053F82130C0F8D821C0F8D831002010BD60
S31500004F500120FCE7D831000010B5274B27485A68D6
S31500004F605A6842F001025A60D3F8082242F480627D
S31500004F70C3F8082203F5B4331A68026852BBD3F8A3
S31500004F80402442F46752C3F840241D4AD2F8023046
S31500004F90DC05FBD41B4BD3F80427D107FBD5D3F88C
S31500004FA00427D207FBD4D3F84824174C174B2168A3
S31500004FB01A60930803F4F8530B43910001F07C0147
S31500004FC012020B4302F47832134343F08103236049
S31500004FD0012303600C4B1A680A4BC3F84424084AA1
S31500004FE0D2F8023013F48073FAD1034A516863F39E
S31500004FF00001516010BD00BF00380424A831000034
S315000050000000052400A00524B0310000AC310000EA
S315000050100F29024610B54FF001000CD8D2F8CC414A
S3150000502000FA01F32343D2F8CC119BB263F30F01CC
S31500005030C2F8CC11002010BD0F29024610B54FF062
S3150000504001000DD8D2F8CC4100FA01F343EA14432B
S31500005050D2F8CC119BB263F31F41C2F8CC110020E9
S3150000506010BD30B50F299DF80C402CD81F2A2AD820
S315000050700F2B28D8012C26D845686D060FD50901B7
S3150000508034B14518AC6B44EA835343F08063AB6399
S3150000509001448B6B43EA42438B63002030BD5CB115
S315000050A0D0F8081241F40071C0F80812D0F80812BE
S315000050B063F34811C0F80812D0F8083262F304030B
S315000050C0C0F80832E9E70120E8E7000029B9D0F87E
S315000050D0083261F3CB23C0F80832064B5B68DB0766
S315000050E041BF43686FF300034360002058BF4FF091
S315000050F0FF30704700380424C1B2024882B002B0C3
S31500005100FFF7E4BF003804240F2915D80D4B5A6861
S31500005110520603D4D3F8DC31002B0FDAD0F8DC21A9
S3150000512001238B401343D0F8DC219BB263F30F02BB
S31500005130C0F8DC2100207047012070474FF404506E
S31500005140704700BF00380424B1F5007F14D2B2F5D1
S31500005150806F11D243686FF38A234360C36861F39B
S315000051601843C360C36862F30903C360436843F42A
S315000051708063436000207047012070470F2925D8BF
S31500005180012A05D1436A6FF3D75343620020704763
S31500005190022A0BD1436A6FF300034362436A6FF33B
S315000051A004134362436A6FF3C303EEE7084BD3F875
S315000051B0DC31002BEADA436A0122C3F3CF138A40BB
S315000051C023EA0201436A61F3D613DEE70120704742
S315000051D0003804240F2903464FF0010014D81A6A38
S315000051E000FA01F189B2186AC2F30F220A4362F388
S315000051F0172018621A6AC2F30F2222EA0102196AFC
S3150000520062F31721196200207047000008B510B13B
S3150000521001280ED008BD4FF4006003F0E7FE104BE6
S315000052204FF000725A640F4A137843F0010313706B
S31500005230F0E74FF4006003F0F3FE0A4A13786FF3C9
S3150000524000031370DBB2002BE4D1074B07481B6A3F
S315000052500221DB6B9847024B4FF000729A64D9E744
S3150000526000840424083500000001300000140424E2
S3150000527084B0F0B52DED028B83B00AAC84E80F0044
S315000052805A4D709B0F9CAB61594B9DF8BD61BDF8A3
S315000052901C112E77621E9A4280F0A4800FAA012369
S315000052A09E420AD8012E40F081809DF8BC3183B120
S315000052B0012911D942F2061071E0174652F8040F7F
S315000052C03F68B84200F28E80002800F08B800133E0
S315000052D0E6E7B1F5806FEDD20020FFF797FF0420D7
S315000052E0FFF7CCF9434B44485A686FF38A225A6059
S315000052F0DA686FF31842DA60DA68042161F30902AA
S31500005300DA605A683D4942F480625A60FEF78CFEC4
S31500005310FFF722FE012E16BF7443A4006400B4F505
S31500005320FA4F46D20220FFF7A9F94FF4FA436B6011
S3150000533003F0F4FF288103F0E5FF288203F0F4FF71
S31500005340C0F30D0307EE103A9FED2D8AB8EEC77A2B
S31500005350830BC7EE086A07EE903AF8EEE77A77EE27
S31500005360A67AC5ED037A03F0D3FFC0F30D0307EE6B
S31500005370103AB8EEC77A830BC7EE086A01A807EEA3
S31500005380903AF8EEE77A002377EEA67A0193C5ED18
S31500005390057A04F0E7FC003818BF0120404203B04C
S315000053A0BDEC028BBDE8F04004B07047731E0F2BB6
S315000053B07FE7144BA4F5FA449C4204D80420FFF777
S315000053C05DF9114BB3E7114BDC6914F0080407D102
S315000053D0022004F0FFF82046FFF750F90C4BA6E731
S315000053E00C4BA4E742F20410D9E700BFB831000025
S315000053F0A02526000038042433333340CDCC4C405E
S3150000540000007A4400B80B000048E80100000812CA
S31500005410005A6202002D310184B070B52DED028B69
S3150000542082B008AC84E80F00574C9DF820206E9996
S31500005430A16108A901EB820154484969544E9DF8BF
S31500005440B531327001398142237780F09A80012B81
S315000054507AD108AB03EB4202B2F8F4309DF8B421DE
S3150000546022B1012B05D942F2061066E0B3F5806F32
S31500005470F9D20020FFF7CAFE0420FFF7FFF8454BDC
S3150000548045495A6845486FF38A225A60DA686FF3CD
S315000054901842DA60DA68042565F30902DA605A68A8
S315000054A042F480625A60FEF7BFFDFFF755FD337880
S315000054B008AA02EB830342F228325B69934246D87C
S315000054C00220FFF7DBF84FF4FA43636003F026FF90
S315000054D0208103F017FF208203F026FFC0F30D039F
S315000054E007EE103A9FED2E8AB8EEC77A830BC7EE09
S315000054F0086A07EE903AF8EEE77A77EEA67AC4EDF8
S31500005500037A03F005FFC0F30D0307EE103AB8EE79
S31500005510C77A830BC7EE086A01A807EE903AF8EE41
S31500005520E77A002377EEA67A0193C4ED057A04F0B4
S3150000553019FC003818BF0120404202B0BDEC028BB6
S31500005540BDE8704004B07047013B0F2B8AE7154A4F
S31500005550A3F50C53293B93420BD82846FFF78EF848
S31500005560114BDA6A114B9A4201D1104BADE7104B41
S31500005570ABE7104BDB691B07F9D4022004F02AF8CD
S31500005580EBE742F20410D8E7B8310000A025260068
S31500005590B431000000380424CDCC4C4033333340C2
S315000055A000007A44D6110C00902B00000048E80158
S315000055B0002D31010000081213B50D4BADF80400A3
S315000055C04FF40062C3F88020BFF34F8FBFF36F8F95
S315000055D003220121002004F099FC044628B9012089
S315000055E0FFF714FE204602B010BD4FF0FF30FAE779
S315000055F000E100E04368064A61F349234360D2F8BC
S31500005600403443EA4143C2F840340020704700BFAB
S3150000561000A0052484B02DE9F04F2DED048BEDB0EC
S315000056207AAC84E80F009DF87D3362934FF4C47220
S3150000563001237DA9684669939DF87C53DFF894A3FE
S3150000564007F07EFC94E80E006298FFF7CDF808EEAE
S31500005650900AFFF7B1F8DAF8048007EE900A07EE31
S31500005660108AF8EE677AB8EE477AB7EE008A88EEC7
S31500005670079A88EE277AC7EE097A17EE900A05F0A0
S31500005680DBFF09F04DFA06F0C9FAC8EE897A84B252
S3150000569017EE900A05F0D0FF09F042FA06F0BEFABE
S315000056A086B2B44208BF01347F9F08BFA4B2002D62
S315000056B065D1B8FBF4F3AAF80060AAF80240DFF857
S315000056C018A363930DF5FC7B5146AAF25E284FF0B2
S315000056D00209629AEBB29A4200F2C880B74DDFF82F
S315000056E0F4B2FEF7FFFF224631462846FFF72CFDAF
S315000056F001212846FFF77EFF6B68B14E43F0006339
S315000057006B606B6843F040036B606B686FF341033B
S315000057106B603323C5F8E4316B6843F004036B60B8
S31500005720D5F8DC3143F00043C5F8DC310DF2DA235D
S31500005730659306F18103A6AF06F13E0A66930DF561
S31500005740F47800246791629AE3B29A4200F2D78015
S315000057509C4B6A9300229C4B6B9369A9104604F0FC
S3150000576039FB10B1452840F0258169996AAA0020C5
S3150000577004F09EFB003818BF0120404269E0204635
S3150000578005F048FFB8FBF7F780463846894605F02E
S3150000579031FF02460B464046494606F017FA0028F6
S315000057A05ED1AAF80060AAF8024022463146834834
S315000057B0FFF7CAFC01218148FFF71CFF7F4B5A689F
S315000057C042F000625A605A686FF386125A606A1E87
S315000057D0012A5A684FF0000194BF42F0020265F3B5
S315000057E041025A60C3F8E4115A6842F004025A6052
S315000057F0D3F8DC2161F3DF72C3F8DC219DF8E921DF
S315000058009DF83C029DF84C125AB1D3F8084262F357
S315000058104924C3F80842D3F8084261F34814C3F890
S315000058200842664CD4F8083260F30403C4F8083220
S31500005830FFF72AF92A4600212046FFF79FFCBAF80F
S315000058400220DAF80430B3FBF2F3604A0020C2F813
S3150000585080326DB0BDEC048BBDE8F04F04B07047EC
S31500005860BAB2AAF80060AAF802209FE79DBB639B24
S31500005870B3FBF7F39BB2012B8CBFA8F86032A8F8F4
S315000058806092629B012B08D04A881046FEF77CFF87
S3150000589018B91046FEF781FF4880DFED4D7A524673
S315000058A000231FFA85FC32F8020F07EE100AB8EE45
S315000058B0477A0133C8EE076A9BB2634577EEA67A4C
S315000058C0F1D9F4EEC87AF1EE10FA0DDC01350231A9
S315000058D00BF1040BFDE6DBE90032B3FBF2F20B88B9
S315000058E013FB02F34B80CCE75246002332F8020F3B
S315000058F001339BB2400063451080F7D9E6E798F87C
S31500005900549098F86430649318F8013F63930093B9
S315000059104A462146649B2846FFF7A3FB36F8021F3A
S31500005920328C012A08D0A30003F1105303F5872314
S31500005930A3F83811C3F8782121462846FFF7E4FB7F
S31500005940DDE963214846FFF79FF821462846FFF721
S3150000595073FB659B33F8029F6593679BCDE90099BE
S31500005960CDE902332146D7F8A4307A6E2846FFF7F0
S3150000597059FA21462846FFF74BFB002221462846C6
S31500005980FFF7FCFBBBF80220DBF80430B3FBF2F3B5
S31500005990328CB3FBF2F34AF8043F57F8043FA6F8FB
S315000059A0D090CAF85030669B639A03F8012F0134F1
S315000059B06693C8E64FF0FF304BE700BF003804247B
S315000059C0163400004D5620085D562008D8310000D8
S315000059D000000000B83100003634000084B02DE924
S315000059E0F04F2DED048BEBB078AC84E80F00214628
S315000059F09DF87533DFF810A311F80C8B62934FF402
S31500005A00C4720123684667939DF874638AF8008020
S31500005A1007F096FA94E80E006298B44DFEF7E4FE9D
S31500005A2008EE900AFEF7C8FED5F804B007EE900A15
S31500005A3007EE10BAF8EE677AB8EE477AB7EE008A44
S31500005A4088EE079A88EE277AC7EE097A17EE900A4B
S31500005A5005F0F2FD09F064F806F0E0F8C8EE897A80
S31500005A6084B217EE900A05F0E7FD09F059F806F042
S31500005A70D5F887B2BC4204BF0134A4B2002E55D17A
S31500005A80BBFBF4F378AA649308F1040302EB8303E7
S31500005A9097492F806C800DF5F8796593629AF3B279
S31500005AA09A4200F2C180934EFEF71CFE224639460A
S31500005AB03046FFF749FB01213046FFF79BFD73682F
S31500005AC08D4C43F000637360736843F0400373606A
S31500005AD073686FF3410373603323C6F8E431736868
S31500005AE043F004037360D6F8DC3143F00043C6F894
S31500005AF0DC310027629AFBB29A4200F207817F4BA3
S31500005B00689300227E4B699367A9104604F062F9F8
S31500005B1010B1452840F07B81679968AA002004F0FF
S31500005B20C7F9003818BF0120404271E078AB03EB9B
S31500005B3088082046D8F81430BBFBF3FB05F06AFD55
S31500005B4080465846894605F055FD02460B464046B6
S31500005B50494606F03BF8002861D12F806C8022462A
S31500005B6039466448FFF7F0FA01216248FFF742FD23
S31500005B70604B5A6842F000625A605A686FF38612A8
S31500005B805A60721E012A5A684FF0000194BF42F013
S31500005B90020266F341025A60C3F8E4115A6842F001
S31500005BA004025A60D3F8DC2161F3DF72C3F8DC210A
S31500005BB09AF8002002F5F0726A4492F8540092F8BE
S31500005BC0641052785AB1D3F8084262F34924C3F8F4
S31500005BD00842D3F8084261F34814C3F80842454F17
S31500005BE0D7F8083260F30403C7F80832FEF74CFF13
S31500005BF09AF80040324621463846FFF7BFFAA034ED
S31500005C006A886B68B3FBF2F33B4A42F82430002003
S31500005C106BB0BDEC048BBDE8F04F04B070471FFAC3
S31500005C208BF22F806A809BE708F59873DFF8C8B07F
S31500005C306393002E50D1659B649A5B68B2FBF3F3C5
S31500005C409BB2639A012B98BF02232BF81230629BFA
S31500005C50012B08D04A881046FEF796FD18B9104663
S31500005C60FEF79BFD488078AB03EB4803B0B2B3F870
S31500005C70F430012B01BF08F598723BF812309B08EF
S31500005C802BF81230639B3BF8133007EE903AF8EE90
S31500005C90677A002288EE277ADFED1A7A01321FFA38
S31500005CA082FC844577EE877AF8D9F4EEC87AF1EE6D
S31500005CB010FA0CDD002201321FFA82FC5B008445DB
S31500005CC09BB2F8D90C4808F5987220F812300136C4
S31500005CD0023109F10409E1E6D9E90032B3FBF2F237
S31500005CE00B8813FB02F34B80B1E700BFB83100000D
S31500005CF03634000000380424D83100004D56200800
S31500005D005D56200800000000B43100009AF800102B
S31500005D10639101F5F0736B44304693F8548093F821
S31500005D20649093F801B0CDF800B04B464246FFF7B9
S31500005D3098F9639901F5907334F8130001F5987397
S31500005D4034F81320012A08D08B0003F1105303F511
S31500005D508723A3F83801C3F878213046FFF7D4F932
S31500005D605A4649464046FEF78FFE9AF8008030466E
S31500005D704146FFF761F978AB03EB480378AAB3F81D
S31500005D80F43002EB88000122CDE90222CDE900338E
S31500005D904146D0F85431D0F814213046FFF742F886
S31500005DA09AF8008030464146FFF732F94146002214
S31500005DB03046FFF7E3F908F1A00269886B68B3FB88
S31500005DC0F1F308F59871013734F81110B3FBF1F3CC
S31500005DD044F8223078AA02EB480208F5C473B2F8F8
S31500005DE0F42024F8132078AA02EB880208F1B40301
S31500005DF0D2F8B42044F8232008F5F07204EB080327
S31500005E000DEB020898F8012083F8C02272E64FF0E5
S31500005E10FF30FDE6D0F8E03143F00103C0F8E03191
S31500005E20002070472DE9F341374B9A6A0192019A97
S31500005E3016020DD5426A1502C2F3C05008D45A6A3A
S31500005E4042F400025A62314B9B690421984718E0DC
S31500005E50019BDC0709D52C4A136A43F00103136240
S31500005E602A4B05219B690020F0E7019C14F0807401
S31500005E700BD02548012100F095F8254B02201B6820
S31500005E809847002002B0BDE8F0811F4B5A685006C3
S31500005E9003D4D3F8DC31002B24DA1E4D1A4E1B4FE7
S31500005EA0019BE21DD340D90717D521463046FFF79F
S31500005EB091F92B785FFA84F8B3FA83F252094146D6
S31500005EC03046FFF719F8BB6913B1002140469847E1
S31500005ED02B78B3FA83F35B092B700134102C05F190
S31500005EE00105DDD1084B5A689207CAD4D3F8DC11F4
S31500005EF0C90FC6D15A6842F004025A600198034B92
S31500005F00C0B29B69A2E700BF00380424B831000084
S31500005F100C350000983100000148FFF783BF00BF31
S31500005F2000380424030548BF20F40060174B58BF0F
S31500005F3040F40060D1B11A8A93ED057A821A07EE11
S31500005F40902AF8EEE77A67EE877AFDEEE77A17EEA3
S31500005F50903A18B2B0F5805F11DA002812DDB0F57C
S31500005F60006F10DBA0F5006000B270471A8993ED50
S31500005F70037A821A07EE902AF8EEE77AE3E740F60C
S31500005F80FF70EFE7002000F50060EDE7B831000094
S31500005F90406921B11146C0F30B00FFF7C3BFC0F340
S31500005FA00B007047436A01291DBF43F00203436299
S31500005FB0436A43F0807318BF43F004034362002032
S31500005FC070472DE9F04F92F806C092F802A0537878
S31500005FD0D5781679577992F807E092F8088092F802
S31500005FE0099092F80AB0D47A127802B35B0643EAB3
S31500005FF04B7343EA8A5343EA495343EA085343EA55
S315000060004E4343EA0C4343EA47330901026843EA35
S31500006010C62301F1105143EA852301F5872142F099
S31500006020004243EA44230260CB63BDE8F08F026876
S315000060306CF3C712026002686AF34F3202600268AC
S3150000604063F313420260036865F341030360036868
S3150000605066F383030360036867F30613036003684C
S315000060606EF30A230360036868F3CB2303600368B7
S3150000607069F30C33036003686BF31453036003681E
S3150000608064F300030360D0E710B4034C2468646C27
S31500006090A4465DF8044B604700013000024B1B68C4
S315000060A0D3F8B830184700BF00013000024B1B6818
S315000060B0D3F8C030184700BF00013000024B1B6800
S315000060C0D3F8C830184700BF00013000024B1B68E8
S315000060D0D3F8E830184700BF00013000072806D97A
S315000060E0102834BF02230423024A13707047012389
S315000060F0FAE700BF1635000038B590F8343003F0E3
S31500006100FD03012B044616D1006805699DB9E26AB4
S31500006110937113680BB9012038BD084A821A5042A0
S315000061205041C00740F004009847E36A9A79002A74
S31500006130F1D09D71EFE70020EEE700BF00080424D0
S3150000614073B5CB6ADE7916F001060C464FF00005F2
S3150000615040F093819E809E7118601C22206B314610
S3150000616006F02EFE94F834305A1E012A00F23881C9
S31500006170E368587840280CD94038C0B2FFF7A6FF2C
S31500006180E36895485A78403A0623D2B23146FFF77B
S315000061907BFFE16891488B784A780978FFF774FFAE
S315000061A0E368D87808B1FFF781FFE3685878FFF70E
S315000061B085FFE3685878A0F11903052B01D8FFF78E
S315000061C06DFF23693BB3587840280CD94038C0B2DC
S315000061D0FFF77CFF236980485A78403A0623D2B2FB
S315000061E00021FFF751FF21697C488B784A780978AE
S315000061F0FFF74AFF2369D87808B1FFF757FF2369ED
S315000062005878FFF75BFF23695878A0F11903052B2F
S3150000621001D8FFF743FF63693BB3587840280CD990
S315000062204038C0B2FFF752FF63696B485A78403A6C
S315000062300623D2B20021FFF727FF616967488B78F2
S315000062404A780978FFF720FF6369D87808B1FFF725
S315000062502DFF63695878FFF731FF63695878A0F11D
S315000062601903052B01D8FFF719FFA3693BB358782B
S3150000627040280CD94038C0B2FFF728FFA36956481A
S315000062805A78403A0623D2B20021FFF7FDFEA169F3
S3150000629052488B784A780978FFF7F6FEA369D878D2
S315000062A008B1FFF703FFA3695878FFF707FFA36953
S315000062B05878A0F11903052B01D8FFF7EFFEE36923
S315000062C03BB3587840280CD94038C0B2FFF7FEFEE1
S315000062D0E36941485A78403A0623D2B20021FFF7D3
S315000062E0D3FEE1693D488B784A780978FFF7CCFE02
S315000062F0E369D87808B1FFF7D9FEE3695878FFF764
S31500006300DDFEE3695878A0F11903052B01D8FFF7E4
S31500006310C5FE6368587840280CD94038C0B2FFF7EC
S31500006320D5FE63682C485A78403A0623D2B200213B
S31500006330FFF7AAFE616829488B784A780978FFF743
S31500006340A3FE6368D87808B1FFF7B0FE6368587893
S31500006350FFF7B4FE63685878A0F11903052B01D83E
S31500006360FFF79CFEA368587840280CD94038C0B285
S31500006370FFF7ACFEA36818485A78403A0623D2B213
S315000063800021FFF781FEA16814488B784A780978C6
S31500006390FFF77AFEA368D87808B1FFF787FEA368EF
S315000063A05878FFF78BFEA3685878A0F11903052BE0
S315000063B001D8FFF773FE636A13B9A36A002B59D09D
S315000063C0002301A8019303F0CDFC002852D04FF022
S315000063D0FF3002B070BD00BF00C0042400001346A9
S315000063E0032BE8D1E3685878FFF770FEE16824488C
S315000063F08B784A780978FFF747FE236903B15D7801
S31500006400636903B15D78A36903B15D7804238DF8F0
S31500006410043000238DF8063004F0D6F80028D6D1D3
S315000064208DF80550019804F02DF80028CFD1154BB2
S315000064301D702D0105F1105505F5982501236B609A
S315000064406B68012BFCD163685878FFF73FFE6168E3
S315000064500B484A788B780978FFF716FEA3685878B8
S31500006460FFF734FEA16806488B784A780978FFF76B
S315000064700BFEA0E7E36A0122DA710020A9E700BF5C
S3150000648000C00424143500000268002310B5936090
S31500006490C26AD3710446D0E9093003B980B1017FDD
S315000064A003220131002003F031FD50B9A36A197FA0
S315000064B00322013103F02AFD003818BF01204042B3
S315000064C010BD4FF0FF30FBE738B50C4620B102286F
S315000064D034D06FF0030038BD91F92030002B0DDB6E
S315000064E05A09012103F01F03994002F12003384A9B
S315000064F042F82310BFF34F8FBFF36F8F226800233C
S315000065009360E26A9380937194F92030002B09DB43
S315000065105A09012103F01F03994002F160032C4A36
S3150000652042F823101C22206B002106F049FCE26A87
S31500006530D37923F00203D3710020CCE7CB6ADB7951
S31500006540DA0741D59B07F7D491F83410012923D1F6
S31500006550204B94F83820DB694FF08C40D3F8A850D4
S31500006560E36BA847E36A00229A809A71DA7942F0CF
S315000065700202DA7194F92030002BDDDB03F01F01F3
S315000065805B099B0003F1604303F5614301228A40E6
S31500006590C3F880211A60CFE7022909D10D4BDB69C8
S315000065A00122D3F8E43003214FF08C409847D9E715
S315000065B00329D7D1074B94F839201B6A06485D6931
S315000065C0A38F0121A847CDE74FF0FF3083E700BF37
S315000065D000E100E000013000001404242DE9F04140
S315000065E088468AB017461C460646002800F0F28008
S315000065F0002900F0EF80002A00F0EC80DB6ADA79EF
S31500006600520740F1D6801B79002B40F0E6802046E9
S31500006610FFF772FD0546002840F0E280E36A01229A
S315000066209A809871236BC3E90186C3E90300236846
S31500006630196860F3092119609A6094F83420616A38
S315000066401E6802F0FD02012A1AD1C6F3044600298B
S3150000665040F0A580A16A002957D13046FFF73EFDDC
S31500006660614B226B1B787B43136094F83430032B09
S3150000667000F0A4802268D36A43F01F03D3628CE043
S3150000668006F00F060029E5D0072E00D90125DA6CA1
S31500006690DFF858C142F00102DA645A6D00206FF348
S315000066A003025A658DF827000A7F01320092603393
S315000066B00A68CDF804C0CDE903380323CDE90535D2
S315000066C04FF48173ADF824304B69DFF824C1CDF85F
S315000066D008C06946CDE907578DF8263003F07AFBE6
S315000066E008B1452865D1009901AA002003F0E0FB16
S315000066F000285ED1009903AA03F04CFC002858D16B
S31500006700636A197F013103F07FFDA16A002941D038
S31500006710072E4CD90F2E8CBF022501252368334E38
S31500006720DA6C42F00202DA641A6D012060F30302A9
S3150000673000201A658DF827000A7F013200920A6848
S3150000674001962B4E0296266B6033B6680396CDE90A
S3150000675004350323CDE9063540F20113ADF82430A4
S315000067604B69089769468DF8263003F033FB08B16C
S3150000677045281ED1009901AA002003F099FBC0B953
S31500006780009903AA03F006FC98B9A36A197F0131A0
S3150000679003F03AFD002003F053FD00200BE0072E26
S315000067A07FF675AF0F2E7FF671AF02256FE70025D6
S315000067B0B4E74FF0FF300AB0BDE8F0810D4B1B780F
S315000067C01B0103F1105303F5982359605A68002AF8
S315000067D0FCD14FE76FF00400EDE76FF00100EAE748
S315000067E06FF00300E7E700BF16350000C54B200831
S315000067F0C74B200814350000C36ADB79024613F044
S3150000680004001CBF136BD868704700002DE9F341E4
S315000068101446984AE56A9DF820E095F807C082F884
S3150000682000E01CF0020F064604D14FF0FF3002B024
S31500006830BDE8F0812768904A9742C0B211D101287D
S3150000684000F0D881142814D1BB6C01931C22206B54
S31500006850019B002106F0B4FAE36A00221A710020B7
S31500006860E5E7864A974202D0854A9742EAD102284E
S31500006870E6E72A79002A40F0C081BA6013283AD8A0
S31500006880DFE810F014001D002F00BE01BE01390024
S31500006890390039003900390039003900390039002A
S315000068A03900390027007B0080008300AB682CF09C
S315000068B0040C23F0FF03AB6085F807C0CFE7AA6896
S315000068C022F0FF0242F001024CF0040CAA6085F8A7
S315000068D007C0B3FBF1F07B69C0B260F30F037B61C5
S315000068E009E0AB6823F0FF0343F002034CF0040C0D
S315000068F0AB6085F807C0AB68DAB2012A0ED106F4A0
S31500006900C012B2F5801F00F0F58000F29980002ACF
S3150000691000F0A080B2F5002F00F0A180E26A936833
S31500006920D9B2022913D123F4001316F4001F936081
S3150000693040F08D8023695B784BB963695B7833B926
S31500006940A3695B781BB9E3695B78002B7FD006F4FB
S31500006950E063B3F5407F00F03A8100F2DE80B3F5E4
S31500006960807F00F02181B3F5007F00F02681002BA7
S3150000697000F0DE806FF0070059E77A6992B2B3FB48
S31500006980F2F054E7236B198369E7AB68D8B20128A4
S315000069907FF44BAF03F4C01359BBB3F5801F11D17D
S315000069A094F8342002F0FD03012B06D13A6903FA6C
S315000069B00EF322EA03033B6151E7022A7FF44FAF4D
S315000069C039614CE7BEF1030F05D8DFE80EF0020C83
S315000069D00E1023695A782B4B1B685C6801232A48E2
S315000069E00021A0473BE76369F4E7A369F2E7E3699F
S315000069F0F0E7B3F5801F0FD194F8342002F0FD03C1
S31500006A00012B04D13A6903FA0EF31343D3E7022AA2
S31500006A107FF425AF386122E7BEF1030F05D8DFE822
S31500006A200EF002090B0D23695A78164B1B685C6839
S31500006A300023D4E76369F7E7A369F5E7E369F3E7BA
S31500006A40B2F5C01F7FF46AAF23F4C013AB606FF0DA
S31500006A500A00ECE63A6123F4C013AB605EE723F468
S31500006A60C013AB60BEF1030FF1D8DFE80EF00F3DA7
S31500006A703F4100BF153500000000014500000244FB
S31500006A800008042400013000000013462369D8786A
S31500006A905D7808B1FFF70AFB002DD8D0402D07D945
S31500006AA0A5F140025B480623D2B20021FFF7ECFABB
S31500006AB0594F5A48002319462A46FFF7E5FA3B681C
S31500006AC05648D3F80080002319462A46C0473B683B
S31500006AD052485F682A4601230021B847E26A936854
S31500006AE043F40023936019E76369D0E7A369CEE70F
S31500006AF0E369CCE7226923F4C013AB6052784AB944
S31500006B006269527832B9A26952781AB9E269527842
S31500006B10002A9CD043F480139FE7B3F5806F5BD0C7
S31500006B20B3F5A06F7FF426AF236802211A6856E0FA
S31500006B302268116863F3C7111160116863F3861147
S31500006B40116094F8342002F0FD02C6F30533012AE1
S31500006B50A3F1040146D11C2955D821680868013BD8
S31500006B6063F3144016F4802608604FD12368196831
S31500006B7066F3CB211960196866F3565119601968D6
S31500006B8066F305111960996966F303019961D9697C
S31500006B9066F30301D961012ADA6A0CBF22F03F02CB
S31500006BA022F01F02DA625AE623681A686FF3C712E8
S31500006BB01A601A6842F0400207E023681A6842F039
S31500006BC080021A601A686FF386121A60B9E72368A2
S31500006BD01A6842F08002EBE723681A68012161F324
S31500006BE00512F2E70C290ED821680868013B63F309
S31500006BF00300B7E76FF0030019E66FF0010016E631
S31500006C006FF0060013E66FF0080010E66FF009005B
S31500006C100DE600BF00C0042400013000000013464A
S31500006C20C26A5379117990795B0001F0010103F092
S31500006C30020380000B4300F0040018437047000075
S31500006C40F7B50268136B916A0446906C019013F0D5
S31500006C500E0F01980BD0936B0093D36B0093136CBC
S31500006C600093009BE36A01225A71022024E00D077B
S31500006C7040F18980D80640F18680216B486800285B
S31500006C807FD0CB680D68AB42EFD26A4D2D78012DCF
S31500006C903FD192F860205D1CCD60C254236BD96849
S31500006CA01A6891425ED32268D36A23F01003D36236
S31500006CB0E36A00221A710120E36A1A68002A60D08A
S31500006CC023685D498B4200F0B08001F57F018B425D
S31500006CD000F0AD805949591A4B424B415B0040EADE
S31500006CE08370904794F83430032B0BD1544B1B78A8
S31500006CF01B0103F1105303F5982301225A605A68C9
S31500006D00012AFCD1E36A1A79002A3AD000221A71C4
S31500006D1037E0022D0BD1126E5D1CCD60C254236B81
S31500006D20D96858684D1CDD60120A4254B6E7042D36
S31500006D30B4D1126E5D1CCD60C254236BD9685868FD
S31500006D404D1CDD60130A4354236BD96858684D1CEB
S31500006D50DD60130C4354236BD96858684D1CDD6005
S31500006D60120EE2E794F8342002F0FD02012A08D15F
S31500006D709B6833B92368A5221A662268936ADF07DF
S31500006D80FCD403B0F0BD4E07FBD5DD07F9D5216B6A
S31500006D908D68002DF5D00B6908688342BFF465AF96
S31500006DA02448007801281ED1581C0861EB5C82F843
S31500006DB0603094F8343003F0FD03012B03D12268D0
S31500006DC0936AD807FCD4236B1A691B689A42D8D3F6
S31500006DD02368DA6A22F00102DA621B68C3F3012330
S31500006DE0012BCED164E7022809D15E1C0E61E85C56
S31500006DF002330B61AB5D40EA03231366D9E704282F
S31500006E00D7D15E1C0E61981CEF5C086115F806C0B0
S31500006E10DE1C0E61285C043300040B61AB5D40EAA6
S31500006E200C20384340EA0363E7E7002357E70123D2
S31500006E3055E700BF16350000000002440008042490
S31500006E4014350000F0B55C4B154600228BB00E469B
S31500006E501A600746002800F0A680002900F0A380EB
S31500006E60EB6ADA79520703D44FF0FF300BB0F0BD6E
S31500006E701B79002B40F09A802846FFF73DF9034620
S31500006E80002840F09680EA6A0121918090712A6B71
S31500006E902C68C2E90107C2E90300226861F30922EE
S31500006EA02260A16095F83420A96A02F0FD02012A49
S31500006EB016D12268C2F30442104600295FD1FFF7BB
S31500006EC00DF93E4B2A6B1B787343136095F83430EB
S31500006ED0032B5BD02A68D36A43F00303D3624CE0EA
S31500006EE0236803F00F0318460029E8D0072B94BF48
S31500006EF000230123E26CDFF8CCC042F00202E26418
S31500006F00226D012060F3030222650A7F603401329C
S31500006F1000920A68CDF804C0CDE904430324CDE904
S31500006F20064340F20113DFF8A0C0ADF824304B69E8
S31500006F30089600206946CDE902C78DF827008DF82E
S31500006F40263002F047FF08B145288DD1009901AAE5
S31500006F50002002F0ADFF002886D1009903AA03F0B5
S31500006F6019F8044600287FF47FAFAB6A197F013118
S31500006F7003F04AF9204603F063F9002076E7072A72
S31500006F80B8D90F2A8CBF02230123B3E70C4B1B7819
S31500006F901B0103F1105303F5982300225A605A6827
S31500006FA0002AFCD196E76FF004005FE76FF001005E
S31500006FB05CE76FF0030059E7103500001635000056
S31500006FC014350000C54B2008C74B20082DE9F041B9
S31500006FD0904B144600228AB00F461A60804600285D
S31500006FE000F00F81002900F00C81E36ADA7952077C
S31500006FF040F1F3801B79002B40F006812046FFF715
S315000070007BF80246002840F00281E36A012198716C
S315000070109980236BC3E90180C3E9030023681868DC
S31500007020022666F309201860996094F83400616AB4
S315000070301D6800F0FD00012823D1C5F3044549BBB6
S31500007040A66A002E69D12846FFF748F8724B226BD4
S315000070501B787B43136094F83410032940F0C280F8
S315000070606E4B1B781B0103F1105303F598235E60EA
S315000070705A68002AFCD12368DA6A42F01C02DA62F6
S31500007080B7E005F00F050029DAD0072D40F2A08001
S31500007090012604E0072D40F29B800F2DF8D9DA6C0B
S315000070A0DFF880C142F00102DA645A6D00206FF306
S315000070B003025A658DF827000A7F01320092603379
S315000070C00A68CDF804C0CDE903380323CDE90536B7
S315000070D04FF48173ADF824304B69DFF84CC1CDF81D
S315000070E008C06946CDE907678DF8263002F072FEC2
S315000070F008B1452871D1009901AA002002F0D8FEF6
S3150000710000286AD1009903AA02F044FF002864D13E
S31500007110636A197F013103F077F894F8343003F08D
S31500007120FD03012B4FD1A66A002E4CD0072D51D955
S315000071300F2D8CBF4FF002084FF001082568EB6C4D
S3150000714043F00203EB642B6D012262F303032B650C
S315000071501C22002103A805F033FE337F304901339A
S315000071600093304B326801932F4B02932F4BDB6910
S31500007170089713F0080F274B18BF0B4603930323FA
S31500007180CDE9063840F20113ADF8243073698DF865
S315000071902630603569460020CDE9045802F01AFE13
S315000071A008B1452819D1009901AA002002F080FEF5
S315000071B098B9009903AA02F0EDFE70B9A36A197F87
S315000071C0013103F021F8002003F03AF8002006E030
S315000071D0164664E74FF00008B0E74FF0FF300AB0FC
S315000071E0BDE8F0812368DA6A012942F01C02DA62FE
S315000071F0ECD1A52283F860202268936ADB07FCD4D1
S31500007200E4E76FF00400EAE76FF00100E7E76FF0EC
S315000072100300E4E7103500001635000014350000C1
S3150000722020030624C54B2008C74B2008000008127F
S31500007230054B9A689107FCD45A689207F9D4DA6923
S31500007240002AF6D1704700BF008C0424064B1A6A48
S3150000725061F397421A621A6A60F34C221A621A6A3A
S315000072609204FCD5704700BF00800424024B012223
S31500007270C3F80421704700BF008C0424074B5A68EA
S31500007280012A0AD102221A61DA699207FCD4012284
S31500007290C3F804229A60FFF7CBBF7047008C042422
S315000072A010B5094CFFF7C4FF6368012B03D1FFF744
S315000072B0E5FFFFF7BDFF054A936843F4803393600B
S315000072C00378E36010BD00BF008C04240000304149
S315000072D010B101281CD070474A680B7812B1127899
S315000072E043EAC2034A7843EA42038A6812B1127833
S315000072F043EA82138A7843EA8203CA6812B1127893
S3150000730043EA4223104A9364936D002BFCD17047E5
S315000073104A680B7812B1127843EAC2034A7843EA04
S3150000732042038A6812B1127843EA82138A7843EAE2
S315000073308203CA6812B1127843EA4223024A93666C
S31500007340936F002BFCD17047008C042410B10128E8
S3150000735004D07047034BC3F844117047014BC3F880
S3150000736064117047008C042410B1012804D07047C2
S31500007370034BC3F844127047014BC3F864127047BD
S31500007380008C042410B1012804D07047034BC3F8C5
S3150000739040127047014BC3F860127047008C0424FA
S315000073A018B1012804D000207047034B186C7047B1
S315000073B0014B186E704700BF008C042418B10128D9
S315000073C00BD00020704711B1012903D07047074B3D
S315000073D0D86C7047054B186D704721B10129F0D163
S315000073E0024B186F7047014BD86E7047008C04240F
S315000073F010B101280CD070470B4B29B1012905D0DB
S315000074009A6D002AFCD17047DA64F9E71A65F7E746
S31500007410054B29B1012905D09A6F002AFCD1704786
S31500007420DA66F9E71A67F7E7008C0424044B4FF491
S3150000743080625A60034B4FF480021A60704700BFA7
S315000074400000081200E100E0094B4FF48002C3F887
S315000074508020BFF34F8FBFF36F8F064B4FF48062D0
S315000074609A601A60044AD36B43F48063D36370470F
S3150000747000E100E0000008120081042410B4034C6F
S315000074802468646CA4465DF8044B60470001300034
S31500007490024B1B68D3F8B830184700BF0001300014
S315000074A0024B1B68D3F8C030184700BF00013000FC
S315000074B0024B1B68D3F8C830184700BF00013000E4
S315000074C0024B1B68D3F8E830184700BF00013000B4
S315000074D0014BDB685B69184700013000F0B5436873
S315000074E085B00024B3F1884F0194054602940394B5
S315000074F00BD0774A934208D0764A934200F0D18067
S31500007500754C181B4442444164009A680192019AE2
S3150000751002F00602062A4FEA84742CD15B690293B4
S31500007520029B990710D56A6913686BB101215171E5
S31500007530202098476B6993F82820032A04D193F8F2
S3150000754026300BB144F01004029B5A0707D56A692E
S31500007550136823B1012111724FF400709847029B02
S315000075601B0740F1A0806A69136823B10121D1711C
S315000075704FF480709847019B9E071DD56B691E6965
S3150000758010201A6A6968964209D09F690138BF5C63
S315000075900F6002F101021A62F3D196420CD14A68D9
S315000075A022F002024A60002283F826201B681BB1E3
S315000075B044F0010420469847019B580738D56B696B
S315000075C01A68002A34D06A685169C90725D5116836
S315000075D05A69DB69D1546B69DA69D96801328A4222
S315000075E0DA611AD169684A6822F001024A6093F8A2
S315000075F02820023A0021012A197164D893F827201D
S3150000760083F82710022A5ED0032A59D0012A01D115
S3150000761044F001041B68204698476B691A683AB122
S31500007620D969DB68994203D044F04004204690476C
S31500007630019B1A074AD16B689B6903936B78DB063B
S3150000764008D5039BDF0705D56B6944F480641B6886
S31500007650204698476B785E0608D5039B980705D5A4
S315000076606B6944F400641B6820469847AB78D907D9
S3150000767008D5039B5A0705D56B6944F400541B686B
S315000076802046984795F90130002B1FDA039B1B070C
S315000076901CD56B691B6844F4805005B0BDE8F0400A
S315000076A01847012431E7029BDF067FF564AF6A695C
S315000076B01368002B3FF45FAF01219171802059E7D9
S315000076C044F00404A6E744F00204A3E705B0F0BDC5
S315000076D000010044000002450018042430B50446A9
S315000076E00AB3B0F5E10F1ED853688025DD60890026
S315000076F0B1FBF0F1D3F8C0006FF30500C3F8C0008A
S31500007700002018605860D860DD60C1F387151D60E1
S31500007710C1F3873501F03F015D60C3F8C010D86042
S315000077205369DC6230BD40F20160FBE72DE9F743A7
S315000077304E69DDF8289096F8295015F001050C469B
S31500007740174698466ED1C6E90005357286F826506A
S3150000775086F824504B68B3F1884F02D0354A9342DD
S3150000776012D1354B10229A60344BA26BDB69019221
S3150000777094F834200092D3F8A45094F83C200023C7
S3150000778001214FF08C40A84762682D4B9A4215D1D3
S3150000779003F15F4303F5213310229A60274BA26B56
S315000077A0DB69019294F834200092D3F8A45094F83F
S315000077B03C20012319464FF08C40A8476268214BB4
S315000077C09A4210D103F5D8434FF400125A641B4B6A
S315000077D0228F1B6A0092DD6994F83C2094F83530BC
S315000077E019480121A847E3680BB92369B3B1656855
S315000077F0B5F1884F08D00F4B9D4205D0104B9D42E6
S3150000780002D0104B9D4211D10C4BDB684A461D68D5
S315000078100B9B41463846A847C9F800006369012218
S3150000782083F82920002003B0BDE8F0834FF0FF3035
S31500007830F9E700BF00010044008404240001300081
S3150000784000000245001804240014042438B54368D7
S31500007850B3F1884F04460D4602D01F4A934207D122
S315000078601E4BDB690021D3F8E8304FF08C40984777
S3150000787062681B4B9A4207D1184BDB690121D3F88A
S31500007880E8304FF08C4098476268164B9A4205D113
S31500007890124B15481B6A0821DB6B9847E3680BB946
S315000078A023698BB16368B3F1884F08D00A4A9342C3
S315000078B005D00B4A934202D00A4A934209D1074B9C
S315000078C0DB6828465B6898476369002083F82900CF
S315000078D038BD4FF0FF30FBE70001004400013000E7
S315000078E000000245001804240014042470B50C4658
S315000078F015461E4620B1022872D06FF0030070BDF7
S3150000790091F9080000280CDB4309474900F01F00E5
S3150000791020330122824041F82320BFF34F8FBFF36B
S315000079206F8FE06862696368B0B192F826209AB1F9
S31500007930B3F1884F0BD03D4A934208D03C4A93425C
S3150000794005D03C4A934202D04FF0FF30D7E700798A
S3150000795032462946FFF7BCFDD4E90402636890B1BC
S31500007960127982B1B3F1884F08D0304A934205D0DC
S315000079702F4A934202D02F4A9342E5D100793246EC
S315000079802946FFF7A5FD63682B4AB3F1884F05D05A
S3150000799026498B4202D026498B421DD11023D36043
S315000079A094F90830002B09DB5A09012103F01F0363
S315000079B0994002F160031C4A42F8231063690022D1
S315000079C05A601A7283F8262093F8292022F00202C0
S315000079D083F82920002092E74FF400139364DFE731
S315000079E04A6992F82930D907AED513F00203F1D1CE
S315000079F061684B605360137282F826304FF440730F
S31500007A00138594F90830002BE4DB03F01F015B09B2
S31500007A109B0003F1604303F5614301228A40C3F8EA
S31500007A2080211A60D6E700BF00E100E000010044B3
S31500007A300000024500180424008404242DE9F04FB8
S31500007A408FB00DF11C0A06460D46904600211C22F9
S31500007A505046DDF864901F4605F0B2F9002E00F09E
S31500007A608D80002D00F08A80D8F8142092F82930F5
S31500007A70580704D44FF0FF300FB0BDE8F08F92F8EE
S31500007A802630002B7DD1012482F82640D8F80CE060
S31500007A9013629661D8F804301561BEF1000F59D013
S31500007AA0B3F1884F099450D0374A93424DD0374AA4
S31500007AB093424CD0364A9342DCD122460324CDE988
S31500007AC00C4201210B91DEF80000DEF808C0079198
S31500007AD09EF80410BEF800E0CEF3091E6EF30D10FA
S31500007AE000F0070BBBF1020F01BFBA6894686BF395
S31500007AF002049460274C0EF101029542E26838BFF9
S31500007B0005F1FF3ED2F808B0189ACDF8149038BFA8
S31500007B10CEF3090E6EF30D10CDE903C2CDE9010ACD
S31500007B20009532463846D8470130A3D0D8F80C0025
S31500007B30E3680079DB6839464A469847E368494670
S31500007B401B6938469847002096E71922B7E71B229B
S31500007B500224B4E7596989060ED45A6842F0020233
S31500007B605A60F0E74C1C1462715C19600138F4D05D
S31500007B70116AA942F6D1F0E71020F9E76FF0040088
S31500007B807AE76FF0010077E7000100440000024544
S31500007B9000180424000130002DE9F04F8FB09846FC
S31500007BA007AB81460F461846164600211C22DDF813
S31500007BB064A005F005F90346B9F1000F7BD0002F4C
S31500007BC079D0726992F82910490704D44FF0FF3032
S31500007BD00FB0BDE8F08F117901296FD0002501247F
S31500007BE0546015723069D760C2F81490D561726816
S31500007BF000285BD0B2F1884FCDE9085451D0314905
S31500007C008A424ED030498A424DD030498A42DDD12F
S31500007C100324B0F800B0D0F800C0D0F808E0CBF3E9
S31500007C20091BCDE90C456BF30D1C01210B91079146
S31500007C300CF007050021022D0A91017901BFD8F841
S31500007C400800846865F302048460214C0BF101008E
S31500007C508742E06838BF07F1FF3B85681898CDF882
S31500007C6014A038BFCBF3090B6BF30D1CCDE903E071
S31500007C70CDE901C300974B464046A8470130A5D041
S31500007C803069E3680079DB6852464146984796F8C2
S31500007C90403023B9E36851461B69404698470020A7
S31500007CA096E71825B5E71A250224B2E7536843F08C
S31500007CB001035360F3E76FF0040089E76FF00100FA
S31500007CC086E700BF000100440000024500180424B6
S31500007CD0000130002DE9F3470746DDE90AA8DDF883
S31500007CE03090084616461D461FB311B30AB35B69AA
S31500007CF093F82920520723D595F84040F4B12A7805
S31500007D0012F0060F1CD0032283F827203146CDE956
S31500007D10008953462A46FFF73FFF60B953462A4675
S31500007D2031463846CDE90A8902B0BDE8F047FFF78B
S31500007D3085BE6FF0040002B0BDE8F0872046FAE782
S31500007D404FF0FF30F7E74369186A70474369D8690F
S31500007D50704700002DE9F0471C465B69924693F890
S31500007D60292080469007DDE90867894640F1488466
S31500007D705FFA88F5A5F11501052900F26481DFE8AF
S31500007D8011F006005A00C200DB00FB002901B9F120
S31500007D90000F4BD06368B3F1884F05D0874A9342F2
S31500007DA002D0874A934228D1E36958783F280CD9F4
S31500007DB04038C0B2FFF784FBE36982485A78403AFC
S31500007DC00623D2B20021FFF759FBE369D87808B140
S31500007DD0FFF766FBE3695878A0F11903052B01D874
S31500007DE0FFF756FBE3695878FFF762FBE1697648CF
S31500007DF08B784A780978FFF741FB6268734B9A42A1
S31500007E000AD1E3695878FFF75BFBE1696D488B7827
S31500007E104A780978FFF732FB626992F8293043F015
S31500007E20080382F829300020BDE8F08722F0080216
S31500007E3083F82920F7E7B9F1000F61D06368B3F141
S31500007E40884F05D05D4A934202D05D4A93423AD1AB
S31500007E50236A58783F2816D95D4B1B6840380121A4
S31500007E60D3F8F030C0B29847236A58784038C0B289
S31500007E70FFF726FB236A53485A78403A0623D2B2C4
S31500007E800021FFF7FBFA236AD87808B1FFF708FB51
S31500007E90236A5878A0F11903052B01D8FFF7F8FAE1
S31500007EA04B4B226A1B685078D3F8D430012198478F
S31500007EB0236A5878FFF7FCFA216A43488B784A7898
S31500007EC00978FFF7DBFA6268404B9A4212D1404BC1
S31500007ED0226A1B685078D3F8F03001219847236A4C
S31500007EE05878FFF7EDFA216A36488B784A78097890
S31500007EF0FFF7C4FA626992F8293043F0100390E75D
S31500007F0022F0100294E7B9F1000F0DD093F8262065
S31500007F10002A40F078836168CA6842F04002CA606D
S31500007F20012283F826207EE76168CA6822F04002B3
S31500007F30CA6083F8269076E76068E568426822F0B2
S31500007F4002024260052282609DB193F8263083B119
S31500007F50B0F1884F08D0194B984205D0184B98427B
S31500007F6002D01A4B984204D128793A463146FFF797
S31500007F70AFFA63690022D4E76068426822F0010222
S31500007F8042602269032181609AB11B798BB1B0F1FD
S31500007F90884F08D0094B984205D0094B984202D029
S31500007FA00A4B984205D1E3683A4618793146FFF7FD
S31500007FB08FFA636900221A7135E700BF0001004499
S31500007FC00000024500C004240000134600180424E3
S31500007FD0000130006268E068516821F003015160D9
S31500007FE098B193F8263083B1B2F1884F08D0784B18
S31500007FF09A4205D0774B9A4202D0774B9A4204D1E7
S3150000800000793A463146FFF763FA2069A0B1636901
S315000080101B798BB16368B3F1884F08D06C4A9342E1
S3150000802005D06C4A934202D06B4A934204D1007940
S315000080303A463146FFF74CFA636807229A6063694D
S3150000804000221A716DE76A1E132A00F2DF82DFE84A
S3150000805012F05F0014007100AD00C9003101DD02AD
S31500008060DD02DD02DD02DD02DD02DD02DD02DD0212
S315000080703701170031013A01310194F8403013B944
S315000080806FF00600D0E66268514B9A42F8D1237829
S3150000809099073DD5A36958783F280CD94038C0B216
S315000080A0FFF70EFAA3694D485A78403A0623D2B232
S315000080B00021FFF7E3F9A369D87808B1FFF7F0F9D3
S315000080C0A3695878A0F11903052B01D8FFF7E0F949
S315000080D0A3695878FFF7ECF9A16941488B784A788B
S315000080E00978FFF7CBF963689A6D42F001029A6549
S315000080F09A6D42F002029A6594F841109A6D002931
S3150000810051D042F010029A659A6D42F020029A65AB
S3150000811008F4E066B6F5A06F00F0EE8000F2D780B6
S31500008120002E00F0EC80B6F5807F00F0EA806FF05C
S31500008130080079E66268264B9A42A1D123785A074D
S315000081409ED5A36958783F280CD94038C0B2FFF7AE
S31500008150B7F9A36921485A78403A0623D2B20021DA
S31500008160FFF78CF9A369D87808B1FFF799F9A369E5
S315000081705878A0F11903052B01D8FFF789F9A369EF
S315000081805878FFF795F9A16915488B784A780978E8
S31500008190FFF774F963689A6D42F001029A659A6D69
S315000081A06FF34102A7E761F30412ACE721780B07EE
S315000081B0AED563681A6C42F001021A641A6C8F0716
S315000081C04CBF6FF3410242F002021A64A0E700BFFF
S315000081D000010044000002450018042400C00424E5
S315000081E0000013466368B3F1884F03D09C4A93425C
S315000081F07FF446AF2378DE067FF542AFE36A587810
S315000082003F280CD94038C0B2FFF75AF9E36A9548BF
S315000082105A78403A0623D2B20021FFF72FF9E36AD3
S31500008220D87808B1FFF73CF9E36A5878A0F119034A
S31500008230052B01D8FFF72CF9E36A5878FFF738F9D0
S31500008240E16A89488B784A780978FFF717F9236B32
S3150000825058783F280CD94038C0B2FFF731F9236B64
S3150000826080485A78403A0623D2B20021FFF706F931
S31500008270236BD87808B1FFF713F9236B5878A0F170
S315000082801903052B01D8FFF703F9236B5878FFF77D
S315000082900FF9216B74488B784A780978FFF7EEF866
S315000082A02378D8067FF5ECAE6268136943F0400385
S315000082B013612DE7257815F020053FF429AFDFE699
S315000082C083F82490AFE5257815F04005F5E7B6F577
S315000082D0C06F18D0B6F5E06F7FF429AF00260227ED
S315000082E008F44053B3F5805F10D0B3F5005F1BD0A0
S315000082F073B16FF0090097E500260027F0E7032722
S31500008300EEE70926F9E700260127E9E747F018070F
S3150000831008F44043B3F5804F09D0B3F5004F06D0BB
S315000083203BB16FF00A007FE547F00807F0E747F03A
S31500008330040708F44032B2F5003F636800F0E880B5
S3150000834009D8002A00F03181B2F5803F00F0928012
S315000083506FF00B0068E5B2F5403FF9D1627802F0A4
S315000083601802182A74D1B3F1884F05D03C4A9342BB
S3150000837002D03E4A934251D1636A58783F280CD9BD
S315000083804038C0B2FFF79CF8636A36485A78403ADC
S315000083900623D2B20021FFF771F8636AD87808B1D4
S315000083A0FFF77EF8636A5878A0F11903052B01D808
S315000083B0FFF76EF8636A5878FFF77AF8616A2A4819
S315000083C08B784A780978FFF759F8A36A58783F28D6
S315000083D00CD94038C0B2FFF773F8A36A21485A781F
S315000083E0403A0623D2B20021FFF748F8A36AD878AC
S315000083F008B1FFF755F8A36A5878A0F11903052BC1
S3150000840001D8FFF745F8A36A5878FFF751F8A16A33
S3150000841015488B784A780978FFF730F86268144B6C
S315000084209A4215D1A36A5878FFF74AF8A16A0D480F
S315000084304A788B780978FFF721F8636A5878FFF74E
S315000084403FF8616A07488B784A780978FFF716F88B
S31500008450238803F4C073B3F5C07F54D078E700BF18
S315000084600001004400C00424000013460000024539
S31500008470001804246278110740D5B3F1884F05D05F
S31500008480674A934202D0674A934228D1A36A587832
S315000084903F280CD94038C0B2FFF712F8A36A6248E9
S315000084A05A78403A0623D2B20021FEF7E7FFA36AC4
S315000084B0D87808B1FEF7F4FFA36A5878A0F119033B
S315000084C0052B01D8FEF7E4FFA36A5878FEF7F0FF04
S315000084D0A16A56488B784A780978FEF7CFFF62681A
S315000084E0534B9A420AD1A36A5878FEF7E9FFA16A6C
S315000084F04D488B784A780978FEF7C0FF94F900302A
S31500008500002BBFF625AF6268136943F022034BE0E8
S315000085106278D20640D5B3F1884F05D0404A9342DF
S3150000852002D0404A934228D1636A58783F280CD932
S315000085304038C0B2FEF7C4FF636A3B485A78403AF7
S315000085400623D2B20021FEF799FF636AD87808B1F4
S31500008550FEF7A6FF636A5878A0F11903052B01D828
S31500008560FEF796FF636A5878FEF7A2FF616A2F4806
S315000085708B784A780978FEF781FF62682C4B9A421D
S315000085800AD1636A5878FEF79BFF616A27488B78A1
S315000085904A780978FEF772FF6378DB077FF5D8AE75
S315000085A06268136943F020031361AB1E012B05D8E3
S315000085B018F4802F2DD118F4002F2DD1D4F8048073
S315000085C0D8F8103023F01003C8F810302246514670
S315000085D04846FFF783F86369012183F82850C8F8F5
S315000085E00810C8F80C70C8F8CC60D8F8AC2061F355
S315000085F0C402C8F8AC2093F8292042F0040217E41C
S315000086004FF0FF3010E46FF001000DE46FF003004F
S315000086100AE46FF00C0007E46FF00D0004E400BFFD
S31500008620000100440000024500C004240000134677
S315000086300018042442694368107A5969137981F055
S3150000864080015B00C1F3C01103F002030B435179B3
S31500008650C90001F008010B439179090101F01001ED
S315000086600B43D179490101F0200180010B4300F051
S3150000867040001843704700004B6993F829305B07A8
S3150000868033D54B68002B33D040B94A7812072FD523
S315000086901A6922F002021A6100207047012806D1E9
S315000086A04A78100724D51A6942F00202F3E7022835
S315000086B00CD1B3F1884F02D00F4A934218D14A78B1
S315000086C0910615D51A6922F00102E4E70328E3D1E1
S315000086D0B3F1884F02D0084A934209D14A789206EC
S315000086E006D51A6942F00102D5E74FF0FF30704710
S315000086F06FF00300704700BF00010044426830B5C8
S31500008700044612B3436993F8293013F004001DD0D0
S3150000871065789269A07815F0100318BFC2F30013AC
S3150000872015F0400118BFC2F3401110F0010018BF48
S31500008730C2F380102C060DD5C2F3C01243EA4103E2
S3150000874043EA820343EAC00030BD104602460146B2
S315000087500346F3E70022F1E741F20273984221D083
S3150000876011DC41F2045398421CD005DCF8B1012813
S315000087700CBF21200120704741F2017398420CBFC3
S3150000878011200120704742F2041398420CD042F2A5
S31500008790061398420AD042F2031398420CBF2120D6
S315000087A00120704721207047282070472B207047F2
S315000087B0014BDB695B6E184700013000014BDB693A
S315000087C09B6B184700013000014BDB695B6A184759
S315000087D0000130003E4B994270B50C4615460AD949
S315000087E03C4B4FF400125A623B4B10229A615A6C72
S315000087F042F010025A6401283FD0022855D048BBE7
S31500008800364EF3690121A4220846D3F8EC30984786
S31500008810334B9C60FFF7D8FF324B9D42324B02BF71
S315000088205A6822F440425A604FF45942A3F8602035
S31500008830F3692A469B6821464FF08C40984750B909
S315000088402A4B9C420BD82A4B4FF40032DA664FF47F
S315000088508022DA660020BDE87040FFF77DBF254B19
S315000088609C42F7D9224BDA6E9203F3D44FF480225E
S315000088709A664FF400329A66ECE7194B5C61FFF793
S3150000888097FF194B4FF45942A3F8A020134BDB690D
S315000088902A469B6D21464FF08C4098470028DAD136
S315000088A0592CD0D95A2CDDD1D4E70D4B9C61FFF75A
S315000088B085FF0D4B4FF45942A3F8E020074BDB69C7
S315000088C02A46DB6B21464FF08C409847C3E700BF32
S315000088D0FF0D270700002820008000460001300019
S315000088E0902B0000005A6202008018467F4A5D0500
S315000088F000840424BF8C6C05052870B505460E4619
S3150000890037D81D4B99420DD81C4A536A23F40013DD
S3150000891053621B4B9A6922F010029A615A6C22F03C
S3150000892010025A64002211464FF08C4000F00CFDF4
S315000089300446FFF711FF0246E0B9DDB1042D13D15D
S31500008940104A31460120FFF745FF04B22046FFF7E3
S3150000895003FF024670B929464FF08C4000F0F4FC44
S31500008960BDE87040FFF7F8BE022DEFD1054A31464B
S31500008970E9E72122104670BDFF0D270700002820D9
S3150000898000800046005A620213B503214FF08C4066
S3150000899000F0BAFD032000F01DFE0C490220FFF78F
S315000089A0ABFF0B4A0B490120FFF714FF0A4B0122CC
S315000089B0DB690092D3F8A04000231A4602214FF04B
S315000089C08C40A047002002B010BD00BF0095BA0A37
S315000089D0005A6202006889090001300010B50024BF
S315000089E086B0012321460820ADF808308DF8043002
S315000089F0CDE903448DF800408DF80A400594FEF752
S31500008A0025FC6846FEF74CFC01AB02A92046039301
S31500008A108DF80840FEF75CFC0F212046FEF7A4FC0B
S31500008A200F212046FEF7AEFCFEF720FC0B4B9C61A7
S31500008A30DA695207FCD40A4A4FF480615160094A48
S31500008A404FF480011160182182F8161301221A6171
S31500008A50DA69002AFCD106B010BD00BF008C0424E0
S31500008A600000081200E100E0014B9869704700BF62
S31500008A70008C042400210846FEF7A0BC00F001018A
S31500008A80830748BF41F002010020FEF75FBC0000EB
S31500008A902DE9F0410446F8F7E3FD1A4D0746D5F8EF
S31500008AA01880FFF7E7FF06460020FEF779FC8307EC
S31500008AB005D4A6EB0803042B01D8464514D1A969B1
S31500008AC0B4F1FF3F28BF0134C1F103032344072B50
S31500008AD098BFCC1C00210846621EFEF789FC0220C6
S31500008AE0FFF7CCFFFEF7A2FC3846F8F7BDFD064AB5
S31500008AF013782BB1AB6C43F00103AB640023137006
S31500008B00BDE8F081008C042458010000830700F0C2
S31500008B10010109D5064B01221A70064A936C23F00F
S31500008B20010341F0020193640020FEF71DBC00BF63
S31500008B3058010000008C0424830742BF024B022226
S31500008B40C3F84021704700BF008C042438B5FEF7F7
S31500008B507BFCF8F78EFD04460020FEF721FC830718
S31500008B6000F0010548BF45F0020500F003010020B2
S31500008B70FEF708FC2846F8F74BFE2046F8F77FFD7F
S31500008B80BDE83840FEF752BC4FF400407047000085
S31500008B90044B4FF48072DA63034B4FF400629A6021
S31500008BA0704700BF008104240000081208B5284B56
S31500008BB04FF400621A60274AD2F88C3743F4004318
S31500008BC043F08003C2F88C37D2F88C375B06FBD5AE
S31500008BD0D2F88C27204BDFED216A9FED216A2149CF
S31500008BE002F03F021A601A68262A84BF26221A60FB
S31500008BF01D4A9268EAB11D48C2F315020260D3ED20
S31500008C00007A90ED007AF8EE677AB8EE477A77EE5A
S31500008C10A67A37EE267A67EE867AC7EE876AC1EDC0
S31500008C20006AFFF7B5FF0A4B4FF400625A60086806
S31500008C3008BDD3ED007AF8EE677A77EEA67ADFED17
S31500008C400C6A67EE867A87EEA67A81ED007AE8E707
S31500008C500000081200A005242035000089410B42BF
S31500008C603333534018350000641200001C350000F1
S31500008C70C4A08342F0B5A24CA24BA2680578A24ECE
S31500008C8002EA0301027802F001020A439F49A26048
S31500008C908A6802EA0304427802F00102920042EA7C
S31500008CA0951222438A600A69457802EA030402782B
S31500008CB0C2F344022243964C0A61A26802EA030107
S31500008CC0827802F00302520142EAD5020A43914930
S31500008CD0A2608A6884781A4042EA94028E4C8A60BE
S31500008CE0A268C1781A4001F01F011143A160B26861
S31500008CF0047902EA030504F03F04C278640044EAFA
S31500008D00D214C2F3411242EA84022A43B260834E6D
S31500008D104579B26802EA0304027905F07F059209F3
S31500008D2042EA850222437E4DB260AA6802EA030443
S31500008D30C27902F00F0222437A4CAA60A268C57972
S31500008D40067A1A4042EA1512774DA260AA6802EA2C
S31500008D500304427C02F07F022243AA60734DAA6894
S31500008D6002EA0304027A02F07F022243AA60704DEF
S31500008D70AA6802EA0304427A02F01F02520042EA9B
S31500008D80D61222436B4EAA60B268857A02EA0304C1
S31500008D90C27A520042EAD512057B05F0010542EA85
S31500008DA045222243644DB260AA68467A02EA030469
S31500008DB0827A02F07F02D20042EA56122243AA6069
S31500008DC05E4D5F4EAA6802EA0304B0F80D20224306
S31500008DD0AA60B268457D02EA0304027D05F00F052C
S31500008DE042EA05222243574DB260AA68564E02EA6D
S31500008DF00304427DC2F302122243AA60B268C57D13
S31500008E00477902EA0304827D05F00F0542EA05224E
S31500008E102243B2604D4EC57DB26802EA0304027E6B
S31500008E20120142EA1512457E05F00F0542EA0532A7
S31500008E302243474DB260AA68467E02EA0304827E58
S31500008E40120142EA16122243AA60424DAA6802EAB9
S31500008E500304B0F81B202243AA603F4DAA6802EA29
S31500008E6003048279560802F00102520042EAD71240
S31500008E7042EA86022243847CAA60457C90F82460FC
S31500008E8004F00F02520052EAD512344D1EBFA968F3
S31500008E9019401143A960324D1A4AAB6803EA020130
S31500008EA0437F03F00F030B43AB602E4DAB6803EA21
S31500008EB00201837FC3F383030B43AB602A4DAB6888
S31500008EC003EA020190F8253003F007035B0043EA4A
S31500008ED0D6130B43AB60254DAB6803EA0201C37C96
S31500008EE003F003035B0043EAD4130B432049AB6052
S31500008EF08B681A40837CC3F3021313438B60F0BD67
S31500008F00441300000000C0FFCC1200003013000024
S31500008F101813000000130000F4120000B012000045
S31500008F20881200007C1200000C1300007012000072
S31500008F3064120000581200005C130000401200008A
S31500008F404C120000BC110000341200002812000070
S31500008F501C1200001012000094120000E81200001B
S31500008F6004120000F8110000EC110000D4110000FA
S31500008F70E0110000F9F7A0BFF0B5194D194C2B8888
S31500008F80E5B004F11001002600274FF4C2726846CE
S31500008F90ADF88431CDE9626703F0D2FF94E80F00A3
S31500008FA000F00EFD62A800F0C9FD2B78687843EA50
S31500008FB0002000F073FEDDE9624532463B4620465E
S31500008FC0294602F021FE48B1074B002220462946D9
S31500008FD002F006FE10B10020F9F7C2FF65B0F0BD41
S31500008FE0100300007C01000000004E4010B50A4A44
S31500008FF00A4BD2F80815D3F80240E405FBD440EA40
S315000090005110C2F80805D3F80220D205FBD4024B52
S31500009010D3F8083510BD00BF00A0052400000524C4
S3150000902010F4405F0F4B0BD0D3F8042522F48012C6
S31500009030C3F80425D3F8042522F40012C3F8042546
S31500009040D3F80825084BD3F80210C905FBD4C04352
S3150000905000EA5210034AC2F80805D3F80220D205E6
S31500009060FBD4704700A00524000005240D4A0E49D4
S31500009070D2F81035013823F0030310B5C0B2C2F898
S315000090801035D1F80230DC05FBD4D2F810450123A7
S3150000909083402343C2F81035D1F80230DB05FBD4F8
S315000090A010BD00BF00A005240000052430B58BB01C
S315000090B00023019302930393049305930693079366
S315000090C0089309938DF802308DF8033010B901200A
S315000090D00BB030BD019A50F822200292029A002A63
S315000090E0F5D001930121019C029A944201D30020FC
S315000090F0EEE7019A00EBC20252680392019A01322E
S3150000910050F832200492049AC2F384528DF8032058
S31500009110049AD20E8DF802209DF802209DF8034095
S31500009120121B01320592059A162AD0D8039A1268A4
S3150000913007929DF80320D2B2069208930993069CE3
S31500009140079A01FA04F422EA04020792099A089C93
S3150000915001FA02F222430892069A01320692099A0D
S31500009160013209929DF80320059D069C2A44A242DD
S31500009170E5D8089C049A22400492049A9DF803506C
S31500009180079CAA4022430492039A049C1460019A05
S3150000919001320192A7E730B58BB000230193029309
S315000091A003930493059306930793089309938DF805
S315000091B002308DF80330039A10B901200BB030BD90
S315000091C0019A50F822200292029A002AF5D00193C1
S315000091D00121019C029A944201D30698EEE7019A76
S315000091E0013250F832200692069AC2F384528DF864
S315000091F00320069AD20E8DF802209DF802209DF8D3
S315000092000340121B01320492049A162AD5D89DF8FF
S315000092100320D2B2059208930993099A089C01FA91
S3150000922002F222430892059A01320592099A013206
S3150000923009929DF80320049D059C2A44A242ECD87D
S31500009240089C069A22400692069A9DF80350079CAF
S31500009250AA4022430692019A01320192B9E7000020
S31500009260064B074A996C0748DA620229D96C08BF8F
S315000092701A60022908BF5A60FFF718BF902B00003A
S315000092800048E80118130000024B034A03485A63DA
S31500009290FFF70CBF902B00000048E8010013000008
S315000092A0064B074A996C07481A630529D96C08BF0B
S315000092B01A60052908BF5A60FFF7F8BE902B000018
S315000092C0002D310170120000034B04484FF4FA429E
S315000092D01A62FFF7EBBE00BF902B0000F4120000ED
S315000092E0034B04484FF4FA425A62FFF7DFBE00BF51
S315000092F0902B0000941200000148FFF74CBF00BFFE
S315000093004C1200000148FFF746BF00BF34120000B0
S315000093100148FFF740BF00BF281200000148FFF7D1
S315000093203ABF00BF1C1200000148FFF734BF00BF60
S31500009330101200000148FFF72EBF00BF40120000C8
S3150000934001B108477047000010B5002852D03E2AE8
S3150000935050D82B4BDB689C0748BF5208052949D8D3
S31500009360DFE801F003481B26313C836A6FF30303F1
S315000093708362244B1B6824490B60846DE405FCD58D
S31500009380846A62F30914846212B1B3FBF2F30B60D0
S315000093901C4B0A68DA60002010BD836D9B062BD536
S315000093A0836A022161F303038362164B9B68E2E73B
S315000093B0836D5C0620D5836A032161F30303836210
S315000093C0104B1B69D7E7836D190715D5836A0421EE
S315000093D061F3030383620B4B5B69CCE70B4B5B6A60
S315000093E05B0709D5836A052161F303038362054B95
S315000093F09B6BC0E70120CFE741F20170CCE700BFCD
S3150000940000860424902B0000E02B000000140424A6
S3150000941007B50B46114606281ED8DFE800F00421E2
S31500009420333B47586400364A106A40025EBF106AF2
S3150000943040F48000106213B90A20FFF781FF314B18
S31500009440D3F81C2122F08012C3F81C21D3F81C216A
S3150000945042F00122C3F81C21002003B05DF804FB92
S31500009460274A106A800207D4106A40F480101062FE
S31500009470106A40F400101062002BEDD10A20FFF7AD
S315000094805FFFE9E71E4A106AC002F5D4106A40F48D
S315000094908010F0E71A4A106A00035EBF106A40F4B3
S315000094A000201062002BD7D10220E8E7144B1A6A7D
S315000094B05203D1D41A6A42F480221A624FF4FA7027
S315000094C00191FFF73DFF019940F2DC50D7E70C4AC6
S315000094D0106A80035EBF106A40F400301062002BF1
S315000094E0BAD1FA20CBE7064A106AC0035EBF106AFB
S315000094F040F480301062002BAED19620BFE700BF4B
S31500009500008104240080042410B50446002858D0A5
S315000095100139052955D8DFE801F003131D27344525
S31500009520294BD969012262F30201D961274B9A645A
S315000095305B6C264A1360A36D002BFCDA002010BD7D
S31500009540214BD969022262F30201D9611F4B9A6449
S31500009550DB6AEEE71C4BD969032262F30201D9618B
S315000095601A4B9A64DB6BE4E7194B40229A83164B3D
S31500009570D969042262F30201D961144B9A641B6C07
S31500009580D7E7114B1A6AD2025EBF1A6A42F48012FA
S315000095901A62D969052262F30201D9610B4B9A64FA
S315000095A01B6BC6E7012100220846FFF731FF064B79
S315000095B0D969062262F30201D961044B9A645B6B96
S315000095C0B7E70120BBE700BF00810424902B000011
S315000095D000801341013808B5052850D8DFE800F0AF
S315000095E003101A243140274BD969012262F3124134
S315000095F0D961254BDA645B6C234A0020536008BDB1
S31500009600204BD969022262F31241D9611E4BDA64FA
S31500009610DB6AF1E71B4BD969032262F31241D96178
S31500009620194BDA64DB6BE7E7184B40229A83154B3C
S31500009630D969042262F31241D961134BDA641B6CB7
S31500009640DAE7002201210220FFF7E2FE0D4BD9697D
S31500009650052262F31241D9610B4BDA641B6BCBE72F
S31500009660012100220846FFF7D3FE064BD9690622E0
S3150000967062F31241D961044BDA645B6BBCE70120EB
S31500009680BDE700BF00810424902B00000080134139
S3150000969041F20273984221D011DC41F20453984200
S315000096A01CD005DCF8B101280CBF21200120704731
S315000096B041F2017398420CBF11200120704742F21B
S315000096C0041398420CD042F2061398420AD042F292
S315000096D0031398420CBF21200120704721207047B8
S315000096E0282070472B2070470378012B06D8437833
S315000096F0013B0F2B94BF002021207047212070478B
S31500009700174B1B78012B0CBF03780023C218527825
S31500009710012A22D800EB83004369D3B1114A934250
S3150000972019D8D0F81431104A934207D9D0F8540109
S315000097300E4B98428CBF212000207047B3F53D3F69
S315000097400BD8D0F85431B3F53E3F34BF002021206A
S3150000975070472D207047282070472120704700BF92
S3150000976024350000A0252600FFFF0524001B062443
S3150000977011B1042900D07047014B1B68184700BF80
S315000097802835000084B000B52DED028BE7B00DF54D
S31500009790D47C8CE80F003F4B9DF83D139DEDD08A9D
S315000097A01970CFA8FFF7A0FF002858D16AA8FFF7C5
S315000097B0A7FF002853D1012908BF9DF8A8019DF8ED
S315000097C03C236AAB03EB4000012AB0F8F43003D126
S315000097D0012B4BD02B2042E0013B9BB240F2FE30E6
S315000097E08342F7D8002A41D101293FD92A4B6293F7
S315000097F04FF4C272BDF83C33ADF884316EA96846A9
S3150000980003F09EFB6AAB0FCBFBF732FDFFF740FF81
S3150000981028BB00236593FFF7C9F965909DED657A2E
S31500009820DFED1E7AB4EEE77AF1EE10FA02D51C48A7
S31500009830FFF73CFCDFED1B7A6599B4EEE78AF1EEA3
S3150000984010FA24D4DFED187AB4EEE78AF1EE10FAB6
S315000098501DDC18EE100AFAF7E7FBFFF719FF67B0F1
S31500009860BDEC028B5DF804EB04B070470A4B6293C3
S315000098706EA9BDF83C33ADF884314FF4C272684628
S3150000988003F05EFB6AAB0FCBFBF7C6FDBEE72120FC
S31500009890E5E700BF2435000071A720089A99194012
S315000098A0A41400006666E63F6666664084B000B5AE
S315000098B0E3B00DF5C87C8CE80F00C9A8FFF714FFCC
S315000098C0D0B964A8FFF71CFFB0B99DF82423BDF8F2
S315000098D02433B2B99DF82523012A12D94FF4C27256
S315000098E068A96846ADF8843103F02AFB64AB0FCB58
S315000098F0FBF790FEFFF7CCFE63B05DF804EB04B017
S31500009900704768A94FF4C2726846ADF8843103F017
S3150000991017FB64AB0FCBFCF761F8EBE7034620B10E
S31500009920044A106818B91360704722207047042053
S31500009930704700BF2835000008B50348FCF76AFAEF
S31500009940BDE80840FFF7A4BE0038042407B5ADF80B
S31500009950040001A8FFF7C8FE20B90198FAF79AFE9D
S31500009960FFF796FE03B05DF804FB07B5ADF80400FB
S3150000997001A8FFF7B9FE20B90198FBF7BDFBFFF779
S3150000998087FE03B05DF804FB07B5ADF8040001A837
S31500009990FFF7AAFE20B90198FBF70EFEFFF778FE47
S315000099A0024B00221A6003B05DF804FB2835000064
S315000099B0042902BF014B01221A707047343500009A
S315000099C084B000B5E5B00DF5CC7C8CE80F009DF8B1
S315000099D02C33012B3BD19DF82D33013B0F2B36D871
S315000099E09DF89931002B32D11E4B6B9A9A4234D88E
S315000099F0BDF88C32012B32D11B4B62934FF4C272ED
S31500009A00BDF82C33ADF884316AA9684603F098FA9C
S31500009A1066AB0FCBFFF7B6FED0B9BDF82C33ADF869
S31500009A2084314FF4C2726AA9684603F089FA66ABBC
S31500009A300FCBFFF73BFF58B90C48FFF76FFF38B95C
S31500009A40CB9865B05DF804EB04B0FFF77FBF21202B
S31500009A5065B05DF804EB04B070472820F8E72B20CA
S31500009A60F6E700BF404B4C003D0A2740B1A920084D
S31500009A7084B000B5E3B00DF5C87C8CE80F00142364
S31500009A808DF8E4310E4A0F4B0F4881930021FCF705
S31500009A9098FA0E4B68A91B88ADF884314FF4C27250
S31500009AA0684603F04DFA64AB0FCBFFF7FFFE0038B4
S31500009AB018BF012063B05DF804EB04B0704700BF27
S31500009AC05901000000004C42143A0424100300001F
S31500009AD0012801D1FFF730BF38B9054BD3F8E02193
S31500009AE060F30002C3F8E02170472120704700BFF1
S31500009AF00038042484B000B5E3B00DF5C87C8CE8CA
S31500009B000F00172301208DF8E431FFF7E1FF68B954
S31500009B10094B4FF4C2721B88ADF8843168A96846B8
S31500009B2003F00EFA64AB0FCBFFF7C0FE63B05DF82F
S31500009B3004EB04B0704700BF100300002DE9F043AA
S31500009B402DED028B0646E3B0002800F092804A4DC8
S31500009B504FF4C27205F11001684603F0F1F995E879
S31500009B600F00FFF785FF2F460446002873D1434BAD
S31500009B701A7862B118706A7841480121FCF708FA30
S31500009B8007EE900A3F4BF8EEE77AC3ED007A3E49BE
S31500009B904FF4C272684603F0D3F997E80F00FFF757
S31500009BA0A9FF0446002856D1DFF8D490374F4FF06E
S31500009BB00A086A7800214846FCF7EAF907EE900A97
S31500009BC008F1FF38F8EEE77A18F0FF08C7ED007ADB
S31500009BD0EFD1020545D520F400631B041B0C07EEEC
S31500009BE0903AF8EEE77AC7ED007AFFF797FB08EEB2
S31500009BF0100AFFF781FB08EE900AFFF79BFB214B4B
S31500009C0097ED007AD3ED007ADFED216AB8EE488A47
S31500009C10C0F5707037EE487A77EEC87A0130C7EE35
S31500009C20275A07EE900AF8EEE77AF8EE688A87EE8A
S31500009C30A67A88EEA66AF0EE477A45EE867ADFEDDA
S31500009C40156A9FED157A17EEA67A17EE100A01F03F
S31500009C50F3FCC6E90001204663B0BDEC028BBDE80B
S31500009C60F08340F400631BB207EE903AF8EE677A91
S31500009C70B9E72224EFE700BF7C010000343500007D
S31500009C80003804242C3500008C010000303500001B
S31500009C9000007A4400009B430080884307B5134BBD
S31500009CA0ADF804001B6A12489B6A042201219847FA
S31500009CB09DF80430012B16D19DF80530013B0F2B82
S31500009CC011D80C4B5B68DB0705D4019803B05DF82F
S31500009CD004EBFFF759BE0198FFF747FE0028F4D0C2
S31500009CE003B05DF804FB2120FAE700BF0001300055
S31500009CF00014042400380424014BDB681B69184750
S31500009D00000130000346012B084602D0022B08D082
S31500009D107047074B182202FB01339B683BB10021B9
S31500009D201847034B182202FB0133DB68F6E770473E
S31500009D30583600000346012B084602D0022B08D0F5
S31500009D407047074B182202FB01339B683BB1002189
S31500009D501847034B182202FB0133DB68F6E770470E
S31500009D6038350000F8B50468012C054622D8124E95
S31500009D7056F8242042B1536810498B4204D010494A
S31500009D808B4201D01120F8BD0E4B0F49DB680F48FE
S31500009D901F680F4B51F8241053F8243050F8240054
S31500009DA0B8472B6846F8240056F82330002BE9D034
S31500009DB00020E8E72120E6E7483A000000000344D7
S31500009DC00080072400013000140300002403000073
S31500009DD02C0300002DE9F04129B1012803D80B68B6
S31500009DE018B9202B0AD9212028E00C2BFBD8012AF0
S31500009DF0F9D82C4C64681CBB11201FE0012AF2D84C
S31500009E00284C2468002CF7D0BBBB4FF0200C264D05
S31500009E10264C0023AE46A0465E1CC0B9277927BB58
S31500009E201824634308EB03040E60C4E9020001250D
S31500009E3048F8032025710B6883B30020BDE8F08144
S31500009E4013B11948013B1AE04FF00C0CDFE72F79EC
S31500009E505FB9182043430EEB030001240E60C0E9EE
S31500009E6002774EF803200471E5E7B445334605F161
S31500009E70180504F11804CFD1DDE70C48013B18257D
S31500009E806B43C41824795CB9C2500B68013B05FBCF
S31500009E9003030122C3E902441A71CEE74620CDE747
S31500009EA04520CBE7483A0000383500005836000018
S31500009EB0012810B503D811B118B9202909D92120D4
S31500009EC016E00C29FBD8C2B10D4B5B688BB911208B
S31500009ED00EE092B10A4B1B68002BF8D01068094BB4
S31500009EE00139182404FB013398605268DA600020B7
S31500009EF010BD1068044B0139F3E72220F8E700BFD4
S31500009F00483A00005836000038350000012830B5C0
S31500009F1036D8002934D0E8B9202931D8531E022B6F
S31500009F202ED8194B53F8203063B302F00203D20740
S31500009F3021D54C1E182578B9144A05FB04229060D9
S31500009F4033B1124B0139182202FB01310023CB60D9
S31500009F50002030BD0C29E0E70D4A05FB0422002055
S31500009F609060002BF4D00A4B1822013902FB013312
S31500009F700022DA60ECE7002BEAD00028E1D0F2E715
S31500009F802120E6E71120E4E7483A000058360000B1
S31500009F90383500002DE9F04F012897B005460C46EC
S31500009FA0164600F21A81002900F01781002840F0B9
S31500009FB00281202900F21181D6F814C0BCF1000FED
S31500009FC000F00B8133680893002B00F0048173685E
S31500009FD00993002B00F0FF80D6F80CA0BAF1030F0E
S31500009FE000F2FB80B3680A93032B00F2F680777EBB
S31500009FF007F0FD03012B40F0F080327E022A00F2CA
S3150000A000EC80B07E072800F2E88033690793022BC4
S3150000A01000F2E380744B53F825300B93002B00F0CD
S3150000A020DE80013C1823002D40F0C780DFF8BCE13C
S3150000A03063430EEB030898F80480B8F1000F00F0B4
S3150000A040D080B7F1010818BF4FF00108CDF8408065
S3150000A0505EF8033003F1FF3EDEF1000343EB0E032F
S3150000A06002F1FF3E5FFA8EFEBEF1020F0F9300F182
S3150000A070FF33DBB235BF4FF0010E4FF0000E00216B
S3150000A0800A21CDF84CE0072B4FF0000E28BF704692
S3150000A090012F14BF4FF003084FF00108BCF5806F85
S3150000A0A038BF0CF1FF33CDE91404CDE911EE0D9163
S3150000A0B034BFC3F3090340F2FF331827002D7FD1C5
S3150000A0C04A48DFF838E107FB0400C0E90428484A9B
S3150000A0D0484F52F825200C92002268F302026FF3D3
S3150000A0E0C30263F30D1257F8250002F0070BBBF10C
S3150000A0F0020F01BFD0F80880D8F808906BF3020968
S3150000A100C8F8089003F10108C445DFF8F480D8F8D0
S3150000A1100C1038BF0CF1FF33D1F808900D99CDF82B
S3150000A12000C038BFC3F309031B0143EA8133079913
S3150000A1304FEA016B0BF0407B43EA0B0B0A9B9B0635
S3150000A14003F04063090701F040514BEA03030B4358
S3150000A15043EA8A7302F00F021A430B9B05930C9B8A
S3150000A160E4B2CDE903E30FABCDE901232146DDE9F6
S3150000A1700823C847367EDEB9DFF86C90D8F80C3075
S3150000A18059F82520DB6857F825102046984759F8D6
S3150000A190251057F82500FFF7AFFD1F2C18D859F8E2
S3150000A1A025305A6801235169A3400B435361304659
S3150000A1B017B0BDE8F08F0C29FCE6DFF83CE037E786
S3150000A1C00D48DFF840E007FB0400C0E904287EE7FD
S3150000A1D040F20130ECE72220EAE72120E8E71120EF
S3150000A1E0E6E74820E4E700BF483A0000583600009A
S3150000A1F01C030000240300003835000005AD2008CC
S3150000A2000001300035AD2008012813D891B160B99E
S3150000A21020290FD8094B1B6873B101395A68C9B296
S3150000A22001238B409362002070470C2902D8034B10
S3150000A2305B68F1E72120704711207047483A00001B
S3150000A240012808B50CD8084B53F8201051B1074B1C
S3150000A25053F82000FFF750FD003818BF012008BD55
S3150000A2602120FCE71120FAE7483A00002403000009
S3150000A270034BC0001A580AB107221A50704700BF94
S3150000A280041213460278052A15D8437822B93A2BC8
S3150000A29034BF002021207047511E012905D9032A09
S3150000A2A005D0042A05D0062BF2E7102BF0E70A2B7F
S3150000A2B0EEE70C2BECE72120704700002DE9F84370
S3150000A2C00C46904699460646002865D0002B63D07A
S3150000A2D00F2A03D921273846BDE8F883FFF7D2FFB6
S3150000A2E007460028F7D13378032B1DD8082CF1D860
S3150000A2F02A4951F824300BB10427ECE7284A1019F3
S3150000A300155D037A90F90800002836DA254A03F02D
S3150000A3100F03AD00EDB2D55441F824904346717851
S3150000A3203078224600F078FC3378042B14D1072CC1
S3150000A330D0D81D4B53F82420002ADDD11B4A4FF4F8
S3150000A34080211160482182F8121343F82490414677
S3150000A3507278E0B200F0A6FE3378052BBBD1042C50
S3150000A360B8D8134B53F82420002AC5D1E1B2404691
S3150000A37043F8249000F0B2FFADE7012003F01F027E
S3150000A38090404FEA531C094A42F82C00AD001A448B
S3150000A390EDB282F80053BFE722279CE7943A00000B
S3150000A3A0FD01210814ED00E06C3A000000E100E038
S3150000A3B0503A0000F8B50E461746054678B1FFF745
S3150000A3C061FF044648B90F2E0BD8012F09D86978CA
S3150000A3D028783B46324600F047FD2046F8BD222449
S3150000A3E0FBE72124F9E7392808B503D800F020FE59
S3150000A3F0002008BD2120FCE7222808B503D800F07C
S3150000A400A5FB002008BD2120FCE708B5A0F1190333
S3150000A410052B03D800F0B0FB002008BD2120FCE787
S3150000A420012808B503D800F019FE002008BD212038
S3150000A430FCE7012808B503D800F0ACFB002008BDF6
S3150000A4402120FCE70B2808B503D800F0B9FE002050
S3150000A45008BD2120FCE7052808B505D8072903D83B
S3150000A46000F0C2FE002008BD2120FCE7052808B543
S3150000A47005D8012903D800F0D3FE002008BD21200D
S3150000A480FCE7000073B5C4B2032C01903DD801A8C7
S3150000A490FFF7F8FE60BB304B9DF8055003EB041345
S3150000A4A02601585D60B309282AD0C4B9A5F119035D
S3150000A4B0052B22D8FFF7A9FFD0B92846FFF793FF4F
S3150000A4C0B0B90022114601A8FFF774FF80B99DF8C4
S3150000A4D006202946204600F047FD002008E0012C12
S3150000A4E008D1A5F10903052B04D8FFF78EFF48B163
S3150000A4F002B070BDFFF780FFF9E7FFF77DFFDBE7EE
S3150000A500002CDAD0A819C0B2D8E7042C0ED19DF8D9
S3150000A5100550124B585DFFF76FFF0028E8D128461B
S3150000A520FFF790FF0028E3D10246CBE7052CD4D1F4
S3150000A5309DF8054001212046FFF798FF0028D7D156
S3150000A54001462046FFF787FF0028D1D19DF8061067
S3150000A550204600F081FEC0E7B1012108A5012108CF
S3150000A560102808B503D800F01FFB002008BD2120E5
S3150000A570FCE7000070B56AB1094E56F821405CB997
S3150000A5800F280BD8042909D846F8212000F0A6FE8A
S3150000A590204670BD2220FCE70420FAE72120F8E7D8
S3150000A5A0503A00000F2808B503D800F013FB00202E
S3150000A5B008BD2120FCE7012808B503D800F014FBEC
S3150000A5C0002008BD2120FCE71E4B70B500211E4D62
S3150000A5D019610C4608460131FFF74AFE082945F87D
S3150000A5E0044BF7D1194D0020FFF723FF01202C6003
S3150000A5F0FFF71FFF6C600024154D2646E0B20134BC
S3150000A600FFF7AEFF052C45F8046BF7D10024114E79
S3150000A610254620460134FFF7C5FF082C46F8045BA3
S3150000A620F7D10D4C0020FFF7C6FF01202560FFF78C
S3150000A630C2FF0020656000F011FD012000F00EFD54
S3150000A640002070BD00000812943A00008C3A000009
S3150000A650503A00006C3A0000643A000010B5002041
S3150000A660FFF706FE024BBDE810401B6800201847A6
S3150000A670943A000010B50120FFF7FAFD024BBDE841
S3150000A68010405B6801201847943A000010B502207C
S3150000A690FFF7EEFD024BBDE810409B68022018470D
S3150000A6A0943A000010B50320FFF7E2FD024BBDE827
S3150000A6B01040DB6803201847943A000010B50420C8
S3150000A6C0FFF7D6FD024BBDE810401B690420184772
S3150000A6D0943A000010B50520FFF7CAFD024BBDE80D
S3150000A6E010405B6905201847943A000010B5062013
S3150000A6F0FFF7BEFD024BBDE810409B6906201847D8
S3150000A700943A000010B50720FFF7B2FD024BBDE8F2
S3150000A7101040DB6907201847943A000010B5002066
S3150000A72000F038FA024BBDE810401B6800201847BD
S3150000A7308C3A000010B5012000F02CFA024BBDE85F
S3150000A74010405B68012018478C3A000010B500F0F5
S3150000A75031FAC00702D5012000F026FA00F02AFAE5
S3150000A76010F0020403D0022000F01EFA012400F0CB
S3150000A77021FA410703D5042000F016FA022400F05E
S3150000A78019FA020703D5082000F00EFA032400F098
S3150000A79011FAC30603D5102000F006FA0424044B70
S3150000A7A053F824301BB12046BDE81040184710BDB1
S3150000A7B0503A000010B5002000F004FA012802D13A
S3150000A7C0002000F007FA012000F0FCF901280446F9
S3150000A7D03ED100F0FFF9022000F0F4F9012803D180
S3150000A7E0022000F0F7F90224032000F0EBF901281B
S3150000A7F003D1032000F0EEF90324042000F0E2F96F
S3150000A800012803D1042000F0E5F90424052000F016
S3150000A810D9F9012803D1052000F0DCF9052406202A
S3150000A82000F0D0F9012803D1062000F0D3F9062460
S3150000A830072000F0C7F9012803D1072000F0CAF964
S3150000A8400724044B204653F82430BDE8104018472F
S3150000A8500024C0E76C3A000010B50021042000F087
S3150000A86083FC012802D1002000F0BEF9012104205A
S3150000A87000F07AFC0128044608D100F0B5F9044B33
S3150000A880204653F82430BDE8104018470024F6E768
S3150000A890643A000070B5850F14D0012D14D0022D36
S3150000A8A00A4B18BF002320F04044012C03D15B6AF9
S3150000A8B0002113209847064B204653F82530BDE863
S3150000A8C070401847034BEEE7034BECE700FF200808
S3150000A8D0B43A000058FF20082CFF20080B300B2844
S3150000A8E09ABF024B185C0120704700BF0D02210879
S3150000A8F0064B984207D0064B984204D0054BC31A24
S3150000A9005842584170470120704700BF58FF200841
S3150000A9102CFF200800FF2008084B984202D1012096
S3150000A920F9F71CB9064B984201D10220F8E7054B0E
S3150000A930984201D10320F3E7704700BF58FF200873
S3150000A9402CFF200800FF2008012838B504460D46D4
S3150000A95023D11D4B1C792046F9F71CF9012822D07A
S3150000A960032C24D8012C26D0022C26D0032C174CDD
S3150000A97018BF00241DB32C60A36815489847FFF73D
S3150000A980ADFF88B92046FFF7B3FFD0B12369022097
S3150000A9909847BDE83840FFF7A1BF022809D0F9F76C
S3150000A9A0F9F8012801D1042038BD032CDED9012095
S3150000A9B0FAE7084BCEE7084CDCE7084CDAE722203A
S3150000A9C0F2E72120F0E700BF4803000000FF20085F
S3150000A9D095B820083403000058FF20082CFF2008F3
S3150000A9E0284A904270B506460D4624D0264B98421A
S3150000A9F023D0002942D0002840D03046FFF778FF08
S3150000AA0000283DD0E868214B984239D8AC68B4F5A7
S3150000AA10A06F35D82B78191F0C2931D869680329FE
S3150000AA200DD11B4988422BD844EA033444F48014E0
S3150000AA3044F001040AE0174DDFE7174DDDE71FD8A4
S3150000AA40022944EA0334F1D144F00204964229690A
S3150000AA500AD10120F9F766F8736AE9682046984733
S3150000AA60BDE87040FFF73ABF074B9E4201D1022076
S3150000AA70F0E70A4B9E42EFD10320EBE7222070BDA0
S3150000AA802120FCE758FF20082CFF2008005A62020C
S3150000AA90404B4C00480300003403000000FF200830
S3150000AAA0F8B5044616461F460D46E9B1E2B1D8B1DF
S3150000AAB0FFF71EFFD0B1CFB10D4B9C420BD1204604
S3150000AAC0FFF72AFFE3693A46314628469847BDE82C
S3150000AAD0F840FFF703BF636A012113209847FFF789
S3150000AAE0FDFE0028EBD0F8BD2220FCE72120FAE786
S3150000AAF02CFF200808B50246C8B1C1B1FFF7F8FE21
S3150000AB00B8B10E4B9A420ED00D4B9A420DD00D4B5A
S3150000AB10D31A5A425A4152000B4B53F8220050B9ED
S3150000AB2043F8221008BD0022F6E70122F4E72220AE
S3150000AB30F8E72120F6E70420F4E700BF58FF2008D5
S3150000AB402CFF200800FF2008B43A00001528094A07
S3150000AB504FF0010307D9D2F81816163883400B4375
S3150000AB60C2F818367047D2F8101683400B43C2F865
S3150000AB701036704700003041A0F11903052B06D8A6
S3150000AB80034A0C38516C012383400B4353647047CE
S3150000AB9000800046034BC0001A5842F001021A50CA
S3150000ABA0704700BF44121346014B4000986070473F
S3150000ABB000000812024BD868C0F34400704700BF7B
S3150000ABC000000812024BC000185800F00100704740
S3150000ABD004D20424034BC0001A5842F001021A5052
S3150000ABE0704700BF04D20424034BC0001A5842F039
S3150000ABF001021A50704700BF44D2042408B50A4621
S3150000AC000146044801F08CFFBDE808400D2001F024
S3150000AC1099BF00BF190221082DE9F04180460D4673
S3150000AC2016461F4603287FD8DFE800F002172628BD
S3150000AC304B297DD940483F21FFF7E0FF0F2F1FD951
S3150000AC403D484021FFF7DAFF082E1FD93A48412137
S3150000AC50FFF7D4FF0F2D1DD918E03B2968D93648D8
S3150000AC603F21FFF7CBFF0F2FEED933484021FFF7E7
S3150000AC70C5FF082EEED9E9E72B29EFE71B29D8E710
S3150000AC80082E03D92C484121FFF7B8FF4FEA1518C3
S3150000AC9005F00F0506F51072284C54F8323068F3AB
S3150000ACA00D3344F8323054F8323065F30B2344F850
S3150000ACB0323054F8323017F0080114BF43F008035D
S3150000ACC061F3C30344F8323054F8323017F004010C
S3150000ACD00CBF61F3820343F0040344F83230174B90
S3150000ACE053F8321017F001000CBF60F3000141F079
S3150000ACF0010143F83210114917F0020315BF51F84C
S3150000AD00323051F8320043F0020363F3410014BFBE
S3150000AD1041F8323041F8320051F832306FF3041303
S3150000AD2041F83230BDE8F08103483F21FFF766FF66
S3150000AD300F2F9ED999E700BF3F0221080000134656
S3150000AD40052838B505460C460AD920484FF49B71AC
S3150000AD50FFF754FF1D484FF49F71FFF74FFF2EE09A
S3150000AD6003280ED9042828D10B2904D9174840F204
S3150000AD703B11FFF743FF240104F1105404F5982416
S3150000AD800EE080B94B2904D910484FF49C71FFF7A7
S3150000AD9035FF04EB0514240104F18C4404F59814E2
S3150000ADA00123636038BD012801D13B29EBE7022866
S3150000ADB001D12B29E7E71B29E5E70529CAD8044B6A
S3150000ADC0A4001A5942F020021A51EBE7F0002108BC
S3150000ADD01C860424052838B505460C460AD92048A1
S3150000ADE04FF4CE71FFF70AFF1D484FF4D271FFF7FB
S3150000ADF005FF2EE003280ED9042828D10B2904D9F3
S3150000AE00174840F2A111FFF7F9FE240104F110548E
S3150000AE1004F598240EE080B94B2904D910484FF464
S3150000AE20CF71FFF7EBFE04EB0514240104F18C440B
S3150000AE3004F598140023636038BD012801D13B292D
S3150000AE40EBE7022801D12B29E7E71B29E5E70529CE
S3150000AE50CAD8044BA4001A596FF345121A51EBE7EE
S3150000AE60F00021081C860424012BF8B506460C4682
S3150000AE70154617D939487E21FFF7C0FE002D37D079
S3150000AE8021463046FFF75CFF042E05F00F014DD139
S3150000AE900A2D3BD8324A2301D05861F38500D050A1
S3150000AEA075B3F8BD82B102F00F07002BE8D1FFF7AA
S3150000AEB091FF042E34D10A2D28D8294B24011A5982
S3150000AEC067F385021A51ECE7042815BF04EB00125C
S3150000AED023492449220118BF1201885865F38500C9
S3150000AEE088506BB921463046BDE8F840FFF772BF7F
S3150000AEF0042E2DD11A4A2301D15865F38501D1506C
S3150000AF0021463046BDE8F840FFF71ABF13488A21AC
S3150000AF10FFF774FE124B24011A5965F38502D1E737
S3150000AF200F2D0DD80F4B04EB0614C7E70F2D07D8CE
S3150000AF3004EB06140B4B24011A5961F38502C1E791
S3150000AF4006488F21FFF75AFE04EB0614054BE2E78D
S3150000AF5004EB0613034A1B01CEE700BF3F0221089C
S3150000AF6000C00424000013460528F8B505460C4623
S3150000AF70164602F0010719D92948D821FFF73EFEE7
S3150000AF80012E19D92648D921FFF738FE052C03D9F9
S3150000AF902348E321FFF732FEE4212148FFF72EFE86
S3150000AFA0204BA4001A5967F3041223E0012A07D89C
S3150000AFB0032815D904280BD0052CF1D9E321ECE799
S3150000AFC01748D921FFF71AFE032D09D9042DDDD123
S3150000AFD00B2C03D91248DF21FFF710FE124B05E0B8
S3150000AFE055B94B2C10D8114B04EB051424011A59F2
S3150000AFF067F300021A51F8BD012D0AD13B2C8CBF14
S3150000B00000230123002BEED10548DB21FFF7F6FDD7
S3150000B010E9E7022D01D12B2CF1E71B2CE2E700BF5B
S3150000B0203F0221081C86042400C0042400001346A5
S3150000B0303F2810B5044604D9064840F21B11FFF715
S3150000B040DDFD054800EB8400036843F01003036050
S3150000B05010BD00BF3F02210800400046012808B588
S3150000B0600ED90E4840F28911FFF7C8FD0C4B1A683D
S3150000B07042F480421A601A6842F480121A600BE0A9
S3150000B0800028F3D14FF08C431A6942F480321A61DA
S3150000B0909A6842F400129A6008BD00BF3F02210878
S3150000B0A0001404240C2A70B505460E46144604D92D
S3150000B0B02B484FF43D71FFF7A1FD0F2E04D9284808
S3150000B0C040F2F521FFF79AFD0C2D04D9244840F2F1
S3150000B0D0F621FFF793FD05F51070224B53F830204B
S3150000B0E06FF30D3243F8302053F8302064F30B220F
S3150000B0F043F8302053F8302016F0080114BF42F010
S3150000B100080261F3C30243F8302053F8302016F0EA
S3150000B110040114BF42F0040261F3820243F83020B6
S3150000B120104B53F8302016F0010114BF42F0010213
S3150000B13061F3000243F830200A4B53F8302016F032
S3150000B140020114BF42F0020261F3410243F83020CB
S3150000B15053F830206FF3041243F8302070BD00BF5F
S3150000B1603F02210800C00424052870B506460D4696
S3150000B17001F5127411D9114840F24B31FFF73EFD2B
S3150000B180012D04D90D484FF45371FFF737FDE30045
S3150000B19003F18C4303F598130DE0012904D9074800
S3150000B1A04FF45371FFF72AFD042EF0D1E30003F1AB
S3150000B1B0105303F59823586870BD00BF3F0221085D
S3150000B1C00C2810B5044604D9054840F27B31FFF738
S3150000B1D015FD044B01209A68A0401043986010BDED
S3150000B1E03F02210800A00424052838B504460D4670
S3150000B1F004D909484FF47871FFF700FD0A2D04D9E8
S3150000B200054840F2E131FFF7F9FC044BA4001A5956
S3150000B21065F302021A5138BD3F0221081C86042438
S3150000B220052838B504460D4604D9094840F2EE31E2
S3150000B230FFF7E4FC012D04D9054840F2EF31FFF792
S3150000B240DDFC044BA4001A5965F3C3021A5138BD3C
S3150000B2503F0221081C860424052838B504460D46FD
S3150000B26004D9094840F2FF31FFF7C8FC012D04D983
S3150000B27005484FF48061FFF7C1FC044BA4001A593E
S3150000B28065F304121A5138BD3F0221081C860424B6
S3150000B290052810B5044604D9054840F24641FFF793
S3150000B2A0ADFC044B5869E04000F0010010BD00BF42
S3150000B2B03F02210800000812102810B5044604D9E0
S3150000B2C004484FF49061FFF799FC034B64005C60FF
S3150000B2D010BD00BF3F022108000008120F2870B5FC
S3150000B2E005460E4604D91F4840F2AD41FFF786FCDD
S3150000B2F0082E04D91B4840F2AE41FFF77FFC01241B
S3150000B300B440E6B23046FFF7D7FF174B1A6915F07F
S3150000B310040F14BF3243B2431A61134B2202196958
S3150000B32092B215F0080F14BF0A4321EA02021A610D
S3150000B3300D4B2204196902F47F0215F0020F14BFA7
S3150000B3400A4321EA02021A61074B1A69240615F01C
S3150000B350010F14BF2243A2431A61044B4FF400129B
S3150000B3601A6070BD3F0221080000081200E100E0EB
S3150000B37081F0004102E000BF83F0004330B54FEAA0
S3150000B38041044FEA430594EA050F08BF90EA020F0D
S3150000B3901FBF54EA000C55EA020C7FEA645C7FEAA0
S3150000B3A0655C00F0E2804FEA5454D4EB5555B8BFC3
S3150000B3B06D420CDD2C4480EA020281EA030382EA34
S3150000B3C0000083EA010180EA020281EA0303362DC6
S3150000B3D088BF30BD11F0004F4FEA01314FF4801C99
S3150000B3E04CEA113102D0404261EB410113F0004FAB
S3150000B3F04FEA03334CEA133302D0524263EB430362
S3150000B40094EA050F00F0A780A4F10104D5F1200EFF
S3150000B4100DDB02FA0EFC22FA05F2801841F100015A
S3150000B42003FA0EF2801843FA05F359410EE0A5F12E
S3150000B43020050EF1200E012A03FA0EFC28BF4CF05F
S3150000B440020C43FA05F3C01851EBE37101F0004515
S3150000B45007D54FF0000EDCF1000C7EEB00006EEB22
S3150000B4600101B1F5801F1BD3B1F5001F0CD34908AC
S3150000B4705FEA30004FEA3C0C04F101044FEA445203
S3150000B48012F5800F80F09A80BCF1004F08BF5FEA8A
S3150000B490500C50F1000041EB045141EA050130BD6A
S3150000B4A05FEA4C0C404141EB0101013C28BFB1F57C
S3150000B4B0801FE9D291F0000F04BF01460020B1FAC7
S3150000B4C081F308BF2033A3F10B03B3F120020CDA9A
S3150000B4D00C3208DD02F1140CC2F10C0201FA0CF078
S3150000B4E021FA02F10CE002F11402D8BFC2F1200CDD
S3150000B4F001FA02F120FA0CFCDCBF41EA0C01904093
S3150000B500E41AA2BF01EB0451294330BD6FEA0404DB
S3150000B5101F3C1CDA0C340EDC04F11404C4F12002C6
S3150000B52020FA04F001FA02F340EA030021FA04F3D8
S3150000B53045EA030130BDC4F10C04C4F1200220FA2F
S3150000B54002F001FA04F340EA0300294630BD21FA6D
S3150000B55004F0294630BD94F0000F83F4801306BF33
S3150000B56081F480110134013D4EE77FEA645C18BF27
S3150000B5707FEA655C29D094EA050F08BF90EA020FBE
S3150000B58005D054EA000C04BF1946104630BD91EAB6
S3150000B590030F1EBF0021002030BD5FEA545C05D1B9
S3150000B5A04000494128BF41F0004130BD14F58004F8
S3150000B5B03CBF01F5801130BD01F0004545F0FE416C
S3150000B5C041F470014FF0000030BD7FEA645C1ABFA1
S3150000B5D0194610467FEA655C1CBF0B46024650EAD8
S3150000B5E0013406BF52EA033591EA030F41F4002104
S3150000B5F030BD00BF90F0000F04BF0021704730B58A
S3150000B6004FF4806404F132044FF000054FF000015E
S3150000B61050E700BF90F0000F04BF0021704730B51F
S3150000B6204FF4806404F1320410F0004548BF4042F4
S3150000B6304FF000013EE700BF42004FEAE2014FEA49
S3150000B64031014FEA02701FBF12F07F4393F07F4F24
S3150000B65081F06051704732F07F4208BF704793F027
S3150000B6607F4F04BF41F40021704730B54FF460743A
S3150000B67001F0004521F000411CE700BF50EA01023D
S3150000B68008BF704730B54FF000050AE050EA0102E6
S3150000B69008BF704730B511F0004502D5404261EB56
S3150000B6A041014FF4806404F132045FEA915C3FF497
S3150000B6B0D8AE4FF003025FEADC0C18BF03325FEA34
S3150000B6C0DC0C18BF033202EBDC02C2F1200300FAE5
S3150000B6D003FC20FA02F001FA03FE40EA0E0021FA0A
S3150000B6E002F11444BDE600BF70B54FF0FF0C4CF4F8
S3150000B6F0E06C1CEA11541DBF1CEA135594EA0C0FAA
S3150000B70095EA0C0F00F0DEF82C4481EA030621EAE4
S3150000B7104C5123EA4C5350EA013518BF52EA03351F
S3150000B72041F4801143F4801338D0A0FB02CE4FF0D1
S3150000B7300005E1FB02E506F00042E0FB03E54FF001
S3150000B7400006E1FB03569CF0000F18BF4EF0010EF9
S3150000B750A4F1FF04B6F5007F64F5407404D25FEAF5
S3150000B7604E0E6D4146EB060642EAC62141EA5551A8
S3150000B7704FEAC52040EA5E504FEACE2EB4F1FD0CEA
S3150000B78088BFBCF5E06F1ED8BEF1004F08BF5FEA68
S3150000B790500E50F1000041EB045170BD06F000461A
S3150000B7A046EA010140EA020081EA0301B4EB5C04C7
S3150000B7B0C2BFD4EB0C0541EA045170BD41F48011BF
S3150000B7C04FF0000E013C00F3AB8014F1360FDEBFE4
S3150000B7D0002001F0004170BDC4F10004203C35DAC0
S3150000B7E00C341BDC04F11404C4F1200500FA05F343
S3150000B7F020FA04F001FA05F240EA020001F00042E4
S3150000B80021F0004110EBD37021FA04F642EB060159
S3150000B8105EEA430E08BF20EAD37070BDC4F10C0483
S3150000B820C4F1200500FA04F320FA05F001FA04F247
S3150000B83040EA020001F0004110EBD37041F1000133
S3150000B8405EEA430E08BF20EAD37070BDC4F120053E
S3150000B85000FA05F24EEA020E20FA04F301FA05F2A6
S3150000B86043EA020321FA04F001F0004121FA04F24E
S3150000B87020EA020000EBD3705EEA430E08BF20EA1E
S3150000B880D37070BD94F0000F0FD101F00046400058
S3150000B89041EB010111F4801F08BF013CF7D041EADA
S3150000B8A0060195F0000F18BF704703F000465200DE
S3150000B8B043EB030313F4801F08BF013DF7D043EAAF
S3150000B8C00603704794EA0C0F0CEA135518BF95EA65
S3150000B8D00C0F0CD050EA410618BF52EA4306D1D1EC
S3150000B8E081EA030101F000414FF0000070BD50EA0B
S3150000B8F0410606BF1046194652EA430619D094EA95
S3150000B9000C0F02D150EA013613D195EA0C0F05D17E
S3150000B91052EA03361CBF104619460AD181EA0301D2
S3150000B92001F0004141F0FE4141F470014FF000008A
S3150000B93070BD41F0FE4141F4780170BD70B54FF025
S3150000B940FF0C4CF4E06C1CEA11541DBF1CEA1355A5
S3150000B95094EA0C0F95EA0C0F00F0A7F8A4EB050487
S3150000B96081EA030E52EA03354FEA013100F088807E
S3150000B9704FEA03334FF0805545EA131343EA126347
S3150000B9804FEA022245EA111545EA10654FEA0026FC
S3150000B9900EF000419D4208BF964244F1FD0404F5B5
S3150000B9A0407402D25B084FEA3202B61A65EB030511
S3150000B9B05B084FEA32024FF480104FF4002CB6EBCE
S3150000B9C0020E75EB030E22BFB61A754640EA0C004E
S3150000B9D05B084FEA3202B6EB020E75EB030E22BF8E
S3150000B9E0B61A754640EA5C005B084FEA3202B6EBCF
S3150000B9F0020E75EB030E22BFB61A754640EA9C008E
S3150000BA005B084FEA3202B6EB020E75EB030E22BF5D
S3150000BA10B61A754640EADC0055EA060E18D04FEA1B
S3150000BA20051545EA16754FEA06164FEAC30343EABB
S3150000BA3052734FEAC2025FEA1C1CC0D111F4801F88
S3150000BA400BD141EA00014FF000004FF0004CB6E781
S3150000BA5011F4801F04BF01430020B4F1FD0C88BF20
S3150000BA60BCF5E06F3FF6AFAEB5EB030C04BFB6EB2B
S3150000BA70020C5FEA500C50F1000041EB045170BD1E
S3150000BA800EF0004E4EEA113114EB5C04C2BFD4EB4B
S3150000BA900C0541EA045170BD41F480114FF0000ECF
S3150000BAA0013C90E645EA060E8DE60CEA135594EA4B
S3150000BAB00C0F08BF95EA0C0F3FF43BAF94EA0C0F4E
S3150000BAC00AD150EA01347FF434AF95EA0C0F7FF4C3
S3150000BAD025AF104619462CE795EA0C0F06D152EA17
S3150000BAE003353FF4FDAE1046194622E750EA4106FB
S3150000BAF018BF52EA43067FF4C5AE50EA41047FF40C
S3150000BB000DAF52EA43057FF4EBAE12E74FF0FF3C70
S3150000BB1006E000BF4FF0010C02E000BF4FF0010C41
S3150000BB204DF804CD4FEA410C7FEA6C5C4FEA430CBA
S3150000BB3018BF7FEA6C5C1BD001B050EA410C0CBF09
S3150000BB4052EA430C91EA030F02BF90EA020F00206B
S3150000BB50704710F1000F91EA030F58BF994208BFD2
S3150000BB6090422CBFD8176FEAE37040F0010070478F
S3150000BB704FEA410C7FEA6C5C02D150EA013C07D1E6
S3150000BB804FEA430C7FEA6C5CD6D152EA033CD3D031
S3150000BB905DF8040B704700BF8446104662468C462B
S3150000BBA01946634600E000BF01B5FFF7B7FF00285E
S3150000BBB048BF10F1000F01BD4DF808EDFFF7F4FF87
S3150000BBC00CBF012000205DF808FB00BF4DF808ED12
S3150000BBD0FFF7EAFF34BF012000205DF808FB00BF35
S3150000BBE04DF808EDFFF7E0FF94BF012000205DF857
S3150000BBF008FB00BF4DF808EDFFF7CEFF94BF01200C
S3150000BC0000205DF808FB00BF4DF808EDFFF7C4FF04
S3150000BC1034BF012000205DF808FB00BF4A0011D2A6
S3150000BC2012F5001211D20DD56FF47873B3EB625290
S3150000BC300ED44FEAC12343F0004343EA505323FA9C
S3150000BC4002F070474FF00000704750EA013002D111
S3150000BC504FF0FF3070474FF00000704753B94AB9B4
S3150000BC60002908BF00281CBF4FF0FF314FF0FF30FE
S3150000BC7000F06AB9ADF1080C6DE904CE00F006F8E3
S3150000BC80DDF804E0DDE9022304B070472DE9F04752
S3150000BC90089D0C46002B4ED194468C458646B2FA3A
S3150000BCA082F262D94AB1C2F12003914020FA03F32D
S3150000BCB00CFA02FC194300FA02FE4FEA1C471FFA6F
S3150000BCC08CF6B1FBF7F44FEA1E4307FB141143EA67
S3150000BCD0014304FB06F199420AD91CEB030304F164
S3150000BCE0FF3080F01381994240F21081023C634498
S3150000BCF0591A1FFA8EF3B1FBF7F007FB101143EA4E
S3150000BD00014300FB06F69E420AD91CEB030300F131
S3150000BD10FF3180F0FD809E4240F2FA806344023893
S3150000BD209B1B40EA044000211DB1D3400022C5E917
S3150000BD300032BDE8F0878B4205D90DB1C5E9000197
S3150000BD4000210846F5E7B3FA83F1002946D1A3425C
S3150000BD5002D39042C0F0F180861A64EB03030120FF
S3150000BD60002DE6D0C5E90063E3E7002A40F09180A4
S3150000BD70A1EB0C044FEA1C481FFA8CF70121B4FB17
S3150000BD80F8F64FEA1E4308FB164443EA044307FB52
S3150000BD9006F0984208D91CEB030306F1FF3402D2E1
S3150000BDA0984200F2CE8026461C1A1FFA8EF3B4FB88
S3150000BDB0F8F008FB104443EA044300FB07F79F42F0
S3150000BDC008D91CEB030300F1FF3402D29F4200F2B4
S3150000BDD0B1802046DB1B40EA0640A5E7C1F12006FC
S3150000BDE08B4022FA06F71F4320FA06FC04FA01F3F9
S3150000BDF043EA0C03F44000FA01F8380C4FEA134901
S3150000BE00B4FBF0FE1FFA87FC00FB1E4449EA04441B
S3150000BE100EFB0CF9A14502FA01F20AD93C190EF102
S3150000BE20FF3A80F08580A14540F28280AEF1020E95
S3150000BE303C44A4EB09041FFA83F9B4FBF0F300FBBE
S3150000BE40134449EA044403FB0CFCA44507D93C19F6
S3150000BE5003F1FF3068D2A44566D9023B3C4443EA6D
S3150000BE600E40A0FB0293A4EB0C049C42CE469C46DB
S3150000BE7052D34FD055B1B8EB0E0364EB0C0404FA61
S3150000BE8006F6CB40CC401E43C5E900640021BDE860
S3150000BE90F087C2F1200320FA03F10CFA02FC24FA1F
S3150000BEA003F394400C434FEA1C4800FA02FE1FFAC3
S3150000BEB08CF7B3FBF8F008FB1031230C43EA01437F
S3150000BEC000FB07F1994208D91CEB030300F1FF368A
S3150000BED02CD299422AD9023863445B1AA4B2B3FB26
S3150000BEE0F8F108FB113344EA034401FB07F3A342CC
S3150000BEF008D91CEB040401F1FF3613D2A34211D971
S3150000BF0002396444E41A41EA004138E70446EFE6A0
S3150000BF10084605E7C845ADD2B9EB020E63EB070C40
S3150000BF200138A7E73146EDE7034698E73046D4E700
S3150000BF30D6467EE7634402384CE706462346084663
S3150000BF400EE7023E63442FE7704700BF024B0146EF
S3150000BF50186800F02DB800BF68030000024B0146C8
S3150000BF60186801F0B7BE00BF6803000070B50F4E39
S3150000BF700C463168054611B900F062FF3060214673
S3150000BF80284600F05DFF431C03D14FF0FF342046E6
S3150000BF9070BDC41C24F00304A042F8D0211A284620
S3150000BFA000F04EFF0130F2D1EFE700BFC03A0000CB
S3150000BFB02DE9F041CD1C25F0030508350C2D38BFC1
S3150000BFC00C25002D064601DBA94204D90C2333605B
S3150000BFD00020BDE8F081314F00F062F83B681C4656
S3150000BFE044BB29463046FFF7C1FF431C044650D1E7
S3150000BFF03C682146002941D1002C44D023683046B4
S3150000C00004EB030800F01CFF80453CD121686D1A43
S3150000C01029463046FFF7AAFF013034D023682B4467
S3150000C02023603B68002B36D05A68A24229D10022F1
S3150000C0305A600EE02268521B1DD40B2A16D96119CC
S3150000C040A342256018BF5960636808BF3960625112
S3150000C0504B60304600F02AF804F10B00231D20F057
S3150000C0600700C21AB5D01B1AA350B2E7A3426268F2
S3150000C070DED13A60EDE723466468B1E70C464968CD
S3150000C080B8E71346CEE70C233360304600F00EF8CF
S3150000C0909EE70560DDE75B60FFDE00BFC43A000097
S3150000C0A0014800F0F6BE00BF083C0000014800F061
S3150000C0B0F1BE00BF083C00002DE9F04F89B0DDE974
S3150000C0C01598002B1D461446BCBF03F100431446C9
S3150000C0D028F0200A149AB6BF1D4600232D23BAF174
S3150000C0E0460FDDE9126B137005D0BAF1450F00D18A
S3150000C0F00136022300E0032307AA049206AACDE92B
S3150000C1000292CDE9003622462B4600F0B9FFB8F17F
S3150000C110670F074619D11BF0010F0ED007EB060873
S3150000C1200022002320462946FFF746FD08B1CDF838
S3150000C1301C803022079B434521D3079B179ADB1BA4
S3150000C1403846136009B0BDE8F08FB8F1470FE2D06A
S3150000C150BAF1460F00EB0608E2D10378302B0AD17C
S3150000C1600022002320462946FFF726FD18B9C6F10E
S3150000C1700106C9F80060D9F800309844D0E7591C88
S3150000C18007911A70D6E7F7B50029BABF49422D23A1
S3150000C1902B2309290270437029DD0DF107031D4683
S3150000C1A00A271A46B1FBF7F607FB1614303402F8D5
S3150000C1B0014C0C46632C03F1FF333146F1DC303180
S3150000C1C0941E03F8011C411C2346AB420AD30DF111
S3150000C1D009039B1AAC4288BF002302330344181A92
S3150000C1E003B0F0BD13F8016B01F8016FEDE73023E2
S3150000C1F030318370C170031DF1E700002DE9F04F67
S3150000C20091B00C46DDF8688016461F46054600F0DC
S3150000C210DFFD03680893184600F0A0FE00230E9386
S3150000C220D8F800300990073323F0070303F108021A
S3150000C23094F818A0D4F800B0C8F80020D3E9008913
S3150000C24029F000430B93CDF82880C4E91289DDE973
S3150000C2500A019C4B4FF0FF3202F0DEFC70BBDDE9B9
S3150000C2600A01984B4FF0FF32FFF7BAFC30BB0022B1
S3150000C270002340464946FFF7A9FC10B12D2384F858
S3150000C2804330914A914BBAF1470F94BF9046984676
S3150000C290032323612BF0040323604FF0000900976A
S3150000C2A033460FAA2146284600F0DEF9013040F059
S3150000C2B099804FF0FF3011B0BDE8F08F42464B46F3
S3150000C2C04046494602F0A8FC40B14B46002BBCBF95
S3150000C2D02D2384F843307E4A7E4BD4E763685A1C8C
S3150000C2E029D1062363604BF4806300222360069203
S3150000C2F00EAACDE904A20DAA03920DF13302CDE9EF
S3150000C30001326368009342464B462846FFF7D4FE47
S3150000C310BAF1670F0D99804615D1CB1C3BDB6368DC
S3150000C320994238DC0E9B994255DB23682161D80778
S3150000C33045D54B1C42E00AF0DF02472AD3D1002B39
S3150000C340D1D10123CEE7BAF1470F07D1C81C25DBAF
S3150000C35063688B4222DB4FF0670AE3E7BAF1650FA9
S3150000C3601FD80139524604F150000D91FFF70BFF1B
S3150000C3700E9A1318012A8146236102DC2268D2072D
S3150000C38001D5013323619DF83330002B87D02D234F
S3150000C39084F8433083E74FF0650AE2E74FF0450A39
S3150000C3A0DFE7BAF1660FBDD1002963680BDD2161B5
S3150000C3B013B92268D00702D501330B442361A16566
S3150000C3C04FF00009DFE713B92268D20701D502331F
S3150000C3D0F4E70123F2E70029D4BFC1F102020122EA
S3150000C3E01344EBE723685A0507D4236942463146CE
S3150000C3F02846B84701302BD15BE7BAF1650F40F20A
S3150000C400DC80D4E9120100220023FFF7D5FB0028C7
S3150000C41033D0314A012331462846B84701303FF42C
S3150000C42048AFDDE90D38434502DB2368D8070FD551
S3150000C430DDE9082331462846B84701303FF439AFD5
S3150000C4404FF0000908F1FF3804F11A0AC84509DC63
S3150000C45023689B0700F10281E0680F9B9842B8BFF2
S3150000C460184628E70123524631462846B847013088
S3150000C4703FF41FAF09F10109E8E70D9B002B38DCFB
S3150000C480154A012331462846B84701303FF411AF1B
S3150000C490DDE90D3959EA030302D12368D907D7D557
S3150000C4A0DDE9082331462846B84701303FF401AF9D
S3150000C4B04FF0000A04F11A0B0D9B5B4253450DDC4D
S3150000C4C04B4693E7FFFFEF7FF4022108F8022108AD
S3150000C4D0FC022108000321080403210801235A460F
S3150000C4E031462846B84701303FF4E3AE0AF1010A67
S3150000C4F0E2E7A36DDDF838A05345A8BF5346002BED
S3150000C500994636DC4FF0000B29EAE97904F11A0264
S3150000C510A36D0A93A3EB09035B4531DC0D9B9A459A
S3150000C5203ADC2368DA0737D40D9BAAEB03090A9B8A
S3150000C530AAEB03039945A8BF9946B9F1000F33DC6E
S3150000C5404FF0000829EAE97904F11A0B0D9BAAEBD2
S3150000C5500303A3EB090343457FF77AAF01235A464A
S3150000C56031462846B84701303FF4A3AE08F101082A
S3150000C570ECE7424631462846B8470130C2D198E634
S3150000C5800123314628460A92B84701303FF491AE5E
S3150000C5900A9A0BF1010BBBE7DDE908233146284671
S3150000C5A0B8470130C0D184E60A9A4B464244314628
S3150000C5B02846B8470130C3D17BE6DDF838A0BAF18A
S3150000C5C0010F01DCDB0736D50123424631462846FA
S3150000C5D0B84701303FF46DAEDDE908233146284601
S3150000C5E0B84701303FF465AED4E9120100220023BA
S3150000C5F00AF1FF3AFFF7E0FAC0B9534608F1010223
S3150000C60031462846B84701300CD152E601235A4636
S3150000C61031462846B84701303FF44BAE08F10108D1
S3150000C620D045F3DB4B4604F15002E0E64FF000083C
S3150000C63004F11A0BF4E701234246E1E701234A46D7
S3150000C64031462846B84701303FF433AE08F10108B9
S3150000C650E3680F995B1A4345F0DCFDE64FF00008EE
S3150000C66004F11909F4E700BF2DE9F047164698468C
S3150000C6708A680B69DDF820909342B8BF1346336091
S3150000C68091F8432007460C460AB10133336023680C
S3150000C690990642BF336802333360256815F00605F4
S3150000C6A006D104F1190AE36832689B1AAB4226DC0C
S3150000C6B094F843302268003B18BF012392062BD41E
S3150000C6C004F1430241463846C84701301ED023686C
S3150000C6D0226903F00603042B02BFE5683368ED1AEE
S3150000C6E0A3680CBF25EAE57500259342C4BF9B1AD3
S3150000C6F0ED1800261A34B5421AD1002008E00123AD
S3150000C700524641463846C847013003D14FF0FF3004
S3150000C710BDE8F0870135C6E7E1185A1C302081F8DC
S3150000C7204300224494F8451082F843100233C7E7C9
S3150000C7300123224641463846C8470130E6D0013635
S3150000C740D9E700002DE9FF470F7E0C9E782F914612
S3150000C75080460C469A4601F1430207D8622F0AD852
S3150000C760002F00F0DD80582F00F0C38004F1420650
S3150000C77084F842703AE0A7F16303152BF6D801A1BD
S3150000C78051F823F0DDD72008F1D720086DD720080F
S3150000C7906DD720086DD720086DD72008F1D720085F
S3150000C7A06DD720086DD720086DD720086DD72008D3
S3150000C7B007D920087FD82008BFD820086DD72008C1
S3150000C7C06DD7200829D920086DD720087FD82008E2
S3150000C7D06DD720086DD72008C7D8200833681A1DE2
S3150000C7E01B68326004F1420684F842300123A8E057
S3150000C7F031682368081D30601E0601D50D6803E008
S3150000C8005D06FBD5B1F900506168002D78DA2D2060
S3150000C810002984F84300A1602DDA5E486D420A23A0
S3150000C8201646B5FBF3F103FB1157C75D06F8017D0C
S3150000C8302F46BB420D46F4D9082B0BD12368DF07E0
S3150000C84008D5236961689942DEBF302306F8013CAA
S3150000C85006F1FF36921B2261CDF800A04B4603AAD3
S3150000C86021464046FFF700FF01306FD14FF0FF3001
S3150000C87004B0BDE8F08723F004032360CDE7216808
S3150000C8803368080653F8045B02D4490648BFADB2C4
S3150000C8906F2F4048336014BF0A230823002184F811
S3150000C8A043106668A660002EBADB216821F00401F9
S3150000C8B02160002DB4D1002EB2D11646BCE7236804
S3150000C8C043F0200323603448782784F845702368B2
S3150000C8D031681F0651F8045B02D45F0648BFADB24B
S3150000C8E03160D90744BF43F0200323601DB11023F4
S3150000C8F0D4E72848E9E7236823F020032360F6E716
S3150000C90024480A23CDE7336825686169181D30601D
S3150000C9102E061B6801D5196002E06806FBD5198052
S3150000C92000232361164697E733681A1D32601E6896
S3150000C93062680021304600F0B3FA08B1801B6060DF
S3150000C94063682361002384F8433085E72369324610
S3150000C95049464046D047013088D023689B0714D407
S3150000C960E068039B9842B8BF184681E70123324628
S3150000C97049464046D04701303FF478AF0135E36879
S3150000C98003995B1AAB42F1DCEAE7002504F11906CC
S3150000C990F5E700BF0603210817032108002310B599
S3150000C9A00446C0E90033C0E90433836081814366ED
S3150000C9B0C2818361194608225C3000F001FA0D4BF2
S3150000C9C063620D4BA3620D4BE3620D4B23630D4B6C
S3150000C9D024629C4206D003F16802944202D0D0330E
S3150000C9E09C4205D104F15800BDE8104000F050BA51
S3150000C9F010BD00BF11DC200833DC20086BDC2008EA
S3150000CA008FDC2008C83A0000024A0349034800F0B8
S3150000CA1069B800BF5C03000001F820086C03000041
S3150000CA2041680C4B994210B5044601D001F0E8FE6E
S3150000CA30A168094B994202D0204601F0E1FEE16867
S3150000CA40064B994204D02046BDE8104001F0D8BEFE
S3150000CA5010BD00BFC83A0000303B0000983B000004
S3150000CA6010B50B4B0B4C0C4A1A60204600220421D1
S3150000CA70FFF794FF04F1680001220921FFF78EFFFA
S3150000CA8004F1D0000222BDE810401221FFF786BF54
S3150000CA90003C0000C83A000009DA2008014800F00E
S3150000CAA0F8B900BF093C0000014800F0F3B900BF27
S3150000CAB0093C000010B50446FFF7F0FF236A1BB1DE
S3150000CAC0BDE81040FFF7F0BF044B2362044B1B6820
S3150000CAD0002BF5D1FFF7C4FFF2E700BF21DA2008EB
S3150000CAE0003C00002DE9F843074688461446002618
S3150000CAF0D4E90195B9F1010905D52468002CF7D1CF
S3150000CB003046BDE8F883AB89012B07D9B5F90E305D
S3150000CB10013303D029463846C04706436835E9E75E
S3150000CB200FB407B5064904AB086853F8042B8168AF
S3150000CB30019301F0C9FC03B05DF804EB04B0704743
S3150000CB4068030000024B01461868826801F0E2BEE5
S3150000CB5068030000036A70B5846805460E460BB983
S3150000CB60FFF7A8FF636EDB0705D4A389980502D4F7
S3150000CB70A06D00F08EF9A389190702D52369002B51
S3150000CB8035D12146284600F0C5F880B34FF0FF3571
S3150000CB90636EDA0705D4A3899B0502D4A06D00F065
S3150000CBA079F9284670BD002B15DB23685A1C2260D4
S3150000CBB01970A36816F8011F013BA3600029F2D182
S3150000CBC0002B16DA22460A21284600F064F80130C6
S3150000CBD0DCD00A25DCE7A2699A4201DC0A29E4D105
S3150000CBE02246284600F057F80130E2D1CEE7013E52
S3150000CBF0DFE723685A1C22600A221A70E9E7000060
S3150000CC00024B01461868FFF7A5BF00BF6803000086
S3150000CC1010B50C46B1F90E1000F000F90028ABBFB4
S3150000CC20636DA3891B1823F48053ACBF6365A3818E
S3150000CC3010BD2DE9F0411F468B89DB0505460C46E4
S3150000CC40164605D5B1F90E100223002200F0D4F8DD
S3150000CC50A389B4F90E1023F48053A38132463B46D0
S3150000CC602846BDE8F04100F0FBB810B50C46B1F916
S3150000CC700E1000F0C1F8431CA38915BF606523F4AC
S3150000CC80805343F48053A38118BFA38110BDB1F92B
S3150000CC900E1000F0A1B8F8B50E461446054618B1B8
S3150000CCA0036A0BB9FFF706FFA369A360A3891A07F6
S3150000CCB001D5236943B92146284600F02BF818B15F
S3150000CCC04FF0FF373846F8BD23682269981A636922
S3150000CCD0F6B28342374605DC2146284601F090FD30
S3150000CCE00028EDD1A368013BA36023685A1C22608B
S3150000CCF01E706269431C9A4204D0A389DB07E1D502
S3150000CD000A2EDFD12146284601F07AFD0028D9D027
S3150000CD10D6E7000038B5294B054618680C4618B109
S3150000CD20036A0BB9FFF7C6FEB4F90C30190722D413
S3150000CD30DA0607D409222A6043F04003A3814FF0A4
S3150000CD40FF3033E0580712D5616B41B104F144035B
S3150000CD50994202D0284600F0BDFF00236363A389F1
S3150000CD6023F02403A3810023636023692360A3893E
S3150000CD7043F00803A38123694BB9A38903F4207305
S3150000CD80B3F5007F03D02146284601F087FDB4F9AC
S3150000CD900C3013F001020AD00022A26062695242EE
S3150000CDA0A261226942B913F08000C5D138BD990746
S3150000CDB058BF6269A260F4E70020F7E76803000045
S3150000CDC002440346934200D1704703F8011BF9E77A
S3150000CDD000487047A804000038B5064D00230446F5
S3150000CDE008462B60F6F71EFB431C02D12B6803B1E5
S3150000CDF0236038BD043C000038B5074D044608469C
S3150000CE00114600222A601A46F6F716FB431C02D189
S3150000CE102B6803B1236038BD043C000038B5074DCC
S3150000CE2004460846114600222A601A46F6F706FB13
S3150000CE30431C02D12B6803B1236038BD043C0000BB
S3150000CE4038B5064D0023044608462B6001F022FF44
S3150000CE50431C02D12B6803B1236038BD043C00009B
S3150000CE6038B5074D04460846114600222A601A4680
S3150000CE70F6F7B6FA431C02D12B6803B1236038BD1E
S3150000CE80043C0000014B1868704700BF68030000AF
S3150000CE907047704770470000000000000000000067
S3150000CEA001F0FF01102A2BDB10F0070F08D010F855
S3150000CEB0013B013A8B422DD010F0070F42B3F6D159
S3150000CEC0F0B441EA012141EA014122F007047FF072
S3150000CED000070023F0E80256083C85EA010586EAC9
S3150000CEE0010685FA47F5A3FA87F586FA47F6A5FA05
S3150000CEF087F68EB9EED1F0BC01F0FF0102F0070211
S3150000CF0032B110F8013B013A83EA010313B1F8D1BB
S3150000CF100020704701387047002D06BF354603389C
S3150000CF20073815F0010F07D1013015F4807F02BFD5
S3150000CF30013015F4C03F0130F0BC0138704700BF26
S3150000CF400A44914200F1FF3300D1704710B511F841
S3150000CF50014B03F8014F9142F9D110BD034613F876
S3150000CF60012B002AFBD1181A013870472DE9F74F1B
S3150000CF7003690C69A34207467EDB013C01F11408F4
S3150000CF80A30000F11405009305EB8403019358F800
S3150000CF90243055F8242001339A4208EB8409B2FB69
S3150000CFA0F3F62ED34FF0000AC446AE46D3465CF8DD
S3150000CFB0043B98B206FB00A0020C1B0C06FB0323E5
S3150000CFC0DEF8002080B292B2121A5A44DEF800004F
S3150000CFD04FEA134A9BB2C3EB224303EB104392B2D0
S3150000CFE042EA0342E1454EF8042B4FEA234BDED2D8
S3150000CFF0009BEB582BB9019B043B9D421A462FD34D
S3150000D0003C61384601F02EF9002825DB2946002030
S3150000D01058F8042BD1F800C01FFA82FE1FFA8CF3D1
S3150000D020A3EB0E030344120CC2EB234202EB1C4299
S3150000D0309BB243EA0243C14541F8043B4FEA224012
S3150000D040E6D255F8242005EB840322B9043B9D4221
S3150000D0501A460BD33C610136304603B0BDE8F08F6B
S3150000D0601268043B002ACBD1013CC6E71268043B98
S3150000D070002AEFD1013CEAE70020EEE700000000BD
S3150000D0802DE9F04FC76997B014461D46CDE9044512
S3150000D090239E83467FB91020FEF758FF0246CBF841
S3150000D0A01C0020B9A64BEF21A64801F089FCC0E977
S3150000D0B001770760C760DBF81C30196859B15A68F8
S3150000D0C04A60012393408B60584600F08DFEDBF8E2
S3150000D0D01C3000221A602B1EB9BF23F000430593B3
S3150000D0E000233360059F984BBCBF01223260BB43CF
S3150000D0F019D1229A42F20F731360C7F31303234325
S3150000D10000F0DE85249B53B9904B21E0904B0893A9
S3150000D1100833249A1360089817B0BDE8F08F8B4B3C
S3150000D12008930333F5E79DED047B002251EC170BC2
S3150000D13000238DED0C7BFEF73FFD804650B1229A11
S3150000D14001231360249B13B1249A824B1360824BF4
S3150000D1500893E0E714AB019315AB00935846DDE95D
S3150000D1600C2301F02FF9C7F30A560390002E79D04D
S3150000D1700D9BCDF84C80C3F31303DDE90C0143F09E
S3150000D1807F5343F44013A6F2FF3619460022734B31
S3150000D190FEF7F2F864A3D3E90023FEF7A5FA64A329
S3150000D1A0D3E90023FEF7EAF8044630460D46FEF7BB
S3150000D1B031FA61A3D3E90023FEF796FA02460B463D
S3150000D1C020462946FEF7DAF804460D4601F03AFDF8
S3150000D1D000220746002320462946FEF7F7FC40B109
S3150000D1E03846FEF717FA22462B46FEF7E5FC00B94D
S3150000D1F0013F162F53D85A4B03EBC703D3E900233D
S3150000D200DDE90C01FEF7E2FC00284AD0013F0023CD
S3150000D2101293149B9B1B5A1E45BFC3F1010309932E
S3150000D220002300230A9254BF09930A93002F3ADB86
S3150000D2300A9B0F973B440A9300230B93209B092BD1
S3150000D24067D8052BC4BF043B2093209BA3F10203A0
S3150000D250CCBF00240124032B00F28680DFE803F014
S3150000D2602B383657DDE914631E4406F23243202B71
S3150000D270C1BFC3F140039F4006F2124324FA03F3F1
S3150000D280D6BFC3F1200347EA030004FA03F0FEF712
S3150000D290B1F90122A1F1F873013E139275E701235A
S3150000D2A0B6E71290B5E7099BDB1B09937B420B930C
S3150000D2B000230F93C2E700230E93219B002B56DC1D
S3150000D2C00123069399461A4621920CE00123F3E7BF
S3150000D2D000230E93219BFB1803F1010906934B468D
S3150000D2E0012BB8BF0123DBF81C000021042202F148
S3150000D2F014059D423FD94160584600F035FD08901F
S3150000D30000283BD1174B024640F2AF11CCE6012371
S3150000D310DFE70124002320930E944FF0FF3306939A
S3150000D320994600221223CFE761436F63A787D23F56
S3150000D330B3C8608B288AC63FFB799F501344D33FFE
S3150000D340350321084C0321080000F07F3103210832
S3150000D3502803210805032108040321080000F83FDB
S3150000D36048042108A503210801230E93D5E7219B34
S3150000D37006939946B7E701315200B8E7DBF81C304F
S3150000D380089A1A60B9F10E0F6FD8002C6DD0002FD5
S3150000D39036DDA14B07F00F0203EBC20393ED007BD2
S3150000D3A0F8058DED107B4FEA271417D59B4BDDE969
S3150000D3B00C01D3E90823FEF7C1FACDE9040104F014
S3150000D3C00F044FF00308954D5CB9DDE91023DDE944
S3150000D3D00401FEF7B3FACDE904012BE04FF0020891
S3150000D3E0F1E7E10709D5DDE91001D5E90023FEF7EC
S3150000D3F07BF9CDE9100108F1010864100835E3E76F
S3150000D40000F007817C42844B844D04F00F0203EB4D
S3150000D410C203D3E90023DDE90C01FEF765F9CDE986
S3150000D4200401241100234FF00208002C40F0E5808F
S3150000D430002BD0D1129BDDE90445002B00F04B8177
S3150000D440774B002220462946FEF7C0FB002800F055
S3150000D4504281B9F1000F00F03E81069B002B00F3DC
S3150000D460E380DDE90C34CDE90434159B002B02DBA7
S3150000D4700E2F40F341820E9A002A40F066820B9CE2
S3150000D480DDF824800025B8F1000F0DD00A9B002B93
S3150000D4900ADD4345099AA8BF4346D21A09920A9A59
S3150000D4A0A8EB0308D31A0A930B9B0BB30E9B002B16
S3150000D4B000F0A582002C00F0A0822946224658469C
S3150000D4C000F00AFE039A01460546584600F05AFD4A
S3150000D4D003990646584600F087FC0B9B1B1B0B93D3
S3150000D4E000F090820B9A3146584600F0F5FD039005
S3150000D4F00121584600F030FD0F9B0446002B00F03A
S3150000D50083821A460146584600F0E6FD209B012B11
S3150000D510044603DC049B002B00F07B820026236973
S3150000D52004EB8303186900F0C7FC0F96C0F12000D6
S3150000D5300A9B184410F01F0000F09082C0F12003EF
S3150000D540042B40F38082099BC0F11C00034409931D
S3150000D5500A9B034480440A93099B002B05DD03992B
S3150000D5601A46584600F012FE03900A9B002B05DD72
S3150000D57021461A46584600F009FE0446129B002B27
S3150000D58000F075820398214600F06CFE002880F2B8
S3150000D5906E82002303990A22584600F047FC0E9B30
S3150000D5A003907E1E002B00F05B82002329460A2290
S3150000D5B0584600F03BFC069B002B054603DC209BEF
S3150000D5C0022B00F35D82B8F1000F05DD29464246C5
S3150000D5D0584600F0DBFD05460F9B002B00F0CF827E
S3150000D5E06968584600F0C0FB0746002840F07E8276
S3150000D5F00C4B024640F2EF2156E5E20706D5D5E987
S3150000D6000023FEF771F808F10108012364100835BC
S3150000D6100BE74FF002080DE7480421082004210813
S3150000D6200000F03FA50321082046AD4B0022294605
S3150000D630FEF75AF8CDE90401069C7E1E08F10108A2
S3150000D6404046FDF7E7FFDDE90423FEF74DF8A54B5D
S3150000D6500022FDF793FEA1F15073CDE9100111935D
S3150000D660002C3BD1DDE904019F4B0022FDF784FE2F
S3150000D67002460B46CDE90423DDE91023FEF7C4FA82
S3150000D680002840F05781DDE9102101F10043DDE972
S3150000D6900401FEF79BFA00283FF4E3AE002425467A
S3150000D6A0219BDDF820A0DE434FF0000821465846B6
S3150000D6B000F09AFB002D00F0A980B8F1000F05D00C
S3150000D6C0A84503D04146584600F08EFB29465846E9
S3150000D6D000F08AFB9AE03E464C46B1E7834B03EBEB
S3150000D6E0C40353E90201089B1C440E9B002B4AD03D
S3150000D6F002460B4600207E49FEF720F9DDE910239D
S3150000D700FDF73AFECDE91001DDF820A0DDE90401C0
S3150000D71001F098FA0546FDF77DFF02460B46DDE966
S3150000D7200401FDF729FE3035CDE9040102460B461A
S3150000D7300AF8015BDDE91001FEF766FA002865D1FB
S3150000D740DDE904236B490020FDF716FE02460B4671
S3150000D750DDE91001FEF758FA002840F00D81A245D8
S3150000D76000F0EA80DDE910015D4B0022FDF7BCFF09
S3150000D7705B4BCDE910010022DDE90401FDF7B4FFA2
S3150000D780CDE90401C2E7DDE91023FDF7ADFFCDE9E0
S3150000D7901001DDF820A0A046DDE9040101F052FAEF
S3150000D7A00546FDF737FF02460B46DDE90401FDF7A6
S3150000D7B0E3FD30350AF8015B02460B46A245CDE98A
S3150000D7C004234FF0000223D1494BDDE91001FDF798
S3150000D7D0D5FD02460B46DDE90401FEF715FA0028E1
S3150000D7E040F0CA80DDE9102341490020FDF7C4FD61
S3150000D7F002460B46DDE90401FEF7E8F970B1C246C0
S3150000D80008F1FF381AF8013C302BF8D0374655E0BE
S3150000D810334BFDF769FFCDE90401BDE7DDE90C34C3
S3150000D820CDE90434159B002BFFF629AE0E2F3FF7EA
S3150000D83026AE2E4B03EBC70393ED007B219B002BFB
S3150000D8408DED067B02DAB9F1000F64D0DDE90445FF
S3150000D850DDF820A0DDE9062320462946FEF76EF80E
S3150000D86001F0F0F90646FDF7D5FEDDE90623FDF7E2
S3150000D8703BFF02460B462046294606F13004FDF7DB
S3150000D8807BFD0AF8014B089CAAEB0404A14502465D
S3150000D8900B4640F08280FDF771FDDDE90623044664
S3150000D8A00D46FEF7B1F9002865D1DDE906232046CD
S3150000D8B02946FEF781F908B1F3075CD40399584667
S3150000D8C000F092FA00238AF80030229B01371F608D
S3150000D8D0249B002B3FF41FACC3F800A01BE400BF41
S3150000D8E00000244000001C400000144048042108A9
S3150000D8F00000E03F0000F03FA24B03EBC70393EDAF
S3150000D900007B219B002B8DED067B9FDAB9F1000F82
S3150000D9109CDC7FF4C3AE9C4B0022DDE90601FDF7DB
S3150000D920E3FEDDE90423FEF765F9044600287FF4EB
S3150000D930B5AE3E462546B4E0DDE90C34CDE9043407
S3150000D940159B002B01DB0E2FD6DD209A012A36DC33
S3150000D950139A82B303F233430B9CDDF82480099AB1
S3150000D9601A4409920A9A01211A4458460A9200F06A
S3150000D970F3FA054687E53E4653469A4613F8012DC7
S3150000D980392A06D1089A9A42F7D1089930220136E7
S3150000D9900A701A7801321A7038E77C4B0022FDF7BC
S3150000D9A0A3FE0022002304460D46FEF705F90028D3
S3150000D9B03FF450AF82E7149BC3F13603CCE70B9BD1
S3150000D9C009F1FF34A34208DBB9F1000FA3EB04040D
S3150000D9D00EDBDDF824804B46C1E70B9B0F9A0B94B8
S3150000D9E0E31A1A44DDF824800F924B460024B6E76A
S3150000D9F0099BA3EB09080023B1E7039E72E50B9A86
S3150000DA00039971E5039673E5209B012B17DC049BB4
S3150000DA10ABB9059BC3F313039BB9059B23F00046E3
S3150000DA20360D360536B1099B013309930A9B01333E
S3150000DA300A9301260F9B002B7FF471AD0F960120F0
S3150000DA4076E50026F6E73FF487AD099A1C331A44BB
S3150000DA5009920A9A1A4498440A927DE50346F4E725
S3150000DA60069B002B2BDC209B022B09DC27E0B9F15F
S3150000DA70000F1DDC209B022B1ADDCDF818903E46C8
S3150000DA80069B002B7FF40CAE21460522584600F07B
S3150000DA90CDF901460446039800F0E4FB00287FF721
S3150000DAA0FFADDDF820A031230AF8013B0136FBE586
S3150000DAB00E9BCDF818903E46002B7FF484AD089F50
S3150000DAC003982146FFF752FA00F1300907F8019B47
S3150000DAD0089B069AFB1A9A4240F3CB8003990023CF
S3150000DAE00A22584600F0A2F90390E9E72A690232B1
S3150000DAF0920005F10C010C30FFF722FA012239469B
S3150000DB00584600F043FB089B089A03F1010A069B5E
S3150000DB1013440A93049B03F00103A8460B9305469E
S3150000DB200AF1FF33214603980693FFF71FFA414691
S3150000DB30099000F13009039800F094FB2A4621462B
S3150000DB400746584600F0AAFBC268014602B358468B
S3150000DB5000F04AF9002F3ADA03990122584600F0FC
S3150000DB6015FB2146039000F07DFB002803DC29D13C
S3150000DB7019F0010F26D0B9F1390F1DD132E0284630
S3150000DB80C1E700BF480421080000144000002440FB
S3150000DB900E90039800F066FB0E990C90584600F024
S3150000DBA023F90C9A5ABB209B53B90B9B43B9B9F185
S3150000DBB0390F17D0002F05DD099B03F1310901E06C
S3150000DBC0002F2ADADDF818A00AF8019B6EE5209BE3
S3150000DBD03B4304D1049B03F00103002BBCD0B9F1F5
S3150000DBE0390F36D1069F392307F8013BBA46013F64
S3150000DBF01AF8013C392B5BD001333B7056E5002FF8
S3150000DC0006DB209B3B4306D1049B03F0010313B9BB
S3150000DC10002AA1DCD6E7002AE1DC0A9B0AF8019C6F
S3150000DC20534557462FD0039900230A22584600F041
S3150000DC30FDF8A84503904FF000034FF00A02414655
S3150000DC4058460BD100F0F2F8804605460AF1010A63
S3150000DC5066E7DDF818A009F10109B5E700F0E6F876
S3150000DC602946804600230A22584600F0DFF805467A
S3150000DC70ECE7069B002BC8BF1F46089BD8BF0127B1
S3150000DC801F444FF0000803990122584600F07EFA1F
S3150000DC902146039000F0E6FA0028A7DC02D119F02D
S3150000DCA0010FA3D1BA4617F8013D302BFAD0FDE497
S3150000DCB0089BBB429AD1089A312301361370F5E4CA
S3150000DCC0249B002B7FF422AA014BFFF741BA00BF29
S3150000DCD02803210838B50546002941D051F8043CEF
S3150000DCE00C1F002BB8BFE418FEF7DAF91D4A1368BB
S3150000DCF033B9636014602846BDE83840FEF7D6B9EC
S3150000DD00A34208D9206821188B4201BF19685B68B5
S3150000DD1009182160EDE71A465B680BB1A342FAD9F0
S3150000DD2011685018A0420BD1206801445018834254
S3150000DD301160E0D118685B68536008441060DAE748
S3150000DD4002D90C232B60D6E7206821188B4204BF2A
S3150000DD5019685B68636004BF091821605460CAE7EC
S3150000DD6038BD00BFC43A000070B5C66904460D460A
S3150000DD7076B91020FEF7EAF80246E06120B9184BA2
S3150000DD8018486B2100F01CFEC0E901660660C660FB
S3150000DD90E669F36883B1E369DB6853F82500B8B92F
S3150000DDA0012101FA05F6721D9200204600F026FEBA
S3150000DDB060B1C0E901560EE021220421204600F0A0
S3150000DDC01DFEE369F060DB68002BE4D1002070BD26
S3150000DDD0026843F825200023C0E90333F7E700BFB4
S3150000DDE035032108B603210870B5C66905460C46F9
S3150000DDF076B91020FEF7AAF80246E86120B9094B69
S3150000DE0009488F2100F0DCFDC0E901660660C660A6
S3150000DE103CB1EB696268DB6853F82210216043F875
S3150000DE20224070BD35032108B60321082DE9F041D3
S3150000DE300D6907460C461E4601F1140C0020DCF85D
S3150000DE40003099B202FB01611E0C0B0C02FB06337B
S3150000DE5089B2013001EB034185424CF8041B4FEABD
S3150000DE601346ECDC0EB3A368AB4219DC6168384696
S3150000DE700131FFF779FF804628B902460C4B0D4861
S3150000DE80BA2100F09DFD2269023204F10C019200D4
S3150000DE900C30FFF755F821463846FFF7A5FF4446F4
S3150000DEA004EB850301355E6125612046BDE8F081FE
S3150000DEB0A5032108B6032108B0F5803F034636BF07
S3150000DEC0030400201020B3F1807F3CBF1B02083002
S3150000DED0B3F1805F3CBF1B010430B3F1804F03D325
S3150000DEE0002B0ADB013070479B0001D502307047DA
S3150000DEF05B0001D503307047202070470368024657
S3150000DF0013F007000BD0D90721D4980749BF5B0847
S3150000DF109B08012013605CBF13600220704799B212
S3150000DF2009B91B0C1020D9B209B908301B0A190708
S3150000DF3004BF1B090430990704BF9B080230D907A8
S3150000DF4003D45B0800F1010003D013607047002082
S3150000DF50704720207047000010B50C460121FFF7DE
S3150000DF6003FF024628B9054B054840F2451100F06B
S3150000DF7027FD01234461036110BD00BFA5032108ED
S3150000DF80B60321082DE9F04F14460A6923699A421F
S3150000DF90A8BF23460F46A4BF0C461F46D4F810A0C0
S3150000DFA0D7F81090A36861680AEB0906B34285B0FA
S3150000DFB0B8BF0131FFF7D8FE30B90246444B454899
S3150000DFC04FF4B17100F0FCFC00F1140505EB860876
S3150000DFD02B460022434521D307F1140104F1140214
S3150000DFE002EB8A0201EB89030293131B153B23F014
S3150000DFF00303043304F11507BA4238BF042301931F
S3150000E000029B03918B420CD8002E03DD58F8043D89
S3150000E010002B5BD0066105B0BDE8F08F43F8042BFA
S3150000E020D8E7B1F800A0BAF1000F24D004F1140E1D
S3150000E030A9464FF0000C5EF8047BD9F800301FFAB1
S3150000E04087FB9BB20AFB0B334FEA174BD9F80070DC
S3150000E05063444FEA174C0AFB0BC707EB13479BB207
S3150000E06043EA0743724549F8043B4FEA174CE2D8A6
S3150000E070019B45F803C0039BB3F802900431B9F144
S3150000E080000F21D02B6804F1140CAE464FF0000AA5
S3150000E090BCF800B0BEF8027009FB0B7757449BB280
S3150000E0A043EA07434EF8043B5CF8043B4FEA134A45
S3150000E0B0BEF8003009FB0A3303EB174362454FEA0B
S3150000E0C0134AE5D8019FEB51043599E7013E9BE7DA
S3150000E0D0A5032108B60321082DE9F843154612F0D9
S3150000E0E0030207460E4607D0254C013A002354F892
S3150000E0F02220FFF79BFE0646AD103DD0FC697CB999
S3150000E1001020FDF723FF0246F86128B91D4B1E4873
S3150000E11040F2B31100F054FCC0E901440460C4604D
S3150000E120D7F81C80D8F808404CB940F2712138461F
S3150000E130FFF712FF0023C8F80800044603604FF0FB
S3150000E1400009EB070AD5314622463846FFF71AFF83
S3150000E150314680463846FFF747FE46466D100BD0DF
S3150000E160206838B9224621463846FFF70BFF206063
S3150000E170C0F800900446E4E73046BDE8F88300BFE7
S3150000E1801004210835032108B60321082DE9F047BC
S3150000E1900C464968236903EB6218A3680746914653
S3150000E1A04FEA621A08F10106B3420BDB3846FFF765
S3150000E1B0DBFD054648B90246284B29484FF4EF7166
S3150000E1C000F0FEFB01315B00EEE7002300F11401D5
S3150000E1D000F110021846534533DB20692AEAEA7A31
S3150000E1E004F1140319F01F0901EB8A0103EB800CFB
S3150000E1F02BD0C9F1200E8A460022186800FA09F0D1
S3150000E20010434AF8040B53F8042B9C4522FA0EF2ED
S3150000E210F3D8ACEB0403153B23F00303043304F1FA
S3150000E2201500844538BF0423CA500AB108F1020616
S3150000E230013E38462E612146FFF7D6FD2846BDE849
S3150000E240F08742F8040F0133C5E7043953F8042B6D
S3150000E25041F8042F9C45F9D8EAE700BFA503210839
S3150000E260B60321080A6903460069801A30B50ED143
S3150000E2701433143103EB820401EB820154F8045D7C
S3150000E28051F8042D954203D005D24FF0FF3030BD32
S3150000E290A342F3D3FBE70120F9E700002DE9F74F8E
S3150000E2A089460646114648461446FFF7DBFF051E1B
S3150000E2B012D129463046FFF757FD024628B93F4B93
S3150000E2C040F237213E4800F07BFB0123C0E90435CC
S3150000E2D0104603B0BDE8F08FBCBF4B46A1463046A2
S3150000E2E0D9F80410BABF1C4601250025FFF73CFDEE
S3150000E2F0024618B9314B40F24521E3E7D9F81070D0
S3150000E3002669C56009F1100309F1140504F1140E1C
S3150000E31000F1140B05EB87080EEB86060193D94630
S3150000E3204FF0000C019B5EF8040B53F804AF019309
S3150000E3301FFA8AF3194683B2CB1A000C6344C0EB6A
S3150000E3401A4000EB23409BB243EA0043764549F866
S3150000E350043B4FEA204CE5D8331B153B23F003035F
S3150000E36015340433A64238BF04231D445B441E46BD
S3150000E3702C4644450ED308F10301491B21F0030145
S3150000E380033DA84538BF00210B4453F8041D91B145
S3150000E39017619DE754F8041BE646080C1CFA81FC3D
S3150000E3A0714400EB2C4089B241EA004146F8041B57
S3150000E3B04FEA204CDDE7013FE7E700BFA503210850
S3150000E3C0B60321082DE973430121089E904699461C
S3150000E3D0FFF7CAFC044630B90246244B244840F2F3
S3150000E3E00F3100F0EDFAC9F30A55C9F313030DB165
S3150000E3F043F480130193B8F1000324D068460093D8
S3150000E400FFF77CFDDDE90012D8B1C0F1200302FA66
S3150000E41003F30B43C24063610192019BA361002B8E
S3150000E4200CBF012202222261ADB1A5F2334505449B
S3150000E4303560C0F13500099B1860204602B0BDE882
S3150000E44070836161E9E701A8FFF758FD019B6361ED
S3150000E45020300122E7E704EB8203A0F2324030606D
S3150000E4601869FFF729FDC0EB4210E4E7A503210870
S3150000E470B60321089368013B002B10B4936008DAB9
S3150000E4809469A34201DB0A2903D15DF8044BFEF728
S3150000E49002BC1368581C1060197008465DF8044BDE
S3150000E4A07047F8B506460F461446D518AC4201D15A
S3150000E4B0002007E014F8011B3A463046FFF7DAFF62
S3150000E4C0431CF3D1F8BD00002DE9F04F0D469DB079
S3150000E4D014469846064618B1036A0BB9FEF7EAFADF
S3150000E4E06B6ED90705D4AB899A0502D4A86DFEF7E1
S3150000E4F0D0FCAB891B0701D52B699BB92946304651
S3150000E500FEF708FC70B16B6EDC0704D54FF0FF30E8
S3150000E5101DB0BDE8F08FAB899805F7D4A86DFEF75E
S3150000E520B9FCF3E70023099320238DF82930CDF8B1
S3150000E5300C803023DFF8AC818DF82A304FF00109CA
S3150000E54023469A4613F8012B0AB1252AF9D1BAEBCC
S3150000E550040B0BD05B46224629463046FFF7A1FF47
S3150000E560013000F0A780099A5A4409929AF80030BF
S3150000E570002B00F09F8000234FF0FF32CDE90523EA
S3150000E5800AF1010A049307938DF853301A935446FF
S3150000E590052214F8011B5348FEF782FC049AD8B9E9
S3150000E5A0D10644BF20238DF85330130744BF2B23D5
S3150000E5B08DF853309AF800302A2B15D0079A544616
S3150000E5C000204FF00A0C214611F8013B303B092B85
S3150000E5D04BD9B0B1079214E0A0EB080309FA03F394
S3150000E5E013430493A246D2E7039B191D1B680391AC
S3150000E5F0002BBBBF5B4242F0020207930793B8BFF2
S3150000E600049223782E2B0AD163782A2B32D1039BCE
S3150000E6101A1D1B68039243EAE37302340593DFF87D
S3150000E620D4A0217803225046FEF73AFC38B1049B69
S3150000E630A0EB0A004022824013430134049314F8ED
S3150000E640011B29488DF828100622FEF729FC002810
S3150000E6503FD0264B1BBB039B073323F0070308332E
S3150000E6600393099B3B4409936AE70CFB02320C4671
S3150000E6700120A8E700230134059319464FF00A0C40
S3150000E680204610F8012B303A092A03D9002BC6D0B0
S3150000E6900591C4E70CFB012104460123F0E703AB17
S3150000E6A000932A46124B04A93046FDF7A7FD0746FC
S3150000E6B0781CD6D16B6ED90705D4AB899A0502D4DE
S3150000E6C0A86DFEF7E7FBAB895B063FF51FAF099820
S3150000E6D01EE703AB00932A46054B04A93046FEF716
S3150000E6E031F8E4E7100521081A052108FDD12008B4
S3150000E6F0A3F4200816052108B1F90C202DE9F041F4
S3150000E700170705460C4656D44B68002B02DC0B6CEB
S3150000E710002B3DDDE66A002E3AD0002312F480522B
S3150000E7202F68216A2B6025D0626DA389580705D50D
S3150000E7306368D21A636B0BB1236CD21A216AE66A3C
S3150000E74000232846B047411C24D000236360236978
S3150000E7502360A389DA0400D56065616B2F60B9B1C7
S3150000E76004F14403994202D02846FFF7B3FA002386
S3150000E77063630DE001232846B047461C0246D4D108
S3150000E7802B68002BD1D01D2B01D0162B2BD12F603F
S3150000E79000202FE02A68B4F90C3042B11D2A01D0BE
S3150000E7A0162A22D10023636023692360D5E76260BD
S3150000E7B022692260CEE70F69002FE9D093070E6821
S3150000E7C008BF4B690F6018BF0023A6EB07088B60D4
S3150000E7D0B8F1000FDCDD216AA66A43463A462846B0
S3150000E7E0B047002808DCB4F90C3043F04003A3819D
S3150000E7F04FF0FF30BDE8F0810744A8EB0008E7E7DB
S3150000E80038B50B6905460C4613B90025284638BDB0
S3150000E81018B1036A0BB9FEF74DF9B4F90C30002BA9
S3150000E820F3D0626ED00704D4990502D4A06DFEF72A
S3150000E83030FB28462146FFF75FFF636EDA07054681
S3150000E840E4D4A3899B05E1D4A06DFEF723FBDDE7A5
S3150000E85070B50C46B1F90E10002996B015461E4645
S3150000E8600DDAA38913F0800F4FF0000114BF402387
S3150000E8704FF48063002031602B6016B070BD6A468D
S3150000E88000F07CF80028ECDB019901F47041A1F559
S3150000E8900053594259414FF48063EBE78B89F7B532
S3150000E8A09D0706460C4607D504F1470323602361FE
S3150000E8B00123636103B0F0BD01AB6A46FFF7C8FFF1
S3150000E8C0009F054639463046FDF772FB48B9B4F954
S3150000E8D00C309A05EED423F0030343F00203A38120
S3150000E8E0E2E7A389206043F08003A381019BC4E98A
S3150000E8F004075BB1B4F90E10304600F051F828B1A8
S3150000E900A38923F0030343F00103A381A3891D43D5
S3150000E910A581CFE770B50D461446064618B1036AC1
S3150000E9200BB9FEF7C7F8636ED80705D4A389990516
S3150000E93002D4A06DFEF7ADFAA368013B002BA360DD
S3150000E94005DAA269934212DBEBB20A2B0FD02368D9
S3150000E9505A1C22601D70EDB2636EDA0705D4A389D6
S3150000E9609B0502D4A06DFEF795FA284670BD294690
S3150000E97022463046FEF78FF90546EDE738B5074DD6
S3150000E98000230446084611462B60F4F74EFD431C4F
S3150000E99002D12B6803B1236038BD00BF043C0000E0
S3150000E9A038B5064D0023044608462B60F4F742FDB1
S3150000E9B0431C02D12B6803B1236038BD043C000020
S3150000E9C01FB514461A46094B1B680546D86854B944
S3150000E9D0074B1C46CDE9013400912B46054900F052
S3150000E9E041F800F051F8044BF4E700BF680300005B
S3150000E9F03E022108380521082B05210870B5A1FB28
S3150000EA0002543CB92946FDF7D3FA064628B9002632
S3150000EA10304670BD0C220260F9E72A462146FEF711
S3150000EA20CFF9F5E782B001B901A942B14BB113782C
S3150000EA300B601278101E18BF012002B070471046F6
S3150000EA40FBE76FF00100F8E70346084641B1FF2AED
S3150000EA5004D98A221A604FF0FF3070470A700120ED
S3150000EA60704700000EB403B5014603AB054853F8E2
S3150000EA70042B00680193FFF727FD02B05DF804EB55
S3150000EA8003B070476803000008B5062000F02CF8B4
S3150000EA900120F4F79FFC1F2938B505460C4604D91A
S3150000EAA0162303604FF0FF3038BDC26B12B152F827
S3150000EAB021304BB9284600F031F822460146284657
S3150000EAC0BDE8384000F018B8012B0AD0591C03D114
S3150000EAD0162303600120E7E7002142F824102046B0
S3150000EAE098470020E0E70000024B01461868FFF750
S3150000EAF0D2BF00BF6803000038B5074D00230446A7
S3150000EB00084611462B60F4F75DFC431C02D12B68C6
S3150000EB1003B1236038BD00BF043C0000F4F750BCCD
S3150000EB20C1F30A5C2DE9F041ACF2FF35132D024624
S3150000EB300B460C46064634DC002D20DBDFF8D4807D
S3150000EB4048FA05F801EA080C5CEA000C0F462DD0DD
S3150000EB502DA3D3E90023FCF711FC00220023FDF7C7
S3150000EB6053F840B1002C03DD4FF480132B411F44B2
S3150000EB7027EA0804002621463046BDE8F08122A394
S3150000EB80D3E90023FCF7FAFB00220023FDF73CF84B
S3150000EB900028F0D0002C33DB344300D01C4C002678
S3150000EBA0E9E7332D06DDB5F5806F26D01046194608
S3150000EBB0BDE8F081ACF2134C4FF0FF3727FA0CF7A3
S3150000EBC03842F3D010A3D3E90023FCF7D7FB002289
S3150000EBD00023FDF719F80028CDD0002C334609DDB7
S3150000EBE0142D06D0C5F134050122AA4013449E42D5
S3150000EBF000D9013423EA0706BDE7FCF7BFFBD7E7D8
S3150000EC0000264FF00044B6E79C7500883CE4377E4A
S3150000EC100000F03FFFFF0F004FEA410C7FEA6C5CFB
S3150000EC2002D150EA013C0AD14FEA430C7FEA6C5C00
S3150000EC3002D152EA033C02D14FF0000070474FF078
S3150000EC40010070474FEA410212F5001215D211D5A4
S3150000EC506FF47873B3EB625212D94FEAC12343F0D3
S3150000EC60004343EA505311F0004F23FA02F018BF55
S3150000EC70404270474FF00000704750EA013005D11E
S3150000EC8011F0004008BF6FF0004070474FF00000E1
S3150000EC90704700BF044A05491368002B08BF0B469E
S3150000ECA018441060184670470C3C0000106C0000B9
S3150000ECB0F8B500BFF8BC08BC9E467047F8B500BF63
S3150000ECC0F8BC08BC9E4670475FF800F04110000093
S3150000ECD05FF800F0CD0900005FF800F0290A000097
S3150000ECE05FF800F0E90C00005FF800F0410F00004B
S3150000ECF05FF800F0C90A00005FF800F0710D00002F
S3150000ED005FF800F0210F00005FF800F0A50D00008D
S3150000ED105FF800F0E10D00005FF800F05D0900000B
S3150000ED205FF800F0010C00005FF800F0610E0000D3
S3150000ED305FF800F0DD1000005FF800F0790E0000CB
S3150000ED405FF800F0090F00005FF800F0150F0000F3
S3150000ED505FF800F0D50A00005FF800F0BD0F000074
S3150000ED605FF800F0B90A000048656C6C6F20576FB9
S3150000ED70726C64210D004661696C656420746F20B5
S3150000ED80637265617465205350492052582073653B
S3150000ED906D6170686F72650D005350495F5258007F
S3150000EDA00D0A204D345F4750494F5F50494E20743D
S3150000EDB065737420737461727473200D00676574D3
S3150000EDC05F70696E5F6F7574707574203D20256481
S3150000EDD00A004750494F20746F67676C650D0053F2
S3150000EDE05049207472616E7366657220646F6E6539
S3150000EDF00D0049535220696E204D4F44455F5245E0
S3150000EE0043454956450D0049535220696E204D4FE2
S3150000EE1044455F53454E440D00496E697469616C03
S3150000EE2069617A652053504920534C415645206606
S3150000EE30726F6D205353490D00496E697420466107
S3150000EE40696C65640053657420436F6E666967205C
S3150000EE504661696C65640D5C6E00524543454956D2
S3150000EE6045204661696C656420256C640D0A004482
S3150000EE7061746120726563656976656420697320D3
S3150000EE802530780D0A0072656163686564207278C2
S3150000EE905F68616E646C65720D004C454E47544860
S3150000EEA02072656365697665640D0046756E6374E8
S3150000EEB0696F6E20666F722068616E646C696E673A
S3150000EEC020524543454956450D0046756E637469A3
S3150000EED06F6E20666F722068616E646C696E672063
S3150000EEE053454E440D00020500000C02040049443F
S3150000EEF04C4500546D725100546D72205376630078
S3150000EF006147200881472008B94A20082D4A200871
S3150000EF10014A2008BD49200839492008B54820087B
S3150000EF2051482008FD4720089D47200861472008D2
S3150000EF3081472008814A20081D4A2008F5492008F3
S3150000EF40914920080D49200889482008454820088D
S3150000EF50A9472008914720086147200881472008D3
S3150000EF60494A20080D4A2008E94920086549200831
S3150000EF70E14820085D48200839482008C147200894
S3150000EF808547200800080424D0FF2008CCFF20086D
S3150000EF90C8FF2008C4FF2008000000000000000091
S3150000EFA0000000001000000000000000000000004B
S3150000EFB0202C0000042C00000300000003000000C9
S3150000EFC000000000000A0100000801000002010024
S3150000EFD00001010000000145200021081C00210855
S3150000EFE0180021081400210800000000000000009D
S3150000EFF0000000002C0000000000000000000000DF
S3150000F000482C00002C2C0000020000000304000025
S3150000F0100000000000190800001A0800001C080083
S3150000F020001B080000000244700021086C00210843
S3150000F03068002108640021080000000000000000AC
S3150000F040000000002F00000000000000000000008B
S3150000F050702C0000542C0000010000000304000086
S3150000F060000000000009030400080303000C030766
S3150000F070000B030600020002C94B2008E94B2008DA
S3150000F0807D4D2008614D2008494D2008014D20087E
S3150000F090B94C2008654C2008594C20084D4C2008D6
S3150000F0A0194C20080D4C2008014C2008F54B20086F
S3150000F0B0000A08000001030000090300000B03001A
S3150000F0C0000A0605000B06060006060100070602F2
S3150000F0D0002F020B0030020C000902040006020198
S3150000F0E0001D0200001E02000008020302020A02BE
S3150000F0F0633A5C75736572735C666C6F72696E2ECB
S3150000F1006D6F74615C73696D706C69636974797332
S3150000F110747564696F5C73646B735C73696D706C32
S3150000F12069636974795F73646B5C657874656E7323
S3150000F130696F6E5C77697365636F6E6E6563745C29
S3150000F140636F6D706F6E656E74735C64657669630C
S3150000F150655C73696C6162735C73693931785C6D87
S3150000F16063755C647269766572735C756E696669EF
S3150000F17065645F7065726970686572616C5F647200
S3150000F18069766572735C696E635C736C5F7369390B
S3150000F19031785F7065726970686572616C5F6770FF
S3150000F1A0696F2E6800161718191A1B1C1D1E1F20C2
S3150000F1B0210000000000000102030405060700000C
S3150000F1C008000000000000000000191A1B1C1D1E8C
S3150000F1D00909090900000000000000000000000AFB
S3150000F1E00B0C0D0E0F101112131415000000000069
S3150000F1F000161718191A1B1C1D1E1F202134353620
S3150000F2003738393A3B3435363738393A3B212828AE
S3150000F210262401210F0704010041737365727420CF
S3150000F2206661696C65643A2066696C6520257320A1
S3150000F2306F6E206C696E6520256C75200D0A004383
S3150000F2403A2F55736572732F666C6F72696E2E6DE9
S3150000F2506F74612F53696D706C6963697479537447
S3150000F2607564696F2F53444B732F73696D706C69A6
S3150000F270636974795F73646B2F657874656E7369FF
S3150000F2806F6E2F77697365636F6E6E6563742F6338
S3150000F2906F6D706F6E656E74732F646576696365E6
S3150000F2A02F73696C6162732F73693931782F6D63BF
S3150000F2B0752F647269766572732F756E69666965F6
S3150000F2C0645F7065726970686572616C5F647269AB
S3150000F2D0766572732F7372632F736C5F736939313E
S3150000F2E0785F7065726970686572616C5F67706976
S3150000F2F06F2E6300494E4600696E66004E414E0011
S3150000F3006E616E003000303132333435363738397D
S3150000F310414243444546003031323334353637387E
S3150000F3203961626364656600496E66696E697479FF
S3150000F330004E614E005245454E54206D616C6C6F17
S3150000F3406320737563636565646564002F64617427
S3150000F350612F6A656E6B696E732F776F726B737050
S3150000F3606163652F474E552D746F6F6C63686169D5
S3150000F3706E2F61726D2D31322F7372632F6E65772A
S3150000F3806C69622D63796777696E2F6E65776C6934
S3150000F390622F6C6962632F7374646C69622F647484
S3150000F3A06F612E630042616C6C6F632073756363DB
S3150000F3B06565646564002F646174612F6A656E6BB0
S3150000F3C0696E732F776F726B73706163652F474E2B
S3150000F3D0552D746F6F6C636861696E2F61726D2D48
S3150000F3E031322F7372632F6E65776C69622D637984
S3150000F3F06777696E2F6E65776C69622F6C696263D9
S3150000F4002F7374646C69622F6D707265632E63006E
S3150000F41005000000190000007D000000000000004B
S3150000F4200080E03779C34143176E05B5B5B89346FA
S3150000F430F5F93FE9034F384D321D30F94877825AC6
S3150000F4403CBF737FDD4F1575000000000000F03FE4
S3150000F45000000000000024400000000000005940A9
S3150000F4600000000000408F40000000000088C340FC
S3150000F47000000000006AF8400000000080842E4171
S3150000F48000000000D01263410000000084D79741BD
S3150000F4900000000065CDCD41000000205FA00242C3
S3150000F4A0000000E876483742000000A2941A6D4238
S3150000F4B0000040E59C30A2420000901EC4BCD6422B
S3150000F4C000003426F56B0C430080E03779C34143D6
S3150000F4D000A0D8855734764300C84E676DC1AB434C
S3150000F4E0003D9160E458E143408CB5781DAF15446A
S3150000F4F050EFE2D6E41A4B4492D54D06CFF0804445
S3150000F500F64AE1C7022DB544B49DD9794378EA4459
S3150000F510232D302B2000686C4C00656667454647F6
S3150000F520004300504F534958002E002C2066756E3C
S3150000F5306374696F6E3A2000617373657274696FE4
S3150000F5406E2022257322206661696C65643A206606
S3150000F550696C6520222573222C206C696E65202536
S3150000F56064257325730A00002020202020202020F7
S3150000F570202828282828202020202020202020205D
S3150000F580202020202020202088101010101010107D
S3150000F59010101010101010100404040404040404C5
S3150000F5A00404101010101010104141414141410156
S3150000F5B00101010101010101010101010101010135
S3150000F5C00101011010101010104242424242420244
S3150000F5D00202020202020202020202020202020205
S3150000F5E002020210101010200000000000000000AF
S3150000F5F00000000000000000000000000000000005
S3150000F60000000000000000000000000000000000F4
S3150000F61000000000000000000000000000000000E4
S3150000F62000000000000000000000000000000000D4
S3150000F63000000000000000000000000000000000C4
S3150000F64000000000000000000000000000000000B4
S3150000F65000000000000000000000000000000000A4
S3150000F66000000000000000007F490278D1F8003554
S3150000F670F0B502F001024478877CC57CDFF8E8E14A
S3150000F68023F4802343EA8243C1F80035427F0178A0
S3150000F69004F001039B0012F00F0643EA91134FEAB0
S3150000F6A0C3431FBFC7F3021C43EA8C2305F0030CB8
S3150000F6B04FEA4C0C1CBF4CEAD71C43EACC13DEF8CD
S3150000F6C09CC42CF4601C08BF43F410632CF4FC5C4F
S3150000F6D043EA0C0CCEF89CC4DFF8A0C1ACF80030AD
S3150000F6E0C3F3C21CC3F38223042B98BF0133BCF1BE
S3150000F6F0000F00F0B080BCF1010F00F0AF80ACF15C
S3150000F700020EBEF1020F01D80CF1010C9B0243EA76
S3150000F710CC13DFF86CC1ACF80030534BD3F8ACC453
S3150000F720C1F344012CF01F0C41EA0C01C3F8AC14E0
S3150000F730D3F8101421F4FE1C817801F0030149016D
S3150000F74041EAD4014CEA8131C3F81014D3F8041409
S3150000F750847821F4FC11A40841EAC431C3F80414E6
S3150000F760D3F80814447C07F00F077F0047EAD41744
S3150000F77021F4F81141EA0741C3F80814D3F80C1430
S3150000F78084793A4F640821F4FE1141EA8431C3F8C2
S3150000F7900C14D3F83814C47921F4F03104F00F04B2
S3150000F7A041EA4431C3F83814D3F81414047A21F426
S3150000F7B0FE1104F07F0441EA8431C3F81414C37ABD
S3150000F7C0847AD7F808155B0043EAD413047B21F446
S3150000F7D07F7104F0010421F0030143EA44230B4343
S3150000F7E02349C7F80835234CD1F834740123C1F8EE
S3150000F7F03434D4F8103A23F00F0343EA1513C4F84F
S3150000F800103AC1F8347466B302F00F0252041A4972
S3150000F81090F82440D1F8403723F4F0131A43C1F886
S3150000F8204027D1F87C27837F22F00F02C3F383039E
S3150000F8301343C1F87C3790F82530D1F8482703F0F8
S3150000F84007035B0022F4F03243EAD41342EA43335F
S3150000F850C1F84837F0BD4FF0020C57E74FF0000CE7
S3150000F86054E74FF4C012D2E700A005240080042418
S3150000F870001004240030042400800524802B00009E
S3150000F8807E2B000008C4FF7F010000000102AAAA27
S3150000F890AAAAAAAAAAAAAAAAABABABABABABABABBA
S3150000F8A0ABABACACACACACACACACACACADADADAD90
S3150000F8B0ADADADADADADAEAEAEAEAEAEAEAEAEAE68
S3150000F8C0AFAFAFAFAFAFAFAFAFAFB0B0B0B0B0B03C
S3150000F8D0B000000037000000AAAAAAAAA5000000EE
S3150000F8E0008007240A000000001C062400000344D0
S3150000F8F02100000000FC0200090600000018042494
S3150000F9000C0000000000000000000000E4300000D1
S3150000F91000000000BC002108B8002108B40021083E
S3150000F920B0002108000000000000000000000000F8
S3150000F930000000000000000000000000891F000019
S3150000F9400000024527000000000000000000000043
S3150000F9501431000000000000CC002108C800210876
S3150000F960C4002108C00021080000000000000000BB
S3150000F9700000000001000000000000000000000080
S3150000F9809FFF1F000000004426000000000000004A
S3150000F9900000000044310000E8002108E4002108CE
S3150000F9A0E0002108D8002108DC002108D400210845
S3150000F9B0D000210800000000010000000000000047
S3150000F9C0000000000001020304050607000102030F
S3150000F9D00405060701000104000100000000010003
S3150000F9E00100020300010000000001010000000008
S3150000F9F00000000000000000000000000000000001
S3150000FA0000000000000000000000000028230000A5
S3150000FA1000000000000000000000000000000000E0
S3150000FA2000000000000000000000000000000000D0
S3150000FA3000000000000000000000000000000000C0
S3150000FA4000000000000000000000000000000000B0
S3150000FA5000000000000000000000000000000000A0
S3150000FA600000000000000000000000000000000090
S3150000FA700000000000000000000000000000000080
S3150000FA800000000000000000000000000000000070
S3150000FA900000000000000000000000000000000060
S3150000FAA00000000000000000000000000000000050
S3150000FAB00000000000000000000000000000000040
S3150000FAC00000000000000000000000000000000030
S3150000FAD00000000000000000000000000000000020
S3150000FAE0000000000000000000000000010000000F
S3150000FAF00000000000000000000000000000000000
S3150000FB0000000000000000000000000000000000EF
S3150000FB1000000000000000000000000000000000DF
S3150000FB2000000000000000000000000000000000CF
S3150000FB3000000000000000000000000000000000BF
S3150000FB4000000000000000000000000000000000AF
S3150000FB50000000000000000000000000000000009F
S3150000FB60000000000000000000000000000000008F
S3150000FB70000000000000000000000000000000007F
S3150000FB80000000000000000000000000010100006D
S3150000FB9000FC0200001C06246C2D00007C2C0000DA
S3150000FBA07000000064000000D039000058390000E1
S3150000FBB00800000002000000000000000000000035
S3150000FBC00000000008000000010000000000000026
S3150000FBD0809698000000000000000000030000006E
S3150000FBE0C83A00006C03000000000000C83A00009C
S3150000FBF0303B0000983B00000000000000000000C1
S3150000FC0000000000000000000000000000000000EE
S3150000FC1000000000000000000000000000000000DE
S3150000FC2000000000000000000000000000000000CE
S3150000FC30000000004300000000000000000000007B
S3150000FC4000000000000000000000000000000000AE
S3150000FC50000000004300000000000000000000005B
S3150000FC60000000000000000000000000000000008E
S3150000FC70000000004300000000000000000000003B
S3150000FC80000000000000000000000000000000006E
S3150000FC90000000004300000000000000000000001B
S3150000FCA0000000000000000000000000000000004E
S3150000FCB000000000430000000000000000000000FB
S3150000FCC0000000000000000000000000000000002E
S3150000FCD000000000430000000000000000000000DB
S3150000FCE0000000000000000000000000000000000E
S3150000FCF000000000430000000000000000000000BB
S3150000FD0000000000000000000000000000000000ED
S3150000FD100000000049FA200825FA2008000000002B
S3150000FD2067052108290521083E0221083E0221080F
S3150000FD303E0221083E0221083E0221083E02210819
S3150000FD403E0221083E0221083E022108FFFFFFFF76
S3150000FD50FFFFFFFFFFFFFFFFFFFF00000100415312
S3150000FD6043494900000000000000000000000000B8
S3150000FD7000000000000000000000000000004153E9
S3150000FD804349490000000000000000000000000098
S3150000FD90000000000000000000000000000000005D
S3150000FDA038B5234B0222C3F88420BFF34F8FBFF32D
S3150000FDB06F8F204BD3F80028D30735D4012319467B
S3150000FDC0202B01D11C4606E001FA03F4144203F18C
S3150000FDD0010027D0DCB2184B03EB04139A68C2F378
S3150000FDE08162032A22D09B689B0F032B1ED0134BE4
S3150000FDF0142202FB0433D3E90253ED1A18BF01257E
S3150000FE000F4B0E4ADB680C49DB690E4898472DB14B
S3150000FE10084A01235169A3400B435361044B022254
S3150000FE205A6038BD0346CBE70024D4E70025E7E750
S3150000FE3000E100E00000034400FC02006C2D00001D
S3150000FE40000130007000000038B5244B4FF480628A
S3150000FE50C3F88020BFF34F8FBFF36F8F204BD3F8CB
S3150000FE600028D30736D4012319460C2B01D11C4692
S3150000FE7006E001FA03F4144203F1010028D0DCB2D3
S3150000FE80184B03EB04139A68C2F38162032A23D04A
S3150000FE909B689B0F032B1FD0134B142202FB0433CA
S3150000FEA0D3E90253ED1A18BF0125104B0E4ADB6841
S3150000FEB00C49DB690E4898472DB1094A012351695F
S3150000FEC0A3400B435361054B4FF480621A6038BD63
S3150000FED00346CAE70024D3E70025E6E700E100E091
S3150000FEE000800724001C06247C2C00000001300042
S3150000FEF0640000002DE9F041044600F053FD304B4C
S3150000FF00304E1A68304F01321A603568002D4BD1D9
S3150000FF1034601B68012B1FD1B8464046013500F0FE
S3150000FF2045FD382D08F11408F7D1DFF8C480274DB8
S3150000FF30404600F03BFD284600F038FD244800F01E
S3150000FF4035FD244800F032FD234800F02FFD234BF9
S3150000FF50C3F80080224B1D60224A136801331360E8
S3150000FF60214AA3641168E36A14208B4200FB0370E4
S3150000FF7004F1040188BF136000F01CFD00F0FAFCD8
S3150000FF801A4B1B6873B13368DA6AE36A9A4209D27C
S3150000FF904FF0E0234FF08052C3F8042DBFF34F8F8C
S3150000FFA0BFF36F8FBDE8F081104B1A68E36A002A31
S3150000FFB0D2D13268D26A9A4298BF3460CCE700BF89
S3150000FFC0C0250000982A00003826000010260000F0
S3150000FFD0F4250000E0250000C82500000C260000DE
S3150000FFE008260000A4250000B8250000B42500005E
S3150000FFF024260000F8B5174B174D1C682B680646DB
S315000100002868002283F8722004300F4600F0E2FCD3
S31500010010731C07D137B129681048BDE8F84004318F
S3150001002000F0C8BC2B68A4195C6007D30C4B186898
S315000100302968BDE8F840043100F0D0BC094B1868C6
S315000100402968043100F0CAFC074B1A68A24288BF2E
S315000100501C60F8BDBC250000982A0000C8250000D8
S31500010060082600000C260000A0250000064A136899
S315000100701968064B19B94FF0FF321A6070471268BA
S31500010080D2681268F9E700BF0C260000A02500001F
S3150001009010B590F8713004463BB9006B00F092FC44
S315000100A02046BDE8104000F08DBC012BF9D0022B93
S315000100B008D04FF0140383F31188BFF36F8FBFF39A
S315000100C04F8FFEE710BD000080B5134C134F144D42
S315000100D0236873B9134B1B68012BF8D94FF0E02342
S315000100E04FF08052C3F8042DBFF34F8FBFF36F8FCC
S315000100F0EDE700F057FCFB68DE68301D00F06AFC96
S315000101002B68013B2B602368013B236000F032FC26
S315000101103046FFF7BDFFDBE7DC250000E0250000E8
S31500010120C0250000382600002DE9F047DDE90984E5
S315000101304FEA82094A4606460D46206BA5211F460F
S3150001014000F01CFC236BA9F104094B4423F00709B9
S31500010150C4F84490002D3CD06B1E04F133020E35D9
S3150001016013F8011F02F8011F09B1AB42F8D10023B0
S3150001017084F84230089D372D28BF37254FF0000AF5
S31500010180E5622565201DC4F854A000F0FFFBC5F10A
S31500010190380504F1180000F0F9FB142251462461D8
S315000101A0A561646204F1580000F0E8FBC4F86CA094
S315000101B084F870A084F872A03A463146484600F0A9
S315000101C005FC2060B8F1000F01D0C8F80040BDE879
S315000101D0F08784F83450CDE770B586B0DDE90B546D
S315000101E045B94FF0140383F31188BFF36F8FBFF343
S315000101F04F8FFEE744B94FF0140383F31188BFF321
S315000102006F8FBFF34F8FFEE778260596059E782EF2
S3150001021008D04FF0140383F31188BFF36F8FBFF338
S315000102204F8FFEE72563022584F8715004AD0195D1
S315000102300A9D02940095059EFFF776FF2046FFF77B
S3150001024059FE049806B070BD2DE9F043074685B006
S31500010250900088461646994600F0B0FB054620B93F
S315000102604FF0FF3005B0BDE8F083782000F0A6FB23
S31500010270044698B1002380F871300D9B0563019304
S315000102800C9B0290009332464B4641463846FFF797
S315000102904BFF2046FFF72EFE0120E3E7284600F03C
S315000102A091FBDDE710B588B0002407AA06A905A8C9
S315000102B0CDE9054400F066FB059B0293069B079A70
S315000102C016491748CDE900432346FFF785FFA8B134
S315000102D000F060FB012815D14FF0140383F3118858
S315000102E0BFF36F8FBFF34F8F0E4B4FF0FF321A6084
S315000102F00D4B18600D4B1C6000F050FB0C4B1B683E
S3150001030008B010BD0130F9D14FF0140383F3118801
S31500010310BFF36F8FBFF34F8FFEE700BFEEFE2008DE
S315000103204D080000A0250000B4250000BC250000F2
S3150001033058000000024A136801331360704700BF7A
S315000103409C250000014B1868704700BFBC250000C2
S315000103503F4B1B682DE9F74F002B72D13D4B1C68B3
S3150001036001341C60BCB93C4B1A68126842B14FF0AB
S31500010370140383F31188BFF36F8FBFF34F8FFEE72B
S31500010380364A1968106818601160354A13680133D6
S315000103901360FFF76BFE334D334E2B68334F9C4290
S315000103A04FF0000B12D23A68D26A14214A43B2586E
S315000103B0022A2F4A126828BF4FF0010B002A18BFE4
S315000103C04FF0010B584603B0BDE8F08FDFF8889077
S315000103D0DFF8A4A0D9F8002012681AB94FF0FF324D
S315000103E02A60E0E7D9F80020D268D2F80C80D8F864
S315000103F004108C4201D22960D5E708F1040318469E
S31500010400019300F0E7FAD8F8281019B108F118009D
S3150001041000F0E0FAD8F82C00DAF80010142388422C
S3150001042088BFCAF80000019903FB006000F0C2FA18
S315000104303868D8F82C10C26A914228BF4FF0010BD8
S31500010440C8E70C4A1368013313604FF0000BB9E794
S315000104509C250000BC2500000C2600000826000093
S31500010460A8250000A025000038260000982A0000D3
S31500010470AC250000B0250000B82500002DE9F041AB
S31500010480304C236843B94FF0140383F31188BFF34B
S315000104906F8FBFF34F8FFEE700F084FA2368013BAD
S315000104A0236024682CB1002400F064FA2046BDE8DC
S315000104B0F081254B1B68002BF5D0244D244EDFF827
S315000104C0A0801DE0EB68DC68271D04F1180000F030
S315000104D081FA384600F07EFAE36A326814209342C4
S315000104E000FB0380394688BF336000F063FA194B7D
S315000104F0E26A1B68DB6A9A4202D3174B01221A6031
S315000105002B68002BDED10CB1FFF7B0FD134D2C6823
S3150001051044B1114E0127FFF71BFF00B13760013CC3
S31500010520F9D12C600C4B1B68002BBCD04FF0E0239B
S315000105304FF08052C3F8042DBFF34F8FBFF36F8F77
S315000105400124B1E79C250000C0250000F425000028
S31500010550B8250000982A0000AC250000B02500004F
S31500010560382600001B4B1A681B4BF0B512B101224D
S315000105701A60F0BD19481A60194E0368194F32689E
S315000105805A6719493A684FF0140C0CFB02F3CC1860
S31500010590CD589DB1656808336D6865600B449D4211
S315000105A004BF6B686360142303FB02114B68DB68AD
S315000105B003603A6003685B6F3360DAE742B94FF074
S315000105C0140383F31188BFF36F8FBFF34F8FFEE7D9
S315000105D0013ADAE79C250000AC250000982A0000C4
S315000105E0C4250000B82500003826000010B50C46C9
S315000105F040B94FF0140383F31188BFF36F8FBFF334
S315000106004F8FFEE7054B1968183100F0E7F92046D0
S315000106100121BDE81040FFF7EDBC00BF982A00009C
S3150001062038B50D46144640B94FF0140383F31188CB
S31500010630BFF36F8FBFF34F8FFEE7074B1968183172
S3150001064000F0B8F9002C21460CBF28464FF0FF30C8
S31500010650BDE83840FFF7CEBC982A000038B5C3681C
S31500010660DC6844B94FF0140383F31188BFF36F8F2D
S31500010670BFF34F8FFEE704F11805284600F0AAF9EB
S31500010680104B1B68DBB9251D284600F0A3F90E4A5D
S31500010690E36A11688B4288BF13600C4A142029460D
S315000106A000FB032000F086F9094BE26A1B68DB6A4E
S315000106B09A4283BF074B01201860002038BD0648C7
S315000106C02946EFE79C250000B825000038260000E2
S315000106D0982A0000AC250000F4250000034B1B6896
S315000106E00360034B1B684360704700BFA8250000E9
S315000106F0BC25000070B50D46044640B94FF0140301
S3150001070083F31188BFF36F8FBFF34F8FFEE741B9B4
S315000107104FF0140383F31188BFF36F8FBFF34F8F2D
S31500010720FEE700F03FF9144B62681968134B18682D
S3150001073090F8720040B11B68002283F872200124F0
S3150001074000F018F9204670BD2B68581C12D00C48D1
S3150001075026680068864204D08A4202D800232B60AC
S31500010760EDE7881A8342F9D95B1A13442B602046B8
S31500010770FFF7B4FF0024E3E7BC250000982A000038
S31500010780A8250000014B01221A607047AC25000024
S31500010790014B1868704700BF982A0000054B1B687B
S315000107A033B1054B1868B0FA80F040094000704734
S315000107B001207047B42500009C250000F8B50446C9
S315000107C038B31A4DC36A2A68D26A934226D282691D
S315000107D0174E002AA1BF2A68D26AC2F13802826185
S315000107E0142202FB036342699A4213D1071D38465C
S315000107F000F0F0F82B680F4ADB6A1168E3621420F7
S315000108008B4200FB0360394688BF136000F0D2F8C3
S315000108100120F8BD2B68DB6AC362F9E72B68006D1E
S31500010820DB6A98422CBF00200120F2E7982A0000DB
S3150001083038260000B825000038B508B9002038BDB3
S315000108401B4B1C68844208D04FF0140383F31188B4
S31500010850BFF36F8FBFF34F8FFEE7636D43B94FF061
S31500010860140383F31188BFF36F8FBFF34F8FFEE736
S31500010870E16A226D013B91426365DFD0002BDDD138
S31500010880251D284600F0A6F8236DE362C3F1380260
S31500010890A261084A11688B4288BF1360064A142078
S315000108A000FB0320294600F085F80120C7E700BFB9
S315000108B0982A0000B82500003826000070B50446C5
S315000108C0002841D0426D42B94FF0140383F31188D9
S315000108D0BFF36F8FBFF34F8FFEE7036D994238BFAA
S315000108E01946C36A8B422FD0012A2DD1174A1268A5
S315000108F0824208D14FF0140383F31188BFF36F8F3F
S31500010900BFF34F8FFEE78269114DC162002A4FF096
S31500010910140202FB03534269A4BFC1F1380181618C
S315000109209A4211D1061D304600F054F8094AE36A8D
S31500010930116814208B4200FB03503146BDE870401C
S3150001094088BF136000F036B870BD00BF982A00005A
S3150001095038260000B8250000044B1A681AB1196838
S315000109604A6D01324A651868704700BF982A00002F
S31500010970000000005FF800F0A53A20085FF800F0DB
S31500010980C1DD20085FF800F0592B20085FF800F060
S315000109909F2B20085FF800F06D3620085FF800F005
S315000109A0853B20085FF800F0653A20085FF800F003
S315000109B0892B20085FF800F0A52B20085FF800F0CE
S315000109C0ED3C20085FF800F0053D20085FF800F0D7
S315000109D0153A20085FF800F0E92B20085FF800F0CF
S315000109E0BB2B20080100000004A4052400000042DE
S315000109F001000000ACA4052400004029010000000C
S31500010A00ACA40524010040290100000004A5052429
S31500010A100000C02001000000C4A405241F0000201E
S31500010A20010000009CA405240100C049010000004A
S31500010A309CA405240000806201000000A4A40524F2
S31500010A40000080A401000000A4A40524000080A4E5
S31500010A50010000009CA405240100C049010000001A
S31500010A609CA405240000806201000000488705243B
S31500010A7000004083010000007C8705240000001867
S31500010A8001000000408705240C0040A4010000007D
S31500010A90CCA405240080007801000000C8A4052428
S31500010AA06400005801000000C4A4052400800078F9
S31500010AB001000000C0A405246400005801000000E4
S31500010AC0E0A40524D903005001000000DCA405249C
S31500010AD0BF04005801000000D8A405240E010048F7
S31500010AE00100000038A405240000002801000000D0
S31500010AF014A40524270080A30100000038A40524BE
S31500010B00030040830100000038A40524030040834C
S31500010B10030000000CA405245A0080A30CA405249C
S31500010B20020040100CA40524000000000300000090
S31500010B300CA405245A0080A30CA40524030040102C
S31500010B400CA4052400000000030000000CA40524E9
S31500010B505A0080A30CA40524000040100CA405240F
S31500010B60000000000100000008A40524150000A4EF
S31500010B700100000008A40524070000A401000000EC
S31500010B8004A405242000C0A30100000010A405242C
S31500010B90380080A30100000010A405245A0080A398
S31500010BA00100000000A505240000805A0200000093
S31500010BB09CA405240300C0ACACA4052410000020AD
S31500010BC00100000000A505240300809C010000002F
S31500010BD0D4A405240100007801000000D0A4052456
S31500010BE0F2000080010000005887052403008059A7
S31500010BF001000000588705240C00002801000000B0
S31500010C00408705240C0040A40100000000A405242F
S31500010C10000000080100000000A40524560583A079
S31500010C200100000038A40524070040A401000000CB
S31500010C3038A405240F0040A40100000038A40524AF
S31500010C40070040A40100000038A405240F0040A4B9
S31500010C50010000009CA40524000000210100000001
S31500010C609CA4052401000021010000009CA4052488
S31500010C700000C018010000009CA405240100C01852
S31500010C800200000094A405240100009494A4052404
S31500010C90020000AD010000009CA405240000001024
S31500010CA00100000000A505240300809C010000004E
S31500010CB000A505240000809C02000000A4A40524D0
S31500010CC0000080A4A4A40524000000840200000002
S31500010CD0A4A40524000080A4A4A405240100008482
S31500010CE001000000A4A40524010080A40100000065
S31500010CF0A4A40524020080A40300000098A40524EE
S31500010D00F80040A3A0A4052410008051A0A4052446
S31500010D10010040AD01000000A0A40524000040AD83
S31500010D20020000009CA405240000C049A0A40524DB
S31500010D30000040AD05000000A0A40524000040AD60
S31500010D409CA405240200806298A40524F80040A30F
S31500010D50A0A4052410008051A0A40524010040ADE3
S31500010D600200000098A40524F00040A3A0A40524D5
S31500010D70010040AD020000009CA405240200C04908
S31500010D80A0A40524000040AD0200000098A405249B
S31500010D902F003EA8A0A40524200020A802000000E0
S31500010DA0548705240100C039588705240100002114
S31500010DB0010000005887052401008052030000004D
S31500010DC060870524030080AC748705240600409CD7
S31500010DD0748705240400405A020000006087052438
S31500010DE0030080AC70870524010040AD01000000BE
S31500010DF0788705240900001801000000788705247A
S31500010E00080000180500000074870524DA2422A8CA
S31500010E104887052400004083408705240C00408351
S31500010E20708705240C00007B7087052404000010E0
S31500010E3006000000748705240300804148870524C5
S31500010E400000408340870524030040837087052402
S31500010E500200007B708705240700001074870524B3
S31500010E60020000AD0100000040870524090040A4EE
S31500010E7001000000408705240C0040A40200000088
S31500010E805487052400000021448705240000408C76
S31500010E90020000005487052401000021448705242F
S31500010EA00100408C13000000408705240C0040A47B
S31500010EB040870524BF00006048870524260000609E
S31500010EC048870524030040944C87052420030070BD
S31500010ED0688705240300C020448705240100C09CBF
S31500010EE060870524010080107887052407004041AA
S31500010EF058870524CC000058748705249A2412A823
S31500010F007487052403008041408705240800408337
S31500010F10708705240500007B7087052404000010F6
S31500010F2074870524020000AD708705240100008442
S31500010F307C8705240100408C388705240100801038
S31500010F40090000009CA405240100C049A4A40524AD
S31500010F500100008400A505241900C09B94A4052462
S31500010F600100801014A405240100006394A4052443
S31500010F700100008C94A40524020000ADACA4052454
S31500010F800000402910A5052401004029E921200877
S31500010F90C121200800000000000000000000000040
S31500010FA0000000000000000000000000000000003A
S31500010FB0000000000000000000000000000000002A
S31500010FC0000000000000000000000000000000001A
S31500010FD0000000000000000000000000000000000A
S31500010FE000000000000000000000000000000000FA
S31500010FF000000000000000000000000000000000EA
S3150001100000000000000000000000000000000000D9
S3150001101000000000000000000000000000000000C9
S3150001102000000000000000000000000000000000B9
S3150001103000000000000000000000000000000000A9
S315000110400000000000000000000000000000000099
S315000110500000000000000000000000000000000089
S315000110600000000000000000000000000000000079
S315000110700000000000000000000000000000000069
S315000110800000000000000000000000000000000059
S315000110900000000000000000000000000000000049
S315000110A00000000000000000000000000000000039
S315000110B00000000000000000000000000000000029
S315000110C00000000000000000000000000000000019
S315000110D00000000000000000000000000000000009
S315000110E000000000000000000000000000000000F9
S315000110F000000000000000000000000000000000E9
S3150001110000000000000000000000000000000000D8
S3150001111000000000000000000000000000000000C8
S3150001112000000000000000000000000000000000B8
S3150001113000000000000000000000000000000000A8
S315000111400000000000000000000000000000000098
S315000111500000000000000000000000000000000088
S315000111600000000000000000000000000000000078
S315000111700000000000000000000000000000000068
S315000111800000000000000000000000000000000058
S315000111900000000000000000000000000000000048
S315000111A00000000000000000000000000000000038
S315000111B00000000000000000000000000000000028
S315000111C00000000000000000000000000000000018
S315000111D00000000000000000000000000000000008
S315000111E000000000000000000000000000000000F8
S315000111F000000000000000000000000000000000E8
S3150001120000000000000000000000000000000000D7
S3150001121000000000000000000000000000000000C7
S3150001122000000000000000000000000000000000B7
S3150001123000000000000000000000000000000000A7
S315000112400000000000000000000000000000000097
S315000112500000000000000000000000000000000087
S315000112600000000000000000000000000000000077
S315000112700000000000000000000000000000000067
S315000112800000000000000000000000000000000057
S315000112900000000000000000000000000000000047
S315000112A00000000000000000000000000000000037
S315000112B00000000000000000000000000000000027
S315000112C00000000000000000000000000000000017
S315000112D00000000000000000000000000000000007
S315000112E000000000000000000000000000000000F7
S315000112F000000000000000000000000000000000E7
S3150001130000000000000000000000000000000000D6
S3150001131000000000000000000000000000000000C6
S3150001132000000000000000000000000000000000B6
S3150001133000000000000000000000000000000000A6
S315000113400000000000000000000000000000000096
S315000113500000000000000000000000000000000086
S315000113600000000000000000000000000000000076
S315000113700000000000000000000000000000000066
S315000113800000000000000000000000000000000056
S315000113900000000000000000000000000000000046
S315000113A00000000000000000000000000000000036
S315000113B00000000000000000000000000000000026
S315000113C00000000000000000000000000000000016
S315000113D00000000000000000000000000000000006
S315000113E000000000000000000000000000000000F6
S315000113F000000000000000000000000000000000E6
S3150001140000000000000000000000000000000000D5
S3150001141000000000000000000000000000000000C5
S3150001142000000000000000000000000000000000B5
S3150001143000000000000000000000000000000000A5
S315000114400000000000000000000000000000000095
S315000114500000000000000000000000000000000085
S315000114600000000000000000000000000000000075
S315000114700000000000000000000000000000000065
S315000114800000000000000000000000000000000055
S315000114900000000000000000000000000000000045
S315000114A00000000000000000000000000000000035
S315000114B00000000000000000000000000000000025
S315000114C00000000000000000000000000000000015
S315000114D00000000000000000000000000000000005
S315000114E000000000000000000000000000000000F5
S315000114F000000000000000000000000000000000E5
S3150001150000000000000000000000000000000000D4
S3090001151000000000D0
S503115299
S70500000000FA
