:10000000010000000D900D90307B01000100000008
:10001000001020005A50C41D000000000000000025
:1000200000000000000000000000000000000000D0
:100030000000000000000000000000000D900D9086
:10004000A55A0000002020080000008000000000E9
:1000500000000000000000000000000000000000A0
:100060000000000000000000000000000000000090
:100070000000000000000000000000000000000080
:100080000000000000000000000000000000000070
:100090000000000000000000000000000000000060
:1000A0000000000000000000000000000000000050
:1000B0000000000000000000000000000000000040
:1000C0000000000000000000000000000000000030
:1000D0000000000000000000000000000000000020
:1000E0000000000000000000000000000000000010
:1000F0000000000000000000000000000000000000
:1001000000000000000000000000000000000000EF
:1001100000000000000000000000000000000000DF
:1001200000000000000000000000000000000000CF
:1001300000000000000000000000000000000000BF
:1001400000000000000000000000000000000000AF
:10015000000000000000000000000000000000009F
:10016000000000000000000000000000000000008F
:10017000000000000000000000000000000000007F
:10018000000000000000000000000000000000006F
:10019000000000000000000000000000000000005F
:1001A000000000000000000000000000000000004F
:1001B000000000000000000000000000000000003F
:1001C000000000000000000000000000000000002F
:1001D000000000000000000000000000000000001F
:1001E000000000000000000000000000000000000F
:1001F00000000000000000000000000000000000FF
:1002000000000000000000000000000000000000EE
:1002100000000000000000000000000000000000DE
:1002200000000000000000000000000000000000CE
:1002300000000000000000000000000000000000BE
:1002400000000000000000000000000000000000AE
:10025000000000000000000000000000000000009E
:10026000000000000000000000000000000000008E
:10027000000000000000000000000000000000007E
:10028000000000000000000000000000000000006E
:10029000000000000000000000000000000000005E
:1002A000000000000000000000000000000000004E
:1002B000000000000000000000000000000000003E
:1002C000000000000000000000000000000000002E
:1002D000000000000000000000000000000000001E
:1002E000000000000000000000000000000000000E
:1002F00000000000000000000000000000000000FE
:1003000000000000000000000000000000000000ED
:1003100000000000000000000000000000000000DD
:1003200000000000000000000000000000000000CD
:1003300000000000000000000000000000000000BD
:1003400000000000000000000000000000000000AD
:10035000000000000000000000000000000000009D
:10036000000000000000000000000000000000008D
:10037000000000000000000000000000000000007D
:10038000000000000000000000000000000000006D
:10039000000000000000000000000000000000005D
:1003A000000000000000000000000000000000004D
:1003B000000000000000000000000000000000003D
:1003C000000000000000000000000000000000002D
:1003D000000000000000000000000000000000001D
:1003E000000000000000000000000000000000000D
:1003F00000000000000000000000000000000000FD
:1004000000000000000000000000000000000000EC
:1004100000000000000000000000000000000000DC
:1004200000000000000000000000000000000000CC
:1004300000000000000000000000000000000000BC
:1004400000000000000000000000000000000000AC
:10045000000000000000000000000000000000009C
:10046000000000000000000000000000000000008C
:10047000000000000000000000000000000000007C
:10048000000000000000000000000000000000006C
:10049000000000000000000000000000000000005C
:1004A000000000000000000000000000000000004C
:1004B000000000000000000000000000000000003C
:1004C000000000000000000000000000000000002C
:1004D000000000000000000000000000000000001C
:1004E000000000000000000000000000000000000C
:1004F00000000000000000000000000000000000FC
:1005000000000000000000000000000000000000EB
:1005100000000000000000000000000000000000DB
:1005200000000000000000000000000000000000CB
:1005300000000000000000000000000000000000BB
:1005400000000000000000000000000000000000AB
:10055000000000000000000000000000000000009B
:10056000000000000000000000000000000000008B
:10057000000000000000000000000000000000007B
:10058000000000000000000000000000000000006B
:10059000000000000000000000000000000000005B
:1005A000000000000000000000000000000000004B
:1005B000000000000000000000000000000000003B
:1005C000000000000000000000000000000000002B
:1005D000000000000000000000000000000000001B
:1005E000000000000000000000000000000000000B
:1005F00000000000000000000000000000000000FB
:1006000000000000000000000000000000000000EA
:1006100000000000000000000000000000000000DA
:1006200000000000000000000000000000000000CA
:1006300000000000000000000000000000000000BA
:1006400000000000000000000000000000000000AA
:10065000000000000000000000000000000000009A
:10066000000000000000000000000000000000008A
:10067000000000000000000000000000000000007A
:10068000000000000000000000000000000000006A
:10069000000000000000000000000000000000005A
:1006A000000000000000000000000000000000004A
:1006B000000000000000000000000000000000003A
:1006C000000000000000000000000000000000002A
:1006D000000000000000000000000000000000001A
:1006E000000000000000000000000000000000000A
:1006F00000000000000000000000000000000000FA
:1007000000000000000000000000000000000000E9
:1007100000000000000000000000000000000000D9
:1007200000000000000000000000000000000000C9
:1007300000000000000000000000000000000000B9
:1007400000000000000000000000000000000000A9
:100750000000000000000000000000000000000099
:100760000000000000000000000000000000000089
:100770000000000000000000000000000000000079
:100780000000000000000000000000000000000069
:100790000000000000000000000000000000000059
:1007A0000000000000000000000000000000000049
:1007B0000000000000000000000000000000000039
:1007C0000000000000000000000000000000000029
:1007D0000000000000000000000000000000000019
:1007E0000000000000000000000000000000000009
:1007F00000000000000000000000000000000000F9
:1008000000000000000000000000000000000000E8
:1008100000000000000000000000000000000000D8
:1008200000000000000000000000000000000000C8
:1008300000000000000000000000000000000000B8
:1008400000000000000000000000000000000000A8
:100850000000000000000000000000000000000098
:100860000000000000000000000000000000000088
:100870000000000000000000000000000000000078
:100880000000000000000000000000000000000068
:100890000000000000000000000000000000000058
:1008A0000000000000000000000000000000000048
:1008B0000000000000000000000000000000000038
:1008C0000000000000000000000000000000000028
:1008D0000000000000000000000000000000000018
:1008E0000000000000000000000000000000000008
:1008F00000000000000000000000000000000000F8
:1009000000000000000000000000000000000000E7
:1009100000000000000000000000000000000000D7
:1009200000000000000000000000000000000000C7
:1009300000000000000000000000000000000000B7
:1009400000000000000000000000000000000000A7
:100950000000000000000000000000000000000097
:100960000000000000000000000000000000000087
:100970000000000000000000000000000000000077
:100980000000000000000000000000000000000067
:100990000000000000000000000000000000000057
:1009A0000000000000000000000000000000000047
:1009B0000000000000000000000000000000000037
:1009C0000000000000000000000000000000000027
:1009D0000000000000000000000000000000000017
:1009E0000000000000000000000000000000000007
:1009F00000000000000000000000000000000000F7
:100A000000000000000000000000000000000000E6
:100A100000000000000000000000000000000000D6
:100A200000000000000000000000000000000000C6
:100A300000000000000000000000000000000000B6
:100A400000000000000000000000000000000000A6
:100A50000000000000000000000000000000000096
:100A60000000000000000000000000000000000086
:100A70000000000000000000000000000000000076
:100A80000000000000000000000000000000000066
:100A90000000000000000000000000000000000056
:100AA0000000000000000000000000000000000046
:100AB0000000000000000000000000000000000036
:100AC0000000000000000000000000000000000026
:100AD0000000000000000000000000000000000016
:100AE0000000000000000000000000000000000006
:100AF00000000000000000000000000000000000F6
:100B000000000000000000000000000000000000E5
:100B100000000000000000000000000000000000D5
:100B200000000000000000000000000000000000C5
:100B300000000000000000000000000000000000B5
:100B400000000000000000000000000000000000A5
:100B50000000000000000000000000000000000095
:100B60000000000000000000000000000000000085
:100B70000000000000000000000000000000000075
:100B80000000000000000000000000000000000065
:100B90000000000000000000000000000000000055
:100BA0000000000000000000000000000000000045
:100BB0000000000000000000000000000000000035
:100BC0000000000000000000000000000000000025
:100BD0000000000000000000000000000000000015
:100BE0000000000000000000000000000000000005
:100BF00000000000000000000000000000000000F5
:100C000000000000000000000000000000000000E4
:100C100000000000000000000000000000000000D4
:100C200000000000000000000000000000000000C4
:100C300000000000000000000000000000000000B4
:100C400000000000000000000000000000000000A4
:100C50000000000000000000000000000000000094
:100C60000000000000000000000000000000000084
:100C70000000000000000000000000000000000074
:100C80000000000000000000000000000000000064
:100C90000000000000000000000000000000000054
:100CA0000000000000000000000000000000000044
:100CB0000000000000000000000000000000000034
:100CC0000000000000000000000000000000000024
:100CD0000000000000000000000000000000000014
:100CE0000000000000000000000000000000000004
:100CF00000000000000000000000000000000000F4
:100D000000000000000000000000000000000000E3
:100D100000000000000000000000000000000000D3
:100D200000000000000000000000000000000000C3
:100D300000000000000000000000000000000000B3
:100D400000000000000000000000000000000000A3
:100D50000000000000000000000000000000000093
:100D60000000000000000000000000000000000083
:100D70000000000000000000000000000000000073
:100D80000000000000000000000000000000000063
:100D90000000000000000000000000000000000053
:100DA0000000000000000000000000000000000043
:100DB0000000000000000000000000000000000033
:100DC0000000000000000000000000000000000023
:100DD0000000000000000000000000000000000013
:100DE0000000000000000000000000000000000003
:100DF00000000000000000000000000000000000F3
:100E000000000000000000000000000000000000E2
:100E100000000000000000000000000000000000D2
:100E200000000000000000000000000000000000C2
:100E300000000000000000000000000000000000B2
:100E400000000000000000000000000000000000A2
:100E50000000000000000000000000000000000092
:100E60000000000000000000000000000000000082
:100E70000000000000000000000000000000000072
:100E80000000000000000000000000000000000062
:100E90000000000000000000000000000000000052
:100EA0000000000000000000000000000000000042
:100EB0000000000000000000000000000000000032
:100EC0000000000000000000000000000000000022
:100ED0000000000000000000000000000000000012
:100EE0000000000000000000000000000000000002
:100EF00000000000000000000000000000000000F2
:100F000000000000000000000000000000000000E1
:100F100000000000000000000000000000000000D1
:100F200000000000000000000000000000000000C1
:100F300000000000000000000000000000000000B1
:100F400000000000000000000000000000000000A1
:100F50000000000000000000000000000000000091
:100F60000000000000000000000000000000000081
:100F70000000000000000000000000000000000071
:100F80000000000000000000000000000000000061
:100F90000000000000000000000000000000000051
:100FA0000000000000000000000000000000000041
:100FB0000000000000000000000000000000000031
:100FC0000000000000000000000000000000000021
:100FD0000000000000000000000000000000000011
:100FE0000000000000000000000000000000000001
:100FF00000000000000000000000000000000000F1
:1010000070A90100812120083131200831312008E8
:101010003131200831312008313120080000000032
:1010200000000000000000000000000061760000E9
:101030003131200800000000F17600006D4F000003
:101040003131200831312008313120083131200878
:101050003131200831312008313120083131200868
:101060003131200831312008651B00005959200812
:10107000593A200831312008313120083131200817
:101080003131200831312008313120083131200838
:101090003131200831312008B921000031312008D8
:1010A0003131200831312008257C200831312008D9
:1010B000313120083131200870A901003131200878
:1010C00081212008BD1A000031312008313120086B
:1010D0003131200831312008413A20084D3A2008AA
:1010E000893B000031312008313120084DC8519230
:1010F00031312008313120083131200831312008C8
:1011000031312008313120083131200831312008B7
:1011100031312008313120083131200831312008A7
:101120003131200831312008313120083131200897
:101130003131200831312008313120083131200887
:101140003131200831312008313120083131200877
:101150003131200831312008313120083131200867
:101160003131200831312008B90C000000000000A6
:10117000000000000000000000000000000000006F
:1011800010B500F0D7FF084C00F0E6FF074BA16850
:101190004FF4B67218460BF083F9A06001F09CF88A
:1011A000BDE8104000F0A4BD00ED00E00004000028
:1011B0000348044B834202D0034B03B118477047E6
:1011C0003882000038820000000000000548064B0D
:1011D0001B1AD90F01EBA301491002D0034B03B135
:1011E0001847704738820000388200000000000075
:1011F00010B5064C237843B9FFF7DAFF044B13B15F
:101200000448AFF300800123237010BD3882000032
:10121000000000009405210808B5054B1BB10549E5
:101220000548AFF30080BDE80840FFF7CFBF00BF1F
:10123000000000003C8200009405210813B50C4614
:1012400007230246C98806488DF807300AF008FFD0
:10125000E0880DF10702012107F0EBF902B010BDA3
:1012600068F2200882B02DE9F043C5B00E464CA9C3
:1012700081E80C0007464FF48872002168464CADA7
:101280009DF844819DF84C910BF042F80FCD02ACD3
:101290000FC42B68529923604A4608A80097ADF8FE
:1012A00004608DF81C80ADF81E900BF0F9F86846CC
:1012B00007F0BAF918F0100F1BD010480AF038FFE9
:1012C0004FF48872002168460BF022F842F60212B1
:1012D00002230136ADF80C2068460A220097ADF8CB
:1012E00004608DF808308DF81C20ADF81E3007F032
:1012F0009BF945B0BDE8F04302B0704790F220087A
:10130000F0B5C5B007460E46154600214FF4887269
:1013100068461C460AF0FCFF022342F603028DF8E1
:1013200008308DF81C30214606230DF12200ADF85F
:101330000C20ADF81E300097ADF804608DF82050F9
:1013400008F0CAFBBDF8281109A808F0C5FB6846DB
:1013500007F06AF945B0F0BD1F2895BF064A074A55
:101360001168116888BF2038012383400B43136044
:10137000034B18680CF050BFD8840000D4840000E0
:101380005C8200000920FFF7E7BF000070B5174D31
:101390002B78012B044627D01F2200211448154E1C
:1013A0000AF0B6FFE279124804F1080107F00AF9E1
:1013B0002146114811F8013B337008F012FC2B78DC
:1013C00093B90E490A480BF008F830B133785BB98D
:1013D0000B4909480BF001F830B901232B70BDE827
:1013E00070400020FFF7B8BF70BD00BF9C840000B4
:1013F000AF840000CE8400009D840000ADF2200880
:10140000B4F2200810B40A4B01461A4611F8014BF9
:1014100002F8014BD0F80140C3F80140898891805F
:101420005DF8044B828B1A810120FFF795BF00BF46
:101430009284000008B5044894220BF031F8BDE80E
:1014400008400520FFF788BF00830000044B0A68AE
:101450001A604A685A600A891A810420FFF77CBF23
:10146000F48200000720FFF777BF000008B50448AA
:1014700080220BF015F8BDE808400620FFF76CBF8E
:101480007482000038B5204C20480D4621890AF0AE
:10149000E7FDFB22294620460BF002F81C4B22896F
:1014A0001B880133934207D1E37A012B17D1194AE4
:1014B00008201370FFF750FF174B22891B88013358
:1014C000934207D1E37A012B13D1124A0B201370F8
:1014D000FFF742FFBDE838400320FFF73DBF002B78
:1014E000EAD10C4A13700D4A136823F48073136019
:1014F000E2E7002BEED1074A1370084A136823F481
:1015000000631360E6E700BF96830000C6F2200880
:101510009483000072820000DC840000D884000004
:101520000220FFF719BF0000044B02681A604268EE
:101530005A6002891A810120FFF70EBF92840000D1
:1015400037B502AB03E903009DF900509DF9013066
:101550001570E90714461CD4542B18DC09F0FCFF65
:10156000642390FBF3F202FB130040B26070022090
:101570002A0742BF9DF9043023520230EB0642BFD6
:101580009DF9053023520230C0B203B030BD4B206C
:10159000ECE7BDF80230A2F801300320E8E70000D4
:1015A0007FB5114C03466168206801AA03C22189F6
:1015B00011805D1E03F10E040A2609F0CDFF90FB99
:1015C000F6F303FB160000F110030DEB030010F817
:1015D0000C3C05F8013FA542EFD14FF4FA700CF036
:1015E000F3FD002004B070BDE7F220082DE9F04FB4
:1015F0000024B5B042F2112321460E2223A8CDE9E2
:101600001744CDE91B44ADF85830ADF8744022942E
:101610000AF07EFE234B2C9321461B222DA80AF0B4
:1016200077FE2146204A2148214D08F087FF0446D5
:1016300080B12B684FF0FF3118690CF0C1FD1D48D7
:1016400021460AF00DFD2B6818690CF079FD35B0C4
:10165000BDE8F08F18480AF06BFD1BA808F095FF55
:101660000446D8B12B684FF0FF3118690CF0A8FD83
:10167000124821460AF0F4FC2B6818690CF060FD52
:101680000F4808F0D3F98246F0B12B684FF0FF31D4
:1016900018690CF095FD0B485146D2E71BA800F0E5
:1016A000D7FBEDE70201060065B620084CF62008DE
:1016B000546F0100F2F2200826F3200849F32008B5
:1016C0005482000079F32008C04922A808F089FA62
:1016D0002B684FF0FF3118690CF072FD22A9BC484D
:1016E0000AF0BEFC2B680DF19C0818690CF028FD6F
:1016F0001422514640460AF00BFE04231EAC8DF81E
:10170000573041F60D030226ADF8A0302B9B8DF823
:101710009C60CDF878A0C4F804A00194009398E8E8
:101720000F008DF864A006F067FFBDF87C101E98CE
:101730008B1942F637220131ADF8A02000929BB2FE
:10174000102289B2FFF7DCFDBDF87C70A14B374455
:10175000BFB21F80062305939F4B0493102303936E
:101760000DF1A40999E807008DE80700394698E8CB
:101770000C001E98FFF776FDBDF87C101E9842F60F
:1017800038224B1D0431ADF8A02000929BB23246A6
:1017900089B20DF15707FFF7B3FDCDE903674FF0AD
:1017A000010BCDF814B099E807008DE80700BDF8EB
:1017B0007CC01E980CF1050C1FFA8CF198E80C0007
:1017C000FFF750FDBDF87C101E9842F63922CB1D64
:1017D0000631ADF8A02000929BB2082289B2FFF733
:1017E0008FFD19AE0823CDF814B00496039399E841
:1017F00007008DE80700BDF87CC01E980CF1070CAF
:1018000098E80C001FFA8CF1FFF72CFD37238DF8B8
:10181000573010232793CDE91EAA704BCDF864A052
:10182000CDF880A0C6F804A0CDF883A00DF1A00CDF
:1018300003F1100E18685968624603C208337345F5
:101840009446F7D12B9B0196009398E80F0006F081
:10185000D3FE0146064662480AF002FC614B0DF1D8
:10186000A00C03F1100E18685968624603C20833D1
:1018700073459446F7D1BDF868101998DFF8B4A104
:101880008B1C4EF6EC42013100929BB2102289B2C1
:10189000FFF736FDBDF868C00CF1020C1FFA8CFC96
:1018A0000F23AAF800C0CDE904431023039399E85D
:1018B00007008DE80700614698E80C001998FFF7CB
:1018C000D1FC494B28AC03F1100C1868596822462A
:1018D00003C2083363451446F7D1BDF86810199860
:1018E0004B1D4FF6EA22043100929BB2022289B2CC
:1018F000FFF706FD0123CDE904730223039399E862
:1019000007008DE80700BDF868401998053498E88D
:101910000C00A1B2FFF7A6FC002E44D0334831469C
:101920000AF09EFB324B334A33493448344F00248B
:10193000CDE90143334B0093CDE90444234603949E
:1019400007F0C0FA304B0C93304B0B93304B0A939B
:10195000304B0794CDE908432F4B0494CDE9054360
:101960002E4B2246CDE90243214623462046CDE9AF
:101970000044CDE91144CDE90F44CDE90D4407F011
:10198000BBFA2246214601200CF0EAFB3860002811
:1019900052D12B684FF0FF3118690CF011FC204830
:1019A0000AF0C6FB4FE61F480AF0C2FBBAF8001067
:1019B0001D4801390AF054FBBAF800101B480AF020
:1019C0004FFBBAF800101A480131A9E75482000011
:1019D000A4F320089483000084050000E1F52008AA
:1019E000C2F32008F2F5200803F62008E0F32008EF
:1019F0000524200821252008292520088D232008DA
:101A00005C82000085232008352420084D2420080E
:101A1000652420086D2420083D2220088524200804
:101A200076F4200801F420081FF420083CF4200874
:101A300059F42008DC840000944B954E954834609E
:101A40004FF0FF38C3F800801A681A6007F0CAFF29
:101A5000092390498DF8B3300DF1B5008DF8B430FD
:101A60000AF0C5FC0D212CA806F078FD2B68DFF8E4
:101A700064B2186941460CF0A3FB87480AF058FB92
:101A80002B6818690CF05CFB06F03AFD002301217D
:101A90001F2B23D8326801FA03F0104201D1013321
:101AA000F6E7013B0A2BF1D801A252F823F000BF60
:101AB000FF2A20082F2B20088B2B20088D2A200896
:101AC0008D2A20088D2A20088D2A20089B2B20088B
:101AD0006B2C2008FD2B2008D92B2008DBF80000F8
:101AE000A3F1200201FA02F20242CFD10133402BCE
:101AF000CED138684FF0FF310CF092FBC6E7336867
:101B00006649674823F00203336008F06AF82B68DF
:101B10004FF0FF3118690CF053FB614961480AF03E
:101B20009FFA2B6818690CF00BFB0124AEE75E4BA3
:101B30005E4C00221A70336823F48073336033687C
:101B400023F0040333602B684FF0FF3118690CF069
:101B500037FB57480AF0ECFA2B6818690CF0F0FADA
:101B600006F0CEFC2B6880464FF0FF3118690CF070
:101B700027FB20460AF0DCFA2B6818690CF0E0FA23
:101B8000B8F1000FECD1002480E74A480AF0D0FAFF
:101B9000336823F00803336078E7012CF3D1424B1C
:101BA00093F90030012BC0D1434B17AA99881868CC
:101BB000FFF7C6FC414B0146188817AA06F039FD0D
:101BC00004460028B1D02B684FF0FF3118690CF0A3
:101BD000F7FA3B482146A2E73A480AF0A9FA012C55
:101BE000D1D1314B93F90030012B9ED116A8FFF7CC
:101BF000D7FCBAF8000016AA0F21DFE72B684FF0D8
:101C0000FF3118690CF0DCFA2F480AF029FA2B682A
:101C100018690CF095FA3368012C23F48063336063
:101C2000B1D1DFF8B48098F80020022A4FF0000309
:101C300013D11A48114606F0ADFC814688F80040E1
:101C4000B9F1000F3FF471AF2A684FF0FF3110690E
:101C50000CF0B6FA1D48494661E7224621460F4876
:101C600006F098FC02248146E8E72B684FF0FF312C
:101C700018690CF0A5FA16480AF0F2F92B681869F1
:101C80000CF05EFA336823F4007384E7D08400001C
:101C9000D8840000A4F42008ADF420089384000048
:101CA00060820000C6F420087282000008F5200857
:101CB000EDF420081FF5200884050000948300003F
:101CC00041F520086CF5200881F520088CF52008E6
:101CD000C8F52008D48400008A050000024A0348A1
:101CE00000210CF051BA00BF28F62008ED2520088D
:101CF00008B500F070F8FFF7F1FF00F079F8002068
:101D000008BD08B500F03AFA00F09CFD04F0B8F9FF
:101D100006F0ECFA00F06EF800F062FBBDE8084057
:101D20000CF05EBA0CF020BA7047000008B504F061
:101D3000EBFA054804F004FB044804F019FBBDE885
:101D400008400CF039BA00BFE08400008C050000A8
:101D5000704770470120704708B5FFF7FBFF831EEF
:101D60005842584108BD04F04BBFEFF3108072B6E3
:101D7000704710B962B6BFF36F8F7047EFF31180F1
:101D80000C2383F31188704780F31188BFF36F8FA2
:101D90007047034638B10020814204D01A5C02B972
:101DA00070470130F8E770474FF0FF31FFF7F1BFA0
:101DB00040B1054A1378012B04D803700133137026
:101DC0000020704701207047EC84000008B50CF03B
:101DD000E3F9002008BD08B5FFF793FFFFF7A4FF64
:101DE000FFF7A4FFFFF7B4FFBDE80840FFF7B1BF5E
:101DF000FFF798BF70B5134C134D23685E6C00233A
:101E0000194628460222B04723681E680023194657
:101E100002222846B04723680C4DD3F8C030052075
:101E2000984723685E6C0023194628460A22B0476B
:101E300023681C6800232846A4460A22BDE8704097
:101E4000194660470001300000C00424000013461A
:101E50007FB50389049383790393437902930379CC
:101E60000193C378009383784278017802480AF09E
:101E7000F7F807B05DF804FB96F620080FB404B03D
:101E80007047000050B1064B06491B88D1F89C24CE
:101E900022F4FC521343C1F89C347047024BF3E721
:101EA0004060010000A005244260010030B5114BE4
:101EB00093F85830013BDBB2FD2B8FB018D80E4D94
:101EC0000FCD6C460FC40FCD0FC40FCD0FC495E8D6
:101ED000030084E80300094C6846D4F844370DF049
:101EE00059FB04F015FFD4F8443700200FB030BD83
:101EF0000120FBE700021F0858021F08008005248C
:101F0000134B0168D3F84437F0B50127013900D2EB
:101F1000F0BDD0F808C04668CCF38455C5EBDC6250
:101F2000346801320023013A0CD203FA05F203EAC5
:101F30000C03C3F3150324EA0202AB4013433360DE
:101F40000830E3E707FA02FE43EA0E03EBE700BFBF
:101F50000080052408B51848FFF7D2FF1748FFF79F
:101F6000CFFF05F011FA05F03BFA05F045FA05F050
:101F700057FA05F061FA1248FFF7C2FF1148FFF760
:101F8000BFFF1148FFF7BCFF1048FFF7B9FF10482B
:101F9000FFF7B6FF0F48FFF7B3FF0F48FFF7B0FF9B
:101FA0000E48FFF7ADFF0E48FFF7AAFFBDE8084057
:101FB0000C48FFF7A5BF00BFE48100004881000086
:101FC000847D0000507E0000447E0000647E00009E
:101FD000247D0000187D00000C7D0000607D000065
:101FE000A87D00009C7D000010B5254CFFF7B2FFD6
:101FF00094F8040600F00100FFF758FF4FF4C023E7
:10200000C4F86C34D4F840311E4843F40023C4F8BB
:102010004031D4F8403143F00103C4F84031D4F8E2
:10202000403143F00203C4F84031FFF769FF16491D
:102030001648D1F8103543F00203C1F81035636932
:1020400023F400336361636943F480336361D0F840
:102050004027D0F87837C2F34342023A23F4F073B2
:1020600043EA4213C0F87837D1F8943443F400239C
:10207000C1F89434236943F46013236110BD00BF99
:1020800000800424707F000000A005240080052447
:1020900008B550B10748FFF733FF0748FFF730FF97
:1020A0000648BDE80840FFF72BBF0548FFF728FFAB
:1020B0000448F6E7B87F000060800000548000000C
:1020C0002C800000D87F000010B51C22002104469F
:1020D0000AF01EF9074B084A0849C4E9002344F2F4
:1020E000020363812A23A373054BC4E90413054B40
:1020F000A36110BD317A0300A872EB28D8007800E4
:10210000C70020000100050010B58AB003A8FFF742
:10211000DBFF064B01225B6A00925C6B00231A46D0
:1021200003A94FF09050A0470AB010BD0001300045
:10213000FEE7FEE7054B064A06498B4200D370478F
:1021400052F8040B43F8040BF7E700BF000400004B
:10215000B807210838820000064B0748DA1C121A1B
:10216000C11E22F00302994288BF002200210AF01A
:10217000CFB800BF707901003882000038B5374B06
:10218000374A1A60374B384A93F80636374C03F013
:102190000F030F2B15BF364B4FF00063D3F893128C
:1021A000D3F837140CBF11601160324A0CBFD3F85A
:1021B0003634D3F89232136004F02AFF04F02AFF79
:1021C0002D4BDB694FF08061D3F880304FF08C40AD
:1021D0009847E369022060F30E33E361274BDA6925
:1021E0006FF30202DA6104F08FFF1E4B1A6A0421BA
:1021F00061F302021A621A6A1207FCD5A36902226D
:1022000062F38403A361A3691B04FCD51C4B1D4D21
:102210005A6E6FF341025A665A6E6FF300025A66A5
:102220000BF0BEFF184B19480D4A18614FF4FA44E1
:10223000D86117485C6200211C624FF40044C3E976
:102240000022C3E90B05C3E90F2299605961DA60E6
:102250009C625A635864996138BD00BFBC6101003B
:10226000005A62020080042460610100008104249D
:1022700000001F085C61010000013000008604249A
:1022800000840424002D31016C61010000B4C404F9
:102290000048E8014FF0E02384B0D3F8402F0192CA
:1022A000D3F8442F02920199094A91420DD1029923
:1022B000084A914209D1D3F8882D0392039A42F437
:1022C00070020392039AC3F8882D04B0704700BFD0
:1022D000210011101100001113B500230093019388
:1022E0002F4BD3F810250092009A00922D4A1168C6
:1022F00021F00F01116011681160D3F89C1421F4D2
:102300006071C3F89C14D3F8041701910199C3F8C4
:102310000415D3F8001701910199C3F80015D3F8FB
:10232000101541F01C01C3F81015D2F8024014F446
:102330008074FAD11C48436943F480334361436994
:1023400064F351434361FFF7A5FF184B4FF08072D0
:102350005A60174BC0F84031164B5A6864F3C302F9
:102360005A60036A0E4A43F480330362036A43F4FB
:1023700000330362D2F8943443F40023C2F8943457
:10238000036943F4601303610B4B1A6842F40022A3
:102390001A601A6842F480221A6002B010BD00BFB1
:1023A00000A0052400000524008004240000304122
:1023B00003000800008104240084042420F040402D
:1023C000012802D0022805D07047034A1368013360
:1023D00013607047014AF9E7C4610100C061010060
:1023E00010B5124CE3689847A368114898472369D1
:1023F00002209847A46A01211520A0470121162038
:10240000A0474FF4E1310120A0470A4C206810B9E1
:102410000BF0FEFE2060084B4FF48052C3F8802082
:10242000BFF34F8FBFF36F8F10BD00BFC8F62008FA
:10243000BD332008C861010000E100E013B5094C7C
:1024400000238DF804302360074B01219B6901A80C
:10245000984723681BB19DF8040002B010BD00F03E
:1024600001FBF6E7C0610100C8F6200813B5094C6E
:102470008DF8070000232360074B01215B690DF1F4
:102480000700984723680BB102B010BD00F0EAFACC
:10249000F8E700BFC4610100C8F6200803681B7894
:1024A0000022202B04D0093B042B01D9D0B2704765
:1024B0000368591C01605B780132F2E70120704724
:1024C00008B507F0A9FB162303604FF0FF3008BDE5
:1024D00008B507F0A1FB16230360FEE770B50D46B3
:1024E00014460BF0A9FE022805D10C4B4FF0FF312A
:1024F00018680BF065FE2E46731BA34209DB0BF038
:102500009BFE022803D1054B18680BF019FE2046EC
:1025100070BD16F8010BFFF7A9FFEDE7C8610100D8
:102520004FF0FF3070474FF400534B60002070476E
:1025300001207047002070470FB42DE9F0438BB0A5
:1025400012AB002453F8046B01938DF81040FFF791
:1025500075FF0D288DF81000F7D00A28F5D000245B
:1025600025460134142C2ED0FFF768FF04F1280310
:102570006B440D2803F8180C01D00A28F0D105F19E
:1025800028030DEB0305002305F8163C04AB039369
:102590009DF81030019F0296002B00F04E8100251F
:1025A000029B1B78002B3BD0DDF80C9099F8006063
:1025B000002E35D002A8FFF771FF044638B103A8FA
:1025C000FFF76CFFECE700238DF82430DEE7029A7A
:1025D0001346517813F8010B0293252801D12529C0
:1025E00007D18E421CD109F10103023203930292FA
:1025F000D6E726462046A0461A7806F07C01002A37
:1026000067D100B10293002967D109E0692A51D04E
:102610001ED8632A53D011D8392A07D82F2A35D883
:10262000E8B20BB0BDE8F04304B07047582AF7D1C8
:1026300046F0200601334FF0100833E0642AEFD152
:1026400046F4005646F0200601334FF00A0829E010
:102650006F3AD1B20929E3D8092AE1D801A151F88A
:1026600022F000BFA9362008213620082136200894
:1026700021362008CD36200821362008453620088E
:10268000213620082136200831362008002CC7D1F9
:102690000A211A78303A01FB042413F8012F303A4A
:1026A000092AF6D90120A7E746F0200601334FF0AA
:1026B0000808F7E746F0200601338846F2E7012CC8
:1026C00046F0040638BF01240133EBE746F0080664
:1026D000FAE700299AD000B10293002C08BF6324C6
:1026E00008291BD0202940D0042999D157F8042B60
:1026F0004946144400200E780B4601310EB938B912
:102700004EE702F8016B94424FF00100F3D10B4603
:10271000994503933FF444AF013541E703A8FFF720
:10272000BDFEDDF80CC057F8042B664614440021AA
:10273000307810F0DF0F334606F1010601D161B9A0
:102740002EE7A0F1090EBEF1040FF8D902F8010B33
:10275000A2424FF00101EBD133469C4503933FF475
:102760001FAF374B00221A70D6E703A8FFF796FE7B
:10277000039BB8F1000F10D0B8F1100F17D11A78E1
:10278000302A14D15A7802F0DF02582A0FD10233CE
:102790000393023C4FF0100809E01A78302A16D152
:1027A0005A7802F0DF02582AF1D04FF00808039B54
:1027B0001A782B2A0ED02D2A0FD101330393013C16
:1027C0004FF0FF31039A00201444844614E04FF088
:1027D0000A08ECE701330393013C0121F2E7A9F178
:1027E0004103052B02D910B3039220E0A9F137036E
:1027F00015E00CFB083C012092F800909646B9F1D8
:10280000000FF0D0A242EED0A9F13003DBB2092BC9
:1028100006D9A9F16103052BE1D8A9F15703DBB271
:10282000984502F10102E4D808B1CDF80CE057F860
:10283000043B0CFB01F119606EE74FF0FF35EFE64A
:10284000CC610100044802231421C21801334B2B30
:1028500082F80013F9D1704700E100E0064B1868D8
:10286000002382B262F30F03000C60F31F4382B0B7
:10287000184602B0704700BF3CF72008014B1868AB
:10288000704700BFBC050000014803F05DBA00BFFF
:10289000BC050000014903F015BA00BFBC050000EB
:1028A000014803F0EDB900BFBC05000037B5044690
:1028B0000B200D4600F04CF9064B1B680193064BAC
:1028C00000930246054B2946204602F069FD03B0FD
:1028D00030BD00BFC8650100A4050000BC050000B4
:1028E000014802F059BD00BFBC050000014802F0DC
:1028F00050BD00BFBC0500007FB5104BD3E90354A9
:10290000B2F5806F2E883ABF02F1FF33C3F309039B
:1029100040F2FF3363F30D162E80258863F30D1507
:10292000074B25801B680293064B0193064B0093CF
:10293000024B02F0F5FC04B070BD00BFBC05000006
:10294000C8650100E0610100A40500000D4B1A6993
:10295000B1F5806F13B538BF01F1FF33148834BF70
:10296000C3F3090340F2FF3363F30D14064B1480E5
:102970001B680193054B0093024A054B02F032FCA1
:1029800002B010BDBC050000C8650100E061010097
:10299000A40500000D4BDA68B1F5806F13B538BFA0
:1029A00001F1FF33148834BFC3F3090340F2FF334E
:1029B00063F30D14064B14801B680193054B0093C1
:1029C000024A054B02F060FB02B010BDBC050000DE
:1029D000C8650100E0610100A4050000024B034A44
:1029E0001B68034902F0A8BAC8650100A4050000ED
:1029F000BC050000034B044904484FF400129A64DC
:102A000002F04ABA00840424A4050000BC050000BA
:102A100007B5064B0193064B0093064A064B074940
:102A200002F0AAF903B05DF804FB00BF5065010095
:102A3000C8650100A4050000001C0624BC050000B8
:102A4000014802F071B800BF44060000014802F0DE
:102A50006BB800BF00060000014802F065B800BF77
:102A6000BC050000FFF7F8BF354BDFED366AD3F841
:102A7000102242F04002C3F8102207EE900AD3F869
:102A80001022F4EEE67A42F01002F1EE10FA07EEB0
:102A9000101A82B0C3F8102206DCF0EE086AB4EE19
:102AA000E67AF1EE10FA08D5D3F8102242F02002AF
:102AB000C3F81022002002B070479FED237AF4EE95
:102AC000C77AF1EE10FA10D5D3F810226FF3030293
:102AD000C3F81022D3F810226FF38612C3F8102225
:102AE000D3F810226FF30412E2E777EEC77ADFED36
:102AF000176A134A87EEA67AF7EE007A77EE277AFE
:102B0000FCEEE77ACDED017A9DF80430F6EE007A1E
:102B100077EE277A07EE103AB8EE477AB4EEE77A06
:102B2000F1EE10FAC2BFFCEEE77ACDED017A9DF826
:102B30000430D2F8101263F30301C2F81012B9E79F
:102B40000038042433333340CDCCCC3F0AD7A33DE7
:102B5000D0B50E2800F27C82DFE810F00F005A009A
:102B60009500D00004010F01410171018101900124
:102B7000B701DC010702320254024FF08C43DB69DB
:102B800003F00703042B41D8DFE803F0033A34379E
:102B90003D00844B9A6C013A052A37D8DFE802F0F1
:102BA000032224222628586C4FF08C43DC69DB6911
:102BB000C4F3C30413F0005F60D094B107F030FF9A
:102BC000064620460F4607F02BFF774B002207F002
:102BD000EBFD02460B463046394608F0C5F808F0D2
:102BE00033FAD0BDD86ADFE7D86BDDE7186BDBE7D7
:102BF000586BD9E76B4BD869D6E76A4B5869D3E76E
:102C0000684B9868D0E7674BD868CDE70020CBE7E2
:102C10004FF08C43DB69C3F3C213042B2CD8DFE8DD
:102C200003F003251F2228005E4B9A6C013A052A07
:102C300022D8DFE802F0030D0F0D1113586C4FF08E
:102C40008C43DC69DB69C4F3832413F0804FB3E762
:102C5000D86AF4E7D86BF2E7186BF0E7586BEEE749
:102C6000504BD869EBE74F4B5869E8E74D4B9868F4
:102C7000E5E74C4BD868E2E70020E0E7002CB0D055
:102C8000B0FBF4F0ADE74FF08C439B69C3F3C23364
:102C9000052B31D8DFE803F0032124272A2D414BEF
:102CA0009A6C013A052A27D8DFE802F0030F110FCA
:102CB0001315586C4FF08C439B69C3F3C32213F474
:102CC000F04F8ED0B0FBF2F08BE7D86AF2E7D86B0A
:102CD000F0E7186BEEE7586BECE7324B9868E9E7E2
:102CE000304B1869E6E72F4B5869E3E72D4BD8695D
:102CF000E0E72C4BD868DDE70020DBE74FF08C43A2
:102D00009B6AC3F34243032B2AD8DFE803F0022077
:102D10002326244B9A6C013A052A21D8DFE802F0D9
:102D2000030F110F1315586C4FF08C439A6AC2F3BE
:102D3000055312F07C7F3FF454AF5B004CE0D86A3F
:102D4000F2E7D86BF0E7186BEEE7586BECE7154B42
:102D50005869E9E7134B9868E6E7124BD868E3E750
:102D60000020E1E74FF08C42936903F00703032B47
:102D700025D8DFE803F0081B1E214FF08C42D36FEB
:102D8000C3F34223F3E7074BD86A91699369D26989
:102D90008C05C3F3C503C2F3007212D5B2B9DBB917
:102DA0001FE700BF6C6101000000E03F824BD86963
:102DB000EBE7814B5869E8E77F4B9868E5E700202F
:102DC000E3E71AB9002BB8D140080AE7D9077FF525
:102DD00008AF022B7FF605AFB0FBF3F001E74FF031
:102DE0008C439B69C3F30263042B00F23181DFE85B
:102DF00013F0DF0005001D00200023006E4B9A6CCD
:102E0000013A052A00F22481DFE812F006000800EA
:102E10000B0008000D00F700586CE2E6664BD86A1C
:102E2000DFE6D86BDDE6644B186BDAE6624B986838
:102E3000D7E6614BD869D4E65F4B5869D1E64FF0CD
:102E40008C42936913F4802F5B4B0CBF58699868D0
:102E5000936992691202C3F3C343B3D59FE74FF05E
:102E60008C439A6A12F4806F534A0CBF9069D06801
:102E70009A6AC2F3C52312F4FC3F5CE74F4A936998
:102E80001B0F062B1FD8DFE803F0040C0F121518D8
:102E90001B00494B58689369C3F3464213F47E0FF5
:102EA0000FE7454B186AF6E7434B586AF3E7424B86
:102EB000986AF0E7404BD86AEDE73F4B186BEAE7BA
:102EC0003D4BD868E7E70020E5E73C4AD369C3F308
:102ED0004303052B1CD8DFE803F0030C0F12151871
:102EE000354B5868D369C3F34713002B7FF425AFE4
:102EF00077E6314B186AF5E72F4B586AF2E72E4B0D
:102F0000986AEFE72C4BD86AECE72B4B186BE9E794
:102F10000020E7E7294A136AC3F34303072B22D8AB
:102F2000DFE803F0040C0F1215181B1E224B586823
:102F3000136AC3F3421213F0E00FC2E61E4B186A85
:102F4000F6E71D4B586AF3E71B4B986AF0E71A4BFC
:102F5000D86AEDE7184B186BEAE7174BD868E7E734
:102F6000154B586BE4E70020E2E7144B1B6BC3F3EF
:102F70004303062B6CD801A252F823F0993F200896
:102F80009F3F2008A53F2008AB3F20081D3E20089A
:102F9000273E2008B13F2008074B586821E6064B22
:102FA000186A1EE6044B586A1BE6034B986A18E63B
:102FB000014BD86815E600BF6C61010000140424C1
:102FC000244B5B6BC3F34303082B41D801A252F897
:102FD00023F000BF993F20089F3F2008A53F20080D
:102FE000AB3F20081D3E2008273E2008B13F2008A7
:102FF000F93F2008FF3F2008174B586BF1E5164BAF
:103000009869EEE5134AD36AC3F34303062B1DD830
:10301000DFE803F0040A0D10131619000E4B586870
:10302000D36AC3F34713BAE60B4B186AF8E70A4BA7
:10303000586AF5E7084B986AF2E7074BD86AEFE75A
:10304000054B186BECE7044BD868E9E70020E7E78D
:103050000020C6E5001404246C610100024B1B68CB
:10306000D3F8BC30184700BF00013000024B1B688A
:10307000D3F8CC30184700BF00013000024B1B686A
:10308000D3F8EC30184700BF00013000024B01219B
:103090009B69C0B2184700BF7C660100FFF7F6BF0E
:1030A0001346054A126810B4546C0A46A44600211F
:1030B0005DF8044B604700BF00013000034B1B6A02
:1030C00002469B6A02480121184700BF00013000F8
:1030D00000140424104B114A1B7F82B0012BADF861
:1030E00004000F4BC0B24FF400610DD9116020B93C
:1030F000D3F808220A43C3F808225A68002042F095
:1031000001025A6002B0704711600028F5D1D3F86F
:10311000082242F40062EEE77C66010000E100E074
:10312000003804242DE9F04F224B234893F81CE08B
:10313000224B1A7800231C4602F59875D9B28E45A9
:103140000CD8DFF880800023A8F5107902F5907C78
:10315000DAB2964509D80020BDE8F08F30F8151096
:103160008C4238BF0C460133E8E743B929F81C30DC
:103170000133EDE7B5F820B0594489B20AE00027E1
:103180001FFA83FABEB2B442F2D900220C4D1046A7
:1031900035F8021FA14203D2B142EBD1013292B203
:1031A000013080B25045F3D30137002AEAD128F824
:1031B0001360DDE77C6601009C6601007866010013
:1031C000DA680100DC680100012800D17047C307FC
:1031D00001D44008F8E700207047034601208342ED
:1031E00008DC00EBD072A3EB6203B3EBA00FB8BF17
:1031F000400870474000F2E707EE100ADFED087A5A
:10320000084837EE277AF7EE006AC6EE877AFCEEBA
:10321000E77A17EE903A834228BF03461846704774
:1032200095BFD633404B4C0084B0F0B506AC84E873
:103230000E00DFED957A002123AC0DF16B050A46F7
:103240000B46CEB2B04200F2AF80002B00F0A3805C
:10325000B0EE007AF4EEC77AF1EE10FAB0EE047A2E
:1032600005DBF4EEC77AF1EE10FA00F1DF80F4EE40
:10327000C77AF1EE10FAB0EE087A05DBF4EEC77A01
:10328000F1EE10FA00F1D880F4EEC77AF1EE10FA00
:10329000B1EE007A05DBF4EEC77AF1EE10FA00F138
:1032A000CE80F4EEC77AF1EE10FAB1EE047A05DBC7
:1032B000F4EEC77AF1EE10FA00F1C480F4EEC77AAA
:1032C000F1EE10FA07DBB1EE087AF4EEC77AF1EE10
:1032D00010FA00F1BA80B1EE0C7AF4EEC77AF1EE92
:1032E00010FAB2EE007A05DBF4EEC77AF1EE10FACE
:1032F00000F1AE80F4EEC77AF1EE10FAB2EE027A87
:1033000005DBF4EEC77AF1EE10FA00F1A480F4EEDA
:10331000C77AF1EE10FA06DBB2EE047AF4EEC77A61
:10332000F1EE10FA6FD4B2EE087AF4EEC77AF1EE4D
:1033300010FA06DBB2EE0C7AF4EEC77AF1EE10FA70
:103340006ED4B3EE017AF4EEC77AF1EE10FA06DB32
:10335000B3EE027AF4EEC77AF1EE10FA63D4B3EE6C
:10336000097AF4EEC77AF1EE10FA06DBB3EE0A7AC8
:10337000F4EEC77AF1EE10FA70D9B3EE0B7AF4EEF0
:10338000C77AF1EE10FA06DB9FED407AF4EEC77AC9
:10339000F1EE10FA74D9DFED3E7A9FED3E7A002A05
:1033A00018BFF0EE477A65E015F8016FA6F1140C2E
:1033B000BCF1020F2F7C0FD894ED007AB4EEE77ABF
:1033C000F1EE10FA03DD0133DBB2F0EE477A0D2F98
:1033D00016D00131043434E7A7F10A0CBCF1020F16
:1033E0000CD894ED007AB4EEE77AF1EE10FA03DD32
:1033F0000133DBB2F0EE477A182EE9E7182EE6D15A
:103400000132D2B2E5E7DFED247A9AB39FED217A5B
:10341000F4EEC77AF1EE10FA23D5F0EE477A29E000
:10342000DFED1E7AF1E7DFED1E7AEEE7DFED1D7AC4
:10343000BAB1DFED187A1DE0DFED1B7AF8E7DFEDBA
:103440001B7AF5E7DFED1A7AF2E7DFED1A7AEFE79C
:10345000DFED197AECE7DFED197AE9E7DFED187AAD
:1034600042B19FED0B7AF4EE477AF1EE10FA48BFC5
:10347000F0EE477ABDE8F04017EE900A04B07047CE
:10348000DFED107AECE700BF0000000000004C42C6
:1034900095BFD6338BE16A36ACC5A735EFE6083663
:1034A0009F9D42362E5A823301A90C3437F8593485
:1034B0002439EC3434580F35AD186335883E8A35DD
:1034C000B1B49D36F2DD1C3770B50D461646044684
:1034D000D0B9FFF7D3FDAA4807222146FFF7E0FD48
:1034E000002D40F0AA81012E00F09F810B2C1DD0F1
:1034F0000C2C40F0F5800520FFF7C0FDA048072206
:103500000521FFF7CDFD98E0012818D10220FFF733
:10351000B5FD9B4807220221FFF7C2FD002D76D1A1
:10352000012E00F082810B2C40F0DA800320FFF79F
:10353000A5FD072203219248FFF7B2FD96E002287D
:103540000ED10420FFF79AFD072204218C48FFF7D3
:10355000A7FD002D00F06681012D40F0778155E137
:10356000032805D10620FFF789FD07220621EDE794
:10357000042805D10820FFF781FD07220821E5E78F
:10358000052805D10A20FFF779FD07220A21DDE78A
:1035900006280CD17B4B20225A601920FFF766FDCC
:1035A0001920FFF75BFD78480E221921B4E70728A0
:1035B0001ED1744B20225A601B20FFF757FD1B20A1
:1035C000FFF74CFD0E221B216F48FFF769FD002D10
:1035D00000F02881012D40F0D980012E00F01981E2
:1035E0000C2C21D10520FFF749FD07220521A2E778
:1035F000082840F0FD80634B20225A601D20FFF711
:1036000035FD1D20FFF72AFD0E221D21DCE70B2CC6
:103610001ED0012D40F01A81012E00F0FA800C2CF2
:10362000E0D00D2C00F0C1800E2C50D00F2C6FD0AC
:10363000102C75D12EE0022D40D0032D52D1012E39
:1036400059D00E2C70D00F2C62D0102C30D121E02C
:103650000320FFF713FD4A4807220321FFF720FD4F
:10366000022D2BD0032D03D1012E44D0002070BD9C
:10367000042D00F0A480052DDAD1012E40F0A380A6
:103680000720FFF7FBFC07223D481146FFF708FD26
:10369000102C5ED13B4B20225A601A20FFF7E6FC2B
:1036A0001A20FFF7DBFC38480E221A21FFF7F8FC3E
:1036B000112C50D0072D5CD1012E88E0012ED5D1E0
:1036C00069E0012E67D00D2C0FD00E2CBBD1092044
:1036D000FFF7D4FC2A4807220921FFF7E1FCCAE7DB
:1036E0000D2C62D00E2C68D1F1E70B20FFF7C6FC41
:1036F00007220B211FE70B20FFF7C0FC2048072201
:103700000B21FFF7CDFC8FE70E2CE0D00F2CB2D1B0
:103710000720FFF7B3FC072219481146FFF7C0FC4A
:10372000062DC5D1012E4FE00920FFF7A7FC072287
:10373000092100E70920FFF7A1FC11480722092110
:10374000FFF7AEFC7FE70720FFF798FC0722114642
:10375000F1E6112C0DD10B4B20225A601C20FFF7F3
:1037600085FC1C20FFF77AFC07480E221C21FFF77E
:1037700097FC122C2FD0082D7FF478AF012E28E073
:1037800000C004240000304100001346022D7FF4E5
:1037900054AF012E99D10520FFF770FC2E48072267
:1037A0000521FFF77DFC0D2CAED10B20FFF766FC49
:1037B000294807220B21FFF773FC042DA6D1012E07
:1037C000B8D00F2CBFD0102C3FF464AF112CC2D056
:1037D000122C7FF44BAF214B20225A601E20FFF7A2
:1037E00045FC1E20FFF73AFC1D480E221E21A3E6D1
:1037F0000A287FF475AE0120FFF740FC1648072227
:103800000121FFF74DFC012D7FF415AF012E7FF450
:103810002DAF0320FFF732FC0F4807220321FFF7EB
:103820003FFC65E6012E7FF421AF0120FFF726FC67
:10383000094807220121FFF733FC0B2C3FF408AFA6
:10384000012D3FF4E9AE0C2C3FF455AE022D3FF4B0
:1038500038AF0D2CA9D0F0E600C0042400003041A0
:10386000000013462DE9F0410F29BDF81850BDF8AE
:103870001C609DF820809DF824E055D845EA060498
:10388000B4F5806F50D22B4C01F1100701F1400CC0
:1038900044F8273001F150079A4244F8212024F8D7
:1038A0001C5024F8176041D0B8F1000F17D001F177
:1038B000300802EB4502C0F8D42144F8282045EA3C
:1038C000C12242F40048C0F8D881D0F8D881C0F8AD
:1038D000D821D0F8D82144F82C8044F82720BEF114
:1038E000000F02D10020BDE8F08101F1600205EB7C
:1038F00046052B44C0F8D43144F82230CB0203F5FE
:103900008063334343F40042C0F8D82101F17002D0
:10391000D0F8D85144F822508031C0F8D831D0F8CE
:10392000D83144F82130DDE70120DCE742F2021013
:10393000D9E700BF9C6601000F2910B528D892B1C5
:10394000144A01F1300452F82440C0F8D44101F186
:10395000400452F82440C0F8D84101F1500452F814
:103960002420C0F8D8218BB10A4B01F1600253F832
:103970002220C0F8D42101F17002803153F82220B6
:1039800053F82130C0F8D821C0F8D831002010BD3C
:103990000120FCE79C66010010B5274B27485A68B8
:1039A0005A6842F001025A60D3F8082242F4806259
:1039B000C3F8082203F5B4331A68026852BBD3F87F
:1039C000402442F46752C3F840241D4AD2F8023022
:1039D000DC05FBD41B4BD3F80427D107FBD5D3F868
:1039E0000427D207FBD4D3F84824174C174B21687F
:1039F0001A60930803F4F8530B43910001F07C0123
:103A000012020B4302F47832134343F08103236024
:103A1000012303600C4B1A680A4BC3F84424084A7C
:103A2000D2F8023013F48073FAD1034A516863F379
:103A30000001516010BD00BF003804246C66010015
:103A40000000052400A005247466010070660100D2
:103A50000F29024610B54FF001000CD8D2F8CC4126
:103A600000FA01F32343D2F8CC119BB263F30F01A8
:103A7000C2F8CC11002010BD0F29024610B54FF03E
:103A800001000DD8D2F8CC4100FA01F343EA144307
:103A9000D2F8CC119BB263F31F41C2F8CC110020C5
:103AA00010BD30B50F299DF80C402CD81F2A2AD8FC
:103AB0000F2B28D8012C26D845686D060FD5090193
:103AC00034B14518AC6B44EA835343F08063AB6375
:103AD00001448B6B43EA42438B63002030BD5CB1F1
:103AE000D0F8081241F40071C0F80812D0F808129A
:103AF00063F34811C0F80812D0F8083262F30403E7
:103B0000C0F80832E9E70120E8E7000029B9D0F859
:103B1000083261F3CB23C0F80832064B5B68DB0741
:103B200041BF43686FF300034360002058BF4FF06C
:103B3000FF30704700380424C1B2024882B002B09E
:103B4000FFF7E4BF003804240F2915D80D4B5A683D
:103B5000520603D4D3F8DC31002B0FDAD0F8DC2185
:103B600001238B401343D0F8DC219BB263F30F0297
:103B7000C0F8DC2100207047012070474FF404504A
:103B8000704700BF00380424B1F5007F14D2B2F5AD
:103B9000806F11D243686FF38A234360C36861F377
:103BA0001843C360C36862F30903C360436843F406
:103BB0008063436000207047012070470F2925D89B
:103BC000012A05D1436A6FF3D7534362002070473F
:103BD000022A0BD1436A6FF300034362436A6FF317
:103BE00004134362436A6FF3C303EEE7084BD3F851
:103BF000DC31002BEADA436A0122C3F3CF138A4097
:103C000023EA0201436A61F3D613DEE7012070471D
:103C1000003804240F2903464FF0010014D81A6A13
:103C200000FA01F189B2186AC2F30F220A4362F363
:103C3000172018621A6AC2F30F2222EA0102196AD7
:103C400062F31721196200207047000008B510B117
:103C500001280ED008BD4FF4006003F015FA104B98
:103C60004FF000725A640F4A137843F00103137047
:103C7000F0E74FF4006003F021FA0A4A13786FF37B
:103C800000031370DBB2002BE4D1074B07481B6A1B
:103C90000221DB6B9847024B4FF000729A64D9E720
:103CA00000840424CC6901000001300000140424C5
:103CB00084B0F0B52DED028B83B00AAC84E80F0020
:103CC0005A4D709B0F9CAB61594B9DF8BD61BDF87F
:103CD0001C112E77621E9A4280F0A4800FAA012345
:103CE0009E420AD8012E40F081809DF8BC3183B1FC
:103CF000012911D942F2061071E0174652F8040F5B
:103D00003F68B84200F28E80002800F08B800133BB
:103D1000E6E7B1F5806FEDD20020FFF797FF0420B2
:103D2000FFF7CCF9434B44485A686FF38A225A6034
:103D3000DA686FF31842DA60DA68042161F3090285
:103D4000DA605A683D4942F480625A60FEF78CFEA0
:103D5000FFF722FE012E16BF7443A4006400B4F5E1
:103D6000FA4F46D20220FFF7A9F94FF4FA436B60ED
:103D700003F08CFB288103F07DFB288203F08CFB91
:103D8000C0F30D0307EE103A9FED2D8AB8EEC77A07
:103D9000830BC7EE086A07EE903AF8EEE77A77EE03
:103DA000A67AC5ED037A03F06BFBC0F30D0307EEB3
:103DB000103AB8EEC77A830BC7EE086A01A807EE7F
:103DC000903AF8EEE77A012377EEA67A0193C5EDF3
:103DD000057A04F073F9003818BF0120404203B09F
:103DE000BDEC028BBDE8F04004B07047731E0F2B92
:103DF0007FE7144BA4F5FA449C4204D80420FFF753
:103E00005DF9114BB3E7114BDC6914F0080407D1DD
:103E1000022003F0B5FD2046FFF750F90C4BA6E752
:103E20000C4BA4E742F20410D9E700BF7C66010006
:103E3000A02526000038042433333340CDCC4C4039
:103E400000007A4400B80B000048E80100000812A6
:103E5000005A6202002D310184B070B52DED028B45
:103E600082B008AC84E80F00574C9DF820206E9972
:103E7000A16108A901EB820154484969544E9DF89B
:103E8000B531327001398142237780F09A80012B5D
:103E90007AD108AB03EB4202B2F8F4309DF8B421BA
:103EA00022B1012B05D942F2061066E0B3F5806F0E
:103EB000F9D20020FFF7CAFE0420FFF7FFF8454BB8
:103EC00045495A6845486FF38A225A60DA686FF3A9
:103ED0001842DA60DA68042565F30902DA605A6884
:103EE00042F480625A60FEF7BFFDFFF755FD33785C
:103EF00008AA02EB830342F228325B69934246D858
:103F00000220FFF7DBF84FF4FA43636003F0BEFAD8
:103F1000208103F0AFFA208203F0BEFAC0F30D0354
:103F200007EE103A9FED2E8AB8EEC77A830BC7EEE4
:103F3000086A07EE903AF8EEE77A77EEA67AC4EDD3
:103F4000037A03F09DFAC0F30D0307EE103AB8EEC2
:103F5000C77A830BC7EE086A01A807EE903AF8EE1D
:103F6000E77A012377EEA67A0193C4ED057A04F08F
:103F7000A5F8003818BF0120404202B0BDEC028B0A
:103F8000BDE8704004B07047013B0F2B8AE7154A2B
:103F9000A3F50C53293B93420BD82846FFF78EF824
:103FA000114BDA6A114B9A4201D1104BADE7104B1D
:103FB000ABE7104BDB691B07F9D4022003F0E0FCF0
:103FC000EBE742F20410D8E77C660100A02526004A
:103FD0007866010000380424CDCC4C4033333340A4
:103FE00000007A44D6110C006C6101000048E80121
:103FF000002D31010000081213B50D4BADF804007F
:104000004FF40062C3F88020BFF34F8FBFF36F8F70
:1040100001210322084604F025F9044628B90120AD
:10402000FFF714FE204602B010BD4FF0FF30FAE754
:1040300000E100E04368064A61F349234360D2F897
:10404000403443EA4143C2F840340020704700BF87
:1040500000A0052484B02DE9F04F2DED048BEDB0C8
:104060007AAC84E80F009DF87D3362934FF4C472FC
:1040700001237DA9684669939DF87C53DFF894A3DA
:1040800008F00EFA94E80E006298FFF7CDF808EEFB
:10409000900AFFF7B1F8DAF8048007EE900A07EE0D
:1040A000108AF8EE677AB8EE477AB7EE008A88EEA3
:1040B000079A88EE277AC7EE097A17EE900A06F07B
:1040C000D1FC09F065FF06F0BFFFC8EE897A84B223
:1040D00017EE900A06F0C6FC09F05AFF06F0B4FF8E
:1040E00086B2B44208BF01347F9F08BFA4B2002D3E
:1040F00065D1B8FBF4F3AAF80060AAF80240DFF833
:1041000018A363930DF5FC7B5146AAF25E284FF08D
:104110000209629AEBB29A4200F2C880B74DDFF80A
:10412000F4B2FEF7FFFF224631462846FFF72CFD8A
:1041300001212846FFF77EFF6B68B14E43F0006314
:104140006B606B6843F040036B606B686FF3410317
:104150006B603323C5F8E4316B6843F004036B6094
:10416000D5F8DC3143F00043C5F8DC310DF2DA2339
:10417000659306F18103A6AF06F13E0A66930DF53D
:10418000F47800246791629AE3B29A4200F2D780F1
:104190009C4B6A9300229C4B6B9369A9012003F00E
:1041A000C5FF10B1452840F0258169996AAA012010
:1041B00004F02AF8003818BF0120404269E0204688
:1041C00006F03EFCB8FBF7F780463846894606F015
:1041D00027FC02460B464046494606F00DFF0028E4
:1041E0005ED1AAF80060AAF8024022463146834810
:1041F000FFF7CAFC01218148FFF71CFF7F4B5A687B
:1042000042F000625A605A686FF386125A606A1E62
:10421000012A5A684FF0000194BF42F0020265F390
:1042200041025A60C3F8E4115A6842F004025A602D
:10423000D3F8DC2161F3DF72C3F8DC219DF8E921BA
:104240009DF83C029DF84C125AB1D3F8084262F333
:104250004924C3F80842D3F8084261F34814C3F86C
:104260000842664CD4F8083260F30403C4F80832FC
:10427000FFF72AF92A4600212046FFF79FFCBAF8EB
:104280000220DAF80430B3FBF2F3604A0020C2F8EF
:1042900080326DB0BDEC048BBDE8F04F04B07047C8
:1042A000BAB2AAF80060AAF802209FE79DBB639B00
:1042B000B3FBF7F39BB2012B8CBFA8F86032A8F8D0
:1042C0006092629B012B08D04A881046FEF77CFF63
:1042D00018B91046FEF781FF4880DFED4D7A52464F
:1042E00000231FFA85FC32F8020F07EE100AB8EE21
:1042F000477A0133C8EE076A9BB2634577EEA67A28
:10430000F1D9F4EEC87AF1EE10FA0DDC0135023184
:104310000BF1040BFDE6DBE90032B3FBF2F20B8894
:1043200013FB02F34B80CCE75246002332F8020F16
:1043300001339BB2400063451080F7D9E6E798F857
:10434000549098F86430649318F8013F6393009395
:104350004A462146649B2846FFF7A3FB36F8021F16
:10436000328C012A08D0A30003F1105303F58723F0
:10437000A3F83811C3F8782121462846FFF7E4FB5B
:10438000DDE963214846FFF79FF821462846FFF7FD
:1043900073FB659B33F8029F6593679BCDE900999A
:1043A000CDE902332146D7F8A4307A6E2846FFF7CC
:1043B00059FA21462846FFF74BFB002221462846A2
:1043C000FFF7FCFBBBF80220DBF80430B3FBF2F391
:1043D000328CB3FBF2F34AF8043F57F8043FA6F8D7
:1043E000D090CAF85030669B639A03F8012F0134CD
:1043F0006693C8E64FF0FF304BE700BF0038042457
:10440000DA6801008D4020089D4020089C6601006C
:10441000000000007C660100FA68010084B02DE90C
:10442000F04F2DED048BEBB078AC84E80F00214603
:104430009DF87533DFF810A311F80C8B62934FF4DD
:10444000C4720123684667939DF874638AF80080FC
:1044500008F026F894E80E006298B44DFEF7E4FEEA
:1044600008EE900AFEF7C8FED5F804B007EE900AF1
:1044700007EE10BAF8EE677AB8EE477AB7EE008A20
:1044800088EE079A88EE277AC7EE097A17EE900A27
:1044900006F0E8FA09F07CFD06F0D6FDC8EE897A50
:1044A00084B217EE900A06F0DDFA09F071FD06F00D
:1044B000CBFD87B2BC4204BF0134A4B2002E55D15B
:1044C000BBFBF4F378AA649308F1040302EB8303C3
:1044D00097492F806C800DF5F8796593629AF3B255
:1044E0009A4200F2C180934EFEF71CFE22463946E6
:1044F0003046FFF749FB01213046FFF79BFD73680B
:104500008D4C43F000637360736843F04003736045
:1045100073686FF3410373603323C6F8E431736843
:1045200043F004037360D6F8DC3143F00043C6F86F
:10453000DC310027629AFBB29A4200F207817F4B7E
:10454000689300227E4B699367A9012003F0EEFD7A
:1045500010B1452840F07B81679968AA012003F0DB
:1045600053FE003818BF0120404271E078AB03EBE6
:1045700088082046D8F81430BBFBF3FB06F060FA3D
:1045800080465846894606F04BFA02460B4640469E
:10459000494606F031FD002861D12F806C8022460B
:1045A00039466448FFF7F0FA01216248FFF742FDFF
:1045B000604B5A6842F000625A605A686FF3861284
:1045C0005A60721E012A5A684FF0000194BF42F0EF
:1045D000020266F341025A60C3F8E4115A6842F0DD
:1045E00004025A60D3F8DC2161F3DF72C3F8DC21E6
:1045F0009AF8002002F5F0726A4492F8540092F89A
:10460000641052785AB1D3F8084262F34924C3F8CF
:104610000842D3F8084261F34814C3F80842454FF2
:10462000D7F8083260F30403C7F80832FEF74CFFEE
:104630009AF80040324621463846FFF7BFFAA034C8
:104640006A886B68B3FBF2F33B4A42F824300020DF
:104650006BB0BDEC048BBDE8F04F04B070471FFA9F
:104660008BF22F806A809BE708F59873DFF8C8B05B
:104670006393002E50D1659B649A5B68B2FBF3F3A1
:104680009BB2639A012B98BF02232BF81230629BD6
:10469000012B08D04A881046FEF796FD18B910463F
:1046A000FEF79BFD488078AB03EB4803B0B2B3F84C
:1046B000F430012B01BF08F598723BF812309B08CB
:1046C0002BF81230639B3BF8133007EE903AF8EE6C
:1046D000677A002288EE277ADFED1A7A01321FFA14
:1046E00082FC844577EE877AF8D9F4EEC87AF1EE49
:1046F00010FA0CDD002201321FFA82FC5B008445B7
:104700009BB2F8D90C4808F5987220F8123001369F
:10471000023109F10409E1E6D9E90032B3FBF2F212
:104720000B8813FB02F34B80B1E700BF7C660100EE
:10473000FA680100003804249C6601008D402008BE
:104740009D40200800000000786601009AF80010E3
:10475000639101F5F0736B44304693F8548093F8FD
:10476000649093F801B0CDF800B04B464246FFF795
:1047700098F9639901F5907334F8130001F5987373
:1047800034F81320012A08D08B0003F1105303F5ED
:104790008723A3F83801C3F878213046FFF7D4F90E
:1047A0005A4649464046FEF78FFE9AF8008030464A
:1047B0004146FFF761F978AB03EB480378AAB3F8F9
:1047C000F43002EB88000122CDE90222CDE900336A
:1047D0004146D0F85431D0F814213046FFF742F862
:1047E0009AF8008030464146FFF732F941460022F0
:1047F0003046FFF7E3F908F1A00269886B68B3FB64
:10480000F1F308F59871013734F81110B3FBF1F3A7
:1048100044F8223078AA02EB480208F5C473B2F8D3
:10482000F42024F8132078AA02EB880208F1B403DC
:10483000D2F8B42044F8232008F5F07204EB080302
:104840000DEB020898F8012083F8C02272E64FF0C1
:10485000FF30FDE6D0F8E03143F00103C0F8E0316D
:10486000002070472DE9F341374B9A6A0192019A73
:1048700016020DD5426A1502C2F3C05008D45A6A16
:1048800042F400025A62314B9B690421984718E0B8
:10489000019BDC0709D52C4A136A43F0010313621C
:1048A0002A4B05219B690020F0E7019C14F08074DD
:1048B0000BD02548012100F095F8254B02201B68FC
:1048C0009847002002B0BDE8F0811F4B5A6850069F
:1048D00003D4D3F8DC31002B24DA1E4D1A4E1B4FC3
:1048E000019BE21DD340D90717D521463046FFF77B
:1048F00091F92B785FFA84F8B3FA83F252094146B2
:104900003046FFF719F8BB6913B1002140469847BC
:104910002B78B3FA83F35B092B700134102C05F16B
:104920000105DDD1084B5A689207CAD4D3F8DC11CF
:10493000C90FC6D15A6842F004025A600198034B6D
:10494000C0B29B69A2E700BF003804247C66010066
:10495000D06901005C6601000148FFF783BF00BF1A
:1049600000380424030548BF20F40060174B58BFEB
:1049700040F40060D1B11A8A93ED057A821A07EEED
:10498000902AF8EEE77A67EE877AFDEEE77A17EE7F
:10499000903A18B2B0F5805F11DA002812DDB0F558
:1049A000006F10DBA0F5006000B270471A8993ED2C
:1049B000037A821A07EE902AF8EEE77AE3E740F6E8
:1049C000FF70EFE7002000F50060EDE77C66010076
:1049D000406921B11146C0F30B00FFF7C3BFC0F31C
:1049E0000B007047436A01291DBF43F00203436275
:1049F000436A43F0807318BF43F00403436200200E
:104A000070472DE9F04F92F806C092F802A0537853
:104A1000D5781679577992F807E092F8088092F8DD
:104A2000099092F80AB0D47A127802B35B0643EA8E
:104A30004B7343EA8A5343EA495343EA085343EA30
:104A40004E4343EA0C4343EA47330901026843EA11
:104A5000C62301F1105143EA852301F5872142F075
:104A6000004243EA44230260CB63BDE8F08F026852
:104A70006CF3C712026002686AF34F320260026888
:104A800063F313420260036865F341030360036844
:104A900066F383030360036867F306130360036828
:104AA0006EF30A230360036868F3CB230360036893
:104AB00069F30C33036003686BF3145303600368FA
:104AC00064F300030360D0E710B4034C2468646C03
:104AD000A4465DF8044B604700013000024B1B68A0
:104AE000D3F8B830184700BF00013000024B1B68F4
:104AF000D3F8C030184700BF00013000024B1B68DC
:104B0000D3F8C830184700BF00013000024B1B68C3
:104B1000D3F8E830184700BF00013000014BDB68D4
:104B20005B69184700013000F0B5436885B0002488
:104B3000B3F1884F01940546029403940BD0774A51
:104B4000934208D0764A934200F0D180754C181BEE
:104B50004442444164009A680192019A02F00602BC
:104B6000062A4FEA84742CD15B690293029B990751
:104B700010D56A6913686BB10121517120209847E3
:104B80006B6993F82820032A04D193F826300BB1DF
:104B900044F01004029B5A0707D56A69136823B1D1
:104BA000012111724FF400709847029B1B0740F1DE
:104BB000A0806A69136823B10121D1714FF480701C
:104BC0009847019B9E071DD56B691E6910201A6AC4
:104BD0006968964209D09F690138BF5C0F6002F195
:104BE00001021A62F3D196420CD14A6822F0020205
:104BF0004A60002283F826201B681BB144F00104A0
:104C000020469847019B580738D56B691A68002AD7
:104C100034D06A685169C90725D511685A69DB69BA
:104C2000D1546B69DA69D96801328A42DA611AD1E2
:104C300069684A6822F001024A6093F82820023A23
:104C40000021012A197164D893F8272083F82710CE
:104C5000022A5ED0032A59D0012A01D144F001046E
:104C60001B68204698476B691A683AB1D969DB68B6
:104C7000994203D044F0400420469047019B1A0714
:104C80004AD16B689B6903936B78DB0608D5039B5D
:104C9000DF0705D56B6944F480641B68204698479C
:104CA0006B785E0608D5039B980705D56B6944F4BD
:104CB00000641B6820469847AB78D90708D5039B4A
:104CC0005A0705D56B6944F400541B682046984781
:104CD00095F90130002B1FDA039B1B071CD56B696C
:104CE0001B6844F4805005B0BDE8F040184701242B
:104CF00031E7029BDF067FF564AF6A691368002B1A
:104D00003FF45FAF01219171802059E744F0040422
:104D1000A6E744F00204A3E705B0F0BD000100449B
:104D2000000002450018042430B504460AB3B0F56B
:104D3000E10F1ED853688025DD608900B1FBF0F1DA
:104D4000D3F8C0006FF30500C3F8C000002018605E
:104D50005860D860DD60C1F387151D60C1F38735E9
:104D600001F03F015D60C3F8C010D8605369DC6298
:104D700030BD40F20160FBE72DE9F7434E69DDF8F5
:104D8000289096F8295015F001050C4617469846CC
:104D90006ED1C6E90005357286F8265086F8245093
:104DA0004B68B3F1884F02D0354A934212D1354B4C
:104DB00010229A60344BA26BDB69019294F8342084
:104DC0000092D3F8A45094F83C20002301214FF026
:104DD0008C40A84762682D4B9A4215D103F15F437E
:104DE00003F5213310229A60274BA26BDB690192F5
:104DF00094F834200092D3F8A45094F83C20012376
:104E000019464FF08C40A8476268214B9A4210D156
:104E100003F5D8434FF400125A641B4B228F1B6AD0
:104E20000092DD6994F83C2094F83530194801214E
:104E3000A847E3680BB92369B3B16568B5F1884F3A
:104E400008D00F4B9D4205D0104B9D4202D0104B15
:104E50009D4211D10C4BDB684A461D680B9B4146B5
:104E60003846A847C9F800006369012283F8292061
:104E7000002003B0BDE8F0834FF0FF30F9E700BF3A
:104E800000010044008404240001300000000245B9
:104E9000001804240014042438B54368B3F1884F83
:104EA00004460D4602D01F4A934207D11E4BDB69D0
:104EB0000021D3F8E8304FF08C40984762681B4BD4
:104EC0009A4207D1184BDB690121D3F8E8304FF043
:104ED0008C4098476268164B9A4205D1124B154890
:104EE0001B6A0821DB6B9847E3680BB923698BB118
:104EF0006368B3F1884F08D00A4A934205D00B4A41
:104F0000934202D00A4A934209D1074BDB682846F4
:104F10005B6898476369002083F8290038BD4FF02B
:104F2000FF30FBE7000100440001300000000245B3
:104F3000001804240014042470B50C4615461E46BF
:104F400020B1022872D06FF0030070BD91F9080003
:104F500000280CDB4309474900F01F0020330122E1
:104F6000824041F82320BFF34F8FBFF36F8FE0687B
:104F700062696368B0B192F826209AB1B3F1884FA4
:104F80000BD03D4A934208D03C4A934205D03C4A5C
:104F9000934202D04FF0FF30D7E7007932462946DE
:104FA000FFF7BCFDD4E90402636890B1127982B1C5
:104FB000B3F1884F08D0304A934205D02F4A93422C
:104FC00002D02F4A9342E5D1007932462946FFF7B5
:104FD000A5FD63682B4AB3F1884F05D026498B4263
:104FE00002D026498B421DD11023D36094F908309A
:104FF000002B09DB5A09012103F01F03994002F13C
:1050000060031C4A42F82310636900225A601A7236
:1050100083F8262093F8292022F0020283F8292021
:10502000002092E74FF400139364DFE74A6992F897
:105030002930D907AED513F00203F1D161684B6076
:105040005360137282F826304FF44073138594F93D
:105050000830002BE4DB03F01F015B099B0003F128
:10506000604303F5614301228A40C3F880211A603E
:10507000D6E700BF00E100E0000100440000024567
:1050800000180424008404242DE9F04F8FB00DF1A2
:105090001C0A06460D46904600211C225046DDF8AB
:1050A00064901F4607F034F9002E00F08D80002D2B
:1050B00000F08A80D8F8142092F82930580704D4D8
:1050C0004FF0FF300FB0BDE8F08F92F82630002B84
:1050D0007DD1012482F82640D8F80CE01362966155
:1050E000D8F804301561BEF1000F59D0B3F1884FE4
:1050F000099450D0374A93424DD0374A93424CD00E
:10510000364A9342DCD122460324CDE90C420121E8
:105110000B91DEF80000DEF808C007919EF804103D
:10512000BEF800E0CEF3091E6EF30D1000F0070B81
:10513000BBF1020F01BFBA6894686BF3020494607C
:10514000274C0EF101029542E26838BF05F1FF3E9F
:10515000D2F808B0189ACDF8149038BFCEF3090EE3
:105160006EF30D10CDE903C2CDE9010A0095324678
:105170003846D8470130A3D0D8F80C00E36800794E
:10518000DB6839464A469847E36849461B69384612
:105190009847002096E71922B7E71B220224B4E7BC
:1051A000596989060ED45A6842F002025A60F0E743
:1051B0004C1C1462715C19600138F4D0116AA94268
:1051C000F6D1F0E71020F9E76FF004007AE76FF00E
:1051D000010077E7000100440000024500180424A4
:1051E000000130002DE9F04F8FB0984607AB8146A3
:1051F0000F461846164600211C22DDF864A007F071
:1052000087F80346B9F1000F7BD0002F79D072697F
:1052100092F82910490704D44FF0FF300FB0BDE8D1
:10522000F08F117901296FD0002501245460157287
:105230003069D760C2F81490D561726800285BD0DD
:10524000B2F1884FCDE9085451D031498A424ED04D
:1052500030498A424DD030498A42DDD10324B0F82A
:1052600000B0D0F800C0D0F808E0CBF3091BCDE9BE
:105270000C456BF30D1C01210B9107910CF00705F8
:105280000021022D0A91017901BFD8F80800846835
:1052900065F302048460214C0BF101008742E06851
:1052A00038BF07F1FF3B85681898CDF814A038BFC8
:1052B000CBF3090B6BF30D1CCDE903E0CDE901C382
:1052C00000974B464046A8470130A5D03069E368B7
:1052D0000079DB6852464146984796F8403023B93A
:1052E000E36851461B6940469847002096E7182519
:1052F000B5E71A250224B2E7536843F0010353606F
:10530000F3E76FF0040089E76FF0010086E700BF64
:105310000001004400000245001804240001300090
:105320002DE9F3470746DDE90AA8DDF83090084685
:1053300016461D461FB311B30AB35B6993F82920C3
:10534000520723D595F84040F4B12A7812F0060FA1
:105350001CD0032283F827203146CDE9008953462B
:105360002A46FFF73FFF60B953462A463146384682
:10537000CDE90A8902B0BDE8F047FFF785BE6FF0BE
:10538000040002B0BDE8F0872046FAE74FF0FF3096
:10539000F7E74369186A70474369D86970470000A6
:1053A0002DE9F0471C465B69924693F82920804618
:1053B0009007DDE90867894640F148845FFA88F57F
:1053C000A5F11501052900F26481DFE811F006005E
:1053D0005A00C200DB00FB002901B9F1000F4BD0DD
:1053E0006368B3F1884F05D0874A934202D0874A59
:1053F000934228D1E36958783F280CD94038C0B28D
:10540000FFF784FBE36982485A78403A0623D2B218
:105410000021FFF759FBE369D87808B1FFF766FB75
:10542000E3695878A0F11903052B01D8FFF756FB63
:10543000E3695878FFF762FBE16976488B784A7830
:105440000978FFF741FB6268734B9A420AD1E3691E
:105450005878FFF75BFBE1696D488B784A780978EB
:10546000FFF732FB626992F8293043F0080382F8B3
:1054700029300020BDE8F08722F0080283F82920B7
:10548000F7E7B9F1000F61D06368B3F1884F05D039
:105490005D4A934202D05D4A93423AD1236A5878DA
:1054A0003F2816D95D4B1B6840380121D3F8F030F6
:1054B000C0B29847236A58784038C0B2FFF726FB3D
:1054C000236A53485A78403A0623D2B20021FFF7A4
:1054D000FBFA236AD87808B1FFF708FB236A5878EB
:1054E000A0F11903052B01D8FFF7F8FA4B4B226AFC
:1054F0001B685078D3F8D43001219847236A587834
:10550000FFF7FCFA216A43488B784A780978FFF75D
:10551000DBFA6268404B9A4212D1404B226A1B6808
:105520005078D3F8F03001219847236A5878FFF774
:10553000EDFA216A36488B784A780978FFF7C4FA81
:10554000626992F8293043F0100390E722F01002CC
:1055500094E7B9F1000F0DD093F82620002A40F00F
:1055600078836168CA6842F04002CA60012283F809
:1055700026207EE76168CA6822F04002CA6083F88C
:10558000269076E76068E568426822F00202426091
:10559000052282609DB193F8263083B1B0F1884F27
:1055A00008D0194B984205D0184B984202D01A4B9C
:1055B000984204D128793A463146FFF7AFFA636939
:1055C0000022D4E76068426822F00102426022694A
:1055D000032181609AB11B798BB1B0F1884F08D05B
:1055E000094B984205D0094B984202D00A4B984289
:1055F00005D1E3683A4618793146FFF78FFA6369B7
:1056000000221A7135E700BF000100440000024586
:1056100000C00424000013460018042400013000D8
:105620006268E068516821F00301516098B193F815
:10563000263083B1B2F1884F08D0784B9A4205D01A
:10564000774B9A4202D0774B9A4204D100793A467E
:105650003146FFF763FA2069A0B163691B798BB10A
:105660006368B3F1884F08D06C4A934205D06C4A06
:10567000934202D06B4A934204D100793A463146B4
:10568000FFF74CFA636807229A60636900221A7177
:105690006DE76A1E132A00F2DF82DFE812F05F0076
:1056A00014007100AD00C9003101DD02DD02DD0230
:1056B000DD02DD02DD02DD02DD02DD023701170061
:1056C00031013A01310194F8403013B96FF006000E
:1056D000D0E66268514B9A42F8D1237899073DD5BC
:1056E000A36958783F280CD94038C0B2FFF70EFAAA
:1056F000A3694D485A78403A0623D2B20021FFF7F9
:10570000E3F9A369D87808B1FFF7F0F9A3695878ED
:10571000A0F11903052B01D8FFF7E0F9A369587828
:10572000FFF7ECF9A16941488B784A780978FFF7CF
:10573000CBF963689A6D42F001029A659A6D42F066
:1057400002029A6594F841109A6D002951D042F0F6
:1057500010029A659A6D42F020029A6508F4E0669C
:10576000B6F5A06F00F0EE8000F2D780002E00F0BA
:10577000EC80B6F5807F00F0EA806FF0080079E6F3
:105780006268264B9A42A1D123785A079ED5A36915
:1057900058783F280CD94038C0B2FFF7B7F9A36951
:1057A00021485A78403A0623D2B20021FFF78CF9FB
:1057B000A369D87808B1FFF799F9A3695878A0F1DF
:1057C0001903052B01D8FFF789F9A3695878FFF76A
:1057D00095F9A16915488B784A780978FFF774F92B
:1057E00063689A6D42F001029A659A6D6FF3410207
:1057F000A7E761F30412ACE721780B07AED5636825
:105800001A6C42F001021A641A6C8F074CBF6FF3D6
:10581000410242F002021A64A0E700BF0001004406
:10582000000002450018042400C0042400001346B0
:105830006368B3F1884F03D09C4A93427FF446AF2C
:105840002378DE067FF542AFE36A58783F280CD90B
:105850004038C0B2FFF75AF9E36A95485A78403A9F
:105860000623D2B20021FFF72FF9E36AD87808B1F6
:10587000FFF73CF9E36A5878A0F11903052B01D82A
:10588000FFF72CF9E36A5878FFF738F9E16A89489D
:105890008B784A780978FFF717F9236B58783F28F7
:1058A0000CD94038C0B2FFF731F9236B80485A78E1
:1058B000403A0623D2B20021FFF706F9236BD878CD
:1058C00008B1FFF713F9236B5878A0F11903052BE2
:1058D00001D8FFF703F9236B5878FFF70FF9216B15
:1058E00074488B784A780978FFF7EEF82378D80661
:1058F0007FF5ECAE6268136943F0400313612DE756
:10590000257815F020053FF429AFDFE683F82490D1
:10591000AFE5257815F04005F5E7B6F5C06F18D06E
:10592000B6F5E06F7FF429AF0026022708F4405354
:10593000B3F5805F10D0B3F5005F1BD073B16FF08B
:10594000090097E500260027F0E70327EEE7092680
:10595000F9E700260127E9E747F0180708F4404374
:10596000B3F5804F09D0B3F5004F06D03BB16FF0CF
:105970000A007FE547F00807F0E747F0040708F45E
:105980004032B2F5003F636800F0E88009D8002A91
:1059900000F03181B2F5803F00F092806FF00B0093
:1059A00068E5B2F5403FF9D1627802F01802182A92
:1059B00074D1B3F1884F05D03C4A934202D03E4A9D
:1059C000934251D1636A58783F280CD94038C0B20D
:1059D000FFF79CF8636A36485A78403A0623D2B2F9
:1059E0000021FFF771F8636AD87808B1FFF77EF8F5
:1059F000636A5878A0F11903052B01D8FFF76EF8F8
:105A0000636A5878FFF77AF8616A2A488B784A788F
:105A10000978FFF759F8A36A58783F280CD940381D
:105A2000C0B2FFF773F8A36A21485A78403A0623B8
:105A3000D2B20021FFF748F8A36AD87808B1FFF77F
:105A400055F8A36A5878A0F11903052B01D8FFF780
:105A500045F8A36A5878FFF751F8A16A15488B7882
:105A60004A780978FFF730F86268144B9A4215D1EA
:105A7000A36A5878FFF74AF8A16A0D484A788B78EC
:105A80000978FFF721F8636A5878FFF73FF8616AF1
:105A900007488B784A780978FFF716F8238803F4CB
:105AA000C073B3F5C07F54D078E700BF0001004455
:105AB00000C004240000134600000245001804241E
:105AC0006278110740D5B3F1884F05D0674A9342F9
:105AD00002D0674A934228D1A36A58783F280CD94C
:105AE0004038C0B2FFF712F8A36A62485A78403AC9
:105AF0000623D2B20021FEF7E7FFA36AD87808B1E7
:105B0000FEF7F4FFA36A5878A0F11903052B01D81A
:105B1000FEF7E4FFA36A5878FEF7F0FFA16A564843
:105B20008B784A780978FEF7CFFF6268534B9A4228
:105B30000AD1A36A5878FEF7E9FFA16A4D488B782D
:105B40004A780978FEF7C0FF94F90030002BBFF6C1
:105B500025AF6268136943F022034BE06278D206F6
:105B600040D5B3F1884F05D0404A934202D0404A15
:105B7000934228D1636A58783F280CD94038C0B284
:105B8000FEF7C4FF636A3B485A78403A0623D2B214
:105B90000021FEF799FF636AD87808B1FEF7A6FFE7
:105BA000636A5878A0F11903052B01D8FEF796FF18
:105BB000636A5878FEF7A2FF616A2F488B784A78AB
:105BC0000978FEF781FF62682C4B9A420AD1636A1A
:105BD0005878FEF79BFF616A27488B784A780978E6
:105BE000FEF772FF6378DB077FF5D8AE6268136952
:105BF00043F020031361AB1E012B05D818F4802F4E
:105C00002DD118F4002F2DD1D4F80480D8F81030FD
:105C100023F01003C8F81030224651464846FFF7DB
:105C200083F86369012183F82850C8F80810C8F880
:105C30000C70C8F8CC60D8F8AC2061F3C402C8F886
:105C4000AC2093F8292042F0040217E44FF0FF3013
:105C500010E46FF001000DE46FF003000AE46FF050
:105C60000C0007E46FF00D0004E400BF00010044E5
:105C70000000024500C0042400001346001804245C
:105C800042694368107A5969137981F080015B0099
:105C9000C1F3C01103F002030B435179C90001F0B5
:105CA00008010B439179090101F010010B43D179EF
:105CB000490101F0200180010B4300F0400018432E
:105CC000704700004B6993F829305B0733D54B6868
:105CD000002B33D040B94A7812072FD51A6922F029
:105CE00002021A6100207047012806D14A78100785
:105CF00024D51A6942F00202F3E702280CD1B3F16D
:105D0000884F02D00F4A934218D14A78910615D590
:105D10001A6922F00102E4E70328E3D1B3F1884FC6
:105D200002D0084A934209D14A78920606D51A69E8
:105D300042F00102D5E74FF0FF3070476FF00300EB
:105D4000704700BF00010044426830B5044612B3FA
:105D5000436993F8293013F004001DD065789269E7
:105D6000A07815F0100318BFC2F3001315F040011E
:105D700018BFC2F3401110F0010018BFC2F3801029
:105D80002C060DD5C2F3C01243EA410343EA820355
:105D900043EAC00030BD1046024601460346F3E721
:105DA0000022F1E7194BDB6919072CD4184BD3F803
:105DB000742122F00202C3F87421D3F874210A205E
:105DC00000BF013810F0FF00FAD1D3F87421520758
:105DD00007D4D3F87421D10703D4D3F86C219207E8
:105DE00009D40B4AD2F8743143F00203C2F874317B
:105DF00000F0010070470222C3F87021D3F870212F
:105E0000A622C3F878210120F2E700BF00000812A3
:105E100000800046064BD3F8742142F00202C3F81A
:105E200074210222C3F86C21A62002F04DBB00BFF2
:105E30000080004641F20273984221D011DC41F209
:105E4000045398421CD005DCF8B101280CBF212076
:105E50000120704741F2017398420CBF11200120CC
:105E6000704742F2041398420CD042F20613984253
:105E70000AD042F2031398420CBF21200120704740
:105E800021207047282070472B207047014BDB6989
:105E90005B6E184700013000014BDB699B6B1847B4
:105EA00000013000014BDB695B6A184700013000DC
:105EB000454B994270B50C4615460AD9434B4FF4F1
:105EC00000125A62424B10229A615A6C42F0100240
:105ED0005A64012842D0022861D060BB3D4B3E4E3F
:105EE000DB690121D3F8EC30A422084698473B4BEC
:105EF0009C60FFF7D7FF3A4B9D4205D108F018F997
:105F0000736823F4404373604FF45943A6F860303C
:105F1000304BDB692A469B6821464FF08C409847FE
:105F200050B9304B9C420BD82F4B4FF40032DA66FD
:105F30004FF48022DA660020BDE87040FFF77ABF98
:105F40002A4B9C42F7D9284BDA6E9203F3D44FF4D4
:105F500080229A664FF400329A66ECE71F4B1E4E81
:105F60005C61FFF793FF1E4B9D4205D108F0E0F8FE
:105F7000736823F4404373604FF45943A6F8A0308C
:105F8000144BDB692A469B6D21464FF08C409847A5
:105F90000028D1D1592CC7D95A2CD4D1CBE70F4BDB
:105FA0009C61FFF779FF08F0C3F80B4B4FF459429F
:105FB000A3F8E020074BDB692A46DB6B21464FF054
:105FC0008C409847B8E700BFFF0D27070000282046
:105FD0000080004600013000008018466C6101001E
:105FE000005A62027F4A5D0500840424BF8C6C0560
:105FF000052870B505460E4637D81D4B99420DD879
:106000001C4A536A23F4001353621B4B9A6922F013
:1060100010029A615A6C22F010025A640022114652
:106020004FF08C4001F048FA0446FFF703FF0246A8
:10603000E0B9DDB1042D13D1104A31460120FFF73C
:1060400037FF04B22046FFF7F5FE024670B9294635
:106050004FF08C4001F030FABDE87040FFF7EABE27
:10606000022DEFD1054A3146E9E72122104670BDE5
:10607000FF0D27070000282000800046005A62021A
:1060800008B508F055F803214FF08C4001F0F4FA00
:1060900008F04EF8032001F073FC03490220FFF7DB
:1060A000A7FF002008BD00BF0095BA0A012808B567
:1060B0000CD0022812D0C8B919B1FFF7F3FE0020A6
:1060C00008BD0B4BDB691B6A9847F8E711B1FFF776
:1060D000DDFEF4E7064BDB695B6DF5E711B1FFF719
:1060E000DBFEECE7024BDB695B6BEDE72120E7E7CA
:1060F0000001300013B500F06BF9022802D1002036
:1061000002B010BD02214FF08C4001F0B5FA022020
:1061100001F036FC00210846FFF76AFF0028EFD1A6
:10612000064B0122DB690092D3F8A04002460346E9
:1061300001464FF08C40A047E1E700BF000130006E
:1061400037B50D46062864D8DFE800F00404522F66
:106150000A5F04000224FCF743F9204603B030BD77
:1061600007F0E6FF03214FF08C4001F085FA07F0BD
:10617000DFFF032001F004FC274B28490220002DFB
:1061800018BF1946FFF734FF04460028E3D1244B1B
:10619000DB6901220092D3F8A05022462346214613
:1061A0004FF08C40A8470024D5E707F0C1FF03213A
:1061B0004FF08C4001F060FA07F0BAFF032001F0C5
:1061C000DFFB55B117490220FFF712FF0446002CF0
:1061D000C1D1134B0222DB69DCE729462846FFF7D1
:1061E00007FF114A044611462846FFF761FEEEE715
:1061F00001F0DEF80D4B9A69142161F315429A61A2
:106200000B4A0C4BD3620C4A1360FFF773FF044632
:10621000A1E721249FE700BF0095BA0A00E1F50538
:106220000001300000B4C404005A6202008104245A
:106230006C610100002D3101BC610100134BDB6971
:106240001B0713B520D4124BDA69022161F3020255
:10625000DA61DA6961F31242DA614FF08C439A6DC8
:10626000002AFCDA9A6A6FF303029A62094B012250
:10627000DB690092D3F8A04000231A4619464FF07C
:106280008C40A04702B010BD0020FBE700000812C0
:106290000081042400013000F8B58B1EDBB2022B14
:1062A0009CBF174AD45C00F1FF3306460F4688BFF7
:1062B0000024052B06D8DFE803F00F0C09031215A4
:1062C00044F002040F4B1D687DB9F8BD44F008048A
:1062D000F8E744F02004F5E744F04004F2E744F026
:1062E0008004EFE744F48074ECE76B681A681442AA
:1062F00003D05B683946304698472D68E4E700BF15
:1063000040F72008DC69010038B50A4D2C786CB9DB
:1063100072B6094807F010FF084B1C601C7100F0B2
:1063200051FC01232B7062B6204638BD62B61220A4
:10633000FBE700BFE0690100DC690100D4690100EE
:10634000054A12781AB120B1002100F04FBA11208D
:1063500070472220704700BFE0690100034B1B78A3
:106360000BB100F0AFBA1120704700BFE069010027
:10637000044A127812B118B100F0B8BA112070476F
:1063800022207047E069010008B50B4B1B780146DD
:1063900073B101280ED8094A094B30B972B6187882
:1063A0001170FFF7CDFE62B608BD72B60121F6E7A7
:1063B0001120F9E72120F7E7E0690100D969010020
:1063C00088060000014B1878704700BFD9690100AA
:1063D000014B1878704700BF88060000084B042066
:1063E00013F8012D1AB9013810F0FF00F8D1054B50
:1063F0001B780343DBB2002B08BF0520704700BFAA
:10640000D9690100D469010000B591B001A804F078
:10641000BFF89DF80430032B03D1002011B05DF8C4
:1064200004FBFFF7DBFF0528F7D107F0B1FE0028DA
:10643000F3D0FFF7B7FCF1E738B5114D0521287807
:1064400000F02CFAB8B10F4B1B78B3B1287800F0EC
:10645000A9F9044668B9FBF77FFC0028F6D10A4B7E
:106460001878FFF791FF044618B929780520FFF73F
:1064700013FF204638BD0224FBE71124F9E700BFD3
:1064800088060000E0690100D969010008B5FFF73E
:1064900099FFBDE8084001460320FFF751BE08B54B
:1064A000FFF790FFBDE8084001460420FFF748BE13
:1064B000194A1A4942F2100310B59360D1F8843496
:1064C00043F04403C1F8843401239366144BD3F89A
:1064D0007421110709D4D3F8742142F00102C3F8E2
:1064E0007421D3F874211207FBD50D4C1023C4F886
:1064F0006C310123C4F87431D4F874311B07FBD517
:10650000FBF702FE01F0E6FF0223C4F86C31BDE8A0
:10651000104007F08DBE00BF0084042400800424D6
:1065200000800046F8B5474B0446D86910F00800D3
:106530000E4602D10121FFF7B9FDE368424D434FFA
:106540002068D4E90121012BC5F8007FA7F10217CB
:10655000C5F8CC7F07D10027C5F8C87F3C4DAD6991
:106560006D69A84736E0032B32D0052BF6D1394BA5
:10657000D3F80426970403D4D3F880351D0211D52F
:106580004FF09053D3F8C830D90304D4324BD3F82A
:10659000C830DA0306D52F4AD2F8803543F40063B9
:1065A000C2F880352B4BD3F8802522F47F22C3F824
:1065B0008025D3F88025400000F47F201043C3F8E5
:1065C0008005D3F8802542F48012C3F8802501E0CD
:1065D000C5F8281F4FF00262D36A03F100631B68FD
:1065E0009B0706D5D36A126B1344174A4033C2F88F
:1065F000343F144BDD6915F008050BD129462846B8
:10660000FFF754FD29460120FFF750FD29460220DF
:10661000FFF74CFD217C304607F0AAFD41F20173E3
:1066200098420DD005DC18B101280CBF21200120B3
:10663000F8BD41F2027398420CBF21200120F7E718
:106640001120F5E70000081200100624AFBEAFBE0F
:106650000001300000800424000004127FB50B4BC1
:106660001B6813F0407F0ED00123094A8DF81430C7
:10667000084BCDE90123084B03930021032301A814
:106680000493FFF74FFF07B05DF804FB008104247B
:10669000FC1E062400202008893B000008B5264B7C
:1066A000DB691A0746D5254B5A6942F040625A61A8
:1066B0005A6942F040725A615A6942F440025A6182
:1066C0005A6942F440125A615A6942F400225A61EE
:1066D0005A6942F470425A615A6942F470625A61CE
:1066E0001A6C6FF3D3421A645A686FF300025A604F
:1066F0000A2200BF013A12F0FF02FAD10E49CA691C
:1067000012F00802FBD10E48C16B21F03F01C163BA
:10671000596862F34201084A5960D3695B07FCD4A7
:1067200000F0F8FD00F002FEC82300BF013B13F0AB
:10673000FF03FAD108BD00BF000008120081042445
:106740000084042408B5FFF7A9FF094BDB69002288
:10675000D3F89830012110469847FFF733FE0146E1
:106760000420FFF7EDFCBDE80840FFF7A1BE00BF25
:106770000001300008B5FFF791FF094BDB690022EB
:10678000D3F89830012110469847FFF71BFE0146C9
:106790000320FFF7D5FCBDE80840FFF789BE00BF26
:1067A0000001300010B5831E022B86B016D80C4AAB
:1067B0000C4B0228CDE901230B4B03934FF000044F
:1067C00014BF112303238DF814400493FBF7CBFA75
:1067D000214601A8FFF7A6FE06B010BD2120FBE769
:1067E000FC1E062400202008893B000010B500286C
:1067F00045D002681AB1244B1340002B41D04368A6
:106800003BB9806850B9002932D0002A2BD1002032
:1068100010BD1E4C234234D08068D0B11C4C2042A5
:106820002FD01C4C51B122B11B498A60F3B92060B2
:10683000EDE7002BFBD0184A5364F8E722B1164964
:10684000CA60D3B96060E2E7002BFBD0124A9364C0
:10685000F8E7114819B102B182604364D7E702B189
:10686000C2608364D3E70C4B9A60D0E74B64DEE7E9
:10687000002ACCD0084BDA60C9E78B64E2E722201B
:10688000C6E72120C4E700BF106A46000000EC1FE5
:10689000FE070100008004240084042406280DD88B
:1068A00006290BD83C2302385843054B00EBC101A5
:1068B0000B441879003818BF012070472120704719
:1068C00044F72008074B18420AD0074B1A6819B141
:1068D000104318600020704722EA00021A60F9E7AE
:1068E0002120704700007F3F00810424002871D0E0
:1068F00003793BB90288C02A02D84188082922D9E5
:1069000021207047816851B9C3686BB99022324920
:106910000B68134343F040030B6000207047CBB279
:10692000002BEDD0C3680BB11A07E9D0C84300F4BF
:106930007C72000742D1003A18BF01221201274899
:10694000C16141613EE0032A10D9072A10D843F003
:10695000020343F0040343F0080343F0100343F041
:10696000200343F0400343F080030FE00123EEE7F0
:106970000B2AEED90F2AEED91F2AEED93F2A4FF063
:106980000003ECD97F2AECD9C02AECD1012913D914
:1069900003294FF0000101D841F00401DA4312F05D
:1069A0000F020E4818BF0122D201016642F0100208
:1069B0000165C3614361AAE70221EDE742B190227C
:1069C0000029BCD1002BA2D004490B660B659EE7C1
:1069D0008022B4E72220704700810424008404242C
:1069E00008B51B4BDB694FF08061D3F884304FF062
:1069F0008C409847174800F0A7FB174800F0A4FB0D
:106A0000164B17485A6A22F400325A62154AD2F8D5
:106A100080106FF38611C2F880101349D1F88424D6
:106A200022F04402C1F884241A6A42F001021A6278
:106A30001A69342161F306021A611A691F2161F390
:106A400016421A61BDE80840084900F079BF00BF4E
:106A5000000130000C7F0000F47E0000008104245F
:106A6000008204240084042400800424FF7F3E006C
:106A700013B50020FFF7B4FFFFF7A4FC0146022086
:106A8000FFF75EFB354BDB690020D3F89C3098475D
:106A900000230193324BDB6913F0080357D13149CE
:106AA000314CD1F8242442F00402C1F824242F4AA6
:106AB000526901926268012161F3420262600193AE
:106AC000019B092B45DD264A019B01330193D369C4
:106AD0005907F9D56269012363F39B6262616269B8
:106AE00063F319626261626963F397526261636979
:106AF0001F4A6FF31553636163696FF3D343636197
:106B000063696FF31043636163696FF351436361BA
:106B100063696FF35143636163686FF310436360AC
:106B2000636943F01F036361D36B43F03F03D36397
:106B300000F0F6FB00F01AFC6368094A43F0010319
:106B40006360019B01330193D3691B07F9D502B040
:106B500010BD00BF019B0133B1E700BF0001300051
:106B600000000812001004240081042400140424EE
:106B700000840424FFF77CBF10B586B002230024F4
:106B800004934FF4D833CDE9013401204FF4F033AE
:106B900003938DF81440FFF723FFFBF7E4F8214639
:106BA0000520FFF7CDFA054A136823F4800313602C
:106BB000012101A8FFF7B6FC06B010BD0081042436
:106BC000FFF7DABF38B50D4C636A23F480236362A4
:106BD000FFF7FEFB0546FFF7F5FB01462846FFF7EA
:106BE000AFFA0120FFF7FCFE236843F48003236023
:106BF000236843F48023236038BD00BF0081042450
:106C000010B5074C202384F81A3301214FF480205B
:106C1000FFF7A4FB10B94FF08063236010BD00BFE5
:106C200000E100E04FF4804000F08CBD044B4FF4D5
:106C30008072DA63034B4FF400629A60704700BFC2
:106C4000008104240000081208B5284B4FF40062AC
:106C50001A60274AD2F88C3743F4004343F080038C
:106C6000C2F88C37D2F88C375B06FBD5D2F88C276C
:106C7000204BDFED216A9FED216A214902F03F029E
:106C80001A601A68262A84BF26221A601D4A926852
:106C9000EAB11D48C2F315020260D3ED007A90ED0F
:106CA000007AF8EE677AB8EE477A77EEA67A37EE92
:106CB000267A67EE867AC7EE876AC1ED006AFFF72B
:106CC000B5FF0A4B4FF400625A60086808BDD3ED67
:106CD000007AF8EE677A77EEA67ADFED0C6A67EE57
:106CE000867A87EEA67A81ED007AE8E7000008123E
:106CF00000A00524EC69010089410B423333534065
:106D0000E4690100847D0000E8690100C4A08342B9
:106D1000F0B5A24CA24BA2680578A24E02EA03018C
:106D2000027802F001020A439F49A2608A6802EADF
:106D30000304427802F00102920042EA95122243D3
:106D40008A600A69457802EA03040278C2F34402C1
:106D50002243964C0A61A26802EA0301827802F09B
:106D60000302520142EAD5020A439149A2608A68AD
:106D700084781A4042EA94028E4C8A60A268C178F4
:106D80001A4001F01F011143A160B268047902EAC0
:106D9000030504F03F04C278640044EAD214C2F34D
:106DA000411242EA84022A43B260834E4579B268B6
:106DB00002EA0304027905F07F05920942EA85029E
:106DC00022437E4DB260AA6802EA0304C27902F04F
:106DD0000F0222437A4CAA60A268C579067A1A404B
:106DE00042EA1512774DA260AA6802EA0304427CC7
:106DF00002F07F022243AA60734DAA6802EA0304EC
:106E0000027A02F07F022243AA60704DAA6802EA69
:106E10000304427A02F01F02520042EAD6122243D1
:106E20006B4EAA60B268857A02EA0304C27A520005
:106E300042EAD512057B05F0010542EA45222243CC
:106E4000644DB260AA68467A02EA0304827A02F0CC
:106E50007F02D20042EA56122243AA605E4D5F4E84
:106E6000AA6802EA0304B0F80D202243AA60B268BF
:106E7000457D02EA0304027D05F00F0542EA052282
:106E80002243574DB260AA68564E02EA0304427D7F
:106E9000C2F302122243AA60B268C57D477902EAB2
:106EA0000304827D05F00F0542EA05222243B26009
:106EB0004D4EC57DB26802EA0304027E120142EA29
:106EC0001512457E05F00F0542EA05322243474D73
:106ED000B260AA68467E02EA0304827E120142EA98
:106EE00016122243AA60424DAA6802EA0304B0F8CF
:106EF0001B202243AA603F4DAA6802EA030482795C
:106F0000560802F00102520042EAD71242EA860213
:106F10002243847CAA60457C90F8246004F00F0230
:106F2000520052EAD512344D1EBFA96819401143D0
:106F3000A960324D1A4AAB6803EA0201437F03F0AD
:106F40000F030B43AB602E4DAB6803EA0201837F56
:106F5000C3F383030B43AB602A4DAB6803EA020122
:106F600090F8253003F007035B0043EAD6130B4388
:106F7000AB60254DAB6803EA0201C37C03F0030359
:106F80005B0043EAD4130B432049AB608B681A4083
:106F9000837CC3F3021313438B60F0BD647E000057
:106FA0000000C0FFEC7D0000507E0000387E000035
:106FB000207E0000147E0000D07D0000A87D00002F
:106FC0009C7D00002C7E0000907D0000847D0000F0
:106FD000787D00007C7E0000607D00006C7D0000FC
:106FE000DC7C0000547D0000487D00003C7D0000FA
:106FF000307D0000B47D0000087E0000247D00008C
:10700000187D00000C7D0000F47C0000007D000075
:10701000FAF7EABFF0B5194D194C2B88E5B004F129
:107020001001002600274FF4C2726846ADF8843183
:10703000CDE9626705F034FA94E80F0000F0A2FE93
:1070400062A800F05DFF2B78687843EA002001F029
:1070500007F8DDE9624532463B462046294603F003
:10706000E9FF48B1074B00222046294603F0CEFF36
:1070700010B10020FBF70CF865B0F0BD400800002F
:10708000AC06000000004E4010B50A4A0A4BD2F888
:107090000815D3F80240E405FBD440EA5110C2F8C9
:1070A0000805D3F80220D205FBD4024BD3F80835EB
:1070B00010BD00BF00A005240000052410F4405FAF
:1070C0000F4B0BD0D3F8042522F48012C3F804250B
:1070D000D3F8042522F40012C3F80425D3F80825B8
:1070E000084BD3F80210C905FBD4C04300EA521084
:1070F000034AC2F80805D3F80220D205FBD4704732
:1071000000A00524000005240D4A0E49D2F81035D0
:10711000013823F0030310B5C0B2C2F81035D1F81E
:107120000230DC05FBD4D2F8104501238340234311
:10713000C2F81035D1F80230DB05FBD410BD00BF1A
:1071400000A005240000052430B58BB00023019376
:10715000029303930493059306930793089309936B
:107160008DF802308DF8033010B901200BB030BD1E
:10717000019A50F822200292029A002AF5D0019337
:107180000121019C029A944201D30020EEE7019A6A
:1071900000EBC20252680392019A013250F8322089
:1071A0000492049AC2F384528DF80320049AD20EFA
:1071B0008DF802209DF802209DF80340121B013239
:1071C0000592059A162AD0D8039A126807929DF85C
:1071D0000320D2B2069208930993069C079A01FAFB
:1071E00004F422EA04020792099A089C01FA02F2C6
:1071F00022430892069A01320692099A01320992B4
:107200009DF80320059D069C2A44A242E5D8089CCF
:10721000049A22400492049A9DF80350079CAA40C5
:1072200022430492039A049C1460019A0132019251
:10723000A7E730B58BB00023019302930393049327
:10724000059306930793089309938DF802308DF800
:107250000330039A10B901200BB030BD019A50F8E9
:1072600022200292029A002AF5D001930121019C6A
:10727000029A944201D30698EEE7019A013250F83F
:1072800032200692069AC2F384528DF80320069AA1
:10729000D20E8DF802209DF802209DF80340121BAB
:1072A00001320492049A162AD5D89DF80320D2B24E
:1072B000059208930993099A089C01FA02F2224365
:1072C0000892059A01320592099A013209929DF8B5
:1072D0000320049D059C2A44A242ECD8089C069AEF
:1072E00022400692069A9DF80350079CAA4022432A
:1072F0000692019A01320192B9E700000148FFF7B6
:1073000023BF00BF507F00000148FFF71DBF00BF33
:10731000087E00000148FFF717BF00BF907F000004
:107320000148FFF711BF00BF847F000008B5044883
:10733000FFF70AFFBDE808400248FFF705BF00BF9E
:10734000707F0000DC7C0000024A93689B0D9B0567
:1073500093607047DC7C0000034AD2F8383723F092
:107360000403C2F8383770470080052408B5044884
:10737000FFF7EAFEBDE808400248FFF7E5BE00BFA0
:107380005C7F0000E87C0000064B074A996C0748C8
:10739000DA620229D96C08BF1A60022908BF5A6054
:1073A000FFF7D2BE6C6101000048E801387E0000A2
:1073B00008B50848FFF7C8FE50B9074B074A996C53
:1073C000DA620229D96C08BF1A60022908BF5A6024
:1073D00008BD00BF2C7E00006C610100002D310152
:1073E000024B034A03485A63FFF7AEBE6C610100CB
:1073F0000048E801207E0000064B074A996C0748C8
:107400001A630529D96C08BF1A60052908BF5A609C
:10741000FFF79ABE6C610100002D3101907D0000E4
:10742000034B04484FF4FA421A62FFF78DBE00BFC7
:107430006C610100147E0000034B04484FF4FA42D3
:107440005A62FFF781BE00BF6C610100B47D00008D
:107450000148FFF7EEBE00BF787D00000148FFF74E
:10746000E8BE00BF7C7E00000148FFF7E2BE00BF1F
:107470006C7D00000148FFF7DCBE00BF547D0000BA
:107480000148FFF7D6BE00BF487D00000148FFF766
:10749000D0BE00BF3C7D00000148FFF7CABE00BF60
:1074A000307D00000148FFF7C4BE00BF607D0000D2
:1074B00001B108477047000010B5002852D03E2A9D
:1074C00050D82B4BDB689C0748BF5208052949D888
:1074D000DFE801F003481B26313C836A6FF30303A6
:1074E0008362244B1B6824490B60846DE405FCD542
:1074F000846A62F30914846212B1B3FBF2F30B6085
:107500001C4B0A68DA60002010BD836D9B062BD5EA
:10751000836A022161F303038362164B9B68E2E7EF
:10752000836D5C0620D5836A032161F303038362C4
:10753000104B1B69D7E7836D190715D5836A0421A2
:1075400061F3030383620B4B5B69CCE70B4B5B6A14
:107550005B0709D5836A052161F303038362054B49
:107560009B6BC0E70120CFE741F20170CCE700BF81
:10757000008604246C610100BC6101000014042435
:1075800007B50B46114606281ED8DFE800F0042197
:10759000333B47586400364A106A40025EBF106AA7
:1075A00040F48000106213B90A20FFF781FF314BCD
:1075B000D3F81C2122F08012C3F81C21D3F81C211F
:1075C00042F00122C3F81C21002003B05DF804FB47
:1075D000274A106A800207D4106A40F480101062B3
:1075E000106A40F400101062002BEDD10A20FFF762
:1075F0005FFFE9E71E4A106AC002F5D4106A40F442
:107600008010F0E71A4A106A00035EBF106A40F467
:1076100000201062002BD7D10220E8E7144B1A6A31
:107620005203D1D41A6A42F480221A624FF4FA70DB
:107630000191FFF73DFF019940F2DC50D7E70C4A7A
:10764000106A80035EBF106A40F400301062002BA5
:10765000BAD1FA20CBE7064A106AC0035EBF106AAF
:1076600040F480301062002BAED19620BFE700BFFF
:10767000008104240080042410B50446002858D05A
:107680000139052955D8DFE801F003131D273445DA
:10769000294BD969012262F30201D961274B9A640F
:1076A0005B6C264A1360A36D002BFCDA002010BD32
:1076B000214BD969022262F30201D9611F4B9A64FE
:1076C000DB6AEEE71C4BD969032262F30201D96140
:1076D0001A4B9A64DB6BE4E7194B40229A83164BF2
:1076E000D969042262F30201D961144B9A641B6CBC
:1076F000D7E7114B1A6AD2025EBF1A6A42F48012AF
:107700001A62D969052262F30201D9610B4B9A64AE
:107710001B6BC6E7012100220846FFF731FF064B2D
:10772000D969062262F30201D961044B9A645B6B4A
:10773000B7E70120BBE700BF008104246C610100B2
:1077400000801341C10704D5584A01239360584A69
:10775000D363820742BF554B02229A60430742BF60
:10776000524B04229A60010742BF504B08229A6094
:10777000C20642BF4D4B10229A60830642BF4B4B5C
:1077800020229A60410605D5494B1022DA63474B07
:1077900040229A60020605D5454B2022DA63434B0E
:1077A00080229A60C30506D5414B4022DA633F4BE5
:1077B0004FF480729A60810506D53D4B8022DA63D2
:1077C0003A4B4FF400729A60420505D5374A4FF4A0
:1077D00080639360364AD363030507D5344B4FF477
:1077E0008072DA63314B4FF400629A60C10407D5AE
:1077F0002F4B4FF40072DA632C4B4FF480529A6097
:10780000820416D52B4BD3F8042442F00102C3F8AE
:107810000424D3F8042422F00102C3F80424D3F88A
:10782000002442F00102C3F80024204B4FF4005220
:107830009A60430442BF1D4B4FF480429A60C103DB
:1078400006D51A4B4FF480329A60194B0822DA633E
:10785000820306D5154B4FF400329A60144B042274
:10786000DA63430306D5114B4FF480229A60104B24
:107870000222DA63010306D50C4B4FF400429A60F2
:107880000B4B01229A63C20206D5084B4FF400420B
:107890009A60074B01229A63830206D5034B4FF48B
:1078A00000429A60024B01229A637047000008125E
:1078B0000081042400200424036861F300030360B2
:1078C000704737B5002304460D460193FFF7C6FD08
:1078D0000190019A636862F309036360A36865F32A
:1078E0001643A360FFF7B4FD0190019AA36862F309
:1078F0000903A36003B030BD0368DB04FCD5006955
:10790000C0F30A0070474368DB0005D501290DD09C
:10791000436861F31C7308E0436813F0805F4368B9
:10792000F7D10129F5D143F0805343607047836854
:1079300061F3D7538360836862F356538360704763
:10794000A0B10C4B1B6A03F00703042B0CD0022BD5
:10795000094B18BF0023426863F318024260436872
:10796000002BFCDA00207047044BF4E741F2016081
:10797000704700BF00800424FF7F3E00FF083D00E9
:10798000013808B5052850D8DFE800F003101A24A4
:107990003140274BD969012262F31241D961254B4D
:1079A000DA645B6C234A0020536008BD204BD96920
:1079B000022262F31241D9611E4BDA64DB6AF1E7FD
:1079C0001B4BD969032262F31241D961194BDA6466
:1079D000DB6BE7E7184B40229A83154BD9690422E9
:1079E00062F31241D961134BDA641B6CDAE70022AF
:1079F00001210220FFF7C4FD0D4BD969052262F376
:107A00001241D9610B4BDA641B6BCBE701210022D9
:107A10000846FFF7B5FD064BD969062262F312410D
:107A2000D961044BDA645B6BBCE70120BDE700BFA2
:107A3000008104246C6101000080134141F2027353
:107A4000984221D011DC41F2045398421CD005DC4D
:107A5000F8B101280CBF21200120704741F20173C9
:107A600098420CBF11200120704742F20413984243
:107A70000CD042F2061398420AD042F20313984205
:107A80000CBF21200120704721207047282070471B
:107A90002B2070470378012B06D84378013B0F2B2E
:107AA00094BF00202120704721207047174B1B787E
:107AB000012B0CBF03780023C2185278012A22D868
:107AC00000EB83004369D3B1114A934219D8D0F82F
:107AD0001431104A934207D9D0F854010E4B984202
:107AE0008CBF212000207047B3F53D3F0BD8D0F864
:107AF0005431B3F53E3F34BF0020212070472D2084
:107B00007047282070472120704700BFF0690100AE
:107B1000A0252600FFFF0524001B062411B104291F
:107B200000D07047014B1B68184700BFF469010083
:107B300084B030B52DED028BE7B06CAC84E80F005B
:107B4000424B9DF845439DEDD28A1C70D1A8FFF7AA
:107B5000A1FF002868D16CA8FFF7A8FF002863D117
:107B6000012C08BF9DF8B0019DF844536CAB03EBAA
:107B70004000012DB0F8F43001D1012B62D8013B57
:107B80009BB240F2FE3293425CD8314A3148D2F87F
:107B90008C3743F40043C2F88C37FFF7D5FA4FF423
:107BA0008030FFF771FA2C4B0C22DA64DA652B4A2D
:107BB000BDF844336292ADF884314FF4C27270A9BB
:107BC0006846002D37D1012C35D904F069FC6CAB27
:107BD0000FCBFCF76DF8FFF731FF28BB002365934F
:107BE000FFF732F865909DED657ADFED1D7AB4EE12
:107BF000E77AF1EE10FA02D51A48FFF7A5FADFEDA1
:107C00001A7A6599B4EEE78AF1EE10FA1CD4DFED2A
:107C1000177AB4EEE78AF1EE10FA15DC18EE100AC6
:107C2000FAF722FFFFF70AFF67B0BDEC028BBDE851
:107C3000304004B0704704F033FC6CAB0FCBFCF762
:107C40000BF9C8E72B20EFE72120EDE7F0690100F1
:107C500000A00524187F0000008404241D8B200848
:107C60009A991940C47F00006666E63F66666640E2
:107C700084B000B5E3B00DF5C87C8CE80F00C9A84E
:107C8000FFF708FFD0B964A8FFF710FFB0B99DF85F
:107C90002423BDF82433B2B99DF82523012A12D933
:107CA0004FF4C27268A96846ADF8843104F0F8FB5D
:107CB00064AB0FCBFCF7CEF9FFF7C0FE63B05DF805
:107CC00004EB04B0704768A94FF4C2726846ADF87F
:107CD000843104F0E5FB64AB0FCBFCF79FFBEBE7D3
:107CE000034620B1044A106818B913607047222077
:107CF00070470420704700BFF469010008B50348CD
:107D0000FCF7A8FDBDE80840FFF798BE0038042442
:107D100007B5ADF8040001A8FFF7BCFE20B9019833
:107D2000FBF7D8F9FFF78AFE03B05DF804FB07B54F
:107D3000ADF8040001A8FFF7ADFE20B90198FBF7EC
:107D4000FBFEFFF77BFE03B05DF804FB07B5ADF863
:107D5000040001A8FFF79EFE20B90198FCF74CF93A
:107D6000FFF76CFE024B00221A6003B05DF804FBC3
:107D7000F4690100042902BF014B01221A70704707
:107D8000006A010084B000B5E5B00DF5CC7C8CE84C
:107D90000F009DF82C33012B3BD19DF82D33013B77
:107DA0000F2B36D89DF89931002B32D11E4B6B9A90
:107DB0009A4234D8BDF88C32012B32D11B4B6293DE
:107DC0004FF4C272BDF82C33ADF884316AA968460D
:107DD00004F066FB66AB0FCBFFF7AAFED0B9BDF887
:107DE0002C33ADF884314FF4C2726AA9684604F0AE
:107DF00057FB66AB0FCBFFF73BFF58B90C48FFF7BB
:107E00006FFF38B9CB9865B05DF804EB04B0FFF7AD
:107E10007FBF212065B05DF804EB04B070472820D7
:107E2000F8E72B20F6E700BF404B4C003D0A274007
:107E3000758D200884B000B5E3B00DF5C87C8CE8E2
:107E40000F0014238DF8E4310E4A0F4B0F48819335
:107E50000021FCF7D6FD0E4B68A91B88ADF88431D4
:107E60004FF4C272684604F01BFB64AB0FCBFFF704
:107E7000FFFE003818BF012063B05DF804EB04B0CA
:107E8000704700BF8A06000000004C42143A0424E8
:107E900040080000012801D1FFF730BF38B9054B79
:107EA000D3F8E02160F30002C3F8E02170472120FD
:107EB000704700BF0038042484B000B5E3B00DF56E
:107EC000C87C8CE80F00172301208DF8E431FFF700
:107ED000E1FF68B9094B4FF4C2721B88ADF88431D9
:107EE00068A9684604F0DCFA64AB0FCBFFF7C0FE6C
:107EF00063B05DF804EB04B0704700BF40080000B9
:107F00002DE9F0432DED028B0646E3B0002800F08A
:107F100092804A4D4FF4C27205F11001684604F098
:107F2000BFFA95E80F00FFF785FF2F4604460028AB
:107F300073D1434B1A7862B118706A7841480121B5
:107F4000FCF746FD07EE900A3F4BF8EEE77AC3EDEB
:107F5000007A3E494FF4C272684604F0A1FA97E8ED
:107F60000F00FFF7A9FF0446002856D1DFF8D49090
:107F7000374F4FF00A086A7800214846FCF728FD81
:107F800007EE900A08F1FF38F8EEE77A18F0FF08DC
:107F9000C7ED007AEFD1020545D520F400631B043C
:107FA0001B0C07EE903AF8EEE77AC7ED007AFFF780
:107FB0006DFA08EE100AFFF757FA08EE900AFFF77D
:107FC00071FA214B97ED007AD3ED007ADFED216A4B
:107FD000B8EE488AC0F5707037EE487A77EEC87A06
:107FE0000130C7EE275A07EE900AF8EEE77AF8EE6E
:107FF000688A87EEA67A88EEA66AF0EE477A45EEA2
:10800000867ADFED156A9FED157A17EEA67A17EEE0
:10801000100A02F027FDC6E90001204663B0BDEC5E
:10802000028BBDE8F08340F400631BB207EE903A88
:10803000F8EE677AB9E72224EFE700BFAC0600004C
:10804000006A010000380424F8690100BC06000041
:10805000FC69010000007A4400009B4300808843D3
:1080600007B5134BADF804001B6A12489B6A042243
:10807000012198479DF80430012B16D19DF8053059
:10808000013B0F2B11D80C4B5B68DB0705D4019823
:1080900003B05DF804EBFFF759BE0198FFF747FE08
:1080A0000028F4D003B05DF804FB2120FAE700BFFC
:1080B000000130000014042400380424F8B50468DA
:1080C000012C054622D8124E56F8242042B153689E
:1080D00010498B4204D010498B4201D01120F8BDC9
:1080E0000E4B0F49DB680F481F680F4B51F82410E7
:1080F00053F8243050F82400B8472B6846F8240081
:1081000056F82330002BE9D00020E8E72120E6E7ED
:10811000146F0100000003440080072400013000B8
:10812000440800004C080000540800002DE9F0410C
:1081300029B1012803D80B6818B9202B0AD92120AE
:1081400028E00C2BFBD8012AF9D82C4C64681CBB06
:1081500011201FE0012AF2D8284C2468002CF7D007
:10816000BBBB4FF0200C264D264C0023AE46A0464C
:108170005E1CC0B9277927BB1824634308EB0304AE
:108180000E60C4E90200012548F8032025710B6840
:1081900083B30020BDE8F08113B11948013B1AE018
:1081A0004FF00C0CDFE72F795FB9182043430EEB3B
:1081B000030001240E60C0E902774EF80320047129
:1081C000E5E7B445334605F1180504F11804CFD1AD
:1081D000DDE70C48013B18256B43C41824795CB9D2
:1081E000C2500B68013B05FB03030122C3E90244B3
:1081F0001A71CEE74620CDE74520CBE7146F01008A
:10820000046A0100246B0100012810B503D811B1E4
:1082100018B9202909D9212016E00C29FBD8C2B1B0
:108220000D4B5B688BB911200EE092B10A4B1B68B5
:10823000002BF8D01068094B0139182404FB0133D6
:1082400098605268DA60002010BD1068044B013954
:10825000F3E72220F8E700BF146F0100246B010050
:10826000046A0100012830B536D8002934D0E8B9B5
:10827000202931D8531E022B2ED8194B53F8203009
:1082800063B302F00203D20721D54C1E182578B93A
:10829000144A05FB0422906033B1124B01391822B5
:1082A00002FB01310023CB60002030BD0C29E0E748
:1082B0000D4A05FB042200209060002BF4D00A4BED
:1082C0001822013902FB01330022DA60ECE7002BAF
:1082D000EAD00028E1D0F2E72120E6E71120E4E728
:1082E000146F0100246B0100046A010008B505F059
:1082F00057FF0C4AD2F8FC3043F08073C2F8FC30D0
:10830000A2F55D42136843F001031360064BD3F8F6
:108310007421D20742BFD3F8742122F00102C3F8BE
:10832000742108BD00ED00E00080004638B5224B06
:10833000D3F8742111075CBFD3F8742142F0010215
:1083400005465ABFC3F8742101240024D3F87421D0
:108350001207FBD58CB1204605F03AFF05F070FFFF
:1083600000F0B8F8144BD3F86C319B0701D405F03A
:10837000EBFE05F035FF00200EE000F043F843B2BD
:10838000002B0DDA13F10C0FF7D00733F5D01C30AA
:10839000C0B21C2801D9012038BD084B185CFBE78E
:1083A000284600F051F81C30C0B21C28F3D8034B0B
:1083B000185C0028CFD0EFE700800046CFF82008F7
:1083C000B0F1005F70B518D10C4C0D482368042241
:1083D0005D6C00210623A847236809485D6C0522CF
:1083E00006230021A847236805485C6C0022A446A8
:1083F0000623BDE870401146604770BD00013000A3
:1084000000C0042482B0002301930E4BDB6B9AB2B0
:1084100072B103F47F42B2F52B4F0CD1DBB2F12BDA
:108420000CD0F22B14BF00206FF0090002B070478F
:108430006FF00600FAE76FF00B00F7E76FF0080047
:10844000F4E700BF0000054130B585B000234B289C
:1084500000931C4A01931CD14AF24B035363002240
:10846000184D00924FF6FE7140F42B40009B5C1CAF
:108470008B42009403D80292AB8F8342F6D10098CE
:108480004FF6FE7398424FF0FF30D8BF002005B082
:1084900030BD40F42B43536300F0BF03312B01D0B8
:1084A0004A28DCD100230393064B93F83C30232B5E
:1084B00005D0F32B14BF00206FF00400E7E76FF046
:1084C0000D00E4E700000541014BC3F87C01704753
:1084D00000800046094BA622C3F87C21D3F8742102
:1084E00042F00202C3F874214FF0E0234FF480629F
:1084F000C3F80821142283F84A24704700800046FC
:108500001FB50E2200210DF1020003F001FF01232F
:108510008DF800301049802301A88DF8013001F05A
:108520001FFBBDF80A301BB94FF48073ADF80A3059
:10853000BDF80C301BB94FF40073ADF80C304FF49C
:10854000E063002269467520ADF80E3001F06CF949
:1085500005B05DF804FB00BF1AFA200830B589B0F9
:108560000C4605461F2200210DF1010003F0D0FE4C
:108570001F2C2246294628BF1F220DF101008DF82D
:10858000002003F08DFF002269469C2001F04CF989
:1085900009B030BD30B5044685B00068019015467D
:1085A000A088ADF808000022CDF80A20B1208DF88F
:1085B0000B1001A98DF80C50ADF80E3001F034F914
:1085C00005B030BD38B505460023934210D2CC5CCF
:1085D0000133DBB2C85C083801280AD8013C0133FA
:1085E000E4B219442246284603F05AFF00232B55D3
:1085F00038BD1C44E3B2E8E784B030B587B00AACBC
:1086000084E80F000AAD002305930FCD6C460FC41C
:108610002B680F9A23606946922001F005F907B094
:10862000BDE8304004B0704701460022932001F0BD
:10863000FBB870B5BEB00C46064615460021F022C8
:1086400002A803F065FEF02C2246294628BFF0223E
:1086500002A8ADF80620ADF8046003F021FF002267
:1086600001A9942001F0E0F83EB070BD41F206038C
:10867000984209D13C4B1B689A68D27C012A70D180
:10868000DB680B600320704740F2055398420BD023
:10869000431E062B08D9A0F18D039BB21A2B09D9D2
:1086A000A0F59773012B16D82F4B1B689B680B60A6
:1086B000012070472D4A42FA03F3DB07F4D5BE28A8
:1086C000F2D0B0F5967FEFD0A0F17503172B0DD83F
:1086D000254B1B68D4E700F5FF4370339BB20C2B8E
:1086E000EDD8234A42FA03F3DA07DDD5A0F192036D
:1086F0009BB2162B15D9A0F1AA030E2BE8D9A0F135
:10870000BA03072BE4D940F22D139842E0D040F28F
:108710006F139842DCD06FF4B8728318032B05D81E
:10872000D6E7144A42FA03F3DB07D1D5A0F1F203EE
:108730000B2BCDD940F201139842C9D06FF482734C
:10874000C318262BC4D95028C2D041F2FF539842F7
:10875000BED0A0F5A8534A2BBAD941F6FF73984270
:10876000B6D0FF20704700BF546F0100F8DFFFF95B
:10877000DEEFFFFFC07BB0FF012903463DD0032998
:1087800038D1A0F17502092A37D9B0F5837F2ED0F0
:108790001FD8B0F5817F13D2C02828D8972806D8D3
:1087A0007E2847F2F85098BF4FF4FA407047A0F186
:1087B0009C03242B47F2247088BF4FF4FA40704783
:1087C00040F2051247F22470934218BF4FF4FA406A
:1087D000704740F26F12904209D0B0F5B87F09D2CD
:1087E00040F20712904208D040F22B12EAE747F21B
:1087F000F85070474FF4FA40704747F224707047C2
:1088000007B500230230019301F074F901A9FFF7C5
:108810002DFFC0B2FF2809D0019B9A7C32B998691C
:108820001A6003B05DF804EB05F0F6BC03B05DF828
:1088300004FB0000F8B5154B1B68DC68062204F148
:108840003001064603F054FD054638B1062204F116
:108850004801304603F04CFDB8B90125182707FB45
:108860000543586C18B14FF0FF3105F0A9FC07FB28
:108870000544B27994F83730606C134484F837308B
:1088800018B1BDE8F84005F05BBCF8BD546F0100BD
:1088900038B5124B1B68DC6894F83C301BB194F877
:1088A0005430CBB901231822534303F13002D0F8DE
:1088B0000150A550A1181C44B0F805208A8001235E
:1088C00084F83C3084F8383084F8373084F840300D
:1088D000002005F09DFC606438BD00BF546F0100AE
:1088E000144B1B6870B5DC6804F13005062229467C
:1088F000064603F0FDFC40B104F148050622294676
:10890000304603F0F5FC98B901201822002302FB41
:1089100000402B60AB80C38680F838304387C36348
:1089200080F84030406C18B1BDE8704005F060BC84
:1089300070BD00BF546F01002DE9F041436A074646
:108940005D68D0F824013B68144641F24A529142D6
:108950000E4680B29BB200F2C680B1F5A85F07D286
:108960008C2900F2B1807E2900F2A080BDE8F08160
:10897000A1F5A8534A2BF9D801A252F823F000BF61
:10898000259B20087F9B20088B9B2008919B20081B
:10899000979B20089D9B2008A39B2008A39B200851
:1089A000A39B2008859B2008A99B2008B59B200835
:1089B000A99B2008AF9B2008F79A2008079B200856
:1089C000BB9B2008BF9B2008CD9B2008D19B200883
:1089D000339C2008339C2008E19B2008339C20080E
:1089E0005B9C20085F9C2008719C2008839C2008C9
:1089F000459C2008E59B2008959C2008999C200810
:108A00009D9C20081B9B2008A19C2008A99C200855
:108A1000AD9C2008B39C2008C79C2008CD9C200852
:108A20006D9920086D992008A59C2008D39C2008EA
:108A3000D79C2008DB9C20086D9920086D992008A0
:108A4000C79B20086D9920086D9920086D99200812
:108A50006D9920086D9920086D9920086D9920085E
:108A60006D9920086D9920086D9920086D9920084E
:108A7000E59C2008C39B20086D9920086D9920086B
:108A8000DD9B2008559C20086D992008E99C200852
:108A9000ED9C2008F39C2008F99C2008FF9C2008EE
:108AA000059D20080B9D2008119D2008A1F1800242
:108AB0000C2A00F29980DFE802F0A0A2A4A8A6A8E0
:108AC000A8A8B3B3B3B3B30041F2060399427FF44D
:108AD0004DAFAB6813B10146204698472046BDE82C
:108AE000F041FFF7FDBE41F2FF5399427FF43EAFE4
:108AF000D5F8F0306DE02B68002B3FF437AF2046FF
:108B0000BDE8F04118476B6813B1208120469847B3
:108B10002046BDE8F041FFF7BBBEAB69002BF7D0A4
:108B2000A083F3E7D5F890300BB121469847062291
:108B3000214607F1300003F0DBFB48B10622214655
:108B400007F1480003F0D4FB00287FF40FAF0120A9
:108B5000182303FB007393F83D20002A3FF406AF6F
:108B6000B6F5A85F03D0DB8FB3427FF4FFAE1823C6
:108B700003FB0077002387F83D30FB87F6E6D5F846
:108B80009430D1E7D5F89830CEE7D5F89C30CBE7D4
:108B9000D5F8A030C8E7D5F8A430C5E7D5F8A83097
:108BA000C2E7D5F8AC30BFE7D5F8B030BCE7D5F8B0
:108BB000B430B9E7D5F8B830B6E76B6B9CE7AB6B70
:108BC0009AE7AB6D98E7D5F8D03095E7EB6B93E774
:108BD0002B6C002B3FF4CAAE214630E0EB6D8BE7E7
:108BE0006B6CF6E7AB6C87E72A6E002A3FF4BEAEEB
:108BF00021461846BDE8F04110476A6EF5E7AA6EB7
:108C0000F3E7EA6EF1E72A6FEFE76D6F002D3FF4AF
:108C1000ADAE2246314618462B46BDE8F041184716
:108C2000AA6F002A3FF4A2AE31461846BDE8F041D3
:108C30001047EB6F002B3FF499AE21463046BDE85C
:108C4000F0411847D5F88C30002B3FF470AF204628
:108C500098476CE7D5F8BC30F6E7EB684CE7D5F8F9
:108C60008030002B3FF482AE214641F21950E6E7F6
:108C7000D5F88430002B3FF479AE214641F21A50EA
:108C8000DDE7D5F88830002B3FF470AE214641F285
:108C90001B50D4E72B692FE76B692DE7EB6C2BE7B3
:108CA000EB6929E72B6D27E76B6D25E7D5F8C03019
:108CB00022E7D5F8C430002B3FF458AE01462046D9
:108CC000BDE8F0411847D5F8C83015E7D5F8CC30E5
:108CD00012E72B6AEFE7EB6A0EE72046FFF7AAFDE3
:108CE0002B6B09E76B6AE6E7AB6A72E7D5F8D4301D
:108CF0006FE7D5F8D8306CE7D5F8DC3069E7D5F800
:108D0000E03066E7D5F8E43063E7D5F8E83060E7AF
:108D1000D5F8EC305DE700BF2DE9F0470446881C2C
:108D20000D46174600F0E6FE0646284600F0E2FE35
:108D3000C0F30B0905F10C0000F0DCFE238AB342FE
:108D400005F1100805B246D140F205539E42256058
:108D500035D10123A380E0684FF0000AA4F810A0E9
:108D600038B141464A4603F09BFBD4F80C80C4F866
:108D70000CA0A37C7BB3B6F5847F1AD1CDB994F84F
:108D8000222198F80610182303FB024383F84010B1
:108D900098F8073019B903EB83035B00DBB21821A5
:108DA00001FB024282F8383082F83730002384F821
:108DB0002231A06905F030FA2846BDE8F087002D81
:108DC000C9D1A6F175039BB2022B9FBF074B1B684D
:108DD0009B689D80BFE7002FEED0C4F824514B461E
:108DE000424631462046B847E6E700BF546F0100CF
:108DF00013B5002304460230019300F07BFE41F2DC
:108E00000603984206D10E4B1B689A68A37D03F0B7
:108E10000F03D37401A9FFF729FCC2B2FF2A0CD0BB
:108E2000012A93B2019814BF064A00222146FFF797
:108E300073FF00B280B202B010BD0020FBE700BF9C
:108E4000546F01003999200870B50446F8B1002527
:108E5000858005600582C5602A462946012005F007
:108E60007FF92A46A842A06129464FF001000CBFB5
:108E70006FF028062E4605F073F9A842606108BF1E
:108E80006FF0280605F0C8F9E561304670BD6FF057
:108E90000106FAE74368C2685960F42053627047DC
:108EA000074B1B689B6840F2055298691A820122A1
:108EB0009A7418B14FF0FF3105F0B2B9704700BF96
:108EC000546F010010B50B4C2468E468646A646850
:108ED000C4E90223029B2361039B6361049BA3619A
:108EE000059BE361069B2362079B6362C4E9000163
:108EF00010BD00BF546F010010B51F4C2468E4681A
:108F0000646A6468C4E91A23029B2367039B63674E
:108F1000049BA367059BE367069BC4F88030079B0F
:108F2000C4F88430089BC4F88830099BC4F88C309E
:108F30000A9BC4F890300C9BC4F898300B9BC4F883
:108F400094300D9BC4E91801C4F89C300E9BC4F802
:108F5000A0300F9BC4F8A430109BC4F8A830119B1C
:108F6000C4F8AC30129BC4F8B030139BC4F8B430D2
:108F7000149BC4F8B83010BD546F0100A72810B579
:108F80000B46144629D010D88F2847D005D8012881
:108F900027D005283CD0002031E09A2848D0A628C8
:108FA000F9D10B681361042029E0B0F5977F27D031
:108FB0000BD8BE2863D0B0F5967FECD1832204F1A4
:108FC000100003F06DFA832019E048F2100290427D
:108FD00028D048F215029042DDD11B88238202205E
:108FE0000DE0103401F1300253F8041B44F8041B67
:108FF0009342F9D11A8822809B78A370332010BD48
:10900000304A1268926891880129C4D10021918068
:109010001A6822619B88A3820620F0E70B781374FC
:109020000120ECE70A6822614A6862610820E6E7ED
:109030000A782274132A06D0142A11D0082AEFD0F5
:109040004FF6FE70DBE7103401F1180253F8041BF1
:1090500044F8041B9342F9D11B8823801A20CEE7E1
:10906000103401F1100253F8041B44F8041B93421E
:10907000F9D11A8822809B78A3701320BFE7097862
:1090800011745A78627441EA02214FF614429142F7
:1090900011D04FF61B4291427FF47DAF103403F1A3
:1090A000240253F8041B44F8041B9342F9D11B78A3
:1090B00023702520A3E71A8822829B78A3740320BB
:1090C0009DE700BF546F01002DE9F74F034610469E
:1090D0007F4A1268B3F5977FD7680C4680F0E78027
:1090E0004F2B40F2F380503BDD2B00F2EF80DFE8A6
:1090F00013F06101ED00ED00ED00ED00ED00ED007D
:10910000ED00ED00ED00ED00ED00ED00ED00ED00F7
:10911000ED00ED00ED00ED00ED00ED00ED00ED00E7
:10912000ED00ED00ED00ED00ED00ED00ED00ED00D7
:10913000ED00ED00ED00ED00ED00ED0002011F017E
:1091400025014001ED00300148015301530159014F
:10915000A1017201A101A1017F01A1018B01920175
:10916000A101AB01B301BF01BF01C701ED00ED00DB
:10917000ED00ED00ED00D001DB01E3013C02F40164
:109180002B02ED00ED00ED00ED001401ED00ED000F
:10919000ED00ED0036025301400248015602ED0099
:1091A000ED001401ED0053015C0253016002ED007B
:1091B0005C02360259016B02ED00530140016B0263
:1091C00056025301ED00720281025C02ED00ED00D7
:1091D000ED00ED005901ED00ED00ED00ED00ED00BA
:1091E000ED00ED00ED00ED00ED00ED00ED00ED0017
:1091F000ED00ED00ED00ED00ED00ED00ED00ED0007
:10920000ED00ED00ED00ED00ED00ED00ED00ED00F6
:10921000ED00ED00ED00ED00ED00ED00ED00ED00E6
:10922000ED00ED00ED00ED00ED00ED00ED00ED00D6
:10923000ED00ED00ED0087029502A702B002B90231
:10924000CB02D402DF02F302FC0207031303ED009A
:10925000ED00ED003602ED00ED00ED0040013602BC
:109260002103E901ED00400128032E03ED00ED008C
:10927000ED00ED004001ED00ED00ED00ED00ED0032
:10928000ED00ED00ED00ED00ED00ED00ED00ED0076
:10929000ED00ED00ED00ED00ED00ED00ED00ED0066
:1092A000ED00ED00ED00ED005301ED003903B3F5E5
:1092B000BA7F00F07A810DD840F26F12934200F02D
:1092C000558240F27112934200F0578200254CE023
:1092D000546F010041F6FF729342F7D1103001F153
:1092E000180354F8042B40F8042B9C42F9D123882E
:1092F00003801A2509E0103001F1100354F8042B03
:1093000040F8042B9C42F9D11025BB889A0740F104
:10931000858243F40043BB8027E0103001F1200335
:1093200054F8042B40F8042B9C42F9D12025ECE79B
:109330000B6803614B6843610825E6E7103001F1D3
:10934000140354F8042B40F8042B9C42F9D1142543
:10935000DBE7103001F10C0354F8042B40F8042B28
:109360009C42F9D1238803800E25284603B0BDE82E
:10937000F08F0B6803618B8883828B798375072557
:10938000F3E7103001F1200354F8042B40F8042BCC
:109390009C42F9D12025E8E70B6803614B684361E3
:1093A0000825E2E70B6803614B6843618B688361C2
:1093B0000C25DAE70B78CD78012B1BBFB1F80350F1
:1093C00004350335ADB22A460131103003F068F898
:1093D0000023BB74C9E7103001F11C0354F8042BBF
:1093E00040F8042B9C42F9D10023BB741C25BCE738
:1093F000103001F1200354F8042B40F8042B9C4258
:10940000F9D10023BB74C5E70B6803614B68436166
:109410000023BB74C4E7103001F1100354F8042B8F
:1094200040F8042B9C42F9D1238803800023BB74AD
:1094300012259AE70B6803614B6843610B8903832C
:109440000023BB740A2590E7F922103003F028F8B6
:109450000023BB74F92588E7F922103003F020F8C7
:109460004FF000084646C2464FF00109F9253FE09B
:10947000FB22103003F014F80023BB74FB2574E7C3
:109480000B6803618B8883828B7983750023BB749F
:1094900075E7103001F1180354F8042B40F8042B41
:1094A0009C42F9D1182560E74FF48872103002F021
:1094B000F7FF4FF4887558E7F422103002F0F0FF00
:1094C000F42552E70B6803614FF000084B684361D5
:1094D0000126C246C14608250AE0FA22103002F0F1
:1094E000DFFF4FF000084646C2464FF00109FA255B
:1094F0000622214607F1300002F0FAFE83460028DA
:1095000000F04A810622214607F1480002F0F0FEF1
:1095100000287FF42AAF0124A346002E40F03E81AC
:10952000B9F1000F40F05C81BAF1000F3FF41DAFBC
:10953000182303FB0B7B01239BF83D20002A00F03E
:10954000668187F8213110E7FA221030002602F0F8
:10955000A7FF41F20D584FF0010AB146C7E70B686B
:1095600003618B8883820625FFE60B880382022530
:10957000FBE600230093ADF804300B6803618B8891
:10958000838200F1100506226946284602F0B0FEEB
:109590000028E8D1A349284600F0E2FAE3E7FA22DE
:1095A000103002F07DFFFA25DFE623680361042511
:1095B000DBE6103001F1280354F8042B40F8042BAB
:1095C0009C42F9D12825D0E60B6803614B684361C2
:1095D0000B89038336E7103001F1140354F8042B90
:1095E00040F8042B9C42F9D123880380A378837030
:1095F0001725BAE60B8803828B7883740325B4E6BB
:109600000B6803614B6843610B89038341F209587E
:1096100000264FF0010AB1460A2569E70B461030D3
:1096200001F11C0253F8041B40F8041B9342F9D1CA
:10963000002641F202584FF0010AB1461C2557E7B7
:109640000B6803614B6843610B89038341F2035844
:10965000DEE70B6803614B6843610B89038341F2CA
:109660000458D5E70B46103001F1200253F8041BD3
:1096700040F8041B9342F9D1002641F205584FF0FF
:10968000010AB146202533E70B6803614B6843614B
:109690000B89038341F20158BAE70B6803614B68F9
:1096A000436141F2065800264FF0010AB14612E725
:1096B0000B46103001F1100253F8041B40F8041B54
:1096C0009342F9D11B880380002641F208584FF0DD
:1096D000010AB14612250BE70B6803614B68436131
:1096E0000B89038341F2075892E7F92210300026D4
:1096F00002F0D6FE41F20A584FF0010AB146B5E633
:10970000FB221030002602F0CBFE41F20B584FF046
:10971000010AB146FB25EBE60B6803618B88838267
:109720008B798375002641F20C584FF0010AB1463F
:109730000725DDE60B6803614B68436141F21C5865
:10974000B1E7FC22103002F0ABFEFC250DE6103034
:1097500001F1100354F8042B40F8042B9C42F9D17A
:10976000102502E60B7803740125FEE5FA2210307D
:1097700002F096FE0023BB7415E7CF22103002F0F2
:109780008FFEBB88D90704D543F40043BB80CF25A7
:10979000EBE543F00203F9E70446BEE6182606FBB4
:1097A0000B73586C18B14FF0FF3104F009FD06FB44
:1097B0000B7393F8370093F83810884209D00222CF
:1097C00087F82021586C00283FF4CFAD04F0B8FC96
:1097D000CBE5586C08B104F0B3FC87F82241C4E52E
:1097E000182404FB0B73586C18B14FF0FF3104F0D0
:1097F000E7FC04FB0B7393F837200AB90122DFE77B
:109800000021013A87F8201183F83720DAE787F83A
:1098100021918BF83D30ABF83E80A6E543F0010383
:1098200079E500BF2CFA20082DE9F04F87B000231E
:109830008B4604A9CDE90333074601920593FEF751
:1098400015FFFF2881462DD0B7F5977F06D1644BD1
:109850001B689B689B88012B40F0BE8049463846B8
:10986000FEF78AFF049C8246606928B96FF02406DF
:10987000304607B0BDE8F08F514604F0D1FC0546F4
:109880000028F3D153464FF49E7203A905A804F0B3
:10989000ABFCDDF80C800646B8F1000F05D160691D
:1098A00004F0BAFC6FF00306E2E7102229464046B6
:1098B00002F02EFD01239945A37419D14FF48E7245
:1098C000294608F1100002F023FD42465946384669
:1098D000FFF754FBB4F8203103BBB4F90430002B7C
:1098E0001CDB502F04BF9BF8003088F80E3024E0BA
:1098F000B9F1030F47D14FF48E72294608F11000D9
:1099000002F006FD424659463846FFF7DDFB41F6B8
:10991000FF739F42DED1B4F820314BB1059804F0BB
:109920001BFC94F82031022B2FD16FF0320634E06B
:10993000B4F90430002BF1DB7727C0F30B0140466C
:1099400000F0CAF8394608F1020000F0C5F8019BA2
:10995000E36048F210039F4208BF40F2055327829C
:1099600002BF23820123A374A37C059A0321F8B2CA
:1099700004F0DAFBA06948BB6FF01D0323600023ED
:109980002668A37418E02846A4E7012B18D094F8A1
:109990002131002B18BF6FF02606B4F90420A388EC
:1099A000002A06DADA070ED413F0020F18BF6FF0A0
:1099B00036060023A4F82031606904F02DFC57E737
:1099C0006FF01E06E9E76FF03506F2E7514604F046
:1099D00027FC0028D0D1D2E76FF0020648E700BF8D
:1099E000546F010030B58FB00546322200210DF1D1
:1099F000050002F08DFC284602F060FD312828BFEA
:109A000031200446024629460DF1050002F048FDCA
:109A100004F138036B44002201A9012003F8332C20
:109A20008DF80440FFF700FF0FB030BD0246002163
:109A30000720FFF7F9BE00002DE9F84310F00303FB
:109A400004460D461FBF03340D1FED1824F0030418
:109A50002A460021204602F05BFC1B2D35D9234607
:109A6000DFF870801A4EC8F80040002043F8045B0D
:109A70002071336004F0CCFB3368606104F11C0793
:109A80009F6001213846FFF7DFF933689A6804F5D3
:109A9000A27940F205510127118297740321C3F87E
:109AA0000C904846FFF7D0F9306804F51B7304F5B5
:109AB0001E7421464360FFF7EDF90444D8F8000016
:109AC000201AA84202D833681F751C20BDE8F8830D
:109AD000546F0100506F0100054A12681278CBB232
:109AE000090A12B9037041707047437001707047E2
:109AF000546F0100034B00881B681B780BB140BA00
:109B000080B27047546F0100C0B2A0F13003DBB2E5
:109B1000092B01D858B27047A0F14103052B02D898
:109B2000373840B27047A0F16103052B01D8573890
:109B3000F7E70020704738B50546F8F735F90021FA
:109B400004460A46CBB2A34201F1010101D31046FB
:109B500038BDE856FFF7D8FF00EB021252B2F1E72A
:109B60002DE9F3470F46054611213846F8F711F95C
:109B70000026804605243346B146F1B2414505EB47
:109B8000040A1A460CD308336B440022684603F8D3
:109B9000082CFFF7D0FF2855284602B0BDE8F08713
:109BA00079563A290DD108336B44684603F8089C6E
:109BB000FFF7C1FF013CE4B28AF800000023013640
:109BC000DBE708326A440133DBB202F8081CF6E72F
:109BD00000F00F00A0F10A03052B8CBF30303730A6
:109BE0007047F8B506310446024600F10F0700F150
:109BF00012053A2611F8010D0009FFF7E9FF107070
:109C00000878FFF7E5FFBA42507003D09670033230
:109C1000AA42EFD12046F8BD08B500F017F8034A74
:109C2000034B002814BF1046184608BD586F0100AA
:109C30006492000000207047704708B504F0DCFA19
:109C4000002008BD7047704770470000034B5868FC
:109C5000C0F30800003818BF0120704700ED00E095
:109C600008B578B171B14B880BB9002008BD0A88DE
:109C7000042A0EBF1346082310220374043102F095
:109C80000FFCF2E74FF43560F0E7E0B1D9B103889B
:109C9000442B0ED005D8292B0FD0412B0FD00120FB
:109CA0007047AA2B03D0EF2B0BD0A12BF7D10423A5
:109CB00000E001230B70002070470023FAE7032324
:109CC000F8E70223F6E7222070470000F0B50022F3
:109CD0009BB006460846114604F04EFA85890446B4
:109CE0000DB145F48035394B394F19782A4600209B
:109CF000F8F76CF81122002101A802F009FB5022AC
:109D0000002106A802F004FB3B68002B5AD0042E69
:109D100052D8DFE806F010031010130004F1100110
:109D200001A8FFF79DFF01AA3F6823882946304616
:109D3000B847002047E004F11002F5E702238DF850
:109D400018306388A12B2AD108238DF819300DF122
:109D50002C0C04F1140304F1240E186859686246AF
:109D600003C2083373459446F7D10DF13C0C04F15E
:109D7000340E18685968624603C208337345944626
:109D8000F7D10DF14C0C04F1440E18685968624685
:109D900003C2083373459446F7D106AAC4E70423E7
:109DA0008DF81930D4F816300893D4F81A300A9385
:109DB000D4F81E300993F0E7064A074907486E2396
:109DC000F8F75CF801201BB0F0BD00BF5D08000093
:109DD0005C6F010004FB20083EFA2008E3FA20082B
:109DE0002DE9F843154E07460D46904600244FF0E6
:109DF000060956F8041BC9B1CB7E434516D12A7C0F
:109E0000042A0EBF403110224431284602F070FA75
:109E100060B93946204604F01BFA60B9204604F0C8
:109E2000DBF940B956F8043CA3F858900134E4B289
:109E3000142CDED10020BDE8F88300BF786F01004C
:109E4000F0B587B000210446112201A802F060FAA3
:109E500004F0AEF9A379A0F109014D424D41D807B4
:109E60000FD504238DF8143001A8D4F807300193DE
:109E700000F04CFB28B92A4601A940F62830FFF72C
:109E8000AFFFA3799A0719D508238DF8143001AED6
:109E900004F10B0304F11B0718685968324603C22A
:109EA0000833BB421646F7D101A800F02FFB28B9B2
:109EB0002A4601A940F62830FFF792FFA3795B07F5
:109EC00018D508238DF8143001AE04F11B032B3490
:109ED00018685968324603C20833A3421646F7D1C0
:109EE00001A800F013FB28B92A4601A940F6283042
:109EF000FFF776FF07B0F0BD7FB54A88A2F1620395
:109F00009BB2122B05460C4612D90AB1AB2A14D1CA
:109F1000A6890EB146F48036434B324619780020AC
:109F2000F7F754FFE9682246304600F07BF904E079
:109F30003E4A42FA03F3D807EAD504F039F96388B8
:109F4000C32B06462CD0192B1DD1062804D0092876
:109F500030D1E379012B3BD10DF10F01A01CFFF7AC
:109F600094FE70B99DF80F30314932480093324A5F
:109F700040F20F13F7F782FF29689DF80F00FFF7F3
:109F8000A5FE04B070BD142B38D12B89002BE3D073
:109F900040F6283004F048F9288900F08DFA40E0B6
:109FA0002388C3F30B032B2BD6D104F11000FFF74A
:109FB00047FFD1E7D0B100263146288904F0E0F808
:109FC000304604F01DF90021304600F0B3F8C3E735
:109FD00033B940F6283004F027F9288900F06CFAEC
:109FE0006688A6F1AE014E424E41E5E740F62830C4
:109FF00004F01AF9288900F05FFADCE7AE2BABD841
:10A00000A02B02D8412BC3D0A6E7A3F1A10189B2AE
:10A0100042F20122CA40D2079ED5AA2BB8D0A12B6A
:10A02000B6D0092EDCD0C6E75D080000FEFBFBFFC2
:10A030001DFB2008C3FB2008E8FB200810B5094BD6
:10A040001B78834204460BD9F7F798FE064B24B2DF
:10A050001B68002203F83420BDE81040F7F794BED7
:10A0600010BD00BF6C6F0100686F010048B34B88E2
:10A0700003604A7F0B7F43EA022343844A790B79CA
:10A0800043EA0223C3878B7DCA7D43EA022383838D
:10A09000052380F858300B88102B0CD1182380F83A
:10A0A0003D308B1D4430163153F8042B40F8042BFF
:10A0B0008B42F9D17047022380F83D30D1F8063049
:10A0C0000364704738B5164D0446286890B1154DA5
:10A0D000286818B904F024F8286080B1124D286867
:10A0E00018B904F01DF8286048B1104D286840B137
:10A0F000002005E004F08CF828600028E7D101205A
:10A1000038BD631E092BFBD8094B082120461C7063
:10A1100001F050F92860B0FA80F04009F0E700BF84
:10A12000706F0100646F0100606F0100686F0100D3
:10A130006C6F010070B5094C0023062554F8042B00
:10A1400032B1D67E864204BF82F8585082F8591048
:10A150000133DBB2142BF1D1002070BD786F010008
:10A1600013289ABF024B53F820000020704700BF0D
:10A17000786F0100F8B5064609B1002008600AB101
:10A18000002010600BB10020186000242546012734
:10A190002046FFF7E5FF8646D8B161B103687068D5
:10A1A00007FA03F3034206D00B6807FA04FC43EAFC
:10A1B0000C030B60013562B1DEF80030F06807FA7D
:10A1C00003F3034205D0136807FA04F00343136056
:10A1D00001350134142CDBD12846F8BDF0B50F4E03
:10A1E00005461424002056F8043B7BB11F68AF429B
:10A1F0000CD193F858708F4208D0571C02D0DF68FA
:10A20000974203D193F8AD0128B91846631E13F0A5
:10A21000FF04E8D1F0BD1846FCE700BF786F0100ED
:10A22000C08970472DE9F043144652886C2A85B0E6
:10A2300080460D4614D1A08D794A04F11001002307
:10A2400052F8044B34B1E668022E03D1668C864284
:10A2500000F0CC800133142BF2D14FF0FF30DBE063
:10A26000622A28D100273846FFF77AFF064638B120
:10A27000218A0368994203D190F85830032B03D107
:10A280000137142FEFD1C4E04FF48373A0F8583096
:10A29000FFB2A189384603F0DBFF384603F09CFF8C
:10A2A000604B1B68002B00F0B480D4F81220718C36
:10A2B00030689847ADE01ABB218B594B04F1100769
:10A2C00039444FF0FF3653F8040B28B1B4F812C0EC
:10A2D0000068844508BF56B20132142AF3D13046D3
:10A2E000FFF73EFF28B9002DB7D0284601F086F8C9
:10A2F000B3E7D0F8748162693B463046C04788E0D6
:10A30000742A49D1484B267C1B78B3423ED9474B2F
:10A310001B6803EBC60713F83630002B36D0D7F88E
:10A320000490A3897B80B9F1000F0FD003AB02AA80
:10A3300001A904F11000FFF71DFF01A8434603AA7D
:10A3400002A9C8477878FFF779FE62E0182001F08B
:10A350004DF80346786038B9354A3649364840F2F8
:10A36000A333F7F78BFD54E004F110022834106892
:10A3700051681F4603C70832A2423B46F7D12F4B14
:10A3800001211868B14003F067FF42E0284A2949DB
:10A390002B4840F2AA33E4E7AB2A3AD1204A002303
:10A3A00052F8041BB9B1207C0968884213D15AB213
:10A3B0001046FFF7D5FE002895D090F888315B074E
:10A3C00044BF002380F85E31D0F878310BB3617C54
:10A3D000104698471DE00133DBB2142BE0D14FF05B
:10A3E000FF32E5E7284601F009F814E0D4F884616B
:10A3F0004FF0FF33C4F884313046FFF7B1FEFFF76A
:10A4000035FED4F87C3123B1227904F13C01304689
:10A410009847002DE6D1002005B0BDE8F08300BFCD
:10A42000786F0100746F01006C6F0100686F0100AC
:10A43000CBFC20080CFC200885F92008606F010087
:10A44000A9FC20084288612A10B5034610D007D81D
:10A45000422A13D0432A13D062B14FF0FF3008E0F4
:10A460006B2A09D0AB2A07D0622AF6D1008A00E015
:10A47000408A10BD807CFCE7187CFAE7808AF8E708
:10A48000008A0028F5D1D98A064A52F8043B23B144
:10A490005C8C8C4201D11868EBE701301428F4D1B0
:10A4A000DBE700BF786F0100024B0146186803F03C
:10A4B000D3BE00BF646F01002DE9F0410024104EAF
:10A4C000104F0546A0463378A34202D80020BDE8CD
:10A4D000F0813A6812F83410E00002EBC40319B1BD
:10A4E000596819B102F800800134ECE75D805B78AF
:10A4F00001219940044B186803F0AEFEF4E700BF59
:10A500006C6F0100686F0100606F0100037C042B19
:10A5100008D1431E033013F8012F6AB98342FAD1E0
:10A5200001207047082B07D1431E0F3013F8012F6D
:10A5300012B98342FAD1F3E70020704713B51146F0
:10A5400003F032FE044650B9012101A803F000FED9
:10A55000BDF804301BB9FCF7FFFEFCF7F5FE204602
:10A5600002B010BD1FB50A4669B10023CDE9013321
:10A5700040F6B833009301210623172003F044FE70
:10A5800005B05DF804FB2220FAE703F05DBE000091
:10A5900008B5044B1B781BB103F062FE002008BD18
:10A5A0001120FCE75E770100294A70B5002320F4F2
:10A5B0008024994208BF944243D020F4003402F52D
:10A5C0004032994208BF94423BD0224D20F4803261
:10A5D000994208BFAA4234D005F50035994208BF18
:10A5E000A8422ED005F54035994208BFA84228D090
:10A5F00020F4403605F58035994208BFAE4220D0A0
:10A6000005F58025994208BFA8421AD0124D9942FB
:10A6100008BFAC4217D0114C994208BFA04212D0DB
:10A62000A2F104120A430ED00D4A994208BF90428B
:10A6300005D002F58032994208BF904205D10B2027
:10A6400000E0092070BD0420FCE74FF0FF30F9E77F
:10A650000900010009000A000400010004000200D2
:10A660000B0001002DE9F0430C288BB005460E4687
:10A670001446074603DDC117FFF796FF0746DFF8CC
:10A68000188158F8370038B300222046114603F0ED
:10A6900073FDB5F1004F76F1000304462DD3B0F8F9
:10A6A0000C90B9F1000F01D049F48039374B4A467C
:10A6B00019780020F7F78AFB6388CDF81490142BE3
:10A6C0000DD008EBC70305AA5B68009358F8374024
:10A6D000002328463146A0470BB0BDE8F083002395
:10A6E00040F6B8320092CDE901331A46012112201A
:10A6F00003F08AFD0028E4D0EEE7254B58F83790A8
:10A70000002208EBC708964208BF9D42D8F8041003
:10A7100010D1C37B07920593037C0693037D8DF8CC
:10A720001C3083691A4808930091134605AA00213A
:10A73000C847D1E703881748964208BF85421CD115
:10A74000CDE905222279E069C3F30B039B1A089334
:10A7500004F110031344228A8DF81820628A0792AC
:10A76000C202099304D41B79DB075CBF0323059362
:10A7700008480091002305AAD9E7009123B104F10C
:10A78000100228463146D3E71A46FAE75D08000072
:10A790000B0002000B0001007C77010081F00041FA
:10A7A00002E000BF83F0004330B54FEA41044FEAB6
:10A7B000430594EA050F08BF90EA020F1FBF54EA51
:10A7C000000C55EA020C7FEA645C7FEA655C00F0ED
:10A7D000E2804FEA5454D4EB5555B8BF6D420CDDBE
:10A7E0002C4480EA020281EA030382EA000083EA41
:10A7F000010180EA020281EA0303362D88BF30BDE1
:10A8000011F0004F4FEA01314FF4801C4CEA113136
:10A8100002D0404261EB410113F0004F4FEA033395
:10A820004CEA133302D0524263EB430394EA050F20
:10A8300000F0A780A4F10104D5F1200E0DDB02FA8F
:10A840000EFC22FA05F2801841F1000103FA0EF223
:10A85000801843FA05F359410EE0A5F120050EF1E9
:10A86000200E012A03FA0EFC28BF4CF0020C43FA1A
:10A8700005F3C01851EBE37101F0004507D54FF027
:10A88000000EDCF1000C7EEB00006EEB0101B1F577
:10A89000801F1BD3B1F5001F0CD349085FEA3000BD
:10A8A0004FEA3C0C04F101044FEA445212F5800FC8
:10A8B00080F09A80BCF1004F08BF5FEA500C50F165
:10A8C000000041EB045141EA050130BD5FEA4C0C48
:10A8D000404141EB0101013C28BFB1F5801FE9D2A5
:10A8E00091F0000F04BF01460020B1FA81F308BFC8
:10A8F0002033A3F10B03B3F120020CDA0C3208DD94
:10A9000002F1140CC2F10C0201FA0CF021FA02F16E
:10A910000CE002F11402D8BFC2F1200C01FA02F1DE
:10A9200020FA0CFCDCBF41EA0C019040E41AA2BF03
:10A9300001EB0451294330BD6FEA04041F3C1CDACB
:10A940000C340EDC04F11404C4F1200220FA04F0EB
:10A9500001FA02F340EA030021FA04F345EA030195
:10A9600030BDC4F10C04C4F1200220FA02F001FA57
:10A9700004F340EA0300294630BD21FA04F02946D9
:10A9800030BD94F0000F83F4801306BF81F4801172
:10A990000134013D4EE77FEA645C18BF7FEA655CE5
:10A9A00029D094EA050F08BF90EA020F05D054EAB7
:10A9B000000C04BF1946104630BD91EA030F1EBFBC
:10A9C0000021002030BD5FEA545C05D140004941C0
:10A9D00028BF41F0004130BD14F580043CBF01F5B3
:10A9E000801130BD01F0004545F0FE4141F4700199
:10A9F0004FF0000030BD7FEA645C1ABF1946104674
:10AA00007FEA655C1CBF0B46024650EA013406BF74
:10AA100052EA033591EA030F41F4002130BD00BF33
:10AA200090F0000F04BF0021704730B54FF48064F0
:10AA300004F132044FF000054FF0000150E700BF71
:10AA400090F0000F04BF0021704730B54FF48064D0
:10AA500004F1320410F0004548BF40424FF00001BD
:10AA60003EE700BF42004FEAE2014FEA31014FEA00
:10AA700002701FBF12F07F4393F07F4F81F060514F
:10AA8000704732F07F4208BF704793F07F4F04BF9A
:10AA900041F40021704730B54FF4607401F0004577
:10AAA00021F000411CE700BF50EA010208BF7047D7
:10AAB00030B54FF000050AE050EA010208BF7047C8
:10AAC00030B511F0004502D5404261EB41014FF431
:10AAD000806404F132045FEA915C3FF4D8AE4FF039
:10AAE00003025FEADC0C18BF03325FEADC0C18BF1C
:10AAF000033202EBDC02C2F1200300FA03FC20FA6D
:10AB000002F001FA03FE40EA0E0021FA02F11444B9
:10AB1000BDE600BF70B54FF0FF0C4CF4E06C1CEAD2
:10AB200011541DBF1CEA135594EA0C0F95EA0C0F43
:10AB300000F0DEF82C4481EA030621EA4C5123EAB6
:10AB40004C5350EA013518BF52EA033541F48011E5
:10AB500043F4801338D0A0FB02CE4FF00005E1FB98
:10AB600002E506F00042E0FB03E54FF00006E1FBE2
:10AB700003569CF0000F18BF4EF0010EA4F1FF0425
:10AB8000B6F5007F64F5407404D25FEA4E0E6D4165
:10AB900046EB060642EAC62141EA55514FEAC52076
:10ABA00040EA5E504FEACE2EB4F1FD0C88BFBCF5F2
:10ABB000E06F1ED8BEF1004F08BF5FEA500E50F1A3
:10ABC000000041EB045170BD06F0004646EA010169
:10ABD00040EA020081EA0301B4EB5C04C2BFD4EB9B
:10ABE0000C0541EA045170BD41F480114FF0000E94
:10ABF000013C00F3AB8014F1360FDEBF002001F002
:10AC0000004170BDC4F10004203C35DA0C341BDC7B
:10AC100004F11404C4F1200500FA05F320FA04F04D
:10AC200001FA05F240EA020001F0004221F0004181
:10AC300010EBD37021FA04F642EB06015EEA430EF4
:10AC400008BF20EAD37070BDC4F10C04C4F1200524
:10AC500000FA04F320FA05F001FA04F240EA0200D7
:10AC600001F0004110EBD37041F100015EEA430EA8
:10AC700008BF20EAD37070BDC4F1200500FA05F2C8
:10AC80004EEA020E20FA04F301FA05F243EA020347
:10AC900021FA04F001F0004121FA04F220EA020056
:10ACA00000EBD3705EEA430E08BF20EAD37070BD9C
:10ACB00094F0000F0FD101F00046400041EB01017C
:10ACC00011F4801F08BF013CF7D041EA060195F05E
:10ACD000000F18BF704703F00046520043EB030318
:10ACE00013F4801F08BF013DF7D043EA0603704705
:10ACF00094EA0C0F0CEA135518BF95EA0C0F0CD010
:10AD000050EA410618BF52EA4306D1D181EA030155
:10AD100001F000414FF0000070BD50EA410606BF4F
:10AD20001046194652EA430619D094EA0C0F02D194
:10AD300050EA013613D195EA0C0F05D152EA0336D9
:10AD40001CBF104619460AD181EA030101F00041F7
:10AD500041F0FE4141F470014FF0000070BD41F040
:10AD6000FE4141F4780170BD70B54FF0FF0C4CF41A
:10AD7000E06C1CEA11541DBF1CEA135594EA0C0F39
:10AD800095EA0C0F00F0A7F8A4EB050481EA030E86
:10AD900052EA03354FEA013100F088804FEA03336D
:10ADA0004FF0805545EA131343EA12634FEA02223B
:10ADB00045EA111545EA10654FEA00260EF00041FC
:10ADC0009D4208BF964244F1FD0404F5407402D24E
:10ADD0005B084FEA3202B61A65EB03055B084FEADF
:10ADE00032024FF480104FF4002CB6EB020E75EBDC
:10ADF000030E22BFB61A754640EA0C005B084FEA04
:10AE00003202B6EB020E75EB030E22BFB61A754680
:10AE100040EA5C005B084FEA3202B6EB020E75EBCB
:10AE2000030E22BFB61A754640EA9C005B084FEA43
:10AE30003202B6EB020E75EB030E22BFB61A754650
:10AE400040EADC0055EA060E18D04FEA051545EA3F
:10AE500016754FEA06164FEAC30343EA52734FEAE8
:10AE6000C2025FEA1C1CC0D111F4801F0BD141EA61
:10AE700000014FF000004FF0004CB6E711F4801FC6
:10AE800004BF01430020B4F1FD0C88BFBCF5E06FA6
:10AE90003FF6AFAEB5EB030C04BFB6EB020C5FEAB6
:10AEA000500C50F1000041EB045170BD0EF0004E0B
:10AEB0004EEA113114EB5C04C2BFD4EB0C0541EA3D
:10AEC000045170BD41F480114FF0000E013C90E63A
:10AED00045EA060E8DE60CEA135594EA0C0F08BFFE
:10AEE00095EA0C0F3FF43BAF94EA0C0F0AD150EAFD
:10AEF00001347FF434AF95EA0C0F7FF425AF104690
:10AF000019462CE795EA0C0F06D152EA03353FF4B7
:10AF1000FDAE1046194622E750EA410618BF52EA34
:10AF200043067FF4C5AE50EA41047FF40DAF52EA08
:10AF300043057FF4EBAE12E74FF0FF3C06E000BFA5
:10AF40004FF0010C02E000BF4FF0010C4DF804CDB2
:10AF50004FEA410C7FEA6C5C4FEA430C18BF7FEA72
:10AF60006C5C1BD001B050EA410C0CBF52EA430CA0
:10AF700091EA030F02BF90EA020F0020704710F120
:10AF8000000F91EA030F58BF994208BF90422CBFAF
:10AF9000D8176FEAE37040F0010070474FEA410CA8
:10AFA0007FEA6C5C02D150EA013C07D14FEA430CC6
:10AFB0007FEA6C5CD6D152EA033CD3D05DF8040B37
:10AFC000704700BF8446104662468C461946634669
:10AFD00000E000BF01B5FFF7B7FF002848BF10F140
:10AFE000000F01BD4DF808EDFFF7F4FF0CBF012085
:10AFF00000205DF808FB00BF4DF808EDFFF7EAFF01
:10B0000034BF012000205DF808FB00BF4DF808EDBB
:10B01000FFF7E0FF94BF012000205DF808FB00BFB0
:10B020004DF808EDFFF7CEFF94BF012000205DF83A
:10B0300008FB00BF4DF808EDFFF7C4FF34BF012047
:10B0400000205DF808FB00BF4A0011D212F5001283
:10B0500011D20DD56FF47873B3EB62520ED44FEA70
:10B06000C12343F0004343EA505323FA02F07047F0
:10B070004FF00000704750EA013002D14FF0FF302E
:10B0800070474FF00000704753B94AB9002908BF14
:10B0900000281CBF4FF0FF314FF0FF3000F06AB9BD
:10B0A000ADF1080C6DE904CE00F006F8DDF804E01F
:10B0B000DDE9022304B070472DE9F047089D0C46F6
:10B0C000002B4ED194468C458646B2FA82F262D964
:10B0D0004AB1C2F12003914020FA03F30CFA02FCBA
:10B0E000194300FA02FE4FEA1C471FFA8CF6B1FB27
:10B0F000F7F44FEA1E4307FB141143EA014304FB34
:10B1000006F199420AD91CEB030304F1FF3080F0E9
:10B110001381994240F21081023C6344591A1FFA8C
:10B120008EF3B1FBF7F007FB101143EA014300FB7C
:10B1300006F69E420AD91CEB030300F1FF3180F0B2
:10B14000FD809E4240F2FA80634402389B1B40EA35
:10B15000044000211DB1D3400022C5E90032BDE802
:10B16000F0878B4205D90DB1C5E9000100210846E1
:10B17000F5E7B3FA83F1002946D1A34202D3904206
:10B18000C0F0F180861A64EB03030120002DE6D0A5
:10B19000C5E90063E3E7002A40F09180A1EB0C04CD
:10B1A0004FEA1C481FFA8CF70121B4FBF8F64FEA6E
:10B1B0001E4308FB164443EA044307FB06F098428B
:10B1C00008D91CEB030306F1FF3402D2984200F2C7
:10B1D000CE8026461C1A1FFA8EF3B4FBF8F008FB4B
:10B1E000104443EA044300FB07F79F4208D91CEBD5
:10B1F000030300F1FF3402D29F4200F2B1802046E7
:10B20000DB1B40EA0640A5E7C1F120068B4022FA8D
:10B2100006F71F4320FA06FC04FA01F343EA0C0385
:10B22000F44000FA01F8380C4FEA1349B4FBF0FE81
:10B230001FFA87FC00FB1E4449EA04440EFB0CF98C
:10B24000A14502FA01F20AD93C190EF1FF3A80F049
:10B250008580A14540F28280AEF1020E3C44A4EB11
:10B2600009041FFA83F9B4FBF0F300FB134449EA25
:10B27000044403FB0CFCA44507D93C1903F1FF303F
:10B2800068D2A44566D9023B3C4443EA0E40A0FB89
:10B290000293A4EB0C049C42CE469C4652D34FD062
:10B2A00055B1B8EB0E0364EB0C0404FA06F6CB4080
:10B2B000CC401E43C5E900640021BDE8F087C2F11F
:10B2C000200320FA03F10CFA02FC24FA03F3944061
:10B2D0000C434FEA1C4800FA02FE1FFA8CF7B3FB3E
:10B2E000F8F008FB1031230C43EA014300FB07F19F
:10B2F000994208D91CEB030300F1FF362CD2994286
:10B300002AD9023863445B1AA4B2B3FBF8F108FBF4
:10B31000113344EA034401FB07F3A34208D91CEBB1
:10B32000040401F1FF3613D2A34211D90239644457
:10B33000E41A41EA004138E70446EFE6084605E72B
:10B34000C845ADD2B9EB020E63EB070C0138A7E795
:10B350003146EDE7034698E73046D4E7D6467EE728
:10B36000634402384CE70646234608460EE7023E91
:10B3700063442FE7704700BF1FB514461A46094BB8
:10B380001B680546D86854B9074B1C46CDE9013403
:10B3900000912B46054900F033FE01F097F8044B6D
:10B3A000F4E700BF78080000B6F92008D0012108B2
:10B3B000C3012108024B0A460146186800F002B892
:10B3C0007808000070B5A1FB02543CB9294600F092
:10B3D0003FF8064628B90026304670BD0C220260B0
:10B3E000F9E72A46214600F093FFF5E7024B0146B4
:10B3F000186800F02DB800BF78080000024B014625
:10B40000186801F01FBF00BF7808000070B50F4E2C
:10B410000C463168054611B900F0BAFF306021468C
:10B42000284600F0B5FF431C03D14FF0FF342046FF
:10B4300070BDC41C24F00304A042F8D0211A284691
:10B4400000F0A6FF0130F2D1EFE700BF2078010045
:10B450002DE9F041CD1C25F0030508350C2D38BF32
:10B460000C25002D064601DBA94204D90C233360CC
:10B470000020BDE8F081314F00F062F83B681C46C7
:10B4800044BB29463046FFF7C1FF431C044650D158
:10B490003C682146002941D1002C44D02368304625
:10B4A00004EB030800F074FF80453CD121686D1A5D
:10B4B00029463046FFF7AAFF013034D023682B44D9
:10B4C00023603B68002B36D05A68A24229D1002263
:10B4D0005A600EE02268521B1DD40B2A16D961193E
:10B4E000A342256018BF5960636808BF3960625184
:10B4F0004B60304600F02AF804F10B00231D20F0C9
:10B500000700C21AB5D01B1AA350B2E7A342626863
:10B51000DED13A60EDE723466468B1E70C4649683E
:10B52000B8E71346CEE70C233360304600F00EF840
:10B530009EE70560DDE75B60FFDE00BF2478010069
:10B54000014800F048BF00BF68790100014800F0E1
:10B5500043BF00BF68790100164B10B51C68236B10
:10B56000B3B91820FFF742FF0246206320B9124BFF
:10B5700012485221FFF700FF1149124BC0E9001396
:10B58000114B83600B23838100210120C2E9040158
:10B59000216B0E480B694C690D4A584302FB0400AD
:10B5A000A3FB0232013340EB0200C1E9043020F07A
:10B5B000004010BD78080000FF0121081602210894
:10B5C0000E33CDAB34126DE6ECDE05002DF4515890
:10B5D0002D7F954C2DE9F04F89B0DDE91598002BB2
:10B5E0001D461446BCBF03F10043144628F0200A50
:10B5F000149AB6BF1D4600232D23BAF1460FDDE98C
:10B60000126B137005D0BAF1450F00D10136022339
:10B6100000E0032307AA049206AACDE90292CDE92D
:10B62000003622462B4600F0E3FFB8F1670F0746CD
:10B6300019D11BF0010F0ED007EB060800220023E2
:10B6400020462946FFF7CEFC08B1CDF81C803022F9
:10B65000079B434521D3079B179ADB1B3846136092
:10B6600009B0BDE8F08FB8F1470FE2D0BAF1460F4C
:10B6700000EB0608E2D10378302B0AD10022002328
:10B6800020462946FFF7AEFC18B9C6F10106C9F8F5
:10B690000060D9F800309844D0E7591C07911A701F
:10B6A000D6E7F7B50029BABF49422D232B23092934
:10B6B0000270437029DD0DF107031D460A271A4663
:10B6C000B1FBF7F607FB1614303402F8014C0C46B8
:10B6D000632C03F1FF333146F1DC3031941E03F863
:10B6E000011C411C2346AB420AD30DF109039B1AEE
:10B6F000AC4288BF002302330344181A03B0F0BDE4
:10B7000013F8016B01F8016FEDE7302330318370DE
:10B71000C170031DF1E700002DE9F04F91B00C4618
:10B72000DDF8688016461F46054600F0F9FD0368FF
:10B730000893184600F0C2FE00230E93D8F800309C
:10B740000990073323F0070303F1080294F818A0C7
:10B75000D4F800B0C8F80020D3E9008929F00043EC
:10B760000B93CDF82880C4E91289DDE90A019C4BCE
:10B770004FF0FF3202F088FC70BBDDE90A01984B04
:10B780004FF0FF32FFF742FC30BB0022002340465F
:10B790004946FFF731FC10B12D2384F84330914A1C
:10B7A000914BBAF1470F94BF90469846032323610B
:10B7B0002BF0040323604FF00009009733460FAAD3
:10B7C0002146284600F0DEF9013040F099804FF024
:10B7D000FF3011B0BDE8F08F42464B464046494627
:10B7E00002F052FC40B14B46002BBCBF2D2384F825
:10B7F00043307E4A7E4BD4E763685A1C29D1062326
:10B8000063604BF480630022236006920EAACDE9A8
:10B8100004A20DAA03920DF13302CDE9013263684F
:10B82000009342464B462846FFF7D4FEBAF1670F15
:10B830000D99804615D1CB1C3BDB6368994238DCFF
:10B840000E9B994255DB23682161D80745D54B1CD7
:10B8500042E00AF0DF02472AD3D1002BD1D10123E5
:10B86000CEE7BAF1470F07D1C81C25DB63688B42CE
:10B8700022DB4FF0670AE3E7BAF1650F1FD8013901
:10B88000524604F150000D91FFF70BFF0E9A13186A
:10B89000012A8146236102DC2268D20701D50133E7
:10B8A00023619DF83330002B87D02D2384F843305B
:10B8B00083E74FF0650AE2E74FF0450ADFE7BAF1A8
:10B8C000660FBDD1002963680BDD216113B92268C1
:10B8D000D00702D501330B442361A1654FF0000965
:10B8E000DFE713B92268D20701D50233F4E7012359
:10B8F000F2E70029D4BFC1F1020201221344EBE7B1
:10B9000023685A0507D42369424631462846B8477A
:10B9100001302BD15BE7BAF1650F40F2DC80D4E94E
:10B92000120100220023FFF75DFB002833D0314ACB
:10B93000012331462846B84701303FF448AFDDE9DE
:10B940000D38434502DB2368D8070FD5DDE908230E
:10B9500031462846B84701303FF439AF4FF000096F
:10B9600008F1FF3804F11A0AC84509DC23689B076F
:10B9700000F10281E0680F9B9842B8BF184628E7A3
:10B980000123524631462846B84701303FF41FAFE5
:10B9900009F10109E8E70D9B002B38DC154A01236A
:10B9A00031462846B84701303FF411AFDDE90D3983
:10B9B00059EA030302D12368D907D7D5DDE9082363
:10B9C00031462846B84701303FF401AF4FF0000A36
:10B9D00004F11A0B0D9B5B4253450DDC4B4693E77C
:10B9E000FFFFEF7F7003210874032108780321080B
:10B9F0007C0321088003210801235A46314628464A
:10BA0000B84701303FF4E3AE0AF1010AE2E7A36D63
:10BA1000DDF838A05345A8BF5346002B994636DCC5
:10BA20004FF0000B29EAE97904F11A02A36D0A9399
:10BA3000A3EB09035B4531DC0D9B9A453ADC236897
:10BA4000DA0737D40D9BAAEB03090A9BAAEB030381
:10BA50009945A8BF9946B9F1000F33DC4FF00008B3
:10BA600029EAE97904F11A0B0D9BAAEB0303A3EB76
:10BA7000090343457FF77AAF01235A4631462846EA
:10BA8000B84701303FF4A3AE08F10108ECE74246A5
:10BA900031462846B8470130C2D198E601233146E5
:10BAA00028460A92B84701303FF491AE0A9A0BF14A
:10BAB000010BBBE7DDE9082331462846B8470130D2
:10BAC000C0D184E60A9A4B46424431462846B847DC
:10BAD0000130C3D17BE6DDF838A0BAF1010F01DCFB
:10BAE000DB0736D50123424631462846B8470130A8
:10BAF0003FF46DAEDDE9082331462846B8470130F2
:10BB00003FF465AED4E91201002200230AF1FF3AA6
:10BB1000FFF768FAC0B9534608F1010231462846DA
:10BB2000B84701300CD152E601235A463146284627
:10BB3000B84701303FF44BAE08F10108D045F3DBC4
:10BB40004B4604F15002E0E64FF0000804F11A0BF6
:10BB5000F4E701234246E1E701234A4631462846FD
:10BB6000B84701303FF433AE08F10108E3680F999C
:10BB70005B1A4345F0DCFDE64FF0000804F11909BB
:10BB8000F4E700BF2DE9F047164698468A680B692E
:10BB9000DDF820909342B8BF1346336091F84320FC
:10BBA00007460C460AB1013333602368990642BF49
:10BBB000336802333360256815F0060506D104F1B9
:10BBC000190AE36832689B1AAB4226DC94F84330CA
:10BBD0002268003B18BF012392062BD404F14302D4
:10BBE00041463846C84701301ED02368226903F019
:10BBF0000603042B02BFE5683368ED1AA3680CBF87
:10BC000025EAE57500259342C4BF9B1AED1800266E
:10BC10001A34B5421AD1002008E0012352464146A9
:10BC20003846C847013003D14FF0FF30BDE8F087F8
:10BC30000135C6E7E1185A1C302081F84300224440
:10BC400094F8451082F843100233C7E701232246D7
:10BC500041463846C8470130E6D00136D9E70000F2
:10BC60002DE9FF470F7E0C9E782F914680460C46AB
:10BC70009A4601F1430207D8622F0AD8002F00F03C
:10BC8000DD80582F00F0C38004F1420684F8427032
:10BC90003AE0A7F16303152BF6D801A151F823F080
:10BCA000F9CC20080DCD200889CC200889CC2008AB
:10BCB00089CC200889CC20080DCD200889CC20080B
:10BCC00089CC200889CC200889CC200823CE2008E4
:10BCD0009BCD2008DBCD200889CC200889CC20080A
:10BCE00045CE200889CC20089BCD200889CC20088F
:10BCF00089CC2008E3CD200833681A1D1B68326008
:10BD000004F1420684F842300123A8E03168236838
:10BD1000081D30601E0601D50D6803E05D06FBD5E9
:10BD2000B1F900506168002D78DA2D20002984F8DF
:10BD30004300A1602DDA5E486D420A231646B5FB2A
:10BD4000F3F103FB1157C75D06F8017D2F46BB4297
:10BD50000D46F4D9082B0BD12368DF0708D52369DA
:10BD600061689942DEBF302306F8013C06F1FF36D8
:10BD7000921B2261CDF800A04B4603AA2146404603
:10BD8000FFF700FF01306FD14FF0FF3004B0BDE886
:10BD9000F08723F004032360CDE7216833680806A9
:10BDA00053F8045B02D4490648BFADB26F2F404838
:10BDB000336014BF0A230823002184F84310666807
:10BDC000A660002EBADB216821F004012160002D5D
:10BDD000B4D1002EB2D11646BCE7236843F020034D
:10BDE00023603448782784F84570236831681F063B
:10BDF00051F8045B02D45F0648BFADB23160D90789
:10BE000044BF43F0200323601DB11023D4E728482A
:10BE1000E9E7236823F020032360F6E724480A2398
:10BE2000CDE7336825686169181D30602E061B68F0
:10BE300001D5196002E06806FBD519800023236153
:10BE4000164697E733681A1D32601E686268002143
:10BE5000304600F0D5FA08B1801B6060636823614A
:10BE6000002384F8433085E723693246494640463B
:10BE7000D047013088D023689B0714D4E068039B27
:10BE80009842B8BF184681E70123324649464046EA
:10BE9000D04701303FF478AF0135E36803995B1A6E
:10BEA000AB42F1DCEAE7002504F11906F5E700BF33
:10BEB0008203210893032108002310B50446C0E93A
:10BEC0000033C0E90433836081814366C2818361AA
:10BED000194608225C3000F01BFA0D4B63620D4BD3
:10BEE000A3620D4BE3620D4B23630D4B24629C4216
:10BEF00006D003F16802944202D0D0339C4205D1AF
:10BF000004F15800BDE8104000F064BA10BD00BF55
:10BF100041D1200863D120089BD12008BFD120083F
:10BF200028780100024A0349034800F07BB800BFAB
:10BF30006C08000071ED20087C08000041680C4B83
:10BF4000994210B5044601D001F012FFA168094BD7
:10BF5000994202D0204601F00BFFE168064B99425E
:10BF600004D02046BDE8104001F002BF10BD00BF64
:10BF70002878010090780100F878010010B50B4B8B
:10BF80000B4C0C4A1A60204600220421FFF794FF54
:10BF900004F1680001220921FFF78EFF04F1D000AF
:10BFA0000222BDE810401221FFF786BF6079010030
:10BFB0002878010025CF2008014800F00CBA00BF06
:10BFC00069790100014800F007BA00BF69790100F2
:10BFD00010B50446FFF7F0FF236A1BB1BDE810401F
:10BFE000FFF7F0BF044B2362044B1B68002BF5D115
:10BFF000FFF7C4FFF2E700BF3DCF200860790100E2
:10C000000EB403B5014603AB054853F8042B006892
:10C01000019301F011FD02B05DF804EB03B070472D
:10C02000780800002DE9F8430746884614460026A4
:10C03000D4E90195B9F1010905D52468002CF7D19F
:10C040003046BDE8F883AB89012B07D9B5F90E302E
:10C05000013303D029463846C04706436835E9E72F
:10C060000FB407B5064904AB086853F8042B816880
:10C07000019301F0E1FC03B05DF804EB04B07047FC
:10C0800078080000036A70B5846805460E460BB94F
:10C09000FFF79EFF636EDB0705D4A389980502D4E2
:10C0A000A06D00F098F9A389190702D52369002B28
:10C0B00035D12146284600F0C5F880B34FF0FF3552
:10C0C000636EDA0705D4A3899B0502D4A06D00F046
:10C0D00083F9284670BD002B15DB23685A1C2260AB
:10C0E0001970A36816F8011F013BA3600029F2D163
:10C0F000002B16DA22460A21284600F064F80130A7
:10C10000DCD00A25DCE7A2699A4201DC0A29E4D1E5
:10C110002246284600F057F80130E2D1CEE7013E32
:10C12000DFE723685A1C22600A221A70E9E7000040
:10C13000024B01461868FFF7A5BF00BF7808000052
:10C1400010B50C46B1F90E1000F010F90028ABBF85
:10C15000636DA3891B1823F48053ACBF6365A3816F
:10C1600010BD2DE9F0411F468B89DB0505460C46C5
:10C17000164605D5B1F90E100223002200F0E4F8AE
:10C18000A389B4F90E1023F48053A38132463B46B1
:10C190002846BDE8F04100F00BB910B50C46B1F9E6
:10C1A0000E1000F0D1F8431CA38915BF606523F47D
:10C1B000805343F48053A38118BFA38110BDB1F90C
:10C1C0000E1000F0B1B8F8B50E461446054618B189
:10C1D000036A0BB9FFF7FCFEA369A360A3891A07E2
:10C1E00001D5236943B92146284600F02BF818B140
:10C1F0004FF0FF373846F8BD23682269981A636903
:10C20000F6B28342374605DC2146284601F0B0FDF0
:10C210000028EDD1A368013BA36023685A1C22606B
:10C220001E706269431C9A4204D0A389DB07E1D5E2
:10C230000A2EDFD12146284601F09AFD0028D9D0E8
:10C24000D6E7000038B5294B054618680C4618B1EA
:10C25000036A0BB9FFF7BCFEB4F90C30190722D4FE
:10C26000DA0607D409222A6043F04003A3814FF085
:10C27000FF3033E0580712D5616B41B104F144033C
:10C28000994202D0284600F0DDFF00236363A389B2
:10C2900023F02403A3810023636023692360A3891F
:10C2A00043F00803A38123694BB9A38903F42073E6
:10C2B000B3F5007F03D02146284601F0A7FDB4F96D
:10C2C0000C3013F001020AD00022A26062695242CF
:10C2D000A261226942B913F08000C5D138BD990727
:10C2E00058BF6269A260F4E70020F7E77808000011
:10C2F00010B501390244904201D1002005E00378D5
:10C3000011F8014FA34201D0181B10BD0130F2E714
:10C3100002440346934200D1704703F8011BF9E73A
:10C3200000487047B809000038B5064D00230446A0
:10C3300008462B60F6F7F4F8431C02D12B6803B1D2
:10C34000236038BD6479010038B5074D04460846BE
:10C35000114600222A601A46F6F7ECF8431C02D177
:10C360002B6803B1236038BD6479010038B5074DEF
:10C3700004460846114600222A601A46F6F7DCF801
:10C38000431C02D12B6803B1236038BD64790100DE
:10C3900038B5064D0023044608462B6001F0B2FE76
:10C3A000431C02D12B6803B1236038BD64790100BE
:10C3B00038B5074D04460846114600222A601A4641
:10C3C000F6F78CF8431C02D12B6803B1236038BD0B
:10C3D0006479010070477047704710F8012B11F81D
:10C3E000013B012A28BF9A42F7D0D01A7047034672
:10C3F00011F8012B03F8012B002AF9D17047000036
:10C4000001F0FF01102A2BDB10F0070F08D010F805
:10C41000013B013A8B422DD010F0070F42B3F6D109
:10C42000F0B441EA012141EA014122F007047FF022
:10C4300000070023F0E80256083C85EA010586EA79
:10C44000010685FA47F5A3FA87F586FA47F6A5FAB5
:10C4500087F68EB9EED1F0BC01F0FF0102F00702C1
:10C4600032B110F8013B013A83EA010313B1F8D16C
:10C470000020704701387047002D06BF354603384D
:10C48000073815F0010F07D1013015F4807F02BF86
:10C49000013015F4C03F0130F0BC0138704700BFD7
:10C4A0000A44914200F1FF3300D1704710B511F8F2
:10C4B000014B03F8014F9142F9D110BD034613F827
:10C4C000012B002AFBD1181A0138704708B5062045
:10C4D00001F000FD0120F5F7FBFF2DE9F74F03699F
:10C4E0000C69A34207467EDB013C01F11408A3005E
:10C4F00000F11405009305EB8403019358F82430F0
:10C5000055F8242001339A4208EB8409B2FBF3F674
:10C510002ED34FF0000AC446AE46D3465CF8043B27
:10C5200098B206FB00A0020C1B0C06FB0323DEF8EE
:10C53000002080B292B2121A5A44DEF800004FEA8C
:10C54000134A9BB2C3EB224303EB104392B242EA7D
:10C550000342E1454EF8042B4FEA234BDED2009B09
:10C56000EB582BB9019B043B9D421A462FD33C61EB
:10C57000384601F02FF9002825DB2946002058F81D
:10C58000042BD1F800C01FFA82FE1FFA8CF3A3EB34
:10C590000E030344120CC2EB234202EB1C429BB27B
:10C5A00043EA0243C14541F8043B4FEA2240E6D248
:10C5B00055F8242005EB840322B9043B9D421A461A
:10C5C0000BD33C610136304603B0BDE8F08F1268F2
:10C5D000043B002ACBD1013CC6E71268043B002A89
:10C5E000EFD1013CEAE70020EEE700000000000088
:10C5F0002DE9F04FC76997B014461D46CDE90445B3
:10C60000239E83467FB91020FEF7F0FE0246CBF84A
:10C610001C0020B9A64BEF21A648FEF7ADFEC0E9ED
:10C6200001770760C760DBF81C30196859B15A6898
:10C630004A60012393408B60584600F08DFEDBF882
:10C640001C3000221A602B1EB9BF23F00043059353
:10C6500000233360059F984BBCBF01223260BB436F
:10C6600019D1229A42F20F731360C7F313032343C5
:10C6700000F0DE85249B53B9904B21E0904B08934A
:10C680000833249A1360089817B0BDE8F08F8B4BDD
:10C6900008930333F5E79DED047B002251EC170B63
:10C6A00000238DED0C7BFEF79DFC804650B1229A55
:10C6B00001231360249B13B1249A824B1360824B95
:10C6C0000893E0E714AB019315AB00935846DDE9FE
:10C6D0000C2301F02FF9C7F30A560390002E79D0EE
:10C6E0000D9BCDF84C80C3F31303DDE90C0143F03F
:10C6F0007F5343F44013A6F2FF3619460022734BD2
:10C70000FEF750F864A3D3E90023FEF703FA64A30D
:10C71000D3E90023FEF748F8044630460D46FEF7FD
:10C720008FF961A3D3E90023FEF7F4F902460B4623
:10C7300020462946FEF738F804460D4601F0BAFCBB
:10C7400000220746002320462946FEF755FC40B14B
:10C750003846FEF775F922462B46FEF743FC00B932
:10C76000013F162F53D85A4B03EBC703D3E90023DD
:10C77000DDE90C01FEF740FC00284AD0013F002310
:10C780001293149B9B1B5A1E45BFC3F101030993CF
:10C79000002300230A9254BF09930A93002F3ADB27
:10C7A0000A9B0F973B440A9300230B93209B092B72
:10C7B00067D8052BC4BF043B2093209BA3F1020341
:10C7C000CCBF00240124032B00F28680DFE803F0B5
:10C7D0002B383657DDE914631E4406F23243202B12
:10C7E000C1BFC3F140039F4006F2124324FA03F392
:10C7F000D6BFC3F1200347EA030004FA03F0FEF7B3
:10C800000FF90122A1F1F873013E139275E701239C
:10C81000B6E71290B5E7099BDB1B09937B420B93AC
:10C8200000230F93C2E700230E93219B002B56DCBD
:10C830000123069399461A4621920CE00123F3E75F
:10C8400000230E93219BFB1803F1010906934B462D
:10C85000012BB8BF0123DBF81C000021042202F1E8
:10C8600014059D423FD94160584600F035FD0890BF
:10C8700000283BD1174B024640F2AF11CCE6012312
:10C88000DFE70124002320930E944FF0FF3306933B
:10C89000994600221223CFE761436F63A787D23FF7
:10C8A000B3C8608B288AC63FFB799F501344D33F9F
:10C8B000FF012108B10321080000F07FAD0321082A
:10C8C000A403210881032108800321080000F83F08
:10C8D000B00421080A04210801230E93D5E7219B07
:10C8E00006939946B7E701315200B8E7DBF81C30F0
:10C8F000089A1A60B9F10E0F6FD8002C6DD0002F76
:10C9000036DDA14B07F00F0203EBC20393ED007B72
:10C91000F8058DED107B4FEA271417D59B4BDDE909
:10C920000C01D3E90823FEF71FFACDE9040104F056
:10C930000F044FF00308954D5CB9DDE91023DDE9E4
:10C940000401FEF711FACDE904012BE04FF00208D3
:10C95000F1E7E10709D5DDE91001D5E90023FEF78C
:10C96000D9F8CDE9100108F1010864100835E3E7B2
:10C9700000F007817C42844B844D04F00F0203EBEE
:10C98000C203D3E90023DDE90C01FEF7C3F8CDE9CA
:10C990000401241100234FF00208002C40F0E58030
:10C9A000002BD0D1129BDDE90445002B00F04B8118
:10C9B000774B002220462946FEF71EFB002800F098
:10C9C0004281B9F1000F00F03E81069B002B00F37D
:10C9D000E380DDE90C34CDE90434159B002B02DB48
:10C9E0000E2F40F341820E9A002A40F066820B9C83
:10C9F000DDF824800025B8F1000F0DD00A9B002B34
:10CA00000ADD4345099AA8BF4346D21A09920A9AF9
:10CA1000A8EB0308D31A0A930B9B0BB30E9B002BB6
:10CA200000F0A582002C00F0A0822946224658463C
:10CA300000F00AFE039A01460546584600F05AFDEA
:10CA400003990646584600F087FC0B9B1B1B0B9373
:10CA500000F090820B9A3146584600F0F5FD0390A5
:10CA60000121584600F030FD0F9B0446002B00F0DA
:10CA700083821A460146584600F0E6FD209B012BB2
:10CA8000044603DC049B002B00F07B820026236914
:10CA900004EB8303186900F0C7FC0F96C0F1200077
:10CAA0000A9B184410F01F0000F09082C0F1200390
:10CAB000042B40F38082099BC0F11C0003440993BE
:10CAC0000A9B034480440A93099B002B05DD0399CC
:10CAD0001A46584600F012FE03900A9B002B05DD13
:10CAE00021461A46584600F009FE0446129B002BC8
:10CAF00000F075820398214600F06CFE002880F259
:10CB00006E82002303990A22584600F047FC0E9BD0
:10CB100003907E1E002B00F05B82002329460A2230
:10CB2000584600F03BFC069B002B054603DC209B8F
:10CB3000022B00F35D82B8F1000F05DD2946424665
:10CB4000584600F0DBFD05460F9B002B00F0CF821E
:10CB50006968584600F0C0FB0746002840F07E8216
:10CB60000C4B024640F2EF2156E5E20706D5D5E927
:10CB70000023FDF7CFFF08F10108012364100835F9
:10CB80000BE74FF002080DE7B004210888042108E4
:10CB90000000F03F0A0421082046AD4B0022294640
:10CBA000FDF7B8FFCDE90401069C7E1E08F10108DF
:10CBB0004046FDF745FFDDE90423FDF7ABFFA54B3C
:10CBC0000022FDF7F1FDA1F15073CDE910011193A1
:10CBD000002C3BD1DDE904019F4B0022FDF7E2FD73
:10CBE00002460B46CDE90423DDE91023FEF722FAC5
:10CBF000002840F05781DDE9102101F10043DDE913
:10CC00000401FEF7F9F900283FF4E3AE00242546BD
:10CC1000219BDDF820A0DE434FF000082146584656
:10CC200000F09AFB002D00F0A980B8F1000F05D0AC
:10CC3000A84503D04146584600F08EFB2946584689
:10CC400000F08AFB9AE03E464C46B1E7834B03EB8B
:10CC5000C40353E90201089B1C440E9B002B4AD0DD
:10CC600002460B4600207E49FEF77EF8DDE91023E0
:10CC7000FDF798FDCDE91001DDF820A0DDE9040104
:10CC800001F018FA0546FDF7DBFE02460B46DDE92A
:10CC90000401FDF787FD3035CDE9040102460B465E
:10CCA0000AF8015BDDE91001FEF7C4F9002865D13F
:10CCB000DDE904236B490020FDF774FD02460B46B5
:10CCC000DDE91001FEF7B6F9002840F00D81A2451C
:10CCD00000F0EA80DDE910015D4B0022FDF71AFF4C
:10CCE0005B4BCDE910010022DDE90401FDF712FFE5
:10CCF000CDE90401C2E7DDE91023FDF70BFFCDE923
:10CD00001001DDF820A0A046DDE9040101F0D2F910
:10CD10000546FDF795FE02460B46DDE90401FDF7E9
:10CD200041FD30350AF8015B02460B46A245CDE9CC
:10CD300004234FF0000223D1494BDDE91001FDF738
:10CD400033FD02460B46DDE90401FEF773F90028C6
:10CD500040F0CA80DDE9102341490020FDF722FDA3
:10CD600002460B46DDE90401FEF746F970B1C24602
:10CD700008F1FF381AF8013C302BF8D0374655E05F
:10CD8000334BFDF7C7FECDE90401BDE7DDE90C3407
:10CD9000CDE90434159B002BFFF629AE0E2F3FF78B
:10CDA00026AE2E4B03EBC70393ED007B219B002B9C
:10CDB0008DED067B02DAB9F1000F64D0DDE90445A0
:10CDC000DDF820A0DDE9062320462946FDF7CCFF4B
:10CDD00001F070F90646FDF733FEDDE90623FDF7A5
:10CDE00099FE02460B462046294606F13004FDF71F
:10CDF000D9FC0AF8014B089CAAEB0404A1450246A1
:10CE00000B4640F08280FDF7CFFCDDE906230446A7
:10CE10000D46FEF70FF9002865D1DDE9062320460F
:10CE20002946FEF7DFF808B1F3075CD403995846AA
:10CE300000F092FA00238AF80030229B01371F602D
:10CE4000249B002B3FF41FACC3F800A01BE400BFE1
:10CE50000000244000001C4000001440B0042108E1
:10CE60000000E03F0000F03FA24B03EBC70393ED4F
:10CE7000007B219B002B8DED067B9FDAB9F1000F23
:10CE80009CDC7FF4C3AE9C4B0022DDE90601FDF77C
:10CE900041FEDDE90423FEF7C3F8044600287FF4D1
:10CEA000B5AE3E462546B4E0DDE90C34CDE90434A8
:10CEB000159B002B01DB0E2FD6DD209A012A36DCD4
:10CEC000139A82B303F233430B9CDDF82480099A52
:10CED0001A4409920A9A01211A4458460A9200F00B
:10CEE000F3FA054687E53E4653469A4613F8012D68
:10CEF000392A06D1089A9A42F7D108993022013688
:10CF00000A701A7801321A7038E77C4B0022FDF75C
:10CF100001FE0022002304460D46FEF763F80028B8
:10CF20003FF450AF82E7149BC3F13603CCE70B9B71
:10CF300009F1FF34A34208DBB9F1000FA3EB0404AD
:10CF40000EDBDDF824804B46C1E70B9B0F9A0B9458
:10CF5000E31A1A44DDF824800F924B460024B6E70A
:10CF6000099BA3EB09080023B1E7039E72E50B9A26
:10CF7000039971E5039673E5209B012B17DC049B55
:10CF8000ABB9059BC3F313039BB9059B23F0004684
:10CF9000360D360536B1099B013309930A9B0133DF
:10CFA0000A9301260F9B002B7FF471AD0F96012091
:10CFB00076E50026F6E73FF487AD099A1C331A445C
:10CFC00009920A9A1A4498440A927DE50346F4E7C6
:10CFD000069B002B2BDC209B022B09DC27E0B9F100
:10CFE000000F1DDC209B022B1ADDCDF818903E4669
:10CFF000069B002B7FF40CAE21460522584600F01C
:10D00000CDF901460446039800F0E4FB00287FF7C1
:10D01000FFADDDF820A031230AF8013B0136FBE526
:10D020000E9BCDF818903E46002B7FF484AD089FF0
:10D0300003982146FFF751FA00F1300907F8019BE8
:10D04000089B069AFB1A9A4240F3CB80039900236F
:10D050000A22584600F0A2F90390E9E72A69023251
:10D06000920005F10C010C30FFF71AFA0122394643
:10D07000584600F043FB089B089A03F1010A069BFF
:10D0800013440A93049B03F00103A8460B9305463F
:10D090000AF1FF33214603980693FFF71EFA414633
:10D0A000099000F13009039800F094FB2A462146CC
:10D0B0000746584600F0AAFBC268014602B358462C
:10D0C00000F04AF9002F3ADA03990122584600F09D
:10D0D00015FB2146039000F07DFB002803DC29D1DD
:10D0E00019F0010F26D0B9F1390F1DD132E02846D1
:10D0F000C1E700BFB0042108000014400000244034
:10D100000E90039800F066FB0E990C90584600F0C4
:10D1100023F90C9A5ABB209B53B90B9B43B9B9F125
:10D12000390F17D0002F05DD099B03F1310901E00C
:10D13000002F2ADADDF818A00AF8019B6EE5209B83
:10D140003B4304D1049B03F00103002BBCD0B9F195
:10D15000390F36D1069F392307F8013BBA46013F04
:10D160001AF8013C392B5BD001333B7056E5002F98
:10D1700006DB209B3B4306D1049B03F0010313B95C
:10D18000002AA1DCD6E7002AE1DC0A9B0AF8019C10
:10D19000534557462FD0039900230A22584600F0E2
:10D1A000FDF8A84503904FF000034FF00A024146F6
:10D1B00058460BD100F0F2F8804605460AF1010A04
:10D1C00066E7DDF818A009F10109B5E700F0E6F817
:10D1D0002946804600230A22584600F0DFF805461B
:10D1E000ECE7069B002BC8BF1F46089BD8BF012752
:10D1F0001F444FF0000803990122584600F07EFAC0
:10D200002146039000F0E6FA0028A7DC02D119F0CD
:10D21000010FA3D1BA4617F8013D302BFAD0FDE437
:10D22000089BBB429AD1089A312301361370F5E46A
:10D23000249B002B7FF422AA014BFFF741BA00BFC9
:10D24000A403210838B50546002941D051F8043C13
:10D250000C1F002BB8BFE418FEF772F91D4A1368C3
:10D2600033B9636014602846BDE83840FEF76EB9F4
:10D27000A34208D9206821188B4201BF19685B6856
:10D2800009182160EDE71A465B680BB1A342FAD991
:10D2900011685018A0420BD12068014450188342F5
:10D2A0001160E0D118685B68536008441060DAE7E9
:10D2B00002D90C232B60D6E7206821188B4204BFCB
:10D2C00019685B68636004BF091821605460CAE78D
:10D2D00038BD00BF2478010070B5C66904460D460C
:10D2E00076B91020FEF782F80246E06120B9184BAB
:10D2F00018486B21FEF740F8C0E901660660C66079
:10D30000E669F36883B1E369DB6853F82500B8B9CF
:10D31000012101FA05F6721D92002046FEF752F82F
:10D3200060B1C0E901560EE0212204212046FEF73B
:10D3300049F8E369F060DB68002BE4D1002070BDA0
:10D34000026843F825200023C0E90333F7E700BF54
:10D35000FF0121081B04210870B5C66905460C466B
:10D3600076B91020FEF742F80246E86120B9094B71
:10D3700009488F21FEF700F8C0E901660660C66023
:10D380003CB1EB696268DB6853F82210216043F816
:10D39000224070BDFF0121081B0421082DE9F04146
:10D3A0000D6907460C461E4601F1140C0020DCF8FE
:10D3B000003099B202FB01611E0C0B0C02FB06331C
:10D3C00089B2013001EB034185424CF8041B4FEA5E
:10D3D0001346ECDC0EB3A368AB4219DC6168384637
:10D3E0000131FFF779FF804628B902460C4B0D4802
:10D3F000BA21FDF7C1FF2269023204F10C0192004B
:10D400000C30FFF74DF821463846FFF7A5FF44469C
:10D4100004EB850301355E6125612046BDE8F0819E
:10D420000A0421081B042108B0F5803F034636BFDB
:10D43000030400201020B3F1807F3CBF1B020830A2
:10D44000B3F1805F3CBF1B010430B3F1804F03D3C5
:10D45000002B0ADB013070479B0001D5023070477A
:10D460005B0001D5033070472020704703680246F7
:10D4700013F007000BD0D90721D4980749BF5B08E8
:10D480009B08012013605CBF13600220704799B2B3
:10D4900009B91B0C1020D9B209B908301B0A1907A9
:10D4A00004BF1B090430990704BF9B080230D90749
:10D4B00003D45B0800F1010003D013607047002023
:10D4C000704720207047000010B50C460121FFF77F
:10D4D00003FF024628B9054B054840F24511FDF708
:10D4E0004BFF01234461036110BD00BF0A04210802
:10D4F0001B0421082DE9F04F14460A6923699A425A
:10D50000A8BF23460F46A4BF0C461F46D4F810A060
:10D51000D7F81090A36861680AEB0906B34285B09A
:10D52000B8BF0131FFF7D8FE30B90246444B454839
:10D530004FF4B171FDF720FF00F1140505EB8608EB
:10D540002B460022434521D307F1140104F11402B4
:10D5500002EB8A0201EB89030293131B153B23F0B4
:10D560000303043304F11507BA4238BF04230193BF
:10D57000029B03918B420CD8002E03DD58F8043D2A
:10D58000002B5BD0066105B0BDE8F08F43F8042B9B
:10D59000D8E7B1F800A0BAF1000F24D004F1140EBE
:10D5A000A9464FF0000C5EF8047BD9F800301FFA52
:10D5B00087FB9BB20AFB0B334FEA174BD9F800707D
:10D5C00063444FEA174C0AFB0BC707EB13479BB2A8
:10D5D00043EA0743724549F8043B4FEA174CE2D847
:10D5E000019B45F803C0039BB3F802900431B9F1E5
:10D5F000000F21D02B6804F1140CAE464FF0000A46
:10D60000BCF800B0BEF8027009FB0B7757449BB220
:10D6100043EA07434EF8043B5CF8043B4FEA134AE5
:10D62000BEF8003009FB0A3303EB174362454FEAAB
:10D63000134AE5D8019FEB51043599E7013E9BE77A
:10D640000A0421081B0421082DE9F843154612F0AD
:10D65000030207460E4607D0254C013A002354F832
:10D660002220FFF79BFE0646AD103DD0FC697CB939
:10D670001020FDF7BBFE0246F86128B91D4B1E487D
:10D6800040F2B311FDF778FEC0E901440460C460C4
:10D69000D7F81C80D8F808404CB940F271213846C0
:10D6A000FFF712FF0023C8F80800044603604FF09C
:10D6B0000009EB070AD5314622463846FFF71AFF24
:10D6C000314680463846FFF747FE46466D100BD080
:10D6D000206838B9224621463846FFF70BFF206004
:10D6E000C0F800900446E4E73046BDE8F88300BF88
:10D6F00078042108FF0121081B0421082DE9F047C7
:10D700000C464968236903EB6218A36807469146F3
:10D710004FEA621A08F10106B3420BDB3846FFF705
:10D72000DBFD054648B90246284B29484FF4EF7106
:10D73000FDF722FE01315B00EEE7002300F114014A
:10D7400000F110021846534533DB20692AEAEA7AD1
:10D7500004F1140319F01F0901EB8A0103EB800C9B
:10D760002BD0C9F1200E8A460022186800FA09F071
:10D7700010434AF8040B53F8042B9C4522FA0EF28E
:10D78000F3D8ACEB0403153B23F00303043304F19B
:10D790001500844538BF0423CA500AB108F10206B7
:10D7A000013E38462E612146FFF7D6FD2846BDE8EA
:10D7B000F08742F8040F0133C5E7043953F8042B0E
:10D7C00041F8042F9C45F9D8EAE700BF0A04210874
:10D7D0001B0421080A6903460069801A30B50ED17E
:10D7E0001433143103EB820401EB820154F8045D1D
:10D7F00051F8042D954203D005D24FF0FF3030BDD3
:10D80000A342F3D3FBE70120F9E700002DE9F74F2E
:10D8100089460646114648461446FFF7DBFF051EBB
:10D8200012D129463046FFF757FD024628B93F4B33
:10D8300040F237213E48FDF79FFD0123C0E9043542
:10D84000104603B0BDE8F08FBCBF4B46A146304642
:10D85000D9F80410BABF1C4601250025FFF73CFD8E
:10D86000024618B9314B40F24521E3E7D9F8107070
:10D870002669C56009F1100309F1140504F1140EBD
:10D8800000F1140B05EB87080EEB86060193D946D1
:10D890004FF0000C019B5EF8040B53F804AF0193AA
:10D8A0001FFA8AF3194683B2CB1A000C6344C0EB0B
:10D8B0001A4000EB23409BB243EA0043764549F807
:10D8C000043B4FEA204CE5D8331B153B23F0030300
:10D8D00015340433A64238BF04231D445B441E465E
:10D8E0002C4644450ED308F10301491B21F00301E6
:10D8F000033DA84538BF00210B4453F8041D91B1E6
:10D9000017619DE754F8041BE646080C1CFA81FCDD
:10D91000714400EB2C4089B241EA004146F8041BF7
:10D920004FEA204CDDE7013FE7E700BF0A0421088A
:10D930001B0421082DE973430121089E9046994656
:10D94000FFF7CAFC044630B90246244B244840F293
:10D950000F31FDF711FDC9F30A55C9F313030DB1DA
:10D9600043F480130193B8F1000324D06846009378
:10D97000FFF77CFDDDE90012D8B1C0F1200302FA07
:10D9800003F30B43C24063610192019BA361002B2F
:10D990000CBF012202222261ADB1A5F2334505443C
:10D9A0003560C0F13500099B1860204602B0BDE823
:10D9B00070836161E9E701A8FFF758FD019B63618E
:10D9C00020300122E7E704EB8203A0F2324030600E
:10D9D0001869FFF729FDC0EB4210E4E70A042108AB
:10D9E0001B0421089368013B002B10B4936008DAF4
:10D9F0009469A34201DB0A2903D15DF8044BFEF7C9
:10DA0000E2BB1368581C1060197008465DF8044B9F
:10DA10007047F8B506460F461446D518AC4201D1FA
:10DA2000002007E014F8011B3A463046FFF7DAFF02
:10DA3000431CF3D1F8BD00002DE9F04F0D469DB019
:10DA400014469846064618B1036A0BB9FEF7C0FAA9
:10DA50006B6ED90705D4AB899A0502D4A86DFEF781
:10DA6000BAFCAB891B0701D52B699BB92946304607
:10DA7000FEF7E8FB70B16B6EDC0704D54FF0FF30AA
:10DA80001DB0BDE8F08FAB899805F7D4A86DFEF7FF
:10DA9000A3FCF3E70023099320238DF82930CDF868
:10DAA0000C803023DFF8AC818DF82A304FF001096B
:10DAB00023469A4613F8012B0AB1252AF9D1BAEB6D
:10DAC000040B0BD05B46224629463046FFF7A1FFE8
:10DAD000013000F0A780099A5A4409929AF8003060
:10DAE000002B00F09F8000234FF0FF32CDE905238B
:10DAF0000AF1010A049307938DF853301A935446A0
:10DB0000052214F8011B5348FEF77AFC049AD8B991
:10DB1000D10644BF20238DF85330130744BF2B2375
:10DB20008DF853309AF800302A2B15D0079A5446B6
:10DB300000204FF00A0C214611F8013B303B092B25
:10DB40004BD9B0B1079214E0A0EB080309FA03F334
:10DB500013430493A246D2E7039B191D1B6803914C
:10DB6000002BBBBF5B4242F0020207930793B8BF92
:10DB7000049223782E2B0AD163782A2B32D1039B6F
:10DB80001A1D1B68039243EAE37302340593DFF81E
:10DB9000D4A0217803225046FEF732FC38B1049B12
:10DBA000A0EB0A004022824013430134049314F88E
:10DBB000011B29488DF828100622FEF721FC0028B9
:10DBC0003FD0264B1BBB039B073323F007030833CF
:10DBD0000393099B3B4409936AE70CFB02320C4612
:10DBE0000120A8E700230134059319464FF00A0CE1
:10DBF000204610F8012B303A092A03D9002BC6D051
:10DC00000591C4E70CFB012104460123F0E703ABB7
:10DC100000932A46124B04A93046FDF77DFD0746C6
:10DC2000781CD6D16B6ED90705D4AB899A0502D47E
:10DC3000A86DFEF7D1FBAB895B063FF51FAF0998D6
:10DC40001EE703AB00932A46054B04A93046FEF7B6
:10DC500007F8E4E7780521088205210819C720089C
:10DC600013EA20087E052108B1F90C202DE9F041C6
:10DC7000170705460C4656D44B68002B02DC0B6C8C
:10DC8000002B3DDDE66A002E3AD0002312F48052CC
:10DC90002F68216A2B6025D0626DA389580705D5AE
:10DCA0006368D21A636B0BB1236CD21A216AE66ADD
:10DCB00000232846B047411C24D000236360236919
:10DCC0002360A389DA0400D56065616B2F60B9B168
:10DCD00004F14403994202D02846FFF7B3FA002327
:10DCE00063630DE001232846B047461C0246D4D1A9
:10DCF0002B68002BD1D01D2B01D0162B2BD12F60E0
:10DD000000202FE02A68B4F90C3042B11D2A01D05E
:10DD1000162A22D10023636023692360D5E762605D
:10DD200022692260CEE70F69002FE9D093070E68C1
:10DD300008BF4B690F6018BF0023A6EB07088B6074
:10DD4000B8F1000FDCDD216AA66A43463A46284650
:10DD5000B047002808DCB4F90C3043F04003A3813D
:10DD60004FF0FF30BDE8F0810744A8EB0008E7E77B
:10DD700038B50B6905460C4613B90025284638BD51
:10DD800018B1036A0BB9FEF723F9B4F90C30002B74
:10DD9000F3D0626ED00704D4990502D4A06DFEF7CB
:10DDA0001AFB28462146FFF75FFF636EDA07054638
:10DDB000E4D4A3899B05E1D4A06DFEF70DFBDDE75C
:10DDC00070B50C46B1F90E10002996B015461E46E6
:10DDD0000DDAA38913F0800F4FF0000114BF402328
:10DDE0004FF48063002031602B6016B070BD6A462E
:10DDF00000F078F80028ECDB019901F47041A1F5FE
:10DE00000053594259414FF48063EBE78B89F7B5D2
:10DE10009D0706460C4607D504F14703236023619E
:10DE20000123636103B0F0BD01AB6A46FFF7C8FF91
:10DE3000009F054639463046FDF70AFB48B9B4F95C
:10DE40000C309A05EED423F0030343F00203A381C0
:10DE5000E2E7A389206043F08003A381019BC4E92A
:10DE600004075BB1B4F90E10304600F04DF828B14C
:10DE7000A38923F0030343F00103A381A3891D4376
:10DE8000A581CFE71F2938B505460C4604D91623CE
:10DE900003604FF0FF3038BDC26B12B152F8213031
:10DEA0004BB9284600F052F8224601462846BDE804
:10DEB000384000F039B8012B0AD0591C03D1162381
:10DEC00003600120E7E7002142F82410204698472C
:10DED0000020E0E7024B01461868FFF7D3BF00BF00
:10DEE0007808000038B5074D00230446084611465F
:10DEF0002B60F4F718FB431C02D12B6803B123609D
:10DF000038BD00BF6479010038B5064D00230446D2
:10DF100008462B60F4F70CFB431C02D12B6803B1BD
:10DF2000236038BD6479010038B5074D00230446ED
:10DF3000084611462B60F4F7C3FA431C02D12B6844
:10DF400003B1236038BD00BF64790100F4F7B6BAAD
:10DF500082B001B901A942B14BB113780B601278BC
:10DF6000101E18BF012002B070471046FBE76FF08B
:10DF70000100F8E70346084641B1FF2A04D98A2286
:10DF80001A604FF0FF3070470A70012070470000A0
:10DF9000C1F30A5C2DE9F041ACF2FF35132D0246C6
:10DFA0000B460C46064634DC002D20DBDFF8D4801F
:10DFB00048FA05F801EA080C5CEA000C0F462DD07F
:10DFC0002DA3D3E90023FCF7EFFB00220023FDF78C
:10DFD00031F840B1002C03DD4FF480132B411F4476
:10DFE00027EA0804002621463046BDE8F08122A336
:10DFF000D3E90023FCF7D8FB00220023FDF71AF831
:10E000000028F0D0002C33DB344300D01C4C002619
:10E01000E9E7332D06DDB5F5806F26D010461946A9
:10E02000BDE8F081ACF2134C4FF0FF3727FA0CF744
:10E030003842F3D010A3D3E90023FCF7B5FB00224C
:10E040000023FCF7F7FF0028CDD0002C334609DD74
:10E05000142D06D0C5F134050122AA4013449E4276
:10E0600000D9013423EA0706BDE7FCF79DFBD7E79B
:10E0700000264FF00044B6E79C7500883CE4377EEC
:10E080000000F03FFFFF0F004FEA410C7FEA6C5C9D
:10E0900002D150EA013C0AD14FEA430C7FEA6C5CA2
:10E0A00002D152EA033C02D14FF0000070474FF01A
:10E0B000010070474FEA410212F5001215D211D546
:10E0C0006FF47873B3EB625212D94FEAC12343F075
:10E0D000004343EA505311F0004F23FA02F018BFF7
:10E0E000404270474FF00000704750EA013005D1C0
:10E0F00011F0004008BF6FF0004070474FF0000083
:10E10000704700BF044A05491368002B08BF0B463F
:10E1100018441060184670476C79010070A901001E
:10E120005FF800F0755100005FF800F0A9180000DA
:10E130005FF800F03D0C00005FF800F09D43000028
:10E140005FF800F0E15300005FF800F07119000083
:10E150005FF800F0391100005FF800F00569000079
:10E160005FF800F0815400005FF800F0DD4F000020
:10E170005FF800F00D3C00005FF800F0ED68000073
:10E180005FF800F0017400005FF800F04D500000EF
:10E190005FF800F0017500005FF800F059620000C0
:10E1A0005FF800F0BD3B00005FF800F011160000C2
:10E1B0005FF800F0010D00005FF800F0AD1D0000F9
:10E1C0005FF800F0815300005FF800F0115E00007E
:10E1D0005FF800F03D1A00005FF800F035740000B1
:10E1E0005FF800F0894F00005FF800F0DD0C0000E0
:10E1F0005FF800F0395400005FF800F0BD0C00003B
:10E200005FF800F07D7400005FF800F01911000065
:10E210005FF800F0ED5200005FF800F0A555000037
:10E220005FF800F0315500005FF800F06971000000
:10E230005FF800F0D50B00005FF800F0BD4F000064
:10E240005FF800F0651A00005FF800F0CD180000DC
:10E250005FF800F0A97100005FF800F0B151000014
:10E260005FF800F0116C0000526561642072657106
:10E2700020666F722068616E646C65202564206181
:10E280006E64206576656E742069642025640A00DA
:10E29000637265617465642043434344206265632F
:10E2A00061757365204E6F746966790D0053494C32
:10E2B0004142530030303A32333A41373A38303AFB
:10E2C00037303A42390077726974655F6576656EFA
:10E2D000742068616E646C652076616C7565206978
:10E2E000732025640D0A00A0A1A2A3A4A5A6A7A837
:10E2F000A9000D0A57692D466920496E6974696144
:10E300006C697A6174696F6E204661696C65642C12
:10E31000204572726F7220436F6465203A20307816
:10E32000256C580D0A000D0A2057692D46692049B1
:10E330006E697469616C697A6174696F6E20537576
:10E34000636365737366756C000D0A4669726D7759
:10E350006172652076657273696F6E204661696CC3
:10E3600065642C204572726F7220436F6465203A99
:10E37000203078256C580D0A000D0A20476574205E
:10E380006C6F63616C2064657669636520616464A9
:10E3900072657373206661696C6564203D20256C2D
:10E3A000780D0A000D0A204C6F63616C206465765D
:10E3B0006963652061646472657373202573200D41
:10E3C0000A004164642041464520736572766963A2
:10E3D0006520726574203D203078253034580A005D
:10E3E0004661696C656420746F20616464204343F6
:10E3F00043442E204572726F723A20307825580AB5
:10E4000000414645205365727669636520637265F5
:10E41000617465642E2048616E646C65733A0020F7
:10E420002D20454347204465636C61726174696FB8
:10E430006E3A20203078253034580A00202D2045AF
:10E4400043472056616C75653A202020202020200B
:10E45000203078253034580A00202D2045434720AD
:10E46000434343442028307832393032293A3078D7
:10E47000253034580A004661696C656420746F2049
:10E4800063726561746520626C655F6D61696E5F62
:10E490007461736B5F73656D2073656D6170686F18
:10E4A00072650D00424C455F43444D31000D0A201A
:10E4B0005374617274696E67206164766572746901
:10E4C00073696E670D000D0A204D6F64756C6520D1
:10E4D000636F6E6E656374656420746F206164643D
:10E4E00072657373203A202573200D0A000D0A4DC2
:10E4F0006F64756C6520676F7420446973636F6E19
:10E500006E65637465640D000D0A206D6F64756C33
:10E5100065206164766572746973696E6720005264
:10E5200053495F424C455F474154545F57524954E9
:10E53000455F4556454E542068617070656E640DA8
:10E54000000A20536574204C6F63616C2061747401
:10E550002076616C756520636D64206661696C6509
:10E5600064203D203078256C58200A007265616374
:10E57000686564206361736520637573746F6D0DE6
:10E58000000D0A2073657420504859000D0A20467A
:10E5900061696C656420746F2063616E63656C20D3
:10E5A00074686520636F6E6E656374696F6E207248
:10E5B0006571756573743A203078256C78200D0A82
:10E5C000202D20636F6E6E000D0A20706879207513
:10E5D000706461746520636F6D706C657465642030
:10E5E00000AFEFAFEFAFEFAFEFAFEFAFEFAFEFAF2A
:10E5F000EF00ECECECECECECECECECECECECECEC44
:10E60000ECEC00EAFAECECECECECECECECECECEC2A
:10E61000ECECEC006170706C69636174696F6E5F43
:10E62000746872656164000014F620080000000040
:10E63000000000000000000000000000000C0000CE
:10E640001800000000000000000000003100000081
:10E65000000000000001000000000D00B0000000FC
:10E660000400008000000080000058A0000000C0EE
:10E6700000000080641A1EC80508000001000004A4
:10E680000000000049444C4500546D725100546D27
:10E690007220537663000D0A4669726D7761726568
:10E6A0002076657273696F6E2069733A202578252C
:10E6B000782E25642E25642E25642E25642E25644F
:10E6C0002E25640D0A0000005D3820087D382008E2
:10E6D000113A2008F5392008DD392008953920083D
:10E6E0004D392008F9382008ED382008E138200895
:10E6F000AD382008A138200895382008893820082E
:10E70000000A08000001030000090300000B0300D9
:10E71000000A0605000B06060006060100070602B1
:10E72000002F020B0030020C000902040006020157
:10E73000001D0200001E02000008020302020A027D
:10E7400010040100020000000000000000000000B2
:10E75000010000005D7620080000000000000000BD
:10E7600001000000757720080100000045772008AF
:10E770000100000000000000010000000000000097
:10E780000300000001000000C17B20080000000021
:10E790000000000001000000757B20080000000060
:10E7A00000000000010000009F742008010000002C
:10E7B0000000000001000000000000000400000054
:10E7C00001000000797B200800000000000000002C
:10E7D00001000000717A2008010000008D742008FB
:10E7E0000000000000000000010000000000000028
:10E7F0000100000000000000433A2F55736572735A
:10E800002F666C6F72696E2E6D6F74612F53696D18
:10E81000706C696369747953747564696F2F5344BC
:10E820004B732F73696D706C69636974795F73647E
:10E830006B2F657874656E73696F6E2F776973657A
:10E84000636F6E6E6563742F636F6D706F6E656E50
:10E8500074732F6465766963652F73696C61627385
:10E860002F73693931782F776972656C6573732FEF
:10E870006168625F696E746572666163652F737249
:10E88000632F7273695F68616C5F6D63755F6D3470
:10E890005F726F6D2E630025733A25733A25643AD3
:10E8A0000D0A20494E56414C494420494E54455288
:10E8B00052555054200D0A0D0A00736C695F6D3477
:10E8C0005F696E746572727570745F697372005AF5
:10E8D000010101590101580101010101575601557A
:10E8E00054015201511A0F1902210700433A2F55C2
:10E8F000736572732F666C6F72696E2E6D6F7461C3
:10E900002F53696D706C69636974795374756469A8
:10E910006F2F53444B732F73696D706C6963697407
:10E92000795F73646B2F657874656E73696F6E2F92
:10E9300077697365636F6E6E6563742F636F6D7057
:10E940006F6E656E74732F6465766963652F736986
:10E950006C6162732F73693931782F776972656CD6
:10E960006573732F6168625F696E74657266616357
:10E97000652F7372632F736C5F73693931785F62CF
:10E9800075732E630025733A25733A25643A0D0A90
:10E99000204845415020455848415553544544204E
:10E9A000445552494E4720414C4C4F434154494FE6
:10E9B0004E200D0A0D0A0025733A25733A25643A54
:10E9C0000D0A544120697320696E20616374697671
:10E9D000652073746174650D0A0D0A00736C695FBC
:10E9E00073693931785F636F6E6669675F6D345F35
:10E9F000646D615F646573635F6F6E5F726573659D
:10EA00007400736C695F73693931785F7375626D17
:10EA100069745F72785F706B740030303A31353AE8
:10EA200038333A36413A36343A31370030303A32B8
:10EA3000333A41373A31323A33343A353600433A91
:10EA40002F55736572732F666C6F72696E2E6D6FC2
:10EA500074612F53696D706C69636974795374754F
:10EA600064696F2F53444B732F73696D706C6963C6
:10EA70006974795F73646B2F657874656E73696F01
:10EA80006E2F77697365636F6E6E6563742F636F46
:10EA90006D706F6E656E74732F6465766963652F34
:10EAA00073696C6162732F73693931782F7769727A
:10EAB000656C6573732F736C5F6E65742F7372630F
:10EAC0002F736C5F6E65745F73693931785F636152
:10EAD0006C6C6261636B5F6672616D65776F726BA0
:10EAE0002E630025733A25733A25643A0D0A556E54
:10EAF000737570706F72746564206576656E740DE1
:10EB00000A0D0A00736C5F73693931785F6465665A
:10EB100061756C745F68616E646C657200433A2F56
:10EB200055736572732F666C6F72696E2E6D6F749C
:10EB3000612F53696D706C6963697479537475647E
:10EB4000696F2F53444B732F73696D706C696369E0
:10EB500074795F73646B2F657874656E73696F6E1B
:10EB60002F77697365636F6E6E6563742F636F6D66
:10EB7000706F6E656E74732F6465766963652F734D
:10EB8000696C6162732F73693931782F77697265A7
:10EB90006C6573732F736C5F6E65742F7372632F64
:10EBA000736C5F6E65745F73693931785F696E7419
:10EBB0006567726174696F6E5F68616E646C6572BF
:10EBC0002E630025733A25733A25643A3E3C3C3C5B
:10EBD0003C20476F74206E6574206576656E7420E6
:10EBE0003A2025750A0D0A00736C5F6E65745F73B9
:10EBF000693931785F6576656E745F6469737061D9
:10EC00007463685F68616E646C657200433A2F5587
:10EC1000736572732F666C6F72696E2E6D6F74619F
:10EC20002F53696D706C6963697479537475646985
:10EC30006F2F53444B732F73696D706C69636974E4
:10EC4000795F73646B2F657874656E73696F6E2F6F
:10EC500077697365636F6E6E6563742F636F6D7034
:10EC60006F6E656E74732F6465766963652F736963
:10EC70006C6162732F73693931782F776972656CB3
:10EC80006573732F736F636B65742F7372632F7368
:10EC90006C5F73693931785F736F636B65745F752F
:10ECA00074696C6974792E630025733A25733A256B
:10ECB000643A0D0A20494E56414C49442053454C74
:10ECC0004543542049440D0A0D0A007369393178CF
:10ECD0005F736F636B65745F6576656E745F6861A3
:10ECE0006E646C657200433A2F55736572732F66BC
:10ECF0006C6F72696E2E6D6F74612F53696D706CDD
:10ED0000696369747953747564696F2F53444B73E5
:10ED10002F73696D706C69636974795F73646B2FAD
:10ED2000657874656E73696F6E2F77697365636F4D
:10ED30006E6E6563742F636F6D706F6E656E747346
:10ED40002F6465766963652F73696C6162732F73D5
:10ED5000693931782F776972656C6573732F7372B7
:10ED6000632F736C5F7273695F7574696C69747912
:10ED70002E630025733A25733A25643A52534E2088
:10ED80004F554920253032783A253032783A2530AF
:10ED900032782E0A0D0A0025733A25733A25643A13
:10EDA0005061697277697365206369706865722064
:10EDB000737569746520636F756E743A2025752EBE
:10EDC0000A0D0A0073693931785F627573007369DF
:10EDD0003931785F6576656E740071756575652D7E
:10EDE0003E7461696C203D3D204E554C4C00736C67
:10EDF000695F73693931785F72656D6F76655F62DF
:10EE000075666665725F66726F6D5F717565756553
:10EE10005F62795F636F6D70617261746F720073AE
:10EE20006C695F73693931785F666C7573685F739D
:10EE30006F636B65745F636F6D6D616E645F717539
:10EE4000657565735F62617365645F6F6E5F717531
:10EE50006575655F747970650070726F6365737353
:10EE60005F72736E5F656C656D656E7400000FACEC
:10EE70000050F271756575652D3E68656164203DD1
:10EE80003D204E554C4C00433A2F55736572732FFD
:10EE9000666C6F72696E2E6D6F74612F53696D7041
:10EEA0006C696369747953747564696F2F53444B4B
:10EEB000732F73696D706C69636974795F73646BC8
:10EEC0002F657874656E73696F6E2F7769736563EC
:10EED0006F6E6E6563742F636F6D706F6E656E74A9
:10EEE000732F6465766963652F73696C6162732F34
:10EEF00073693931782F776972656C6573732F7315
:10EF000072632F736C5F73693931785F64726976ED
:10EF100065722E630025733A25733A25643A457667
:10EF2000656E743A2025752C2071756575652025F0
:10EF3000750A0D0A0055532000455520004A5020FF
:10EF4000004B52200053472000434E2000736C6951
:10EF50005F73693931785F706F705F66726F6D5F74
:10EF60006275666665725F717565756500736C695B
:10EF70005F73693931785F617070656E645F746F5B
:10EF80005F6275666665725F717565756500736C45
:10EF9000695F73693931785F6472697665725F772A
:10EFA0006169745F666F725F726573706F6E7365AF
:10EFB0005F7061636B657400040404020400000068
:10EFC0000A0A0A00500600000000000001002A0999
:10EFD000000100000100000031000000433A2F55FD
:10EFE000736572732F666C6F72696E2E6D6F7461CC
:10EFF0002F53696D706C69636974795374756469B2
:10F000006F2F53444B732F73696D706C6963697410
:10F01000795F73646B2F657874656E73696F6E2F9B
:10F0200077697365636F6E6E6563742F636F6D7060
:10F030006F6E656E74732F6465766963652F73698F
:10F040006C6162732F73693931782F776972656CDF
:10F050006573732F746872656164696E672F736C72
:10F06000695F73693931785F6D756C746974687242
:10F0700065616465642E630025733A25733A2564DF
:10F080003A0D0A204255535F57524954455F455245
:10F09000524F52200D0A0D0A0025733A25733A2566
:10F0A000643A3C3E3E3E3E205478202D3E20717511
:10F0B0006575654964203A2025752C206672616D5E
:10F0C000654964203A20307825782C206C656E677D
:10F0D0007468203A2025750A0D0A0025733A2573B5
:10F0E0003A25643A3E3C3C3C3C205278202D3E2060
:10F0F00071756575654964203A2025752C20667206
:10F10000616D654964203A20307825782C2066723C
:10F11000616D655374617475733A20307825782C6D
:10F12000206C656E677468203A2025750A0D0A0008
:10F1300025733A25733A25643A5261772044617405
:10F14000610A0D0A0025733A25733A25643A52651F
:10F1500063656976656420424C45207061636B6528
:10F16000740A0D0A006275735F77726974655F6473
:10F170006174615F6672616D65006275735F77725D
:10F180006974655F6672616D650073693931785FB6
:10F190006275735F74687265616400736C5F63723B
:10F1A000656174655F67656E657269635F72785FDC
:10F1B0007061636B65745F66726F6D5F70617261C1
:10F1C0006D73002C2066756E6374696F6E3A200053
:10F1D000617373657274696F6E20222573222066D5
:10F1E00061696C65643A2066696C6520222573222A
:10F1F0002C206C696E65202564257325730A0052E6
:10F2000045454E54206D616C6C6F6320737563636C
:10F210006565646564002F646174612F6A656E6B57
:10F22000696E732F776F726B73706163652F474ED2
:10F23000552D746F6F6C636861696E2F61726D2DEF
:10F2400031322F7372632F6E65776C69622D63792B
:10F250006777696E2F6E65776C69622F6C69626380
:10F260002F7374646C69622F72616E642E63000088
:10F270002020202020202020202828282828202066
:10F28000202020202020202020202020202020207E
:10F2900088101010101010101010101010101010F6
:10F2A00004040404040404040404101010101010D6
:10F2B00010414141414141010101010101010101AF
:10F2C00001010101010101010101011010101010E3
:10F2D0001042424242424202020202020202020280
:10F2E00002020202020202020202021010101020A8
:10F2F000000000000000000000000000000000000E
:10F3000000000000000000000000000000000000FD
:10F3100000000000000000000000000000000000ED
:10F3200000000000000000000000000000000000DD
:10F3300000000000000000000000000000000000CD
:10F3400000000000000000000000000000000000BD
:10F3500000000000000000000000000000000000AD
:10F36000000000000000000000000000000000009D
:10F37000494E4600696E66004E414E006E616E0059
:10F380003000303132333435363738394142434436
:10F3900045460030313233343536373839616263AF
:10F3A00064656600496E66696E697479004E614EE7
:10F3B000002F646174612F6A656E6B696E732F77BD
:10F3C0006F726B73706163652F474E552D746F6F4D
:10F3D0006C636861696E2F61726D2D31322F7372AB
:10F3E000632F6E65776C69622D63796777696E2F1D
:10F3F0006E65776C69622F6C6962632F7374646CDD
:10F4000069622F64746F612E630042616C6C6F637C
:10F4100020737563636565646564002F646174615E
:10F420002F6A656E6B696E732F776F726B73706185
:10F4300063652F474E552D746F6F6C636861696EFD
:10F440002F61726D2D31322F7372632F6E65776C61
:10F4500069622D63796777696E2F6E65776C696273
:10F460002F6C6962632F7374646C69622F6D7072A4
:10F4700065632E6300000000050000001900000015
:10F480007D000000000000000080E03779C34143A8
:10F49000176E05B5B5B89346F5F93FE9034F384DFA
:10F4A000321D30F94877825A3CBF737FDD4F1575A6
:10F4B000000000000000F03F0000000000002440B9
:10F4C00000000000000059400000000000408F4094
:10F4D000000000000088C34000000000006AF840FF
:10F4E0000000000080842E4100000000D012634123
:10F4F0000000000084D797410000000065CDCD4199
:10F50000000000205FA00242000000E87648374279
:10F51000000000A2941A6D42000040E59C30A24217
:10F520000000901EC4BCD64200003426F56B0C438C
:10F530000080E03779C3414300A0D8855734764333
:10F5400000C84E676DC1AB43003D9160E458E14394
:10F55000408CB5781DAF154450EFE2D6E41A4B4409
:10F5600092D54D06CFF08044F64AE1C7022DB5444E
:10F57000B49DD9794378EA44232D302B2000686C60
:10F580004C00656667454647004300504F53495855
:10F59000002E00FF7F490278D1F80035F0B502F067
:10F5A00001024478877CC57CDFF8E8E123F48023FE
:10F5B00043EA8243C1F80035427F017804F0010339
:10F5C0009B0012F00F0643EA91134FEAC3431FBF9B
:10F5D000C7F3021C43EA8C2305F0030C4FEA4C0CE2
:10F5E0001CBF4CEAD71C43EACC13DEF89CC42CF4B5
:10F5F000601C08BF43F410632CF4FC5C43EA0C0C61
:10F60000CEF89CC4DFF8A0C1ACF80030C3F3C21C34
:10F61000C3F38223042B98BF0133BCF1000F00F029
:10F62000B080BCF1010F00F0AF80ACF1020EBEF172
:10F63000020F01D80CF1010C9B0243EACC13DFF856
:10F640006CC1ACF80030534BD3F8ACC4C1F34401E7
:10F650002CF01F0C41EA0C01C3F8AC14D3F81014C1
:10F6600021F4FE1C817801F00301490141EAD40133
:10F670004CEA8131C3F81014D3F80414847821F4CF
:10F68000FC11A40841EAC431C3F80414D3F80814E7
:10F69000447C07F00F077F0047EAD41721F4F811E4
:10F6A00041EA0741C3F80814D3F80C1484793A4F9F
:10F6B000640821F4FE1141EA8431C3F80C14D3F834
:10F6C0003814C47921F4F03104F00F0441EA4431D4
:10F6D000C3F83814D3F81414047A21F4FE1104F09A
:10F6E0007F0441EA8431C3F81414C37A847AD7F8CA
:10F6F00008155B0043EAD413047B21F47F7104F006
:10F70000010421F0030143EA44230B432349C7F8D2
:10F710000835234CD1F834740123C1F83434D4F8BB
:10F72000103A23F00F0343EA1513C4F8103AC1F856
:10F73000347466B302F00F0252041A4990F8244060
:10F74000D1F8403723F4F0131A43C1F84027D1F819
:10F750007C27837F22F00F02C3F383031343C1F896
:10F760007C3790F82530D1F8482703F007035B0079
:10F7700022F4F03243EAD41342EA4333C1F8483763
:10F78000F0BD4FF0020C57E74FF0000C54E74FF478
:10F79000C012D2E700A00524008004240010042435
:10F7A0000030042400800524426001004060010014
:10F7B00008B9FF7F01000000000000000000000009
:10F7C0000000000000000000000000000000000039
:10F7D0000000000000000000000000000000000029
:10F7E0000000000000000000000000000000000019
:10F7F0000000000000000000000000000000000009
:10F8000000000000000000000000000000000000F8
:10F8100000000000000000000000000000000000E8
:10F8200000000000000000000000000000000000D8
:10F8300000000000000000000000000000000000C8
:10F8400000000000000000000000000000000000B8
:10F8500000000000000000000000000000000000A8
:10F860000000000000000000000000000000000098
:10F870000000000000000000000000000000000088
:10F880000000000000000000000000000000000078
:10F890000000000000000000000000000000000068
:10F8A0000000000000000000000000000000000058
:10F8B0000000000000000000000000000000000048
:10F8C0000000000000000000000000000000000038
:10F8D0000000000000000000000000000000000028
:10F8E0000000000000000000000000000000000018
:10F8F0000000000000000000000000000000000008
:10F9000000000000000000000000000000000000F7
:10F9100000000000000000000000000000000000E7
:10F9200000000000F8B500BFF8BC08BC9E46704758
:10F93000F8B500BFF8BC08BC9E467047004B4900B4
:10F9400046000200C00004000000000000000000AB
:10F950000000000037000000AAAAAAAA008007241D
:10F960000A000000001C06240000034421000000DF
:10F9700000FC020009060000001804240C0000002E
:10F980000000000000000000CC6501000000000045
:10F990000CF7200808F7200804F7200800F72008D3
:10F9A0000000000000000000000000000000000057
:10F9B0000000000000000000891F00000000024558
:10F9C000270000000000000000000000FC650100AE
:10F9D000000000001CF7200818F7200814F7200882
:10F9E00010F72008000000000000000000000000E8
:10F9F0000100000000000000000000009FFF1F0049
:10FA0000000000442600000000000000000000008C
:10FA10002C66010038F7200834F7200830F720085A
:10FA200028F720082CF7200824F7200820F72008C2
:10FA300000000000010000000000000000000000C5
:10FA400003010001040001000000000100010002A8
:10FA500003000100000000010100000000000000A0
:10FA60000000000000000000000000000000000096
:10FA7000000000000000000028230000000000003B
:10FA80000000000000000000000000000000000076
:10FA90000000000000000000000000000000000066
:10FAA0000000000000000000000000000000000056
:10FAB0000000000000000000000000000000000046
:10FAC0000000000000000000000000000000000036
:10FAD0000000000000000000000000000000000026
:10FAE0000000000000000000000000000000000016
:10FAF0000000000000000000000000000000000006
:10FB000000000000000000000000000000000000F5
:10FB100000000000000000000000000000000000E5
:10FB200000000000000000000000000000000000D5
:10FB300000000000000000000000000000000000C5
:10FB400000000000000000000000000000000000B5
:10FB500000000000000000000100000000000000A4
:10FB60000000000000000000000000000000000095
:10FB70000000000000000000000000000000000085
:10FB80000000000000000000000000000000000075
:10FB90000000000000000000000000000000000065
:10FBA0000000000000000000000000000000000055
:10FBB0000000000000000000000000000000000045
:10FBC0000000000000000000000000000000000035
:10FBD0000000000000000000000000000000000025
:10FBE0000000000000000000000000000000000015
:10FBF00000000000000000000101000000FC020005
:10FC0000001C0624B0050000A40500009C6E010045
:10FC1000246E010001FF0100FFFFFFFFFFFFFFFF58
:10FC20000000000000000000030000002878010030
:10FC30007C08000000000000287801009078010096
:10FC4000F878010000000000000000000000000043
:10FC500000000000000000000000000000000000A4
:10FC60000000000000000000000000000000000094
:10FC70000000000000000000000000000000000084
:10FC80004300000000000000000000000000000031
:10FC90000000000000000000000000000000000064
:10FCA0004300000000000000000000000000000011
:10FCB0000000000000000000000000000000000044
:10FCC00043000000000000000000000000000000F1
:10FCD0000000000000000000000000000000000024
:10FCE00043000000000000000000000000000000D1
:10FCF0000000000000000000000000000000000004
:10FD000043000000000000000000000000000000B0
:10FD100000000000000000000000000000000000E3
:10FD20004300000000000000000000000000000090
:10FD300000000000000000000000000000000000C3
:10FD40004300000000000000000000000000000070
:10FD500000000000000000000000000000000000A3
:10FD600075EF200851EF2008000000006F02210805
:10FD700091052108B6F92008B6F92008B6F920083F
:10FD8000B6F92008B6F92008B6F92008B6F9200817
:10FD9000B6F92008B6F92008FFFFFFFFFFFFFFFFBD
:10FDA000FFFFFFFFFFFF00000100415343494900EF
:10FDB0000000000000000000000000000000000043
:10FDC00000000000000000000000415343494900CA
:10FDD0000000000000000000000000000000000023
:10FDE00000000000000000000000000008B572B62E
:10FDF000012809D1202000F031F80F4AD2F87031E3
:10FE00009806FBD462B608BD022808D1402000F055
:10FE100025F8094AD2F870315906FBD4F2E70328D5
:10FE2000F0D14FF4807000F019F8034AD2F8703125
:10FE3000DB05FBD4E6E700BF00800046054B064823
:10FE40000422C3F86C2100684FF0FF330022022126
:10FE500004F0F0BB00800046206F0100014BC3F8A6
:10FE60006C01704700800046014BC3F87801704771
:10FE700000800046064B0748196810B506F02CFABA
:10FE8000044618B94FF4806006F01EFA204610BDF3
:10FE9000246F0100286F010037B52A4CD4F8803157
:10FEA0005D070DD5284B0221186804F05DFB042383
:10FEB000264AC4F88031C2F89030002003B030BD2B
:10FEC000D4F88031980705D5FFF7D4FF0028F5D185
:10FED0000223EDE7D4F88031D9050DD54FF48075B4
:10FEE000C4F878514FF4804006F0EEF9174BC4F88F
:10FEF0008051C3F89050E0E7D4F880319A0604D5D9
:10FF00000220FFF773FF2023D2E7D4F880311B06CD
:10FF100004D50320FFF76AFF8023C9E7D4F88031B6
:10FF200013F0100304D00120FFF760FF1023BFE798
:10FF30000093074A074908484FF49D7307F058F8A3
:10FF400000BEBAE700800046206F010000000541B6
:10FF5000BAF82008F8F7200897F82008024B5B68E9
:10FF6000DBB203800020704700000541064BD3F848
:10FF7000742142F00102C3F87421D3F874211207EE
:10FF8000FBD50020704700BF00800046034AD2F82E
:10FF9000743123F00103C2F87431704700800046C9
:10FFA0000B4BD3F8742142F00102C3F87421D3F84B
:10FFB00074211207FBD5C3F86C01D3F880211042DD
:10FFC000FBD0C3F88001034BC3F89000FFF7DEBFFE
:10FFD0000080004600000541054908B50B782BB1AB
:10FFE0004FF48060FFF7DCFF00230B7008BD00BFFB
:10FFF0001C6F010010B5114C23786BB9104AD2F870
:020000040001F9
:1000000080319B0509D54FF40073C2F880310D4A49
:10001000C2F890300123237010BD06F05BFC40B1A4
:100020004FF40070FFF7BCFF4FF40060FFF7B8FF1C
:10003000F0E7054B01221A70ECE700BF1C6F0100CE
:1000400000800046000005411D6F010008B5074B08
:100050001B784BB14FF40070FFF7A2FFBDE80840DA
:100060004FF40060FFF79CBF08BD00BF1D6F01008B
:10007000FFF712BF10B5034C206810B904F056FA10
:10008000206010BD206F0100407A0A78131A584290
:100090005841704773B50D460221064605F0D2FD62
:1000A000044630B901460DF10602306805F0FAFD4C
:1000B0002860204602B070BD014B1888704700BF11
:1000C0006008000038B504460D4606F069FF636815
:1000D00073B9236833B1074B074A084840F6EF115C
:1000E00006F03EFF25606560BDE8384006F0E4BEDE
:1000F0001D60F8E773FE20086DFF200887FE2008CA
:100100002DE9F04385B01E4603294FF000038146D8
:100110000D461746009310D101924FF47A731822BE
:10012000694602A8FFF7B6FF044630B3019805F010
:10013000C5FD204605B0BDE8F0834FF47A7306F1A3
:10014000100203A901A8FFF7A5FF04460028F0D17B
:10015000DDF80C8001461022404606F065FF2FB105
:100160003246394608F1100006F00EFFC6F30B06C2
:10017000A8F80060A8F80290CFE7DDE900321A6025
:100180000E4A5D71525D1A7110229A71D86006F0A4
:1001900007FF029906460A484C7200EB8510FFF7EC
:1001A00091FF084A012303FA05F013680343136023
:1001B00006F08AF8304606F07FFEBAE7B8FF20085E
:1001C000DC6F01007877010038B504460D4606F073
:1001D000E7FE236873B9636833B10D4B0D4A0E48CF
:1001E00040F6FE1106F0BCFE2B601B2406F064FEF8
:1001F000204638BD2B60626893421CBF1B68236099
:100200004FF0000208BFC4E900220024EEE700BF5F
:10021000DAFD20084DFF200887FE20082DE9F04F69
:1002200085B098460F9B04460D461646002B44D0D9
:1002300004F0D4F8DFF890A0DFF890B081460020F9
:100240000E9B02221B1A3146284604F0F3F9C31C08
:10025000012B34D9CDE900041A4A40F20643514635
:10026000584606F0C5FE276803973FB17B7A4345A1
:1002700004D0012004F042F90028F4D0484606F0EA
:1002800017F8002FDCD07B7A4345D9D103A920464B
:10029000FFF79AFF0F9A039B136006F081FE236815
:1002A00007461BB93146284604F096F9384606F051
:1002B00003FE002005B0BDE8F08F2120FAE70720FB
:1002C000F8E700BF8EFF200887FE200815FF2008F2
:1002D0002DE9F04788B01D4600230493ADF80E3099
:1002E00081460E4617464FF47A73182204A905A8D2
:1002F000DDF84480FFF7CEFE044630B1384605F005
:10030000DDFC204608B0BDE8F087002D71D0B8F1C3
:10031000000F70D06B0F03F0020343F00103B9F13B
:100320001C0F06D8484A22FA09F2D20748BF43F008
:100330000803049C454AA371925D109BE3602271FF
:100340002760667104F04AF8002DACBF25F08043A9
:100350004FF0FF332361606106F022FE3C4A3D4CC2
:1003600013787B72591C117005998DF80D304B7202
:1003700004EB861700230B6081463846FFF7A2FE88
:10038000354A01201368B0400343136005F09CFF19
:10039000484606F091FD002D4FEA861A51D0ACBFB9
:1003A00025F080454FF0FF3506ABCDE900532B49D2
:1003B0009DF80D30096805360AF108000122204435
:1003C000B240FFF72BFF0728044616D1244A07AB9B
:1003D0000DF10D01384606F083FA0246002890D14F
:1003E0000146079805F05EFC006805F067FC079879
:1003F00085E72B4693E7012391E7002881D1069EEC
:1004000001460DF10E02304605F04CFC0589B8F1AD
:10041000000F0FD00368C8F80030304605F04EFCDE
:100420000DB145F480340F4B22461978002006F0B8
:100430005BFD66E783799B07EFD5006805F03EFC1E
:10044000EBE705245DE700BF00002110B8FF20089E
:1004500030710100DC6F0100787701002471010028
:10046000D10C00005D0800002DE9FF411C46064646
:10047000884617464FF47A7304F1100203A902A8C4
:10048000FFF708FE08BB039D01461022284606F030
:10049000CBFD2FB12246394605F1100006F074FD60
:1004A000102E08BF6B696E8004BF43F480336B610C
:1004B000C4F30B040C9B2C8001930B9B0093029ABA
:1004C0000A9B41463046FFF703FF04B0BDE8F081C8
:1004D00070B40429DDE90345059E05D8CDE904562D
:1004E000039470BCFFF7C0BF272070BC70470000AA
:1004F00070B588B005468DF817100021079158B3E4
:10050000174B1B7853B307ABCDE90113154B009381
:100510000DF117020123A020FFF7A6FF079E044656
:1005200050B902460146304605F0BCFB028842B98C
:10053000304605F0C3FB01E0002EF9D1204608B09B
:1005400070BD9DF817300BB1012BF1D100F11001F6
:10055000284606F019FDEBE72224EFE71124EDE72A
:100560005E770100983A004030B5092899B00C46F2
:10057000154643D8012101FA00F240F285131340D9
:100580002AD112F4107F39D0092810D1CDE90133D6
:10059000ADF8123040F6B833009304AA04231D20AE
:1005A0008DF810108DF81150FFF75EFF38BB502208
:1005B000002104A806F038FD01238DF81030072D26
:1005C00000F26781DFE815F01D001D006B00B5002B
:1005D0006501DE00090142010023CDE90133ADF8D8
:1005E000123040F6B83300938DF810108DF811508A
:1005F000042304AA1D20FFF737FF00B9002019B01B
:1006000030BDA54DA4B9452221460DF11B0006F0D1
:100610000BFD2B88ADF81130AB788DF8133001232A
:1006200005938DF818300B238DF819301B234CE0FF
:10063000392200210DF1270006F0F6FC2B88ADF8D9
:10064000113024221021AB788DF818208DF81A1063
:10065000042234218DF813308DF8192005238DF8EC
:100660001B108DF81C206421172205938DF81D2086
:100670008DF81E108DF81F3084218DF820208DF804
:1006800021108DF82320032195228DF825308DF837
:1006900022108DF824201D238DF8263017E07F4D81
:1006A00004BB452221460DF11B0006F0BDFC2B8842
:1006B000ADF81130AB788DF81330012305938DF828
:1006C00018300D238DF8193014238DF81A300023BB
:1006D000CDE9013340F6B833009304AA5023012139
:1006E000BD2088E74022002108A806F09DFC2B8849
:1006F000ADF81130AB788DF8133003230593042245
:1007000024238DF818308DF8192017238DF81A300E
:100710008DF81D3064238DF81E300B2334218DF8A5
:100720001F301E238DF81B108DF81C208DF82030F3
:10073000CDE75B4D8CB9452221460DF11B0006F03B
:1007400073FC2B88ADF81130AB788DF81330012392
:1007500005938DF818300E23B4E74022002108A835
:1007600006F062FC2B88ADF81130AB788DF81330B1
:1007700003230593042224238DF818308DF81920C3
:100780001423C3E7474DA4B9452221460DF11B00B0
:1007900006F04AFC2B88ADF81130AB788DF8133099
:1007A000012305938DF818300D238DF81930172388
:1007B0008BE72B88ADF81130AB788DF813303A4BBE
:1007C0003A490422CDE90523394B3C22CDE90713F0
:1007D00009A8002106F028FC79E7364D8CB945229E
:1007E00021460DF11B0006F01FFC2B88ADF81130DF
:1007F000AB788DF81330012305938DF818300D2355
:1008000012E7392200210DF1270006F00DFC2B889C
:10081000ADF811301022AB788DF813308DF81A2016
:100820002423342205218DF818308DF81B20042351
:100830001722642005918DF819308DF81C308DF841
:100840001D208DF81E008DF81F1015E71A4D45224A
:10085000002C3FF427AF00210DF11B0006F0E4FB54
:100860002B88ADF81130AB788DF813300223059347
:1008700024238DF8183009238DF8193014238DF8AE
:100880001A3095238DF8243005238DF82530212347
:1008900002E70F20B3E600BF35FF200839FF20082C
:1008A0003DFF200841FF2008240417340414640B82
:1008B0001495051745FF200849FF20087FB5032838
:1008C0004FF000030A46059312D8012101FA00F007
:1008D000CDE9013347F294530490ADF8142000930E
:1008E00004AA0823EA20FFF7BFFD07B05DF804FB68
:1008F0002120FAE730B5002387B0CDE9013340F677
:10090000B83300930123044600F108021946112070
:10091000FFF7AAFD70B9A389062B0DD1002340F67D
:10092000B8320092CDE901331A4601211220FFF7B7
:100930009BFD50B307B030BD214D29884FF6FF73A2
:1009400099421CD169884FF6FF73994204D0002068
:10095000FFF7B4FF0028EDD1A9884FF6FF73994245
:1009600004D00220FFF7AAFF0028E3D1E98800297C
:10097000D4D00320FFF7A2FF0028CFD0DAE7012070
:10098000FFF79CFF0028DDD0D4E7627A082A0FD158
:100990000C4B186805900023CDE9013340F6B833BD
:1009A000009305AA04230121BE20FFF75DFDC1E7E6
:1009B000217AA089FFF7D8FD0028E9D0BAE700BF67
:1009C00062080000CCFF20082DE9F0438BB0002323
:1009D000CDE904330693C38990F80080012B0546C6
:1009E00000F016818289007A8E4F8F4E062A14BF3E
:1009F0000123022301280CBF43F0080343F0040342
:100A00003B708A4B196033786BB1894B1B88092B7B
:100A100040F00081092A00F0E4804FF4366420465B
:100A20000BB0BDE8F083834840F2DC5106F070FA69
:100A300040F2DC53984200F2EF806A697E4B13402B
:100A4000002B40F0EB807D4805F0F0F804460028CC
:100A5000E5D17B4B04937B4B059304A82B788DF851
:100A6000183006F031FA04460028D8D105F0AEFB64
:100A700004460028D3D105F00BFF04460028CED150
:100A800000F044F904460028C9D1DFF8D09199F864
:100A90000030002B00F0A780404606F095FA04468F
:100AA0000028BCD1002389F8003005F01BF904466A
:100AB0000028B4D106F0BCFA05F0B0FA50B141F20A
:100AC0008831202005F0D4FE830640F1A98020461D
:100AD00005F09EFA002140F6B8330093CDE90111EC
:100AE000282305F10C021020FFF7BEFC0446002865
:100AF00095D1554B2A691A60EB890C3B9BB2012BAF
:100B000001D806F025FA0023CDE9013347F29453CA
:100B1000009305F1340203230121C720FFF7A4FC51
:100B2000044600287FF47BAF484B93E80700EB892D
:100B300007AC84E8070033B9AB69454A1A421CBFC9
:100B400001238DF81C30AB89082B51D10023099368
:100B5000002142F2107300932246CDE901110C23CB
:100B6000C820FFF781FC044600287FF458AFE88CCA
:100B700080F0010000F0010005F044FA686AC0F35B
:100B8000033006F09DF96968002935D1EB890C2BFB
:100B900006D02846FFF7AEFE044600287FF43FAF9C
:100BA000AB692C4A002B03DAEB6903F0C0431360F6
:100BB000106808B106F094F901231D4A3370AB891F
:100BC000138023F0020212B1083B012B04D82B7AC8
:100BD000CBB9214B01221A70E88905F025FAFFF7FD
:100BE00035FA00241BE706F077F900F09DF85CE782
:100BF000072BADD13323AAE7387806F095F90446E0
:100C00000028C3D00BE7012B04BF134A9370E3E71E
:100C10000F2404E7122402E7012400E70E24FEE675
:100C20005924FCE65F7701005E77010060770100E0
:100C3000600800003171010028000200C0FF200898
:100C400035AC200839AC200850770100D0FF2008CF
:100C50001000000154770100597701005E08000080
:100C6000042913B50CD833B10023CDE90033FFF7C5
:100C70002FFB02B010BD02B0BDE81040FFF740BA34
:100C80002720F6E770B51F4A86B012780023044685
:100C90000593002A33D018B92225284606B070BD26
:100CA00005AACDE90132184A009201211A46E02036
:100CB000FFF7DAFB059E0546D8B9024601463046E5
:100CC00004F0F0FF0028E7D00288A2B1027C227075
:100CD000427C6270827CA270C27CE270027D2271D2
:100CE000427D6271827DA271C27D037E13432381A6
:100CF00001E0002ED1D0304604F0E0FFCDE7112511
:100D0000CBE700BF5E770100E803004010B5054B5C
:100D100000244FF48070C3E90044FFF7A5F8204693
:100D200010BD00BF286F010013B50023ADF80630D9
:100D3000184BD3F86C4114F0020427D116484FF435
:100D40007A734FF4CA62012104F07CFF30B1134A78
:100D500013491448522306F04BF900BE0E4B0DF117
:100D600006021868002104F09DFF0F4B102200F5C9
:100D7000A000186010449A8098604FF4C862022066
:100D80009A81FFF76BF8204602B010BD6FF00104A6
:100D9000F9E700BF00800046246F010002FA200836
:100DA000ECF8200885F92008306F01000146014861
:100DB00005F097BA286F010008B5074B00F5A000B1
:100DC000186001F5A0011020988099609A81FFF7C2
:100DD00035F8002008BD00BF406F010008B50220B3
:100DE000FFF742F8FFF7A0FFBDE80840022006F039
:100DF00003B90000064B38B9064AD269D20703D4BA
:100E00005A6B12F4204FFBD1034A5A63704700BF5C
:100E10000000054100000812406F0100014B024A2A
:100E2000DA65704700000541306F010008B50A4AD5
:100E3000D2F874311B07FBD5084A09490948CA236F
:100E400006F0D6F8642003F059FB074B074A5A63B3
:100E5000074ADA6508BD00BF00800046DCF92008BB
:100E6000ECF82008B7F9200800000541406F0100A8
:100E7000306F010038B5234B0222C3F88420BFF342
:100E80004F8FBFF36F8F204BD3F80028D30735D493
:100E900001231946202B01D11C4606E001FA03F478
:100EA000144203F1010027D0DCB2184B03EB04130A
:100EB0009A68C2F38162032A22D09B689B0F032B9E
:100EC0001ED0134B142202FB0433D3E90253ED1A54
:100ED00018BF01250F4B0E4ADB680C49DB690E4831
:100EE00098472DB1084A01235169A3400B43536130
:100EF000044B02225A6038BD0346CBE70024D4E7F6
:100F00000025E7E700E100E00000034400FC0200E8
:100F1000D062010000013000B005000038B5244B5C
:100F20004FF48062C3F88020BFF34F8FBFF36F8F01
:100F3000204BD3F80028D30736D4012319460C2BB5
:100F400001D11C4606E001FA03F4144203F101004A
:100F500028D0DCB2184B03EB04139A68C2F3816209
:100F6000032A23D09B689B0F032B1FD0134B142203
:100F700002FB0433D3E90253ED1A18BF0125104BCD
:100F80000E4ADB680C49DB690E4898472DB1094AC7
:100F900001235169A3400B435361054B4FF4806219
:100FA0001A6038BD0346CAE70024D3E70025E6E708
:100FB00000E100E000800724001C0624E06101003D
:100FC00000013000A405000030B50E4C41612368DB
:100FD0008BB9206083600DE0891A9A6841611D46D3
:100FE0006AB113465A698A42F6D935B1A860521AD5
:100FF00083605A6130BD0025F4E72060F7E7986010
:101000008260F7E7FC84000038B500F03FFA094C35
:10101000094B1A6823680025C31A2AB123B1516904
:10102000994203D3C91A5161206038BD55615B1ADA
:101030009268F2E7F8840000FC84000038B5154D92
:101040002B682BB35B69A3B1134A146802201C44BC
:1010500000F026FA204600F02DFA10492A680023F5
:101060000B7022B1D08880070AD501230B700020B5
:1010700038BD022000F014FA022000F06FFAECE70D
:101080009268002AF3D050690344012BEAD9EEE7B5
:101090002220EDE7FC840000F8840000F4840000C6
:1010A00070B516469DF814200271049A0260C0E9DA
:1010B00003360022BDF81830826004460D46C38016
:1010C000EEB900F0E3F92844A0619DB12E4605F089
:1010D00057FF0546FFF798FF31462046FFF774FF9C
:1010E000104B1B68A34201D1FFF7A8FF284605F06B
:1010F0001FFF02E0E36865617BB9002070BD00F06E
:10110000C5F93044A061002DE0D1E3686561002B92
:10111000DDD0216820469847D9E7216820469847C6
:10112000EBE700BFFC8400000D490B6898B100227A
:101130009BB1834203D1836822B90B6003E01A4656
:101140009B68F5E7936083681BB15A6941690A445B
:101150005A6100207047222070470220704700BF6C
:10116000FC84000070B5154E05F01AFF3478054672
:10117000FCB9134B1C60134B1C60134B1C6000F03C
:101180003FF9012000F08CF900F010FA0F4B0246F5
:10119000186020B9284605F08FFE232070BD234635
:1011A0000B4840F2E73105F0B7FE0A4B1860012307
:1011B0003370284605F080FE0020EFE7F58400003C
:1011C000FC840000F8840000048500000085000015
:1011D00018FCFFFFF084000038B5044618B305F092
:1011E000CFFE0546FFF710FF104B1868A04209D04C
:1011F0002046FFF799FF044680B1284605F098FE87
:10120000204638BDFFF790FF04460028F5D1FFF7D0
:1012100015FF222802D1022000F08AF9284605F0A5
:1012200087FE0024ECE72224EAE700BFFC840000EC
:1012300038B50C460546A8B1A1B100230B7005F0E6
:10124000AFFE094B1B68012133B905F035FE0020C4
:1012500038BD9D4204D121702278002AF9D0F4E7EC
:101260009B68F1E72220F3E7FC840000F0B587B02B
:101270001F4600230D4616468DF817300446A8B1C8
:10128000C3610DF11701FFF7D3FF9DF817207AB95D
:10129000BDF8343002939DF830302946CDE9007313
:1012A00020463346FFF7FCFE07B0F0BD2220FBE7E7
:1012B0000320F9E738B505F073FE054600F0E6F8BF
:1012C0000446284605F0F8FD204638BD014B186855
:1012D000704700BF00850000C2072DE9F8430446AF
:1012E00007D5444A136801331360FFF78DFEFFF7FB
:1012F000A5FEA3077CD505F053FE0546FFF784FE47
:101300004FF000083C4F46463C680CB16369A3B1FE
:101310003A4B0022012E1A7003D118F0020F18BFA9
:101320001E70FFF78BFE222802D1022000F000F988
:101330002846BDE8F84305F0BFBD23465A693AB9CF
:101340001A792179914288BF1C469B68002BF5D100
:10135000284605F0B1FD2569DDB100F097F8A269D6
:10136000A0EB02084FEAE873A84573F1000311DB14
:1013700023691344A361E36813B1216820469847A9
:10138000B4F8068005F00CFE01360546FFF73CFE7A
:10139000BAE7A84605F004FE81462046FFF7C4FEE2
:1013A000484605F089FD2369002BE4D0A38BB5EBFB
:1013B000080533B1E28B13449BB2B3F57A7F0FD2A9
:1013C000E38305F0EDFD294680462046FFF7FCFD4E
:1013D000A36922691344A361404605F06DFDCAE785
:1013E000A3F57A73E383A369013B013DA361E8E7B9
:1013F000BDE8F88304850000FC840000ED84000053
:1014000010B5002486B0012321460820ADF808302D
:101410008DF80430CDE903448DF800408DF80A4082
:10142000059400F0D5F8684600F0FCF801AB02A97D
:10143000204603938DF8084000F00CF90F21204658
:1014400000F054F90F21204600F05EF900F0D0F8CA
:101450000B4B9C61DA695207FCD40A4A4FF4806155
:101460005160094A4FF480011160182182F8161367
:1014700001221A61DA69002AFCD106B010BD00BF52
:10148000008C04240000081200E100E0014B986980
:10149000704700BF008C04240021084600F050B9BA
:1014A00000F00101830748BF41F00201002000F075
:1014B0000FB900002DE9F041044605F061FD1A4D19
:1014C0000746D5F81880FFF7E7FF0646002000F032
:1014D00029F9830705D4A6EB0803042B01D8464558
:1014E00014D1A969B4F1FF3F28BF0134C1F103034E
:1014F0002344072B98BFCC1C00210846621E00F035
:1015000039F90220FFF7CCFF00F052F9384605F018
:101510000FFD064A13782BB1AB6C43F00103AB64AB
:1015200000231370BDE8F081008C042489060000BC
:10153000830700F0010109D5064B01221A70064A03
:10154000936C23F0010341F002019364002000F04A
:10155000CDB800BF89060000008C0424830742BF79
:10156000024B0222C3F84021704700BF008C0424C4
:1015700038B500F02BF905F013FD0446002000F00B
:10158000D1F8830700F0010548BF45F0020500F0DF
:101590000301002000F0B8F82846FFF79DFE204622
:1015A00005F08AFCBDE8384000F002B94FF4004075
:1015B00070470000054B9A689107FCD45A6892075F
:1015C000F9D4DA69002AF6D1704700BF008C0424F0
:1015D000064B1A6A61F397421A621A6A60F34C2248
:1015E0001A621A6A9204FCD5704700BF0080042476
:1015F000024B0122C3F80421704700BF008C042471
:10160000074B5A68012A0AD102221A61DA69920745
:10161000FCD40122C3F804229A60FFF7CBBF7047C5
:10162000008C042410B5094CFFF7C4FF6368012B3C
:1016300003D1FFF7E5FFFFF7BDFF054A936843F4C9
:10164000803393600378E36010BD00BF008C0424F6
:101650000000304110B101281CD070474A680B7857
:1016600012B1127843EAC2034A7843EA42038A6815
:1016700012B1127843EA82138A7843EA8203CA6875
:1016800012B1127843EA4223104A9364936D002BFF
:10169000FCD170474A680B7812B1127843EAC20352
:1016A0004A7843EA42038A6812B1127843EA821305
:1016B0008A7843EA8203CA6812B1127843EA422365
:1016C000024A9366936F002BFCD17047008C042470
:1016D00010B1012804D07047034BC3F84411704780
:1016E000014BC3F864117047008C042410B1012829
:1016F00004D07047034BC3F844127047014BC3F842
:1017000064127047008C042410B1012804D0704783
:10171000034BC3F840127047014BC3F86012704787
:10172000008C042418B1012804D000207047034B1A
:10173000186C7047014B186E704700BF008C042472
:1017400018B101280BD00020704711B1012903D036
:101750007047074BD86C7047054B186D704721B127
:101760000129F0D1024B186F7047014BD86E7047BA
:10177000008C042410B101280CD070470B4B29B108
:10178000012905D09A6D002AFCD17047DA64F9E787
:101790001A65F7E7054B29B1012905D09A6F002A90
:1017A000FCD17047DA66F9E71A67F7E7008C042482
:1017B000044B4FF480625A60034B4FF480021A606E
:1017C000704700BF0000081200E100E0094B4FF431
:1017D0008002C3F88020BFF34F8FBFF36F8F064B9B
:1017E0004FF480629A601A60044AD36B43F48063BA
:1017F000D363704700E100E0000008120081042478
:1018000013B50446FFF756FD194BDFED1A6A1B6846
:10181000194A9C4228BF1C4607EE904AB8EE677AE8
:10182000164B1278C7EE267A93ED007AB8EE477A17
:1018300067EE877AFCEEE77A17EE903A1AB1104A13
:1018400012689B1A603B0F4A1168421A9A423EBFC7
:101850000131091AC9184FF00003CDE900330A4AD3
:101860000A4828BF0121FFF701FD02B010BD00BFEB
:101870001078010000007A4414780100E477010038
:10188000DC77010018780100D9240000E877010016
:101890002DE9F041FFF70EFD0546EFF311874FF0FC
:1018A000140383F31188BFF36F8FBFF34F8F154B72
:1018B0001C78B4B9144EDFF854803368D8F800208F
:1018C000EB1A934211D24CB14FF0E0234FF080520B
:1018D000C3F8042DBFF34F8FBFF36F8F0120FFF7C5
:1018E0008FFF87F31188BDE8F08103F063FB336855
:1018F000D8F800202043134414BF0124002433608F
:10190000DBE700BF14780100187801001C780100A3
:10191000154B002210B5DA77FFF7D8FC4FF47A7335
:1019200000F2E732B2FBF3F2104B1A604FF0FF33D4
:10193000B3FBF2F30E4A04460A3B1360FFF7BAFC0E
:10194000B4F5004F06D0B4F5FA4F14BF4FF4FA4483
:101950004FF40044074B1860074B01201C60BDE8A2
:101960001040FFF74DBF00BF00ED00E01C78010004
:101970001078010018780100E4770100704700003A
:1019800070B5FFF797FC1A4A1A4B1168D3ED006A3D
:101990009FED196A194D1A4E401A07EE900AF8EE9B
:1019A000666AB8EE677A3068C7EE267A67EE867A9E
:1019B000FCEEE77AB8EE677A17EE904A27EE267AC1
:1019C000C7EE067AFCEEE77A17EE903A0B44136006
:1019D0002B681A19824206D2204603F0D3FA2B68EC
:1019E0001C442C6070BDC01A03F0CCFA3468F8E7D0
:1019F00018780100E477010000007A4408780100BB
:101A00000C7801002DE9F041044672B6BFF34F8F08
:101A1000BFF36F8F03F0DAFD10B962B6BDE8F08155
:101A200005F0CAFA0028F8D00220FFF781FD62B65F
:101A3000254DDFF8B480AB69C8F8003005F094FAA2
:101A4000224BDB691A0704D404F044FF08B1FEF707
:101A5000C3FA1F4F1F4801263E70FFF7BDFBAB695D
:101A6000D8F800209B1A1C4A13606FF00F03EB6438
:101A70002046FFF7C5FE72B6BFF34F8FBFF36F8FDF
:101A80002046FFF77BFF154B1C60154B00241C60A4
:101A900005F00EFAFFF774FF3C7062B60D48FFF7D1
:101AA0009BFB3046FFF7ACFE084BDB691B07B5D448
:101AB0000C4B186808B105F013FAFEF767FABDE899
:101AC000F04105F09DBA00BF008C0424000008120C
:101AD00014780100E8770100DC7701000C78010040
:101AE0000878010054770100E0770100024B0146BD
:101AF000186802F039BD00BF2071010070B5234D98
:101B00002B7886B00446002B32D1204605A904F07C
:101B1000E8FB0446002831D102460146059804F04E
:101B2000C1F843780688014643F0500343703246BB
:101B30001031FFF741F938B1154A1649164840F2FD
:101B40005B6305F055FA00BE05230022CDE90032A3
:101B500010490F4A1148029640F25F6305F048FAB7
:101B60002B780BB1FEF712FA059804F0A7F809E0FC
:101B7000FEF7FCF90028C8D0072403E02B780BB14E
:101B8000FEF704FA204606B070BD00BFCE6F01001C
:101B900065012108DCFF2008780021089900210850
:101BA0002DE9F047DFF8248198F8003086B004462C
:101BB0000F469146002B73D105A9204604F091FBF6
:101BC0000646002873D102460146059804F06AF8DB
:101BD000314605463246006804F064F829794378B6
:101BE000B0F800A043EA0113437043880646FBB1F6
:101BF000AA79100744BF012089F80000D00610D44C
:101C0000012084F821002868407A84F8241084F8A0
:101C100032202A69A2636A696263EA682086638463
:101C2000E263B02B01D04D2B02D1012004F03EFE27
:101C3000524606F110013046FFF7BEF8B3781C2B70
:101C4000814601D1FFF7F2F8B9F1000F07D01B4A26
:101C50001B491C4840F2236305F0CAF900BECDF8C9
:101C600008A0738801932B790093144A14491648ED
:101C700040F2276305F0BCF998F800300BB1FEF78D
:101C800085F9032F02D1304605F022F9286804F0C7
:101C900015F8059804F012F8E36A0133E36203E0F3
:101CA000FEF764F9002887D006B0BDE8F08798F801
:101CB0000030002BF8D0FEF769F9F5E77A0121082A
:101CC000DCFF20087800210899002108CE6F010070
:101CD000F7B51D46002304460F4616460193ADF89E
:101CE000023018224FF47A73012101A803F0AAFFF1
:101CF00030B10F4A0F491048B12305F079F900BE01
:101D0000019838600DF10202002103F0CBFF68B1A9
:101D1000019B5E72089BC360BDF8243003810423DD
:101D2000857103712060002003B0F0BD0E20FBE739
:101D30009B012108DCFF200885F92008F0B500256B
:101D400087B0174606462A4608462946039503F0FB
:101D5000A9FFCDE9005704462B462A4603A904A84B
:101D6000FFF7B6FF70B92288059010324FF47A73EE
:101D7000012105A803F066FF039D024620B1284615
:101D800003F09CFF07B0F0BD0146059803F08AFF01
:101D9000DDE904321A602288DE601032214605F047
:101DA000F3F82946034804F097FA0420FFF79EFE53
:101DB000E8E700BF6C700100002070472DE9F74391
:101DC0000023019358484FF0FF330068002236216A
:101DD00002F030FC0446A00706D5DFF85C814046DF
:101DE00004F040FD002839D1610705D54F4F384632
:101DF00004F038FD00285DD1E20605D54C4F384689
:101E000004F030FD002872D1A306DBD5494D002433
:101E100055F8040BF0B101A900F5EA7004F061FA7D
:101E20000246B8B955F8043CD3F874317BB1014689
:101E3000019803F037FF018B55F8043C4269D3F851
:101E40007461103100F1100301442046B04701983D
:101E500003F034FF0134142CDAD1B3E701A9404672
:101E600004F03FFA02460028B9D10146DFF8CC90D1
:101E7000019803F017FFD9F8003081890546ABB10E
:101E8000807804F0D7F86B88AF2B07460E4602D156
:101E9000284603F03FFF002E08BFB7F1FF3F019A2D
:101EA00004D0D9F80030384631469847019803F0FD
:101EB00005FF94E701A9384604F013FA0546002807
:101EC00095D102460146019803F0ECFE2A460646EB
:101ED0002946006803F0E6FE0146304605F07CF82E
:101EE000306803F0EBFE019803F0E8FE7FE701A9FC
:101EF000384604F0F6F90546002880D1024601462E
:101F0000019803F0CFFE2A4606462946006803F0F2
:101F1000C9FE0146304605F05FF8306803F0CEFE9A
:101F2000019803F0CBFE6AE7207101006C7001009C
:101F3000EC700100786F01002C70010060770100E7
:101F400007B568B9ADF806000DF10600FEF706F812
:101F5000BDF80630DB0707D54FF4807005F04CF86C
:101F6000002003B05DF804FB0120FAE72DE9F04FF3
:101F7000002699B0B04C07963C22314609A88DF84E
:101F80001160ADF81660DFF8F0A205F04DF80123FE
:101F900084F8203084F8603084F8A03084F8E03091
:101FA00084F82031A54B1B6806F480612BB9A44B43
:101FB0001A78DAF80030934366D0002977D1BDF85B
:101FC000163013F0010F18BF0A219E4804F050FC90
:101FD0000643700540F1BC8608A8FEF7E7FE00281E
:101FE00040F0B686DFF894B29BF800300BB1FDF7F5
:101FF000CDFF954B1B680BB926F48066089805AA9F
:10200000002103F04FFE458890F801908789B02D9C
:1020100080464FEA191901D04D2D02D1002004F05D
:1020200045FCB8F80030894A89498A4823F470434E
:10203000CDE90273CDE9009540F2D51304F0D8FF45
:10204000B9F1040F37D0B9F1050F00F01186B9F1DD
:10205000020F66D17D4A7E497F484FF4AA6304F09F
:10206000C7FFD4F8E8300133C4F8E830B4F8E23000
:10207000AB4208BF0023404604BF84F8E130A4F817
:10208000E23004F0CDFF4CE0744B1A68744B1B68CF
:10209000934392D1734B1B68002B8ED149B9BDF885
:1020A000163013F0010F08BF4FF0FF318BE700210E
:1020B0008BE7194689E798F80130892D03F00F0363
:1020C00088F8013000F28C81612D00F2D980432D17
:1020D0001ED9A5F1440292B20123934013F4ED6F8F
:1020E00000F02681A36E0133A366B4F86230AB42E0
:1020F00002D1002384F86130192D00F06283C32DD2
:1021000040F0ED820899E06F3A46FFF717FEF4E2DF
:10211000282D00F22C81A5F10C0292B21A2A40F26D
:102120003881089803F0CAFD7AE2A5F1C90292B29B
:10213000012393404C4A1A40002AD3D14B4A1A40FB
:10214000002A40F06A81CD2DEBD1FDF71FFFA36A75
:1021500008980133A362638CAB4201BF0023C4E93A
:102160000D3384F82130638403F0A8FD202004F0AF
:10217000ABF855E2A5F1BA039BB2012101FA03F3D2
:1021800042F208321342ADD144F20102134240F050
:10219000F381BE2DC5D1A36E94F872200133D2070E
:1021A000A366B4F862303CD5BE2BBAD118224FF4E6
:1021B0007A730DEB020003F045FD38B1234A244940
:1021C0002B4840F2213304F013FF00BE0DF1120240
:1021D0000021069803F066FD4FF482738380642F1C
:1021E000E36FC36008BF0027078194F872308371E2
:1021F000089A94F870305372069A53720023036061
:10220000606F04F055F8A36F984200F27683069948
:10221000184804F061F8402004F056F80023C4E99F
:102220001D33B4F86230BE2B7FF47BAF002384F8FB
:102230006130A4F8623074E7DC6F01007077010050
:10224000647701001F7C2000286F01008A012108AB
:10225000DCFF2008DB002108450121086877010028
:10226000787701006C770100430088000C000400BF
:1022700085F920082470010074770100CE6F0100F9
:10228000A5F16203272B3FF64CAF01A252F823F0D1
:10229000892F00002F3300006B2D00002F3300002A
:1022A0006B2D00006B2D00002F3300006B2D000004
:1022B00085340000892F0000892F00002F33000093
:1022C000633000002F3300002F3300002F33000055
:1022D0002F3300002F330000892F00006B2D0000EA
:1022E000C13100006B2D00006B2D00006B2D000034
:1022F0002F3300002F3300002F3300006B2D000020
:102300006B2D00006B2D00006B2D00002F330000A3
:102310006B2D00006B2D00006B2D00006B2D00005D
:102320006B2D00006B2D00006B2D0000972D000021
:10233000784A1A40002A70D1612D7FF4F2AE6C25E4
:10234000404604F029FEB8F80230612B04BF6C232C
:10235000A8F80230B8F80230422B40F06783B8F991
:10236000122000214FF0FF3004F09AFD69E3A5F13F
:10237000290292B201239340674A1A40002A7FF44F
:10238000B1AE13F0C06FDBD1644A13423FF4C9AE63
:1023900043E001239340624A1A40002A40F0008241
:1023A000604A1A40002A40F0E7805F4A13423FF437
:1023B000B8AE638CAB4240F0DF80152D07D137B942
:1023C00009A803F001FE9DF824308BF800309BF83B
:1023D00000300BB1FDF7DAFD00238DF81130CBE0B2
:1023E000C82D00F2AF80B92D3FF6C4AEA52D6ED832
:1023F0008A2D3FF496AEA5F18B0292B20123934051
:102400004A4A1A40002A7FF46DAE494A1A40002A0F
:1024100040F0B280A12D7FF484AED4F8A830182209
:102420000133C4F8A83001214FF47A730DEB020098
:1024300003F008FC38B13F4A3F49404840F2763348
:1024400004F0D6FD00BE0DF112020698002103F043
:1024500029FC4FF401728280B4F8A2200781AA42BD
:102460000346DDF818C0089805D0A12D40F0498238
:10247000902A40F04682D4F8BC10D96094F8B2108B
:10248000997194F8B0108CF80910F02D4172186011
:1024900000F03B82CB2D40F03B824BF6F1318F4276
:1024A00040F03682CB2A40F09A82002384F8A13093
:1024B000A4F8A23094F8B230002B40F05B82069969
:1024C0001F4803F009FF0420FFF710FBA8E0A5F167
:1024D000A7039AB20A2A3FF624AE0A2B3FF621AE92
:1024E00001A252F823F000BF892F00006B2D0000DD
:1024F0006B2D000063300000713800006B2D000070
:102500006B2D00001333000013330000C1310000B5
:1025100063300000010002006060D2000100000191
:10252000E039020101800004100201000F40800424
:10253000800020008A012108DCFF200885F920089E
:102540006C700100E02D7FF6F0ADA5F1E40292B2CF
:102550001B2A3FF6E6AD01239340AD4A1A40002AFC
:102560007FF4C0AD41F6010213427FF456AF44F24E
:10257000200213423FF4D5ADA36A0133A36294F85D
:102580003230D90740F19D80638CAB4240F0998096
:1025900018224FF47A7301210DEB020003F052FB75
:1025A00038B19C4A9C499D4840F2162304F020FD16
:1025B00000BE06980DF11202002103F073FB94F89F
:1025C000323013F0020380466BD0089B0360042373
:1025D000A8F80430E36BA8F80870C8F80C3094F839
:1025E000323088F80630089A94F830305372069AE0
:1025F0005372606B03F05CFEA36B984256D8884818
:102600000699FDF75FFD202003F05EFE0023C4E97C
:102610000D33638CAB4203D1002384F821306384F3
:10262000FEF7DCFBF50618D07E4FDFF8FCB1002585
:102630004FF0010909FA05F3334209D097F8212038
:10264000002A00F08883DBF800201343CBF8003029
:102650000135052D07F14007ECD1734B1A68DAF804
:102660000030934300F0BA83704FDFF8CCB10025FF
:102670004FF0010957F8043B7BB1D3F88C2162B1CC
:1026800093F8AD3109FA05F2002B00F095839BF821
:1026900000301343DBB28BF800300135142DE9D143
:1026A00098E30360089803F009FB90E7069803F0AD
:1026B00005FB94F832309A07A8D5089803F0FEFA83
:1026C000A4E7089803F0FAFAA3E7A36E0133A36620
:1026D000B4F86230AB4202D1002384F86130AE2DF1
:1026E0003FF410AD09E0A36E0133A366B4F8623085
:1026F000AB4202D1002384F8613094F87230DB07DA
:102700007DD5B4F86230AB4279D118224FF47A7398
:1027100001210DEB020003F095FA38B13D4A3E4924
:102720003E484FF42A7304F063FC00BE06980DF196
:102730001202002103F0B6FA94F8723013F002038B
:1027400080464CD0089B03604FF48273A8F8043095
:10275000E36FA8F80870C8F80C3094F8723088F865
:102760000630069A94F870305372089A5372606F6C
:1027700003F09EFDA36F984236D806992C4803F0CB
:10278000ABFD402003F0A0FD0023C4E91D33B4F8E5
:102790006230AB427FF444AF0023A4F862303FE7DD
:1027A000A36E0133A366B4F86230AB4204BF0022CB
:1027B00084F86120142D7FF49FAC142B0CD0002FD3
:1027C0009BD00899E06F3A46FFF7B8FA03F012FC85
:1027D00000238BF8003090E7002F8ED0F6E70360DF
:1027E000089803F06BFAAFE7069803F067FA94F8DD
:1027F00072309807C8D5089803F060FAC4E70899C2
:102800000C4803F069FD0220FFF770F9BFE700BF35
:1028100040A001088A012108DCFF200885F9200872
:10282000E46F0100DC6F010068770100786F010040
:10283000247001002C70010064770100A36E013345
:10284000A36694F87230D9074BD5B4F862306A2B7E
:1028500047D118224FF47A7301210DEB020003F0E7
:10286000F1F938B19F4AA049A04840F2EA2304F0A8
:10287000BFFB00BE0DF112020021069803F012FA10
:102880004FF482738380E36F0781C36094F87230E2
:102890008371089A94F870305372069A5372002329
:1028A0000360606F03F004FDA36F984215D806998A
:1028B0008F4803F011FD402003F006FD0023089827
:1028C000C4E91D3303F0FAF9B4F862306A2B7FF4DF
:1028D000A7AE002384F861305FE7069803F0EEF9B5
:1028E000ECE717B9834B01221A700899824803F06C
:1028F000F3FC0220FFF7FAF8E6E7069803F0DEF9AA
:102900008CE40021D9609971BDE5CB2A3FF4CDADAF
:1029100094F8B21011F0010F61D0AA4203D0902AAE
:102920005DD1A12D5BD111F0020102D1196003F03C
:10293000C5F9D4F8B40003F0BBFCD4F8B830984221
:1029400042D806996D4803F0C7FC802003F0BCFC18
:102950000023C4E92D33B4F8A230AB4247D0A12DF7
:102960005BD1902B7FF45CAE002384F8A130A4F8F7
:10297000A23055E64FF47A731822012107A803F01C
:1029800061F938B1574A584958484FF46A7304F00E
:102990002FFB00BE00221146079803F083F90025A3
:1029A0004FF6F6730381056094F8B230837107998E
:1029B000B4F8B0304B72514803F08EFC802003F025
:1029C00083FCC4E92D552BE6069803F077F994F8BB
:1029D000B2309B07BCD5089803F070F9B8E70699A8
:1029E000474803F079FC0420FFF780F8B3E70023A1
:1029F000412D84F8A130A4F8A23014D1002F3FF467
:102A00000FAE03F0F7FA00230899D4F8BC008BF856
:102A100000303A46FFF792F951E5412D03D1412BA1
:102A20003FF4FEADEAE7AA2DEBD0F9E56C2B4FF0B1
:102A3000FF322AD1002104F033FAD0F8840104F0E7
:102A4000BFFA814630B3742D27D0422D5CD0A72D1C
:102A50005AD000F5C678D8F828300133C8F82830A5
:102A6000D8F83830002B00F0B680D8F8340003F0E6
:102A70001FFCD8F83830984240F2AD80089803F037
:102A80001DF90023C8E90D33CAE5432B0CBF002113
:102A9000032169E4742D40F09B8018224FF47A736F
:102AA00001210DEB020003F0CDF838B10D4A0E49BB
:102AB0000E4840F2114304F09BFA00BE0021069834
:102AC0000DF1120203F0EEF840F204438380089BFC
:102AD0000360069907810023C3600A4803F0FCFBEA
:102AE0001020F1E48A012108DCFF200885F9200884
:102AF00024700100587701002C70010064700100FF
:102B00006C700100EC700100D4F82831DFF8948279
:102B10000133C4F82831D4F83831002BA5D118225C
:102B20004FF47A7301210DEB020003F08BF838B1FA
:102B3000994A9A499A4840F2394304F059FA00BE3A
:102B40000DF112020021069803F0ACF840F20442A5
:102B50008280B8F822100781A942034608BFD8F83E
:102B60003C20089808BFDA60186004BF98F832204B
:102B70009A71069F0FBF98F830200022DA609A7190
:102B800042727A7298F83220D70745D5A94243D1CC
:102B900012F0020202D11A6003F090F8069908F1CF
:102BA000080003F099FB7F4B98452ED14FF400703D
:102BB00003F08AFB0023C8E90D33B8F82230AB429A
:102BC0007FF42EAD002388F82130A8F8223027E5C5
:102BD000DFF8D0813FE76B2DA1D1B8F822306B2B05
:102BE0009DD10899B9F8BC314B72002388F8213087
:102BF000A8F8223009F5EA7003F06EFBD9F8083026
:102C00000120984004F078F90AE5D9F8083001204D
:102C1000984004F071F9CDE70699634803F05CFB36
:102C20001020FEF763FFC8E718224FF47A730121E2
:102C30000DEB020003F006F838B1574A57495848DF
:102C400040F27F4304F0D4F900BE0DF112020021DE
:102C5000069803F027F840F204418180089A06990B
:102C6000078100230260C360837153724B7234E7A3
:102C700098F8013003F00F0388F80130002D49D196
:102C8000454A4649494840F2135304F0B1F94046D9
:102C900004F082F94FF0FF32032104F001F90546F8
:102CA00000283FF4BDAC089BB0F8BC215A72D0F8A4
:102CB000C00105F5EA77D0B9B5F8AE316B2B24D158
:102CC00095F8AD31CBB195F8BE319B0715D50023F2
:102CD00085F8AD310899384603F0FEFAAB6801205B
:102CE000984004F009F90023C5E9703398E403F033
:102CF000DFFAD5F8C4319842DED90899384603F096
:102D0000EBFA2020FEF7F2FEEDE7B8F802209A4237
:102D1000F3D1D5E7012D05D108992846FFF74CF8E6
:102D2000FFF7FFB9032D7FF47BACA36E0899204811
:102D30000133A366B4F86230032B02BF0023C4E959
:102D40001D3384F8613003F0C7FA0220FFF7BCBBE3
:102D500026F4806666E4DBF800209DF811006FEA37
:102D6000030822EA0303CBF80030FFF7E9F8002854
:102D70003FF473AC0DF11102E9B23846FEF710FFD3
:102D80003B68002B7FF464AC0A4A136808EA03032B
:102D900006EA080613605BE48A012108DCFF2008CC
:102DA00085F92008DC700100EC7001003001210879
:102DB0002C700100787701009BF800309DF811001D
:102DC00023EA02036FEA02088BF80030FFF7B8F835
:102DD00000285DD1DAF80030002B71D030052FD5F6
:102DE00001233B4D0027984655F8042B12B3D2F827
:102DF000CC21FAB19DF81100FFF7A2F800B355F805
:102E0000040C00F5E670FEF779FE30B955F8042C95
:102E100092F88931013B82F8893155F8043CD3F8A6
:102E2000CC3133B92B490B6808FA07F223EA0203C5
:102E30000B6000230137142FD6D10BB126F40066A6
:102E4000B10414D50DF11600FDF788F8BDF8163061
:102E5000DA0738D4204D2846FEF750FE2B6833B9E8
:102E60001E4A136823F4005326F400561360B3027D
:102E70007FF598A81A4B4FF48001186826F40016C5
:102E800001F072FB01F012FB01F012FBFFF78AB8B0
:102E900057F8040C0DF11102042100F5C670FEF77D
:102EA0007FFE57F8043CD3F88C31002B7FF4F5AB50
:102EB000DAF8003008EA0303CAF80030FFF7EDBB88
:102EC00026F480568AE74FF4807004F095F8CEE738
:102ED000786F010070770100D46F01006C770100FA
:102EE00024710100EFF30882054B1A60EFF30982A9
:102EF000044B1A60EFF31482034B1A60704700BF53
:102F0000506001004C6001004860010001B402B44F
:102F100004B408B410B420B440B480B44DF8048DA7
:102F20004DF8049D4DF804AD4DF804BD4DF804CDA9
:102F300000B5024A6B46136030BF70476461010000
:102F40000B48D0F800D05DF804EB5DF804CB5DF8D9
:102F500004BB5DF804AB5DF8049B5DF8048B80BC9A
:102F600040BC20BC10BC08BC04BC02BC01BC704707
:102F700064610100114AD2F8103623F48073C2F85C
:102F800010360F4B596B41F001015963596B41F0F9
:102F9000020159630423C2F8383482B000238DF84B
:102FA00007309DF80730092B01D902B0704700BFE8
:102FB0009DF807300133DBB2F1E700BF0080042445
:102FC000008404242DE9F04F89B0002388466E4A1E
:102FD0006E4904938246059306938DF80F3004934F
:102FE000049B022B40F3A9800023674A684904939D
:102FF000049BEF2B40F3AB800023664A66490493A1
:10300000049B0B2B40F3AD80644D654A6B68DFF881
:10301000B4B1644C13602B69CBF80030236899017C
:1030200006D42368DA0103D44FF4106003F068FF7C
:10303000EE6916F0080600F09F8001218DF80F1050
:103040002368C3F340659B0100F194802368DF018E
:103050000FD4554BD3F80455D3F8042522F400625D
:10306000C3F804250591236843F0007305F4006557
:1030700023602368DE0600F18280012306934B4B18
:103080004FF460721E69D3F818905A61DA6103F048
:10309000BFFFBAF1010F07D103F036FF03F04CFF79
:1030A00003F0B6FF03F050FF9DF80F3003F0FF0769
:1030B0001BBB2368D80120D518F0100F1DD03C4B46
:1030C0003C4840221A60192103F06EFF3948394606
:1030D00003F0EAFE3748012103F0AEFF36483A46D6
:1030E000012103F099FF334803F062FF0790079B2B
:1030F0002D2B02DD314803F073FF2B4AD2F8103537
:1031000023F01C03C2F81035236A224B04221A61F3
:103110009DF80F3003F0FF07002B5AD0284B5F6952
:1031200008F00702C7F34307032A00F28D81DFE8A6
:1031300012F050004B00620165010498049B52F8A4
:10314000200041F82300049B0133049348E7049BCB
:103150000498134493F800330B54049B01330493F5
:1031600046E7049B049813441B7E0B54049B0133D5
:10317000049345E700257CE73546B14687E74FF0E5
:1031800000094E4683E700BF00E100E05061010006
:103190006060010000ED00E05460010000000812D2
:1031A000686101000081042400A005240084042437
:1031B000008004240085042400820424D87F0000B9
:1031C00000140424446001005A69022161F344029E
:1031D0005A61012003F08CFEFFF784FE9B4BD3F86D
:1031E0007C210092D3F86C2101920822C3F870214F
:1031F000974BD3F8102642F48072C3F81026D3F808
:103200001036BAF1000F40F0FC80FFF77FFE72B677
:10321000BFF34F8FBFF36F8F9DF80F300BBB8B4BFE
:10322000D3F86C2111071CD4D3F87421120709D4E8
:10323000D3F8742142F00102C3F87421D3F8742149
:103240001007FBD5814BD3F88021110706D410223B
:10325000C3F86C21D3F880211207FBD50822C3F8EC
:103260006C217C4B1B6883F31488BFF36F8F7A4B00
:103270001B6883F30988794B1B6883F308889DF8E2
:103280000F3023B1764B5A6967F344025A61FFF756
:1032900071FE9DF80F3053B9724945F65A230A68FA
:1032A0009A42FCD10120FDF7A5FDFDF7B7FD6E4B5D
:1032B0003E229A60DBF800201A61002003F018FE1D
:1032C0006A4B1A6822F00F021A601A6842F0010273
:1032D0001A6003F52043D3F810359DF80F3013B171
:1032E0002368DB0126D418F0100F23D0584B604818
:1032F00040221A60192103F057FE5D48002103F0B7
:10330000D3FD5B48012103F097FE5A4800220121BA
:1033100003F082FE564803F04BFE0790079B2D2BCF
:1033200008DD554803F05CFE544803F059FE54484C
:1033300003F056FE534BD3F80427C3F80425D3F803
:103340000027C3F80025D3F8102542F01002C3F877
:1033500010259DF80F300BB103F056FE4A4AD2F803
:103360003C3443F00103C2F83C34059B2BB1236885
:1033700023F00073236000230593069A434B22B188
:1033800000221E61C3F81890069235B13D49D1F86C
:10339000042542F40062C1F804254FF400329A601B
:1033A00003F0BEFD3A4B3B4A9A603B4B2E4A1B68EA
:1033B0003A49DB435360009B244ADB43C2F87C312B
:1033C000019BC2F86C310023354A0493049BEF2B18
:1033D0001DDD0023334A2E490493049B0B2B20DD73
:1033E0000023314A2D490493049B022B22DD002047
:1033F00009B0BDE8F08F5A690321E7E65A69052153
:10340000E4E6236823F0B803236030BFFFE60498A6
:10341000049B105C0B4483F80003049B013304936A
:10342000D4E70498049B105C0B441876049B01338A
:103430000493D2E70498049B52F8200041F823003B
:10344000049B01330493CFE70120D1E700800046BD
:1034500000800424486001004C60010050600100BD
:103460000014042400001F080000081200000524B6
:10347000008504240082042418800000007D0000E0
:103480000480000000A0052400100424008404240B
:1034900000ED00E0000400006861010000E100E0D0
:1034A00060600100546001005061010013B50446E2
:1034B00040B94FF0140383F31188BFF36F8FBFF34C
:1034C0004F8FFEE720230193019B202B08D04FF064
:1034D000140383F31188BFF36F8FBFF34F8FFEE7A1
:1034E000002340F8043B00F038F9012320462377FD
:1034F00002B010BD38B5202003F0FAFB044628B115
:10350000002540F8045B00F028F92577204638BDF7
:103510002DE9F843DDF820900C46174698460646FC
:1035200040B94FF0140383F31188BFF36F8FBFF3DB
:103530004F8FFEE7B1F1807F08D34FF0140383F380
:103540001188BFF36F8FBFF34F8FFEE741B94FF084
:10355000140383F31188BFF36F8FBFF34F8FFEE720
:1035600002F072F8D0B9B9F1000F08D04FF014038F
:1035700083F31188BFF36F8FBFF34F8FFEE701F026
:10358000EBFC356804EA0503B8F1000F32D09C4229
:1035900032D18FB325EA040434602DE001F0DCFC65
:1035A000356804EA0503B8F1000F2AD1002BF0D1E9
:1035B000B9F1000F20D0391E18BF012109064A4673
:1035C0002143301D01F0D6FE01F08AFD28B302F040
:1035D00019F9830105460AD403F030FA356804EA84
:1035E0000503B8F1000F23D123BB03F047FA25F000
:1035F0007F4503E0002BCCD101F072FD2846BDE8E9
:10360000F8839C42C5D0B9F1000FF5D0391E18BF20
:103610000121090641F08061D1E74FF0E0234FF02E
:103620008052C3F8042DBFF34F8FBFF36F8FCEE7E7
:103630009C42DAD1002FD8D025EA04043460D4E7C4
:1036400070B50C46054640B94FF0140383F311885A
:10365000BFF36F8FBFF34F8FFEE7B1F1807F08D3C9
:103660004FF0140383F31188BFF36F8FBFF34F8FB5
:10367000FEE703F0E3F92E6826EA04042C6003F069
:10368000FDF9304670BDFFF7DBBF00000A4600239E
:103690000146014802F0B6BACF420000EFF31183B1
:1036A0004FF0140282F31188BFF36F8FBFF34F8F77
:1036B000006883F3118870472DE9F0410D460446F8
:1036C00040B94FF0140383F31188BFF36F8FBFF33A
:1036D0004F8FFEE7B1F1807F08D34FF0140383F3DF
:1036E0001188BFF36F8FBFF34F8FFEE700F10C0619
:1036F00001F032FC236820692B43236000258642B9
:10370000216807D121EA0501216001F0E9FC206868
:10371000BDE8F081D0E9002822F07F4312F0806FED
:1037200003EA010702D11FB94046E8E7BB42FBD1DB
:10373000D20141F0007148BF1D4301F0A9FEF3E73B
:10374000FFF7BABF13460A460146014802F05ABACB
:103750008943000000230360704700F108034FF025
:10376000FF32C0E902234360036100230360704716
:1037700000230361704743684B609A688A60516018
:1037800099600368086101330360704730B50C68C5
:10379000631C0AD103695A684A6091608B60596062
:1037A000036808610133036030BD00F1080213466D
:1037B00052681568A542FAD9EDE7D0E9011203690C
:1037C0008A6051605968814208BF5A6000220261D4
:1037D0001A68013A1A601868704710B5044603F079
:1037E0002DF9A46B03F04AF9B4FA84F0400910BD36
:1037F00070B51646026C856B044642B906689EB9E0
:10380000806801F06FFFA6600135A56370BD6EB9D9
:10381000406803F0B9FB6368226C1344A2686360DC
:10382000934224BF236863600020EDE7C06803F083
:10383000ABFB226CE36851429B1A2268E36093421F
:103840003EBFA3685B18E360022EEDD10DB1013DD0
:10385000EAE72846D8E7034610B41A6C08466AB16E
:10386000DC68996814448C4228BF1968DC6028BF62
:10387000D960D9685DF8044B03F086BB5DF8044B52
:10388000704770B5044603F0D9F894F8455004F138
:1038900024066DB2002D14DCFF2384F8453003F0BC
:1038A000EDF803F0CBF894F8445004F110066DB233
:1038B000002D12DCFF2384F84430BDE8704003F093
:1038C000DDB8636A002BE7D0304601F09DFD08B1FA
:1038D00001F076FE013D6DB2DCE72369002BE9D0F3
:1038E000304601F091FD08B101F06AFE013D6DB274
:1038F000DEE738B50D46044640B94FF0140383F3B4
:103900001188BFF36F8FBFF34F8FFEE703F096F878
:10391000D4E90F31226862604B43D0185B1A1A4415
:10392000A060FF230020A063E26084F8443084F8A4
:103930004530A5B9236973B104F1100001F064FDAD
:1039400048B14FF0E0234FF08052C3F8042DBFF38D
:103950004F8FBFF36F8F03F091F8012038BD04F152
:103960001000FFF7FAFE04F12400FFF7F6FEF2E77D
:10397000F8B5064617460D46C9B14843B0FBF1F30A
:103980009E4208D04FF0140383F31188BFF36F8F6A
:10399000BFF34F8FFEE710F1510F19D94FF0140309
:1039A00083F31188BFF36F8FBFF34F8FFEE7502073
:1039B00003F09EF988B180F8465004462060C4E9BF
:1039C0000F6501212046FFF794FF84F84C7005E055
:1039D000503003F08DF9044610B900242046F8BD9C
:1039E000002380F846305030E8E737B50D461C46D6
:1039F00040B94FF0140383F31188BFF36F8FBFF307
:103A00004F8FFEE743B94FF0140383F31188BFF3E0
:103A10006F8FBFF34F8FFEE74AB191BB4FF0140396
:103A200083F31188BFF36F8FBFF34F8FFEE741B170
:103A30004FF0140383F31188BFF36F8FBFF34F8FE1
:103A4000FEE750230193019B502B08D04FF0140345
:103A500083F31188BFF36F8FBFF34F8FFEE7019B96
:103A600022460121C4E90F0584F846102260204651
:103A7000FFF73FFF9DF8183084F84C30204603B024
:103A800030BD50230193019B502BDFD1019BE8E710
:103A900040B94FF0140383F31188BFF36F8FBFF366
:103AA0004F8FFEE7FFF764BF13B513460C4640B9CE
:103AB0004FF0140383F31188BFF36F8FBFF34F8F61
:103AC000FEE7884208D24FF0140383F31188BFF356
:103AD0006F8FBFF34F8FFEE7022200920022114644
:103AE000FFF783FF00B1846302B010BD10B50C4630
:103AF00040B94FF0140383F31188BFF36F8FBFF306
:103B00004F8FFEE7884208D24FF0140383F31188E9
:103B1000BFF36F8FBFF34F8FFEE702220021FFF745
:103B2000B7FF00B1846310BDF0B585B00E460192B9
:103B30001D46044640B94FF0140383F31188BFF3C8
:103B40006F8FBFF34F8FFEE751B9036C43B14FF056
:103B5000140383F31188BFF36F8FBFF34F8FFEE71A
:103B6000022D0BD1E36B012B08D04FF0140383F32C
:103B70001188BFF36F8FBFF34F8FFEE701F064FD35
:103B800008B9019B03BB02F059FFA26BE36B9A4299
:103B900023D22A4631462046FFF72AFE636A1BB12C
:103BA00004F1240001F030FC48B14FF0E0234FF065
:103BB0008052C3F8042DBFF34F8FBFF36F8F02F015
:103BC0005DFF012005B0F0BD4FF0140383F31188B1
:103BD000BFF36F8FBFF34F8FFEE7022DD9D00023C5
:103BE0001F4637E013B902A801F096FC02F046FF29
:103BF00001F0B2F902F022FF94F84430FF2B08BF25
:103C000084F8447094F84530FF2B08BF84F8457061
:103C100002F034FF01A902A801F08AFC002839D182
:103C200002F00CFFA26BE36B9A421AD102F026FF5E
:103C3000019904F1100001F083FB2046FFF721FEFB
:103C400001F04EFAD8B102F0F9FEA36BE26B9A4292
:103C50009FD80123019A002AC4D102F00FFF00204F
:103C6000B0E702F00BFF2046FFF70BFE01F038FA39
:103C700002F0E4FEA26BE36B9A42EAD289E74FF0CE
:103C8000E0234FF08052C3F8042DBFF34F8FBFF3F2
:103C90006F8FEDE72046FFF7F4FD01F021FADEE734
:103CA00013B500220B46009011460120FFF79DFE40
:103CB000044638B1002383600360C3601A46194686
:103CC000FFF732FF204602B010BD38B5044640B9B8
:103CD0004FF0140383F31188BFF36F8FBFF34F8F3F
:103CE000FEE7856801F0AAFC85420BD1E368013B41
:103CF000E3600BB1012038BD1A4619462046FFF794
:103D000013FFF7E70020F6E710B502460021012077
:103D1000FFF72EFE044638B1002383600360C360C2
:103D20001A461946FFF700FF204610BD2DE9F8435B
:103D3000894617461E46044640B94FF0140383F3E4
:103D40001188BFF36F8FBFF34F8FFEE751B9036C3C
:103D500043B14FF0140383F31188BFF36F8FBFF3A8
:103D60004F8FFEE7022E0BD1E36B012B08D04FF0F3
:103D7000140383F31188BFF36F8FBFF34F8FFEE7F8
:103D800002F060FFEFF311884FF0140383F3118802
:103D9000BFF36F8FBFF34F8FA26BE36B9A4201D3D8
:103DA000022E29D194F84550A36B6DB23246494694
:103DB0002046FFF71DFD6B1C0ED1636A3BB104F179
:103DC000240001F021FB10B10FB101233B60012061
:103DD00088F31188BDE8F8837F2D08D14FF01403D4
:103DE00083F31188BFF36F8FBFF34F8FFEE7013569
:103DF0006DB284F84550EAE70020E9E770B50D465A
:103E0000044640B94FF0140383F31188BFF36F8F5A
:103E1000BFF34F8FFEE7036C43B14FF0140383F3FE
:103E20001188BFF36F8FBFF34F8FFEE7036853B95D
:103E3000836843B14FF0140383F31188BFF36F8F8E
:103E4000BFF34F8FFEE702F0FDFEEFF311864FF058
:103E5000140383F31188BFF36F8FBFF34F8FA26BEF
:103E6000E36B934224D994F845100132FF294BB2F9
:103E7000A2630DD1636A3BB104F1240001F0C4FADE
:103E800010B10DB101232B60012086F3118870BDA4
:103E90007F2B08D14FF0140383F31188BFF36F8F8A
:103EA000BFF34F8FFEE701335BB284F84530EBE799
:103EB0000020EAE7F0B585B00E460192044640B90D
:103EC0004FF0140383F31188BFF36F8FBFF34F8F4D
:103ED000FEE751B9036C43B14FF0140383F311882B
:103EE000BFF36F8FBFF34F8FFEE701F0ADFB50B90B
:103EF000019B43B14FF0140383F31188BFF36F8F1D
:103F0000BFF34F8FFEE702F099FDA56BDDB131469F
:103F10002046013DFFF79FFCA563236973B104F1BF
:103F2000100001F071FA48B14FF0E0234FF08052D9
:103F3000C3F8042DBFF34F8FBFF36F8F02F09EFDC8
:103F4000012005B0F0BD019B1BB902F097FD0020D8
:103F5000F7E702A801F0E0FA2F4602F08FFD00F02B
:103F6000FBFF02F06BFD94F84430FF2B08BF84F890
:103F7000447094F84530FF2B08BF84F8457002F078
:103F80007DFD01A902A801F0D3FA38BB2046FFF756
:103F900024FCE8B1019904F1240001F0D1F9204694
:103FA000FFF76FFC01F09CF848B94FF0E0234FF0A9
:103FB0008052C3F8042DBFF34F8FBFF36F8F02F011
:103FC0003DFDA56B002DA2D1019B002BC5D1BCE707
:103FD0002046FFF756FC01F083F8F0E72046FFF794
:103FE00050FC01F07DF82046FFF7F7FB0028E6D0F3
:103FF000ADE7F0B585B00446019140B94FF0140328
:1040000083F31188BFF36F8FBFF34F8FFEE7056C0B
:1040100045B14FF0140383F31188BFF36F8FBFF3E3
:104020004F8FFEE701F010FB064620B32E46002717
:1040300002F004FDA36B53B3013BA363236813B9E0
:1040400001F0ECFBA060236973B104F1100001F0F2
:10405000DBF948B14FF0E0234FF08052C3F8042D54
:10406000BFF34F8FBFF36F8F02F008FD012005B043
:10407000F0BD3546DBE7019B002BFAD04FF014036F
:1040800083F31188BFF36F8FBFF34F8FFEE7019B60
:1040900053B9002D66D04FF0140383F31188BFF39A
:1040A0006F8FBFF34F8FFEE716B902A801F034FA05
:1040B00002F0E4FC00F050FF02F0C0FC94F8443041
:1040C000FF2B08BF84F8447094F84530FF2B08BFDD
:1040D00084F8457002F0D2FC01A902A801F028FA88
:1040E00050BB2046FFF779FB00B323683BB902F0D1
:1040F000A5FCA06801F0B8FA054602F0BFFC0199E2
:1041000004F1240001F01CF92046FFF7BAFB00F08F
:10411000E7FF48B94FF0E0234FF08052C3F8042D79
:10412000BFF34F8FBFF36F8F012681E72046FFF764
:10413000A8FB00F0D5FFF7E72046FFF7A2FB00F051
:10414000CFFF2046FFF749FB0028EDD065B102F014
:1041500075FC616A19B1236B1968C1F13801A06857
:1041600001F002FB02F08AFC002080E770B50D46EA
:10417000044640B94FF0140383F31188BFF36F8FE7
:10418000BFF34F8FFEE7866801F058FA864204D1EC
:10419000E3680133E360012070BD29462046FFF744
:1041A00028FF0028F8D0E3680133E360F4E72DE945
:1041B000F84389469046044640B94FF0140383F310
:1041C0001188BFF36F8FBFF34F8FFEE751B9036CB8
:1041D00043B14FF0140383F31188BFF36F8FBFF324
:1041E0004F8FFEE702F02EFDEFF311874FF014031F
:1041F00083F31188BFF36F8FBFF34F8FA66B66B346
:1042000094F8445049466DB22046FFF724FB013E26
:104210006B1CA66311D1236953B104F1100001F0A6
:10422000F3F828B1B8F1000F02D00123C8F800302C
:10423000012087F31188BDE8F8837F2D08D14FF066
:10424000140383F31188BFF36F8FBFF34F8FFEE723
:1042500001356DB284F84450EAE73046E9E70000E2
:1042600030B5074A002352F8335002EBC3041DB99E
:1042700042F83310606030BD0133082BF3D1FAE708
:10428000FC91000010B5094A002352F83310814216
:104290004FEAC30406D1064A002142F833102244F3
:1042A000516010BD0133082BEFD1FAE700920000F6
:1042B000FC91000010B540B94FF0140383F311884E
:1042C000BFF36F8FBFF34F8FFEE7FFF7DBFF90F871
:1042D00046301BB9BDE8104002F0A4BD10BD70B55A
:1042E00004460D46164602F0A9FB94F84430FF2B15
:1042F00004BF002384F8443094F84530FF2B04BFFA
:10430000002384F8453002F0B9FBA36B2BB9324689
:10431000294604F1240001F059F82046BDE8704018
:10432000FFF7AFBA08B54FF0E0231B6901F08CF935
:10433000012803D0BDE8084002F0E8BB08BD00003A
:10434000EFF3058373B9EFF31082094B12B9EFF362
:10435000118212B11A68022A04D0186828B9012201
:104360001A6070476FF0050070474FF0FF307047DC
:10437000F891000008B501F067F938B1022804D0BF
:10438000034B1868431E5842584108BD0320FCE700
:10439000F891000010B5EFF30583ABB9EFF310828D
:1043A0000C4B12B9EFF3118212B11A68022A0BD02A
:1043B0001A68012A0BD1084A0024D47702221A6015
:1043C00000F082FD204610BD6FF00500FBE74FF0C6
:1043D000FF30F8E7F891000000ED00E0EFF305830F
:1043E0004BB9EFF3108313B9EFF311832BB1044BE7
:1043F0001B68022B01D100F0BDBD00F0B5BD00BFB0
:10440000F8910000F0B587B0144600220B460592E3
:10441000EFF3058222BBEFF3108212B9EFF31182A2
:104420001AB1214A1268022A1AD0C8B1002C35D01C
:10443000A56925B16A1E372A02D9002011E0182586
:104440006268D207F9D466696EB1B208D4E9027C19
:1044500021685FB1BCF1770F02D9246904B1B6B904
:10446000059807B0F0BD4FF48072EFE7BCF1000F84
:10447000F6D12469002CF3D105ACCDE9005492B2F9
:1044800000F059FC01281CBF00230593E8E7CDE9A3
:104490000147009500F017FC0590E1E7214618253B
:1044A0004FF48072E8E700BFF891000001F0C6B851
:1044B00010B50446EFF30583A3B9EFF3108313B9E6
:1044C000EFF311831BB10C4B1B68022B0AD064B1B4
:1044D000204600F0B7FC04280AD0204600F05AFC21
:1044E000002010BD6FF00500FBE76FF00300F8E758
:1044F0006FF00200F5E700BFF891000008B5EFF398
:10450000058373B9EFF3108313B9EFF311831BB174
:10451000054B1B68022B04D008B100F055FE0020AB
:1045200008BD6FF00500FBE7F89100000346EFF3CC
:10453000058292B9EFF3108212B9EFF311821AB12A
:10454000084A1268022A08D04BB1D3E9020318B115
:104550001F2B02D9FEF7AABF0BB100207047FEF750
:10456000C9BF00BFF891000013B50C4658B3B1F1B4
:10457000807F28D2EFF305834BB9EFF3108313B993
:10458000EFF31183CBB1134B1B68022B15D1002322
:1045900001AA21460193FFF7D5F8B8B1019B4BB1B1
:1045A0004FF0E0234FF08052C3F8042DBFF34F8F3C
:1045B000BFF36F8F204602B010BD214602B0BDE8A8
:1045C0001040FFF779B86FF00304F3E76FF00204CF
:1045D000F0E700BFF891000070B50E46054618B32D
:1045E000B1F1807F20D2EFF305834BB9EFF3108355
:1045F00013B9EFF311838BB10D4B1B68022B0DD157
:104600002846FFF74BF8314604462846FFF73EF8A8
:10461000002808BF6FF00204204670BD31462846CE
:10462000BDE87040FFF70CB86FF00304F4E700BF7B
:10463000F891000073B50C461D4650B3B1F1807F70
:1046400027D2EFF305833BBBEFF3108313B9EFF3EE
:1046500011831BB1124B1B68022B1DD002F0010607
:1046600082F00202C2F34002009533462146FEF773
:104670004FFF04EA00024EB1A24205D0002D14BF44
:104680006FF001006FF0020002B070BD002AF5D09B
:10469000FAE76FF00300F7E76FF00500F4E700BFFB
:1046A000F891000038B50546EFF3058313B10024F7
:1046B000204638BDEFF3108313B9EFF311831BB11C
:1046C0001C4B1B68022BF2D02DB36B681A07EED47B
:1046D000D5E9021203F0010371B14F2AE7D993B172
:1046E0000420FFF7DDFA04460028E0D02968FFF730
:1046F000B7FD44F00104DBE7002AD8D1ABB10420B8
:10470000FFF702FBEFE70120FFF7CAFA0446002893
:10471000CDD0296806E00120FFF7F6FA044600280C
:10472000C5D02946FFF79CFDC2E70120FFF7ECFA50
:10473000ECE700BFF8910000034610B520F001003F
:104740000C4603F00102EFF30581E9B9EFF31081A4
:1047500011B9EFF3118119B10E490968022913D07B
:10476000012B14D9214662B1FFF700FD012801D1C8
:10477000002010BD002C14BF6FF001006FF002008C
:10478000F7E7FFF736FCF1E76FF00500F1E76FF0B0
:104790000300EEE7F8910000024608B520F00100A2
:1047A00002F00103EFF30581C9B9EFF3108111B9EC
:1047B000EFF3118119B10D49096802290FD0012ABF
:1047C00010D93BB1FFF781FA01280CBF00206FF030
:1047D000020008BD1A461946FFF7A6F9F4E76FF084
:1047E0000500F6E76FF00300F3E700BFF891000063
:1047F00010B5034620F00104EFF305829AB9EFF3F8
:10480000108212B9EFF311821AB10A4A1268022A11
:1048100009D0012B0AD92046FFF734FD2046FFF7C7
:1048200049FD002010BD6FF00500FBE76FF00300AD
:10483000F8E700BFF891000073B50E461546EFF398
:104840000583D3BBEFF3108313B9EFF311831BB1CF
:10485000244B1B68022B30D078B3B0422DD375B9EE
:10486000012837D103220021FFF712F9044620B3B3
:10487000AEB96DBB29462046FFF7F2FC1EE0D5E934
:104880000232C3B14F2A18D901281AD1032200924B
:1048900000221146FFF7A9F8044670B1C6B1002303
:1048A0001A4619462046FFF73FF90128E1D0204675
:1048B000FFF700FD01E0002AD2D00024204602B01C
:1048C00070BD1A463146FFF7EFF804460028F4D0D1
:1048D0002D68CFE73146FFF709F904460028C8D113
:1048E000EBE700BFF891000013B50C4688B3EFF377
:1048F00005834BB9EFF3108313B9EFF31183F3B1D1
:10490000154B1B68022B1AD11CBB01AA214601942E
:10491000FFF74DFC012803D06FF0020002B010BD7C
:10492000019B0BB90020F9E74FF0E0234FF08052D4
:10493000C3F8042DBFF34F8FBFF36F8FF2E721460B
:10494000FFF757FB0128EDD0002CE5D06FF00100F8
:10495000E4E76FF00300E1E7F891000007B570B3FA
:10496000EFF305834BB9EFF3108313B9EFF3118322
:10497000EBB1144B1B68022B19D1002301A9019341
:10498000FFF73CFA012804D06FF0020003B05DF895
:1049900004FB019B4BB14FF0E0234FF08052C3F872
:1049A000042DBFF34F8FBFF36F8F0020EEE700237E
:1049B0001A461946FFF7B8F80128F6D0E4E76FF079
:1049C0000300E3E7F891000070470000034B036029
:1049D000034B0B604FF480731360704780910000AD
:1049E000808D0000034B0360034B0B604FF400739A
:1049F00013607047088D0000088500002DE9F04124
:104A0000044602F01BF8304B304E1A68304F01322A
:104A10001A603568002D4BD134601B68012B1FD103
:104A2000B84640460135FEF798FE382D08F11408C7
:104A3000F7D1DFF8C480274D4046FEF78EFE2846AA
:104A4000FEF78BFE2448FEF788FE2448FEF785FE1D
:104A50002348FEF782FE234BC3F80080224B1D60E3
:104A6000224A136801331360214AA3641168E36A80
:104A700014208B4200FB037004F1040188BF136013
:104A8000FEF779FE01F0FAFF1A4B1B6873B1336829
:104A9000DA6AE36A9A4209D24FF0E0234FF080527B
:104AA000C3F8042DBFF34F8FBFF36F8FBDE8F081C4
:104AB000104B1A68E36A002AD2D13268D26A9A424D
:104AC00098BF3460CCE700BF6092000038970000C8
:104AD000D8920000B09200009492000080920000F2
:104AE00068920000AC920000A8920000449200007E
:104AF0005892000054920000C4920000F8B5174B81
:104B0000174D1C682B6806462868002283F872201F
:104B100004300F46FEF751FE731C07D137B12968E8
:104B20001048BDE8F8400431FEF725BE2B68A419F3
:104B30005C6007D30C4B18682968BDE8F840043165
:104B4000FEF724BE094B186829680431FEF71EFEE3
:104B5000074B1A68A24288BF1C60F8BD5C92000037
:104B60003897000068920000A8920000AC92000004
:104B7000409200000C4B0D4A1B6863B91268D06A62
:104B800078B90B4B1B68012B0CD80A4B18680A4BE1
:104B90001B68C01A70471368D86A10B9044B1B68A9
:104BA00070470020704700BF5892000038970000FF
:104BB000D8920000409200005C920000064A136800
:104BC0001968064B19B94FF0FF321A607047126826
:104BD000D2681268F9E700BFAC9200004092000072
:104BE00010B590F8713004463BB9006B02F01AF929
:104BF0002046BDE8104002F015B9012BF9D0022B78
:104C000008D04FF0140383F31188BFF36F8FBFF305
:104C10004F8FFEE710BD2DE9F047DDE909844FEA2B
:104C200082094A4606460D46206BA5211F4602F022
:104C3000FBF9236BA9F104094B4423F00709C4F8DD
:104C40004490002D3CD06B1E04F133020E3513F856
:104C5000011F02F8011F09B1AB42F8D1002384F80B
:104C60004230089D372D28BF37254FF0000AE562F6
:104C70002565201DC4F854A0FEF77AFDC5F138055E
:104C800004F11800FEF774FD142251462461A56159
:104C9000646204F1580002F0C7F9C4F86CA084F80B
:104CA00070A084F872A03A463146484601F09AFE58
:104CB0002060B8F1000F01D0C8F80040BDE8F087CF
:104CC00084F83450CDE770B586B0DDE90B5445B9B2
:104CD0004FF0140383F31188BFF36F8FBFF34F8F2F
:104CE000FEE744B94FF0140383F31188BFF36F8FCD
:104CF000BFF34F8FFEE778260596059E782E08D0E5
:104D00004FF0140383F31188BFF36F8FBFF34F8FFE
:104D1000FEE72563022584F8715004AD01950A9DD4
:104D200002940095059EFFF776FF2046FFF766FE8A
:104D3000049806B070BD2DE9F043074685B0900099
:104D400088461646994601F0D3FF054620B94FF034
:104D5000FF3005B0BDE8F083782001F0C9FF0446BC
:104D600098B1002380F871300D9B056301930C9B73
:104D70000290009332464B4641463846FFF74BFFC0
:104D80002046FFF73BFE0120E3E7284602F04AF801
:104D9000DDE7000070B50446234D01F04FFE04B975
:104DA0002C68261D3046FEF708FDA36A1BB104F1EE
:104DB0001800FEF702FD1D4A1368013313602B68CB
:104DC000A3421BD11A483146FEF7D5FC194A136895
:104DD0000133136001F052FE174B1B6813B32B68AD
:104DE000A3421FD1154B1B6893B14FF0140383F3FB
:104DF0001188BFF36F8FBFF34F8FFEE7104A136820
:104E00002046013B1360FFF7EBFEFFF7D7FEE1E71B
:104E10004FF0E0234FF08052C3F8042DBFF34F8FC3
:104E2000BFF36F8F70BD00BF389700004492000041
:104E3000809200007C920000549200003C9200009E
:104E400060920000F8B5044640B94FF0140383F3B4
:104E50001188BFF36F8FBFF34F8FFEE7154B1B68B1
:104E6000834220D001F0EAFD134B65691F68134BA4
:104E70001E6801F003FEBD4217D0B54215D0104B9D
:104E80009D4208D1A36A83B994F87030012B14BFF6
:104E900003200220F8BD0B4B9D4208D0002D14BF0B
:104EA00001200420F6E70020F4E70220F2E70420C6
:104EB000F0E700BF38970000AC920000A892000015
:104EC000689200008092000010B588B0002407AA04
:104ED00006A905A8CDE90544FFF778FD059B0293D7
:104EE000069B079A16491748CDE900432346FFF76A
:104EF000EAFEA8B100F0F0FC012815D14FF0140330
:104F000083F31188BFF36F8FBFF34F8F0E4B4FF0BA
:104F1000FF321A600D4B18600D4B1C6001F00CFE47
:104F20000C4B1B6808B010BD0130F9D14FF01403D1
:104F300083F31188BFF36F8FBFF34F8FFEE700BF7E
:104F400084F62008595E0000409200005492000050
:104F50005C9200009C050000024A13680133136054
:104F6000704700BF3C920000014B1868704700BFBB
:104F70005C92000008B501F065FE014B186808BDA1
:104F80005C920000094B0A491A68096802448A4287
:104F900008D94FF0140383F31188BFF36F8FBFF369
:104FA0004F8FFEE71A6802441A6070475C92000057
:104FB000409200003F4B1B682DE9F74F002B72D148
:104FC0003D4B1C6801341C60BCB93C4B1A6812682C
:104FD00042B14FF0140383F31188BFF36F8FBFF317
:104FE0004F8FFEE7364A1968106818601160354A1D
:104FF000136801331360FFF7E1FD334D334E2B6827
:10500000334F9C424FF0000B12D23A68D26A1421FF
:105010004A43B258022A2F4A126828BF4FF0010BA8
:10502000002A18BF4FF0010B584603B0BDE8F08FBF
:10503000DFF88890DFF8A4A0D9F8002012681AB928
:105040004FF0FF322A60E0E7D9F80020D268D2F8AA
:105050000C80D8F804108C4201D22960D5E708F101
:10506000040318460193FEF7A8FBD8F8281019B1DD
:1050700008F11800FEF7A1FBD8F82C00DAF80010B0
:105080001423884288BFCAF80000019903FB00601E
:10509000FEF771FB3868D8F82C10C26A914228BF1D
:1050A0004FF0010BC8E70C4A1368013313604FF04F
:1050B000000BB9E73C9200005C920000AC9200004B
:1050C000A89200004892000040920000D892000090
:1050D000389700004C920000509200005892000057
:1050E0002DE9F041304C236843B94FF0140383F3AA
:1050F0001188BFF36F8FBFF34F8FFEE701F09EFC67
:105100002368013B236024682CB1002401F0B6FC25
:105110002046BDE8F081254B1B68002BF5D0244DBF
:10512000244EDFF8A0801DE0EB68DC68271D04F149
:105130001800FEF742FB3846FEF73FFBE36A326891
:105140001420934200FB0380394688BF3360FEF78A
:1051500012FB194BE26A1B68DB6A9A4202D3174BB7
:1051600001221A602B68002BDED10CB1FFF726FD5F
:10517000134D2C6844B1114E0127FFF71BFF00B1FE
:105180003760013CF9D12C600C4B1B68002BBCD064
:105190004FF0E0234FF08052C3F8042DBFF34F8F40
:1051A000BFF36F8F0124B1E73C92000060920000D2
:1051B0009492000058920000389700004C92000032
:1051C00050920000D892000008B550B94FF0E0238B
:1051D0004FF08052C3F8042DBFF34F8FBFF36F8F92
:1051E00008BD0A4B196841B14FF0140383F31188CD
:1051F000BFF36F8FBFF34F8FFEE7FFF7ADFEFFF7F3
:105200007DFCFFF76DFF0028E0D0E9E73C9200004D
:10521000F8B5234C234F244D236823BB234B1B6835
:10522000012B09D94FF0E0234FF08052C3F8042D31
:10523000BFF34F8FBFF36F8FFFF7C6FBFFF79AFCEB
:105240006328E8D9FFF788FE194B1A68194B1B68C9
:105250009A421BD24FF0140383F31188BFF36F8F70
:10526000BFF34F8FFEE701F0E9FBFB68DE68301DFE
:10527000FEF7A3FA2B68013B2B602368013B2360F8
:1052800001F0FCFB3046FFF7ABFCC5E7FFF772FC13
:10529000632801D9FCF7B6FBFFF722FFBBE700BF8D
:1052A0007C9200008092000060920000D892000082
:1052B000409200005C9200001B4B1A681B4BF0B53B
:1052C00012B101221A60F0BD19481A60194E036824
:1052D000194F32685A6719493A684FF0140C0CFBA1
:1052E00002F3CC18CD589DB1656808336D686560D0
:1052F0000B449D4204BF6B686360142303FB0211DF
:105300004B68DB6803603A6003685B6F3360DAE721
:1053100042B94FF0140383F31188BFF36F8FBFF3CB
:105320004F8FFEE7013ADAE73C9200004C92000012
:10533000389700006492000058920000D892000054
:1053400010B50C4640B94FF0140383F31188BFF336
:105350006F8FBFF34F8FFEE7054B19681831FEF7CB
:1053600015FA20460121BDE81040FFF7C7BB00BF7A
:105370003897000010B5144640B94FF0140383F37A
:105380001188BFF36F8FBFF34F8FFEE70D4B1B6884
:1053900043B94FF0140383F31188BFF36F8FBFF34A
:1053A0004F8FFEE7084B1A6841F000419161196880
:1053B0001831FEF7E0F920460121BDE81040FFF763
:1053C0009DBB00BF3C9200003897000038B50D46E9
:1053D000144640B94FF0140383F31188BFF36F8F65
:1053E000BFF34F8FFEE7074B19681831FEF7C3F97B
:1053F000002C21460CBF28464FF0FF30BDE8384056
:10540000FFF77CBB3897000038B5C368DC6844B947
:105410004FF0140383F31188BFF36F8FBFF34F8FE7
:10542000FEE704F118052846FEF7C7F9124B1B6882
:10543000EBB9251D2846FEF7C0F9104AE36A11684A
:105440008B4288BF13600E4A1420294600FB0320BC
:10545000FEF791F9FFF7B2FB0A4BE26A1B68DB6AC1
:105460009A4283BF084B01201860002038BD0748CE
:105470002946FEF780F9EFE73C92000058920000C1
:10548000D8920000389700004C92000094920000DF
:105490001C4A126838B542B94FF0140383F31188DF
:1054A000BFF36F8FBFF34F8FFEE7C46841F0004139
:1054B000016044B94FF0140383F31188BFF36F8F79
:1054C000BFF34F8FFEE7251DFEF777F92846FFF75C
:1054D00075FBFEF772F90C4AE36A11688B4288BFCC
:1054E00013600A4A142000FB03202946FEF743F903
:1054F000074BE26A1B68DB6A9A4282BF054B0122B6
:105500001A6038BD3C92000058920000D89200000A
:10551000389700004C920000034B1B680360034B5C
:105520001B684360704700BF489200005C92000017
:1055300070B50D46044640B94FF0140383F311884B
:10554000BFF36F8FBFF34F8FFEE741B94FF01403E6
:1055500083F31188BFF36F8FBFF34F8FFEE701F026
:105560006DFA144B62681968134B186890F8720052
:1055700040B11B68002283F87220012401F07EFAFA
:10558000204670BD2B68581C12D00C482668006855
:10559000864204D08A4202D800232B60EDE7881AA5
:1055A0008342F9D95B1A13442B602046FFF7B4FFFE
:1055B0000024E3E75C920000389700004892000066
:1055C000014B01221A6070474C9200000B4B1B6884
:1055D0007BB90B4A106870B90A4B1B6863B90A4B58
:1055E00018680A4B1B68013B98420CBF022001203F
:1055F0007047002070471846704700BF9492000023
:105600004C920000509200006892000060920000EE
:1056100004290FDC58B9084B186840B94FF014033F
:1056200083F31188BFF36F8FBFF34F8FFEE71631FF
:1056300040F82120704700BF38970000014B1868E0
:10564000704700BF38970000054B1B6833B1054B0E
:105650001868B0FA80F04009400070470120704798
:10566000549200003C920000F8B5044638B31A4D3D
:10567000C36A2A68D26A934226D28269174E002AE8
:10568000A1BF2A68D26AC2F138028261142202FBE9
:10569000036342699A4213D1071D3846FEF78DF81D
:1056A0002B680F4ADB6A1168E36214208B4200FB0F
:1056B0000360394688BF1360FEF75DF80120F8BD2E
:1056C0002B68DB6AC362F9E72B68006DDB6A9842DE
:1056D0002CBF00200120F2E738970000D89200008C
:1056E0005892000038B508B9002038BD1B4B1C6823
:1056F000844208D04FF0140383F31188BFF36F8FF7
:10570000BFF34F8FFEE7636D43B94FF0140383F38C
:105710001188BFF36F8FBFF34F8FFEE7E16A226DF1
:10572000013B91426365DFD0002BDDD1251D28466A
:10573000FEF743F8236DE362C3F13802A261084A21
:1057400011688B4288BF1360064A142000FB0320B7
:105750002946FEF710F80120C7E700BF3897000080
:1057600058920000D892000070B50446002841D03D
:10577000426D42B94FF0140383F31188BFF36F8F6A
:10578000BFF34F8FFEE7036D994238BF1946C36AD6
:105790008B422FD0012A2DD1174A1268824208D19C
:1057A0004FF0140383F31188BFF36F8FBFF34F8F54
:1057B000FEE78269114DC162002A4FF0140202FB1C
:1057C00003534269A4BFC1F1380181619A4211D1EA
:1057D000061D3046FDF7F1FF094AE36A11681420FF
:1057E0008B4200FB03503146BDE8704088BF136018
:1057F000FDF7C1BF70BD00BF38970000D892000010
:1058000058920000044B1A68196890691A68CB6AAC
:10581000C3F138039361704738970000044B1A684E
:105820001AB119684A6D01324A651868704700BF9D
:1058300038970000914208B5416000610AD8D21A39
:1058400083699A420DD2084B011D1868FDF79EFF2F
:10585000002008BD9A4201D2994202D2034B011D99
:10586000F3E70120F5E700BFE8970000EC970000A0
:10587000F7B5114C01F0E2F82568BDB90F4F104E95
:105880003846FDF76AFF3046FDF767FF0D4B0E4ABD
:105890001F600E4B10211E6005200D4B0095FEF77A
:1058A000A4F8206010B10B49FEF7DAFC03B0BDE8A4
:1058B000F04001F0E3B800BFE49700000498000056
:1058C000F0970000EC9700008C970000E89700002C
:1058D0003C97000089F6200810B588B0FFF7C8FF94
:1058E000124B1B68B3B1002407AA06A905A8CDE98D
:1058F0000544FFF777F8059B0293069B0193372336
:105900000093079A0A490B482346FFF7DCF90A4B34
:10591000186040B94FF0140383F31188BFF36F8F01
:10592000BFF34F8FFEE7012008B010BDE4970000E1
:105930008EF6200881660000E09700007FB51646CD
:1059400004461A4640B94FF0140383F31188BFF39D
:105950006F8FBFF34F8FFEE70D4D286880B105298B
:10596000CDE9001602940DDCFFF76EFE002302283D
:1059700008BF089A286818BF1A466946FEF7D4F887
:1059800004B070BD00236946FEF7D0F9F8E700BF08
:10599000E49700002DE9F347DFF898800646FFF70B
:1059A000E3FAD8F800308342054609D91F4F3B6817
:1059B0001A686AB91E4A116839601360012300E051
:1059C000002328463360C8F8005002B0BDE8F087D5
:1059D000DB68DC68D3F8009004F1040A5046FDF758
:1059E000ECFE236A2046984794F828305B07DED502
:1059F000A3694B44994506D23868636024615146D7
:105A0000FDF7C4FED3E7002300934A46194620461B
:105A1000FFF794FF0028CAD14FF0140383F31188D5
:105A2000BFF36F8FBFF34F8FFEE700BFEC9700000F
:105A3000E8970000DC9700002DE9F0436E4D6F4EB3
:105A400089B02B68D3F80080B8F1000F35D0DB683F
:105A5000D3F800800024FFF77FFA04A8FFF79AFF2D
:105A6000049B8146002B69D1002C4CD1404550D37A
:105A7000FFF736FB2B68DB68DF68381DFDF79DFEFE
:105A800097F8283058071AD5B96943464A46414421
:105A90003846FFF7CFFEB0B1009423464246214678
:105AA0003846FFF74BFF70B94FF0140383F31188AA
:105AB000BFF36F8FBFF34F8FFEE70124CBE723F0D7
:105AC000010387F828303B6A38469847306800223F
:105AD00004A9FEF7EFF90028B3D0049B0698002B29
:105AE0002FDB069C6369002B32D103A8FFF752FF1E
:105AF000049B0246092BE9D8DFE803F02E2E2E572F
:105B00005E762E2E575E3E4B1B681C68B4FA84F4FA
:105B1000640930682246A8EB0901FEF7E0FBFFF7B5
:105B2000DFFA0028D2D14FF0E0234FF08052C3F8C3
:105B3000042DBFF34F8FBFF36F8FC7E7FFF7D0FA86
:105B4000C4E7059B07999847049B002BBEDBC8E779
:105B5000201DFDF732FEC8E794F82830A16943F014
:105B6000010384F82830059B20461944FFF762FEA4
:105B70000028ABD0236A2046984794F8283059076C
:105B8000A4D5A269059900230A440093194620462A
:105B9000FFF7D4FE002899D14FF0140383F3118846
:105BA000BFF36F8FBFF34F8FFEE794F8283023F0D9
:105BB000010384F8283089E794F8283043F0010382
:105BC00084F828300599A16141B94FF0140383F39B
:105BD0001188BFF36F8FBFF34F8FFEE70346014479
:105BE0002046FFF727FE71E794F828309A07DED4A5
:105BF000204601F017F969E7EC970000E4970000F0
:105C0000E89700001FB514461A466FF00103CDE96E
:105C100000300548CDE90214002369460068FEF70C
:105C200085F804B010BD00BFE497000010B5044C27
:105C3000206810B9FEF736FD2060002010BD00BFBF
:105C40001C7101002DE9F047DFF854904FF0FF314F
:105C50000646D9F8000015461F46FEF76DFDFEF713
:105C6000BDFB05F10C0A8046504601F069F9044677
:105C700040B90120FEF742FCFEF7B0FBA0EB0800A4
:105C8000B842F1D3D9F80000FEF786FD2CB1002010
:105C9000656020603460BDE8F0871920FBE700BF35
:105CA0001C7101004368994205D20AB15B1A138046
:105CB0000C310844704700207047000038B5044696
:105CC00068B1074D4FF0FF312868FEF735FD2046DB
:105CD00001F052F92868BDE83840FEF75DBD38BDD7
:105CE0001C71010010B501F04BF90446FEF7DEFB14
:105CF00020B9204601F01CF9002010BD04480378AB
:105D0000FF2BF6D101F044F90028F2D0F5E700BFEF
:105D10005D0800002DE9F04F044695B030220021C7
:105D200008A801F081F9A37ADB438DF82630E37AE5
:105D30008DF8243094F8323003F00302012A08BFB2
:105D40008DF827201B0744BF03238DF82530237CC3
:105D500003F0F003502B01D0802B5FD12688242E36
:105D60005CD9236ACDF84A30243EA38CDFF84892F0
:105D7000DFF848A2DFF848B2ADF84E30B6B234349E
:105D80002778302F64D0DD2F00F0E0805FB9657890
:105D9000A11C2A460AA801F0F7F805F150030DEB03
:105DA000030505F8287C6278C2F57F43FE3333444F
:105DB0009EB20232022E1444E2D8DFF80892D9F8DB
:105DC00000804446A4B9302001F0BAF809AE074675
:105DD000051D0FCE0FC50FCE0FC596E8070085E84D
:105DE00007003C60B8F1000F1DD1C9F8007015E044
:105DF000062204F12A010DF14A0001F0B9F880B938
:105E00000AAA083412AD134603CBAB42206061608E
:105E10001A4604F10804F6D11B88238015B0BDE8AA
:105E2000F08F2468CEE7BA7998F80630934207D904
:105E3000C7F80080002CD8D02760EFE79846F3E73A
:105E4000D8F800304446002BF8D1C8F80070E5E7D8
:105E50000523B4F808808DF8253004F10A0303EB1C
:105E6000880533F82830059399F802308DF81E30F4
:105E7000A379029363790193B9F8002023794A4802
:105E8000ADF81C200093524640F26B13594601F0C6
:105E9000AFF84648CDF80080524659464FF4B673E5
:105EA00001F0A6F8032207A9201D01F061F80028DF
:105EB0007FF479AF02238DF82530059B6A7905EBD5
:105EC00083018D4216D1012A04BF05238DF82530A8
:105ED000810305D582070CBF09230A238DF82530DD
:105EE000C3037FF560AF324B03406BBB07238DF8D4
:105EF000253058E7EB78AF781B0443EA07632F7926
:105F0000134343EA0723A3F57A236FF440673B4426
:105F1000082B08D8DFE803F0050907070C0F071264
:105F2000150040F003000435CBE740F00C00FAE721
:105F300040F40030F7E740F48020F4E740F480308C
:105F4000F1E740F48010EEE70823D0E7194B1A88F8
:105F5000ADF81C209B788DF81E30032207A9A01CE9
:105F600001F006F800287FF41EAF6379012B7FF45F
:105F70001AAF9DF8253013B1032B7FF414AF012322
:105F8000617B8DF8253004F10E0303EB810233F8B9
:105F90002130002B3FF407AF02EB83035B78012B2A
:105FA0007FF401AF0423A2E773FD200897FD2008CA
:105FB0000800040070FE20086DFE200859FE20082D
:105FC000E6FC2008C86F010030B5034600B900BEEA
:105FD000074A02F13805144603CCAC4218605960F8
:105FE000224603F10803F6D12068186030BD00BFD7
:105FF0001077010002484022002101F015B800BFCF
:1060000010770100014B1870704700BFCF6F01007F
:10601000014B1870704700BF5C080000014B1878F6
:10602000704700BF5C080000014B1880704700BF3C
:10603000CC6F0100002979D1712821D8672809D8AF
:1060400014283AD014D803285FD013282ED04FF04C
:10605000FF3070476838092800F29880DFE800F0C8
:106060005E96269696969696054853480021704768
:106070003D28ECD1084640F4003040F00B0070475A
:10608000C3282CD00AD8A2284AD0C2281ED08828DB
:106090000CBF4FF004104FF0FF307047F12841D093
:1060A000F428D4D1084640F0050070470020DDE711
:1060B0004FF000404FF0FF317047084640F00100BC
:1060C00070474FF000404FF0FF31F7E7084640F0CF
:1060D000080070474FF000404FF0FF31F7E70846E7
:1060E00040F00A0070474FF000404FF0FF31F7E7F3
:1060F0000920BBE7080440F0090041F3C0317047B4
:106100004FF000404FF0FF31B5E7084640F48030D3
:10611000B3E74FF000404FF0FF31F7E72748A5E71E
:1061200027487047274870472748C3E7712830D869
:1061300067280FD81428C4D026D80328E9D01328FC
:1061400008BF4FF0004016BF4FF0FF304FF0FF3157
:10615000002170476838092818D801A353F820F0A7
:10616000716D0000D56D0000F96C0000D56D000068
:10617000D56D0000D56D0000D56D0000D56D000017
:10618000716D00003D6D00003D28B9D04FF0FF302B
:106190006CE7C328A7D006D8A228C5D0C22899D0BA
:1061A00088280948CFE7F128BED0F428EED14FF077
:1061B00000404FF0FF3176E70400050004000300C3
:1061C000040002000400010004000080F0B52E4C21
:1061D0002E488BB04FF4A072002100F025FF2068FC
:1061E00010B9FEF7A3F92060294C206810B9FEF71A
:1061F0009DF92060274D2C688CB92022214602A8E9
:1062000000F012FF244B019340F264613023CDE98A
:106210000613224801AA2146FEF7F4F82860204D13
:106220002C688CB92022214602A800F0FDFE1D4BEF
:1062300001934FF4C0623123CDE906231A4801AA25
:106240002146FEF7DFF828600026104C354601276E
:10625000C4E90055C4E90255C4E904550020FEF71D
:1062600021FA07FA06F30136052EA061E36104F175
:106270004004EDD10D4C206810B9FEF713FA2060F0
:1062800000200BB0F0BD00BF24710100DC6F0100E5
:10629000207101002C710100C4FD2008B52B000005
:1062A00028710100CEFD2008052A00001C710100A4
:1062B00010B50446FEF792F8A042A0EB040038BFE8
:1062C00000F1FF3010BD0000024B01461868FEF7D8
:1062D0004BB900BF2471010008B5F9F7F3FE0020A7
:1062E00008BDF9F771BF0023C0E90D3380F82130F4
:1062F0004384C36170472DE9F04114469279DDF87B
:1063000018800D46D107074621D5238112F00206D9
:106310004FF000032B6004D1206810B1FFF7CEFCD2
:1063200026606069FFF7C4FF2369984209D807F126
:1063300008002946F9F7C6FE4046BDE8F041FFF7E0
:10634000C3BFA3799B0702D52068FFF7B7FC284697
:10635000BDE8F041FFF7B2BC2DE9F74F05680446F0
:106360000F46914698464FF0000A2DB923685BB35B
:10637000002003B0BDE8F08F002211462846FFF749
:1063800091FC064638B3B8F1000F04D1D5F800B03F
:10639000AA465D46E9E70C990068C0470028F5D099
:1063A000D5F800B000974B46324629462046FFF705
:1063B000A2FF2368AB42636808BFC4F800B0AB42D9
:1063C00008BFC4F804A0E3E7044A6560136823EA41
:1063D00007031360CCE70E20CBE700BF78770100FE
:1063E000F8B51D4690F8323016469A0704460F4617
:1063F00002D43046FFF762FC606BFFF759FFA36BD6
:10640000984211D804F108003946F9F75BFE284696
:10641000FFF75AFF0A4A136823EA05031360204670
:10642000BDE8F840FFF75FBF3846FFF747FC94F838
:1064300032309B07EED53046FFF740FCEAE700BF5D
:1064400068770100F0B587B01E4601920023CDE9C0
:106450000333C36B009390F83230028E05460F462B
:1064600004A803A9FBF734FC0446F0B905904FF4E7
:106470007A731022012105A8FFF7E4FB044618B146
:106480000398FFF71BFC10E0024601460598FFF752
:1064900009FCDDE9042313606A8C428046B9059A41
:1064A00003993B462846FFF79BFF204607B0F0BD07
:1064B0000C991846B0470028F1D10398FFF7FEFB6E
:1064C0000598DEE72DE9F347DDF828A00546994653
:1064D0000F46904600F064FD104B9D42064613D0D7
:1064E00095F8213083B1CDF800A04B46424639469D
:1064F0002846FFF7A7FF044630B1304600F0DCFC29
:10650000204602B0BDE8F087CDF800A04B464246D9
:1065100039462846FFF720FF0446EEE79C7001004D
:106520002DE9F34100240D4D06460127A046032C1A
:1065300004BF04244035611D2846CDF800800023A7
:10654000324607FA01F10134FFF7BCFF052C05F1D3
:106550004005ECD1002002B0BDE8F081DC6F010005
:106560002DE9F04F002389B0CDE905330E4600F048
:1065700027FD0446002800F0138100F011FD94F877
:10658000AD310746002B6ED094F8BE31DA076AD5DC
:10659000B4F8BC210196D4F8C811009106A805A949
:1065A000FBF796FB054618B1384600F085FC86E0FF
:1065B000069B9B799B072CD5B4F8AE310790432BF3
:1065C00014BF102218224FF47A73012107A8FFF795
:1065D00039FB38B1734A7449744840F2EB5300F008
:1065E00007FD00BE002211460798FFF75BFBDDE9BF
:1065F0000632059986811A60497A5172B4F8AE2143
:10660000432A06D1002282811A8123680382638C87
:10661000C382D4F8C001FFF74BFED4F8C4319842CE
:1066200036D8B4F8AE316B2B09BF069B05991968B3
:1066300004F5EA7018BF04F5CA70F9F743FDA368C2
:106640000120984000F058FC5949A0680B780122BD
:1066500082401343DBB20B700023C4E9703384F82B
:10666000AD31A4F8AE31D4F88C514FF000084FF0A2
:10667000010904F5CA7A0595ADB94E49A0680B68C1
:106680000122824023EA0203C4E963550B608BE7D1
:10669000069B9A79900702D51868FFF70FFB0598BB
:1066A000FFF70CFBD0E7002211462846FFF7FAFA65
:1066B0000346069038B9384600F0FEFB0E25284602
:1066C00009B0BDE8F08F9A790598D107056864D5BF
:1066D0001E81C0F80080186800F07AFC069B9A7949
:1066E00012F002028346039206D1186820B1FFF728
:1066F000E5FA069B039A1A60069B5869FFF7D8FDD6
:10670000069B1A69904241D8BBF1430F28D1186803
:10671000FFF7D4FA0023079318224FF47A7301216C
:1067200007A8FFF78FFA38B11E4A1F491F4840F2E9
:10673000426300F05DFC00BEDDE906304FF0000B67
:106740001860A3F808B05A465946FFF7ABFA236819
:106750000382638CA0F80CB0C382059950460DE00B
:10676000BBF16B0FF9D1002218681146FFF79AFAB6
:1067700030B1069B8681196804F5EA70F9F7A2FC2E
:10678000A06809FA00F000F0B7FB74E79A79920765
:1067900002D51868FFF792FA0598FFF78FFA6AE7B3
:1067A00001258CE71FFE2008E6FC200885F920085B
:1067B0006477010074770100F8B50B4F05460E466B
:1067C000002457F8043B23B90134142CF9D10020DC
:1067D000F8BDDB7EB342F7D12946E0B2FFF7C0FE39
:1067E0000028F1D0F4E700BF786F0100F8B500F0A1
:1067F000E7FB0546D0B100F0D3FBD5F8CC41064607
:1068000074B90B49A8680B680122824023EA02038D
:106810003046C5E973440B6000F04EFB2046F8BDDE
:1068200027682046FFF74AFA3C46E9E70120F6E7E9
:106830007077010070B50A4E0546002456F8043BF7
:1068400023B90134142CF9D1002070BDDB7EAB429A
:10685000F7D1E0B2FFF7CAFF0028F2D0F5E700BF9A
:10686000786F01000068003818BF012070470000F1
:1068700008B50B460146054800220068FDF7DAFE20
:10688000C31C012B98BF002008BD00BF247101006C
:1068900008B500F0A9FB6420FDF730FE00F05CFBBA
:1068A0006420FDF72BFE002008BD0000014B18708E
:1068B000704700BFD06F0100044B1B7823B9044B15
:1068C000187800F0010070470020FAE7D06F01004F
:1068D0005E770100014B1878704700BF5E770100BA
:1068E0002DE9F0479A4603680546884691464BB91C
:1068F0004368002B2FD0194B194A1A484FF4F761FF
:1069000000F02EFB00F04CFB2C680646002724B953
:10691000304600F0D1FA2D2013E041462046C8470A
:1069200010B927462468F2E7CAF800402B68A34252
:1069300009D123682B6003B96B60304600F0BCFAC4
:106940000020BDE8F0876B68A34212BF23686F6028
:1069500000233B60F1E71B20F3E700BFDAFD2008CE
:10696000EEFD2008E6FC200808480068006880F377
:1069700008884FF0000080F3148862B661B6BFF358
:106980004F8FBFF36F8F00DF00BF000008ED00E006
:10699000DFF80C00016841F47001016070470000ED
:1069A00088ED00E082B0002301930D4B1B6801339A
:1069B00008D04FF0140383F31188BFF36F8FBFF338
:1069C0004F8FFEE74FF0140383F31188BFF36F8FEF
:1069D000BFF34F8F019B002BFCD002B0704700BF6C
:1069E000A00500004FF0807340F8043C074B40F8CE
:1069F0000C3C21F001016FF0020340F8081C40F844
:106A0000202C40F8243C4438704700BFED7500004E
:106A10000000000000000000074B19680868B0E89B
:106A2000F04F80F30988BFF36F8F4FF0000080F3C1
:106A300011887047AFF30080389700004FF01403BF
:106A400083F31188BFF36F8FBFF34F8F0A4A136828
:106A50000133012B13600ED14FF0E023D3F8043D36
:106A6000DBB243B14FF0140383F31188BFF36F8F90
:106A7000BFF34F8FFEE77047A0050000084A136878
:106A800043B94FF0140383F31188BFF36F8FBFF343
:106A90004F8FFEE7013B13600BB983F311887047FA
:106AA000A005000000000000EFF30980BFF36F8F26
:106AB000154B1A681EF0100F08BF20ED108A20E950
:106AC000F04F10602DE909004FF0140080F3118899
:106AD000BFF34F8FBFF36F8FFEF7EEFB4FF0000059
:106AE00080F3118809BC19680868B0E8F04F1EF0FF
:106AF000100F08BFB0EC108A80F30988BFF36F8FC6
:106B0000704700BFAFF300803897000008B54FF022
:106B1000140383F31188BFF36F8FBFF34F8FFEF71A
:106B200049FA28B14FF0E0234FF08052C3F8042D0A
:106B3000002383F3118808BD4FF0E02337B5D3F865
:106B4000001D3A4A914208D14FF0140383F3118893
:106B5000BFF36F8FBFF34F8FFEE7D3F8002D344B99
:106B60009A4208D14FF0140383F31188BFF36F8F5B
:106B7000BFF34F8FFEE72F4B1A78D2B20192FF225C
:106B80001A701B782C4ADBB28DF803309DF8033065
:106B900003F014031370294A0723136000219DF8A2
:106BA0000300000603F1FF340CD411B1012B136074
:106BB00011D04FF0140383F31188BFF36F8FBFF32D
:106BC0004F8FFEE79DF803305B00DBB28DF803309A
:106BD00001212346E3E74FF480731360019B154ABC
:106BE0004FF0E024DBB21370D4F8203D43F47C0373
:106BF000C4F8203DD4F8203D43F07C43C4F8203D48
:106C0000FAF786FE0E4B00251D60FFF7C1FED4F893
:106C1000343F43F04043C4F8343FFFF7A5FEFEF78E
:106C20004BFBFFF7BFFE284603B030BD71C20F41DA
:106C300070C20F4100E400E01C98000018980000AA
:106C4000A0050000EFF305830F2B0ED9114A9B5CC2
:106C5000114A12789A4208D94FF0140383F311882D
:106C6000BFF36F8FBFF34F8FFEE74FF0E0230B4A68
:106C7000D3F80C3D126803F4E063934208D94FF057
:106C8000140383F31188BFF36F8FBFF34F8FFEE7B9
:106C9000704700BFF0E300E01C9800001898000067
:106CA00030B5114B1A461B688342FBD354684168C8
:106CB0001519A84206D1214450188342516010D1C1
:106CC000104602E04418A3420CD1084C2468A342A9
:106CD0001FBF5C68641844601C680460824218BF6F
:106CE000106030BD0360F9E7389800003498000068
:106CF0002DE9F0410446FEF72FF94349434D0B6857
:106D00000BBB434A56071FBFD01D20F0070002F5FA
:106D10004842131A0CBF4FF44843024613443D4EF9
:106D2000083B23F00703002070603260C3E90000D5
:106D3000981AC2E900300B60374B1860374B186067
:106D40004FF000432B602F68274205D0FEF7C8F9AB
:106D500000263046BDE8F081631E0A33F6D860078E
:106D600004F1080226D022F0070308339342EDD93C
:106D7000DFF8A880D8F800509D42E7D3254A146870
:106D80006068984201D22668B6B90968A142DDD090
:106D9000216816681160C21A102A14D9E018410738
:106DA0000DD04FF0140383F31188BFF36F8FBFF33F
:106DB0004F8FFEE71346DBE722463446E0E74260AA
:106DC0006360FFF76DFF62681349AD1A1743144AF9
:106DD00008686760002323601368C8F80050854284
:106DE00003F1010306F1080638BF0D601360FEF7DA
:106DF00077F97307ADD04FF0140383F31188BFF315
:106E00006F8FBFF34F8FFEE734980000209800008B
:106E100040980000389800002C980000309800003E
:106E20002898000010B5044690B31A4A50F8043C64
:106E30001268134208D14FF0140383F31188BFF393
:106E40006F8FBFF34F8FFEE750F8081C41B14FF032
:106E5000140383F31188BFF36F8FBFF34F8FFEE7E7
:106E600023EA020340F8043CFEF776F80A4A54F895
:106E7000043C1168A4F108000B441360FFF710FFF5
:106E8000064A1368BDE8104001331360FEF728B9C5
:106E900010BD00BF2098000030980000249800002A
:106EA0005FF800F0DDB120085FF800F007892008E6
:106EB0005FF800F0397420085FF800F0892D200891
:106EC0005FF800F0C5B020085FF800F03BAC200888
:106ED0005FF800F0019820085FF800F0D5942008D2
:106EE0005FF800F0C19320085FF800F0CD2D200876
:106EF0005FF800F0852E20085FF800F0A9B42008A4
:106F00005FF800F0BD8020085FF800F0FD822008E7
:106F10005FF800F039AA20085FF800F089C0200867
:106F20005FF800F0953220085FF800F065B52008A2
:106F30005FF800F0732D20085FF800F00983200847
:106F40005FF800F0EDC320085FF800F0158320081B
:106F50005FF800F0A19E20085FF800F047AC200821
:106F60005FF800F079C320085FF800F03D72200858
:106F70005FF800F0F1D220085FF800F0FDC32008B0
:106F80005FF800F06B2D20085FF800F0A1D4200816
:106F90005FF800F0B12D20085FF800F045B420083C
:106FA0005FF800F07D2D20085FF800F0C38820080E
:106FB0005FF800F0F98820085FF800F009742008F5
:106FC0005FF800F061B120085FF800F02D93200811
:106FD0005FF800F021B220085FF800F0F9AE200859
:106FE0005FF800F0498120085FF800F045AC200808
:106FF0005FF800F07D2E20085FF800F0C9942008AB
:107000005FF800F0156E20085FF800F06D8320082F
:107010005FF800F02D8320085FF800F02F8920082A
:107020005FF800F0F19D20085FF800F011D3200810
:107030005FF800F049AC20085FF800F0B98820083C
:107040000100000004A4052400000042010000002B
:10705000ACA405240000402901000000ACA40524D4
:10706000010040290100000004A505240000C02003
:1070700001000000C4A405241F000020010000003E
:107080009CA405240100C049010000009CA4052423
:107090000000806201000000A4A40524000080A478
:1070A00001000000A4A40524000080A40100000049
:1070B0009CA405240100C049010000009CA40524F3
:1070C0000000806201000000488705240000408322
:1070D000010000007C87052400000018010000006A
:1070E000408705240C0040A401000000CCA4052426
:1070F0000080007801000000C8A405246400005846
:1071000001000000C4A405240080007801000000F4
:10711000C0A405246400005801000000E0A4052478
:10712000D903005001000000DCA40524BF0400586E
:1071300001000000D8A405240E0100480100000051
:1071400038A40524000000280100000014A4052430
:10715000270080A30100000038A405240300408319
:107160000100000038A40524030040830300000050
:107170000CA405245A0080A30CA40524020040108E
:107180000CA4052400000000030000000CA405244A
:107190005A0080A30CA40524030040100CA405246D
:1071A00000000000030000000CA405245A0080A386
:1071B0000CA40524000040100CA4052400000000CD
:1071C0000100000008A40524150000A4010000002F
:1071D00008A40524070000A40100000004A405245D
:1071E0002000C0A30100000010A40524380080A3E3
:1071F0000100000010A405245A0080A30100000033
:1072000000A505240000805A020000009CA405246B
:107210000300C0ACACA40524100000200100000055
:1072200000A505240300809C01000000D4A40524CF
:107230000100007801000000D0A40524F2000080C5
:107240000100000058870524030080590100000058
:10725000588705240C000028010000004087052401
:107260000C0040A40100000000A405240000000858
:107270000100000000A40524560583A001000000C1
:1072800038A40524070040A40100000038A4052408
:107290000F0040A40100000038A40524070040A40A
:1072A0000100000038A405240F0040A401000000E4
:1072B0009CA4052400000021010000009CA40524DA
:1072C00001000021010000009CA405240000C0185A
:1072D000010000009CA405240100C0180200000069
:1072E00094A405240100009494A40524020000AD98
:1072F000010000009CA40524000000100100000013
:1073000000A505240300809C0100000000A50524C1
:107310000000809C02000000A4A40524000080A4BA
:10732000A4A405240000008402000000A4A40524F5
:10733000000080A4A4A40524010000840100000032
:10734000A4A40524010080A401000000A4A4052435
:10735000020080A40300000098A40524F80040A3C4
:10736000A0A4052410008051A0A40524010040AD74
:1073700001000000A0A40524000040AD02000000B0
:107380009CA405240000C049A0A40524000040AD31
:1073900005000000A0A40524000040AD9CA4052425
:1073A0000200806298A40524F80040A3A0A405244C
:1073B00010008051A0A40524010040AD020000008F
:1073C00098A40524F00040A3A0A40524010040AD2A
:1073D000020000009CA405240200C049A0A40524CA
:1073E000000040AD0200000098A405242F003EA834
:1073F000A0A40524200020A8020000005487052432
:107400000100C03958870524010000210100000057
:10741000588705240100805203000000608705247E
:10742000030080AC748705240600409C7487052403
:107430000400405A0200000060870524030080AC6D
:1074400070870524010040AD010000007887052405
:1074500009000018010000007887052408000018C2
:107460000500000074870524DA2422A84887052433
:1074700000004083408705240C004083708705246A
:107480000C00007B7087052404000010060000003B
:107490007487052403008041488705240000408349
:1074A0004087052403004083708705240200007B89
:1074B000708705240700001074870524020000ADC2
:1074C0000100000040870524090040A401000000DD
:1074D000408705240C0040A40200000054870524C6
:1074E00000000021448705240000408C02000000B9
:1074F0005487052401000021448705240100408CA5
:1075000013000000408705240C0040A44087052498
:10751000BF000060488705242600006048870524D6
:10752000030040944C8705242003007068870524DD
:107530000300C020448705240100C09C6087052407
:1075400001008010788705240700404158870524F2
:10755000CC000058748705249A2412A87487052447
:10756000030080414087052408004083708705247C
:107570000500007B70870524040000107487052433
:10758000020000AD70870524010000847C8705247B
:107590000100408C3887052401008010090000009C
:1075A0009CA405240100C049A4A405240100008472
:1075B00000A505241900C09B94A405240100801097
:1075C00014A405240100006394A405240100008C88
:1075D00094A40524020000ADACA4052400004029B9
:1075E00010A505240100402919222008F1212008B6
:1075F000000000000000000000000000000000008B
:10760000000000000000000000000000000000007A
:10761000000000000000000000000000000000006A
:10762000000000000000000000000000000000005A
:10763000000000000000000000000000000000004A
:10764000000000000000000000000000000000003A
:10765000000000000000000000000000000000002A
:10766000000000000000000000000000000000001A
:10767000000000000000000000000000000000000A
:1076800000000000000000000000000000000000FA
:1076900000000000000000000000000000000000EA
:1076A00000000000000000000000000000000000DA
:1076B00000000000000000000000000000000000CA
:1076C00000000000000000000000000000000000BA
:1076D00000000000000000000000000000000000AA
:1076E000000000000000000000000000000000009A
:1076F000000000000000000000000000000000008A
:107700000000000000000000000000000000000079
:107710000000000000000000000000000000000069
:107720000000000000000000000000000000000059
:107730000000000000000000000000000000000049
:107740000000000000000000000000000000000039
:107750000000000000000000000000000000000029
:107760000000000000000000000000000000000019
:107770000000000000000000000000000000000009
:1077800000000000000000000000000000000000F9
:1077900000000000000000000000000000000000E9
:1077A00000000000000000000000000000000000D9
:1077B00000000000000000000000000000000000C9
:1077C00000000000000000000000000000000000B9
:1077D00000000000000000000000000000000000A9
:1077E0000000000000000000000000000000000099
:1077F0000000000000000000000000000000000089
:107800000000000000000000000000000000000078
:107810000000000000000000000000000000000068
:107820000000000000000000000000000000000058
:107830000000000000000000000000000000000048
:107840000000000000000000000000000000000038
:107850000000000000000000000000000000000028
:107860000000000000000000000000000000000018
:107870000000000000000000000000000000000008
:1078800000000000000000000000000000000000F8
:1078900000000000000000000000000000000000E8
:1078A00000000000000000000000000000000000D8
:1078B00000000000000000000000000000000000C8
:1078C00000000000000000000000000000000000B8
:1078D00000000000000000000000000000000000A8
:1078E0000000000000000000000000000000000098
:1078F0000000000000000000000000000000000088
:107900000000000000000000000000000000000077
:107910000000000000000000000000000000000067
:107920000000000000000000000000000000000057
:107930000000000000000000000000000000000047
:107940000000000000000000000000000000000037
:107950000000000000000000000000000000000027
:107960000000000000000000000000000000000017
:107970000000000000000000000000000000000007
:1079800000000000000000000000000000000000F7
:1079900000000000000000000000000000000000E7
:1079A00000000000000000000000000000000000D7
:1079B00000000000000000000000000000000000C7
:1079C00000000000000000000000000000000000B7
:1079D00000000000000000000000000000000000A7
:1079E0000000000000000000000000000000000097
:1079F0000000000000000000000000000000000087
:107A00000000000000000000000000000000000076
:107A10000000000000000000000000000000000066
:107A20000000000000000000000000000000000056
:107A30000000000000000000000000000000000046
:107A40000000000000000000000000000000000036
:107A50000000000000000000000000000000000026
:107A60000000000000000000000000000000000016
:107A70000000000000000000000000000000000006
:107A800000000000000000000000000000000000F6
:107A900000000000000000000000000000000000E6
:107AA00000000000000000000000000000000000D6
:107AB00000000000000000000000000000000000C6
:107AC00000000000000000000000000000000000B6
:107AD00000000000000000000000000000000000A6
:107AE0000000000000000000000000000000000096
:107AF0000000000000000000000000000000000086
:107B00000000000000000000000000000000000075
:107B10000000000000000000000000000000000065
:107B20000000000000000000000000000000000055
:107B30000000000000000000000000000000000045
:107B40000000000000000000000000000000000035
:107B50000000000000000000000000000000000025
:107B60000000000000000000000000000000000015
:00000001FF
