S0230000626C655F68656172745F726174655F70726F66696C655F736F635F322E7333379B
S31500000000010000000D900D90307B01000100000002
S31500000010001020005A50C41D00000000000000001F
S3150000002000000000000000000000000000000000CA
S315000000300000000000000000000000000D900D9080
S31500000040A55A0000002020080000008000000000E3
S31500000050000000000000000000000000000000009A
S31500000060000000000000000000000000000000008A
S31500000070000000000000000000000000000000007A
S31500000080000000000000000000000000000000006A
S31500000090000000000000000000000000000000005A
S315000000A0000000000000000000000000000000004A
S315000000B0000000000000000000000000000000003A
S315000000C0000000000000000000000000000000002A
S315000000D0000000000000000000000000000000001A
S315000000E0000000000000000000000000000000000A
S315000000F000000000000000000000000000000000FA
S3150000010000000000000000000000000000000000E9
S3150000011000000000000000000000000000000000D9
S3150000012000000000000000000000000000000000C9
S3150000013000000000000000000000000000000000B9
S3150000014000000000000000000000000000000000A9
S315000001500000000000000000000000000000000099
S315000001600000000000000000000000000000000089
S315000001700000000000000000000000000000000079
S315000001800000000000000000000000000000000069
S315000001900000000000000000000000000000000059
S315000001A00000000000000000000000000000000049
S315000001B00000000000000000000000000000000039
S315000001C00000000000000000000000000000000029
S315000001D00000000000000000000000000000000019
S315000001E00000000000000000000000000000000009
S315000001F000000000000000000000000000000000F9
S3150000020000000000000000000000000000000000E8
S3150000021000000000000000000000000000000000D8
S3150000022000000000000000000000000000000000C8
S3150000023000000000000000000000000000000000B8
S3150000024000000000000000000000000000000000A8
S315000002500000000000000000000000000000000098
S315000002600000000000000000000000000000000088
S315000002700000000000000000000000000000000078
S315000002800000000000000000000000000000000068
S315000002900000000000000000000000000000000058
S315000002A00000000000000000000000000000000048
S315000002B00000000000000000000000000000000038
S315000002C00000000000000000000000000000000028
S315000002D00000000000000000000000000000000018
S315000002E00000000000000000000000000000000008
S315000002F000000000000000000000000000000000F8
S3150000030000000000000000000000000000000000E7
S3150000031000000000000000000000000000000000D7
S3150000032000000000000000000000000000000000C7
S3150000033000000000000000000000000000000000B7
S3150000034000000000000000000000000000000000A7
S315000003500000000000000000000000000000000097
S315000003600000000000000000000000000000000087
S315000003700000000000000000000000000000000077
S315000003800000000000000000000000000000000067
S315000003900000000000000000000000000000000057
S315000003A00000000000000000000000000000000047
S315000003B00000000000000000000000000000000037
S315000003C00000000000000000000000000000000027
S315000003D00000000000000000000000000000000017
S315000003E00000000000000000000000000000000007
S315000003F000000000000000000000000000000000F7
S3150000040000000000000000000000000000000000E6
S3150000041000000000000000000000000000000000D6
S3150000042000000000000000000000000000000000C6
S3150000043000000000000000000000000000000000B6
S3150000044000000000000000000000000000000000A6
S315000004500000000000000000000000000000000096
S315000004600000000000000000000000000000000086
S315000004700000000000000000000000000000000076
S315000004800000000000000000000000000000000066
S315000004900000000000000000000000000000000056
S315000004A00000000000000000000000000000000046
S315000004B00000000000000000000000000000000036
S315000004C00000000000000000000000000000000026
S315000004D00000000000000000000000000000000016
S315000004E00000000000000000000000000000000006
S315000004F000000000000000000000000000000000F6
S3150000050000000000000000000000000000000000E5
S3150000051000000000000000000000000000000000D5
S3150000052000000000000000000000000000000000C5
S3150000053000000000000000000000000000000000B5
S3150000054000000000000000000000000000000000A5
S315000005500000000000000000000000000000000095
S315000005600000000000000000000000000000000085
S315000005700000000000000000000000000000000075
S315000005800000000000000000000000000000000065
S315000005900000000000000000000000000000000055
S315000005A00000000000000000000000000000000045
S315000005B00000000000000000000000000000000035
S315000005C00000000000000000000000000000000025
S315000005D00000000000000000000000000000000015
S315000005E00000000000000000000000000000000005
S315000005F000000000000000000000000000000000F5
S3150000060000000000000000000000000000000000E4
S3150000061000000000000000000000000000000000D4
S3150000062000000000000000000000000000000000C4
S3150000063000000000000000000000000000000000B4
S3150000064000000000000000000000000000000000A4
S315000006500000000000000000000000000000000094
S315000006600000000000000000000000000000000084
S315000006700000000000000000000000000000000074
S315000006800000000000000000000000000000000064
S315000006900000000000000000000000000000000054
S315000006A00000000000000000000000000000000044
S315000006B00000000000000000000000000000000034
S315000006C00000000000000000000000000000000024
S315000006D00000000000000000000000000000000014
S315000006E00000000000000000000000000000000004
S315000006F000000000000000000000000000000000F4
S3150000070000000000000000000000000000000000E3
S3150000071000000000000000000000000000000000D3
S3150000072000000000000000000000000000000000C3
S3150000073000000000000000000000000000000000B3
S3150000074000000000000000000000000000000000A3
S315000007500000000000000000000000000000000093
S315000007600000000000000000000000000000000083
S315000007700000000000000000000000000000000073
S315000007800000000000000000000000000000000063
S315000007900000000000000000000000000000000053
S315000007A00000000000000000000000000000000043
S315000007B00000000000000000000000000000000033
S315000007C00000000000000000000000000000000023
S315000007D00000000000000000000000000000000013
S315000007E00000000000000000000000000000000003
S315000007F000000000000000000000000000000000F3
S3150000080000000000000000000000000000000000E2
S3150000081000000000000000000000000000000000D2
S3150000082000000000000000000000000000000000C2
S3150000083000000000000000000000000000000000B2
S3150000084000000000000000000000000000000000A2
S315000008500000000000000000000000000000000092
S315000008600000000000000000000000000000000082
S315000008700000000000000000000000000000000072
S315000008800000000000000000000000000000000062
S315000008900000000000000000000000000000000052
S315000008A00000000000000000000000000000000042
S315000008B00000000000000000000000000000000032
S315000008C00000000000000000000000000000000022
S315000008D00000000000000000000000000000000012
S315000008E00000000000000000000000000000000002
S315000008F000000000000000000000000000000000F2
S3150000090000000000000000000000000000000000E1
S3150000091000000000000000000000000000000000D1
S3150000092000000000000000000000000000000000C1
S3150000093000000000000000000000000000000000B1
S3150000094000000000000000000000000000000000A1
S315000009500000000000000000000000000000000091
S315000009600000000000000000000000000000000081
S315000009700000000000000000000000000000000071
S315000009800000000000000000000000000000000061
S315000009900000000000000000000000000000000051
S315000009A00000000000000000000000000000000041
S315000009B00000000000000000000000000000000031
S315000009C00000000000000000000000000000000021
S315000009D00000000000000000000000000000000011
S315000009E00000000000000000000000000000000001
S315000009F000000000000000000000000000000000F1
S31500000A0000000000000000000000000000000000E0
S31500000A1000000000000000000000000000000000D0
S31500000A2000000000000000000000000000000000C0
S31500000A3000000000000000000000000000000000B0
S31500000A4000000000000000000000000000000000A0
S31500000A500000000000000000000000000000000090
S31500000A600000000000000000000000000000000080
S31500000A700000000000000000000000000000000070
S31500000A800000000000000000000000000000000060
S31500000A900000000000000000000000000000000050
S31500000AA00000000000000000000000000000000040
S31500000AB00000000000000000000000000000000030
S31500000AC00000000000000000000000000000000020
S31500000AD00000000000000000000000000000000010
S31500000AE00000000000000000000000000000000000
S31500000AF000000000000000000000000000000000F0
S31500000B0000000000000000000000000000000000DF
S31500000B1000000000000000000000000000000000CF
S31500000B2000000000000000000000000000000000BF
S31500000B3000000000000000000000000000000000AF
S31500000B40000000000000000000000000000000009F
S31500000B50000000000000000000000000000000008F
S31500000B60000000000000000000000000000000007F
S31500000B70000000000000000000000000000000006F
S31500000B80000000000000000000000000000000005F
S31500000B90000000000000000000000000000000004F
S31500000BA0000000000000000000000000000000003F
S31500000BB0000000000000000000000000000000002F
S31500000BC0000000000000000000000000000000001F
S31500000BD0000000000000000000000000000000000F
S31500000BE000000000000000000000000000000000FF
S31500000BF000000000000000000000000000000000EF
S31500000C0000000000000000000000000000000000DE
S31500000C1000000000000000000000000000000000CE
S31500000C2000000000000000000000000000000000BE
S31500000C3000000000000000000000000000000000AE
S31500000C40000000000000000000000000000000009E
S31500000C50000000000000000000000000000000008E
S31500000C60000000000000000000000000000000007E
S31500000C70000000000000000000000000000000006E
S31500000C80000000000000000000000000000000005E
S31500000C90000000000000000000000000000000004E
S31500000CA0000000000000000000000000000000003E
S31500000CB0000000000000000000000000000000002E
S31500000CC0000000000000000000000000000000001E
S31500000CD0000000000000000000000000000000000E
S31500000CE000000000000000000000000000000000FE
S31500000CF000000000000000000000000000000000EE
S31500000D0000000000000000000000000000000000DD
S31500000D1000000000000000000000000000000000CD
S31500000D2000000000000000000000000000000000BD
S31500000D3000000000000000000000000000000000AD
S31500000D40000000000000000000000000000000009D
S31500000D50000000000000000000000000000000008D
S31500000D60000000000000000000000000000000007D
S31500000D70000000000000000000000000000000006D
S31500000D80000000000000000000000000000000005D
S31500000D90000000000000000000000000000000004D
S31500000DA0000000000000000000000000000000003D
S31500000DB0000000000000000000000000000000002D
S31500000DC0000000000000000000000000000000001D
S31500000DD0000000000000000000000000000000000D
S31500000DE000000000000000000000000000000000FD
S31500000DF000000000000000000000000000000000ED
S31500000E0000000000000000000000000000000000DC
S31500000E1000000000000000000000000000000000CC
S31500000E2000000000000000000000000000000000BC
S31500000E3000000000000000000000000000000000AC
S31500000E40000000000000000000000000000000009C
S31500000E50000000000000000000000000000000008C
S31500000E60000000000000000000000000000000007C
S31500000E70000000000000000000000000000000006C
S31500000E80000000000000000000000000000000005C
S31500000E90000000000000000000000000000000004C
S31500000EA0000000000000000000000000000000003C
S31500000EB0000000000000000000000000000000002C
S31500000EC0000000000000000000000000000000001C
S31500000ED0000000000000000000000000000000000C
S31500000EE000000000000000000000000000000000FC
S31500000EF000000000000000000000000000000000EC
S31500000F0000000000000000000000000000000000DB
S31500000F1000000000000000000000000000000000CB
S31500000F2000000000000000000000000000000000BB
S31500000F3000000000000000000000000000000000AB
S31500000F40000000000000000000000000000000009B
S31500000F50000000000000000000000000000000008B
S31500000F60000000000000000000000000000000007B
S31500000F70000000000000000000000000000000006B
S31500000F80000000000000000000000000000000005B
S31500000F90000000000000000000000000000000004B
S31500000FA0000000000000000000000000000000003B
S31500000FB0000000000000000000000000000000002B
S31500000FC0000000000000000000000000000000001B
S31500000FD0000000000000000000000000000000000B
S31500000FE000000000000000000000000000000000FB
S31500000FF000000000000000000000000000000000EB
S3150000100070A90100812120083131200831312008E2
S31500001010313120083131200831312008000000002C
S3150000102000000000000000000000000061760000E3
S315000010303131200800000000F17600006D4F0000FD
S315000010403131200831312008313120083131200872
S315000010503131200831312008313120083131200862
S315000010603131200831312008651B0000595920080C
S31500001070593A200831312008313120083131200811
S315000010803131200831312008313120083131200832
S315000010903131200831312008B921000031312008D2
S315000010A03131200831312008257C200831312008D3
S315000010B0313120083131200870A901003131200872
S315000010C081212008BD1A0000313120083131200865
S315000010D03131200831312008413A20084D3A2008A4
S315000010E0893B000031312008313120084DC851922A
S315000010F031312008313120083131200831312008C2
S3150000110031312008313120083131200831312008B1
S3150000111031312008313120083131200831312008A1
S315000011203131200831312008313120083131200891
S315000011303131200831312008313120083131200881
S315000011403131200831312008313120083131200871
S315000011503131200831312008313120083131200861
S315000011603131200831312008B90C000000000000A0
S315000011700000000000000000000000000000000069
S3150000118010B500F0D7FF084C00F0E6FF074BA1684A
S315000011904FF4B67218460BF083F9A06001F09CF884
S315000011A0BDE8104000F0A4BD00ED00E00004000022
S315000011B00348044B834202D0034B03B118477047E0
S315000011C03882000038820000000000000548064B07
S315000011D01B1AD90F01EBA301491002D0034B03B12F
S315000011E0184770473882000038820000000000006F
S315000011F010B5064C237843B9FFF7DAFF044B13B159
S315000012000448AFF300800123237010BD388200002C
S31500001210000000009405210808B5054B1BB10549DF
S315000012200548AFF30080BDE80840FFF7CFBF00BF19
S31500001230000000003C8200009405210813B50C460E
S3150000124007230246C98806488DF807300AF008FFCA
S31500001250E0880DF10702012107F0EBF902B010BD9D
S3150000126068F2200882B02DE9F043C5B00E464CA9BD
S3150000127081E80C0007464FF48872002168464CADA1
S315000012809DF844819DF84C910BF042F80FCD02ACCD
S315000012900FC42B68529923604A4608A80097ADF8F8
S315000012A004608DF81C80ADF81E900BF0F9F86846C6
S315000012B007F0BAF918F0100F1BD010480AF038FFE3
S315000012C04FF48872002168460BF022F842F60212AB
S315000012D002230136ADF80C2068460A220097ADF8C5
S315000012E004608DF808308DF81C20ADF81E3007F02C
S315000012F09BF945B0BDE8F04302B0704790F2200874
S31500001300F0B5C5B007460E46154600214FF4887263
S3150000131068461C460AF0FCFF022342F603028DF8DB
S3150000132008308DF81C30214606230DF12200ADF859
S315000013300C20ADF81E300097ADF804608DF82050F3
S3150000134008F0CAFBBDF8281109A808F0C5FB6846D5
S3150000135007F06AF945B0F0BD1F2895BF064A074A4F
S315000013601168116888BF2038012383400B4313603E
S31500001370034B18680CF050BFD8840000D4840000DA
S315000013805C8200000920FFF7E7BF000070B5174D2B
S315000013902B78012B044627D01F2200211448154E16
S315000013A00AF0B6FFE279124804F1080107F00AF9DB
S315000013B02146114811F8013B337008F012FC2B78D6
S315000013C093B90E490A480BF008F830B133785BB987
S315000013D00B4909480BF001F830B901232B70BDE821
S315000013E070400020FFF7B8BF70BD00BF9C840000AE
S315000013F0AF840000CE8400009D840000ADF220087A
S31500001400B4F2200810B40A4B01461A4611F8014BF3
S3150000141002F8014BD0F80140C3F801408988918059
S315000014205DF8044B828B1A810120FFF795BF00BF40
S315000014309284000008B5044894220BF031F8BDE808
S3150000144008400520FFF788BF00830000044B0A68A8
S315000014501A604A685A600A891A810420FFF77CBF1D
S31500001460F48200000720FFF777BF000008B50448A4
S3150000147080220BF015F8BDE808400620FFF76CBF88
S315000014807482000038B5204C20480D4621890AF0A8
S31500001490E7FDFB22294620460BF002F81C4B228969
S315000014A01B880133934207D1E37A012B17D1194ADE
S315000014B008201370FFF750FF174B22891B88013352
S315000014C0934207D1E37A012B13D1124A0B201370F2
S315000014D0FFF742FFBDE838400320FFF73DBF002B72
S315000014E0EAD10C4A13700D4A136823F48073136013
S315000014F0E2E7002BEED1074A1370084A136823F47B
S3150000150000631360E6E700BF96830000C6F220087A
S315000015109483000072820000DC840000D8840000FE
S315000015200220FFF719BF0000044B02681A604268E8
S315000015305A6002891A810120FFF70EBF92840000CB
S3150000154037B502AB03E903009DF900509DF9013060
S315000015501570E90714461CD4542B18DC09F0FCFF5F
S31500001560642390FBF3F202FB130040B2607002208A
S315000015702A0742BF9DF9043023520230EB0642BFD0
S315000015809DF9053023520230C0B203B030BD4B2066
S31500001590ECE7BDF80230A2F801300320E8E70000CE
S315000015A07FB5114C03466168206801AA03C22189F0
S315000015B011805D1E03F10E040A2609F0CDFF90FB93
S315000015C0F6F303FB160000F110030DEB030010F811
S315000015D00C3C05F8013FA542EFD14FF4FA700CF030
S315000015E0F3FD002004B070BDE7F220082DE9F04FAE
S315000015F00024B5B042F2112321460E2223A8CDE9DC
S315000016001744CDE91B44ADF85830ADF87440229428
S315000016100AF07EFE234B2C9321461B222DA80AF0AE
S3150000162077FE2146204A2148214D08F087FF0446CF
S3150000163080B12B684FF0FF3118690CF0C1FD1D48D1
S3150000164021460AF00DFD2B6818690CF079FD35B0BE
S31500001650BDE8F08F18480AF06BFD1BA808F095FF4F
S315000016600446D8B12B684FF0FF3118690CF0A8FD7D
S31500001670124821460AF0F4FC2B6818690CF060FD4C
S315000016800F4808F0D3F98246F0B12B684FF0FF31CE
S3150000169018690CF095FD0B485146D2E71BA800F0DF
S315000016A0D7FBEDE70201060065B620084CF62008D8
S315000016B0546F0100F2F2200826F3200849F32008AF
S315000016C05482000079F32008C04922A808F089FA5C
S315000016D02B684FF0FF3118690CF072FD22A9BC4847
S315000016E00AF0BEFC2B680DF19C0818690CF028FD69
S315000016F01422514640460AF00BFE04231EAC8DF818
S31500001700573041F60D030226ADF8A0302B9B8DF81D
S315000017109C60CDF878A0C4F804A00194009398E8E2
S315000017200F008DF864A006F067FFBDF87C101E98C8
S315000017308B1942F637220131ADF8A02000929BB2F8
S31500001740102289B2FFF7DCFDBDF87C70A14B37444F
S31500001750BFB21F80062305939F4B04931023039368
S315000017600DF1A40999E807008DE80700394698E8C5
S315000017700C001E98FFF776FDBDF87C101E9842F609
S3150000178038224B1D0431ADF8A02000929BB23246A0
S3150000179089B20DF15707FFF7B3FDCDE903674FF0A7
S315000017A0010BCDF814B099E807008DE80700BDF8E5
S315000017B07CC01E980CF1050C1FFA8CF198E80C0001
S315000017C0FFF750FDBDF87C101E9842F63922CB1D5E
S315000017D00631ADF8A02000929BB2082289B2FFF72D
S315000017E08FFD19AE0823CDF814B00496039399E83B
S315000017F007008DE80700BDF87CC01E980CF1070CA9
S3150000180098E80C001FFA8CF1FFF72CFD37238DF8B2
S31500001810573010232793CDE91EAA704BCDF864A04C
S31500001820CDF880A0C6F804A0CDF883A00DF1A00CD9
S3150000183003F1100E18685968624603C208337345EF
S315000018409446F7D12B9B0196009398E80F0006F07B
S31500001850D3FE0146064662480AF002FC614B0DF1D2
S31500001860A00C03F1100E18685968624603C20833CB
S3150000187073459446F7D1BDF868101998DFF8B4A1FE
S315000018808B1C4EF6EC42013100929BB2102289B2BB
S31500001890FFF736FDBDF868C00CF1020C1FFA8CFC90
S315000018A00F23AAF800C0CDE904431023039399E857
S315000018B007008DE80700614698E80C001998FFF7C5
S315000018C0D1FC494B28AC03F1100C18685968224624
S315000018D003C2083363451446F7D1BDF8681019985A
S315000018E04B1D4FF6EA22043100929BB2022289B2C6
S315000018F0FFF706FD0123CDE904730223039399E85C
S3150000190007008DE80700BDF868401998053498E887
S315000019100C00A1B2FFF7A6FC002E44D03348314696
S315000019200AF09EFB324B334A33493448344F002485
S31500001930CDE90143334B0093CDE904442346039498
S3150000194007F0C0FA304B0C93304B0B93304B0A9395
S31500001950304B0794CDE908432F4B0494CDE905435A
S315000019602E4B2246CDE90243214623462046CDE9A9
S315000019700044CDE91144CDE90F44CDE90D4407F00B
S31500001980BBFA2246214601200CF0EAFB386000280B
S3150000199052D12B684FF0FF3118690CF011FC20482A
S315000019A00AF0C6FB4FE61F480AF0C2FBBAF8001061
S315000019B01D4801390AF054FBBAF800101B480AF01A
S315000019C04FFBBAF800101A480131A9E7548200000B
S315000019D0A4F320089483000084050000E1F52008A4
S315000019E0C2F32008F2F5200803F62008E0F32008E9
S315000019F00524200821252008292520088D232008D4
S31500001A005C82000085232008352420084D24200808
S31500001A10652420086D2420083D22200885242008FE
S31500001A2076F4200801F420081FF420083CF420086E
S31500001A3059F42008DC840000944B954E9548346098
S31500001A404FF0FF38C3F800801A681A6007F0CAFF23
S31500001A50092390498DF8B3300DF1B5008DF8B430F7
S31500001A600AF0C5FC0D212CA806F078FD2B68DFF8DE
S31500001A7064B2186941460CF0A3FB87480AF058FB8C
S31500001A802B6818690CF05CFB06F03AFD0023012177
S31500001A901F2B23D8326801FA03F0104201D101331B
S31500001AA0F6E7013B0A2BF1D801A252F823F000BF5A
S31500001AB0FF2A20082F2B20088B2B20088D2A200890
S31500001AC08D2A20088D2A20088D2A20089B2B200885
S31500001AD06B2C2008FD2B2008D92B2008DBF80000F2
S31500001AE0A3F1200201FA02F20242CFD10133402BC8
S31500001AF0CED138684FF0FF310CF092FBC6E7336861
S31500001B006649674823F00203336008F06AF82B68D9
S31500001B104FF0FF3118690CF053FB614961480AF038
S31500001B209FFA2B6818690CF00BFB0124AEE75E4B9D
S31500001B305E4C00221A70336823F480733360336876
S31500001B4023F0040333602B684FF0FF3118690CF063
S31500001B5037FB57480AF0ECFA2B6818690CF0F0FAD4
S31500001B6006F0CEFC2B6880464FF0FF3118690CF06A
S31500001B7027FB20460AF0DCFA2B6818690CF0E0FA1D
S31500001B80B8F1000FECD1002480E74A480AF0D0FAF9
S31500001B90336823F00803336078E7012CF3D1424B16
S31500001BA093F90030012BC0D1434B17AA99881868C6
S31500001BB0FFF7C6FC414B0146188817AA06F039FD07
S31500001BC004460028B1D02B684FF0FF3118690CF09D
S31500001BD0F7FA3B482146A2E73A480AF0A9FA012C4F
S31500001BE0D1D1314B93F90030012B9ED116A8FFF7C6
S31500001BF0D7FCBAF8000016AA0F21DFE72B684FF0D2
S31500001C00FF3118690CF0DCFA2F480AF029FA2B6824
S31500001C1018690CF095FA3368012C23F4806333605D
S31500001C20B1D1DFF8B48098F80020022A4FF0000303
S31500001C3013D11A48114606F0ADFC814688F80040DB
S31500001C40B9F1000F3FF471AF2A684FF0FF31106908
S31500001C500CF0B6FA1D48494661E7224621460F4870
S31500001C6006F098FC02248146E8E72B684FF0FF3126
S31500001C7018690CF0A5FA16480AF0F2F92B681869EB
S31500001C800CF05EFA336823F4007384E7D084000016
S31500001C90D8840000A4F42008ADF420089384000042
S31500001CA060820000C6F420087282000008F5200851
S31500001CB0EDF420081FF52008840500009483000039
S31500001CC041F520086CF5200881F520088CF52008E0
S31500001CD0C8F52008D48400008A050000024A03489B
S31500001CE000210CF051BA00BF28F62008ED25200887
S31500001CF008B500F070F8FFF7F1FF00F079F8002062
S31500001D0008BD08B500F03AFA00F09CFD04F0B8F9F9
S31500001D1006F0ECFA00F06EF800F062FBBDE8084051
S31500001D200CF05EBA0CF020BA7047000008B504F05B
S31500001D30EBFA054804F004FB044804F019FBBDE87F
S31500001D4008400CF039BA00BFE08400008C050000A2
S31500001D50704770470120704708B5FFF7FBFF831EE9
S31500001D605842584108BD04F04BBFEFF3108072B6DD
S31500001D70704710B962B6BFF36F8F7047EFF31180EB
S31500001D800C2383F31188704780F31188BFF36F8F9C
S31500001D907047034638B10020814204D01A5C02B96C
S31500001DA070470130F8E770474FF0FF31FFF7F1BF9A
S31500001DB040B1054A1378012B04D803700133137020
S31500001DC00020704701207047EC84000008B50CF035
S31500001DD0E3F9002008BD08B5FFF793FFFFF7A4FF5E
S31500001DE0FFF7A4FFFFF7B4FFBDE80840FFF7B1BF58
S31500001DF0FFF798BF70B5134C134D23685E6C002334
S31500001E00194628460222B04723681E680023194651
S31500001E1002222846B04723680C4DD3F8C03005206F
S31500001E20984723685E6C0023194628460A22B04765
S31500001E3023681C6800232846A4460A22BDE8704091
S31500001E40194660470001300000C004240000134614
S31500001E507FB50389049383790393437902930379C6
S31500001E600193C378009383784278017802480AF098
S31500001E70F7F807B05DF804FB96F620080FB404B037
S31500001E807047000050B1064B06491B88D1F89C24C8
S31500001E9022F4FC521343C1F89C347047024BF3E71B
S31500001EA04060010000A005244260010030B5114BDE
S31500001EB093F85830013BDBB2FD2B8FB018D80E4D8E
S31500001EC00FCD6C460FC40FCD0FC40FCD0FC495E8D0
S31500001ED0030084E80300094C6846D4F844370DF043
S31500001EE059FB04F015FFD4F8443700200FB030BD7D
S31500001EF00120FBE700021F0858021F080080052486
S31500001F00134B0168D3F84437F0B50127013900D2E5
S31500001F10F0BDD0F808C04668CCF38455C5EBDC624A
S31500001F20346801320023013A0CD203FA05F203EABF
S31500001F300C03C3F3150324EA0202AB4013433360D8
S31500001F400830E3E707FA02FE43EA0E03EBE700BFB9
S31500001F500080052408B51848FFF7D2FF1748FFF799
S31500001F60CFFF05F011FA05F03BFA05F045FA05F04A
S31500001F7057FA05F061FA1248FFF7C2FF1148FFF75A
S31500001F80BFFF1148FFF7BCFF1048FFF7B9FF104825
S31500001F90FFF7B6FF0F48FFF7B3FF0F48FFF7B0FF95
S31500001FA00E48FFF7ADFF0E48FFF7AAFFBDE8084051
S31500001FB00C48FFF7A5BF00BFE48100004881000080
S31500001FC0847D0000507E0000447E0000647E000098
S31500001FD0247D0000187D00000C7D0000607D00005F
S31500001FE0A87D00009C7D000010B5254CFFF7B2FFD0
S31500001FF094F8040600F00100FFF758FF4FF4C023E1
S31500002000C4F86C34D4F840311E4843F40023C4F8B5
S315000020104031D4F8403143F00103C4F84031D4F8DC
S31500002020403143F00203C4F84031FFF769FF164917
S315000020301648D1F8103543F00203C1F8103563692C
S3150000204023F400336361636943F480336361D0F83A
S315000020504027D0F87837C2F34342023A23F4F073AC
S3150000206043EA4213C0F87837D1F8943443F4002396
S31500002070C1F89434236943F46013236110BD00BF93
S3150000208000800424707F000000A005240080052441
S3150000209008B550B10748FFF733FF0748FFF730FF91
S315000020A00648BDE80840FFF72BBF0548FFF728FFA5
S315000020B00448F6E7B87F0000608000005480000006
S315000020C02C800000D87F000010B51C220021044699
S315000020D00AF01EF9074B084A0849C4E9002344F2EE
S315000020E0020363812A23A373054BC4E90413054B3A
S315000020F0A36110BD317A0300A872EB28D8007800DE
S31500002100C70020000100050010B58AB003A8FFF73C
S31500002110DBFF064B01225B6A00925C6B00231A46CA
S3150000212003A94FF09050A0470AB010BD000130003F
S31500002130FEE7FEE7054B064A06498B4200D3704789
S3150000214052F8040B43F8040BF7E700BF0004000045
S31500002150B807210838820000064B0748DA1C121A15
S31500002160C11E22F00302994288BF002200210AF014
S31500002170CFB800BF707901003882000038B5374B00
S31500002180374A1A60374B384A93F80636374C03F00D
S315000021900F030F2B15BF364B4FF00063D3F8931286
S315000021A0D3F837140CBF11601160324A0CBFD3F854
S315000021B03634D3F89232136004F02AFF04F02AFF73
S315000021C02D4BDB694FF08061D3F880304FF08C40A7
S315000021D09847E369022060F30E33E361274BDA691F
S315000021E06FF30202DA6104F08FFF1E4B1A6A0421B4
S315000021F061F302021A621A6A1207FCD5A369022267
S3150000220062F38403A361A3691B04FCD51C4B1D4D1B
S315000022105A6E6FF341025A665A6E6FF300025A669F
S315000022200BF0BEFF184B19480D4A18614FF4FA44DB
S31500002230D86117485C6200211C624FF40044C3E970
S315000022400022C3E90B05C3E90F2299605961DA60E0
S315000022509C625A635864996138BD00BFBC61010035
S31500002260005A620200800424606101000081042497
S3150000227000001F085C610100000130000086042494
S3150000228000840424002D31016C61010000B4C404F3
S315000022900048E8014FF0E02384B0D3F8402F0192C4
S315000022A0D3F8442F02920199094A91420DD102991D
S315000022B0084A914209D1D3F8882D0392039A42F431
S315000022C070020392039AC3F8882D04B0704700BFCA
S315000022D0210011101100001113B500230093019382
S315000022E02F4BD3F810250092009A00922D4A1168C0
S315000022F021F00F01116011681160D3F89C1421F4CC
S315000023006071C3F89C14D3F8041701910199C3F8BE
S315000023100415D3F8001701910199C3F80015D3F8F5
S31500002320101541F01C01C3F81015D2F8024014F440
S315000023308074FAD11C48436943F48033436143698E
S3150000234064F351434361FFF7A5FF184B4FF08072CA
S315000023505A60174BC0F84031164B5A6864F3C302F3
S315000023605A60036A0E4A43F480330362036A43F4F5
S3150000237000330362D2F8943443F40023C2F8943451
S31500002380036943F4601303610B4B1A6842F400229D
S315000023901A601A6842F480221A6002B010BD00BFAB
S315000023A000A005240000052400800424000030411C
S315000023B003000800008104240084042420F0404027
S315000023C0012802D0022805D07047034A136801335A
S315000023D013607047014AF9E7C4610100C06101005A
S315000023E010B5124CE3689847A368114898472369CB
S315000023F002209847A46A01211520A0470121162032
S31500002400A0474FF4E1310120A0470A4C206810B9DB
S315000024100BF0FEFE2060084B4FF48052C3F880207C
S31500002420BFF34F8FBFF36F8F10BD00BFC8F62008F4
S31500002430BD332008C861010000E100E013B5094C76
S3150000244000238DF804302360074B01219B6901A806
S31500002450984723681BB19DF8040002B010BD00F038
S3150000246001FBF6E7C0610100C8F6200813B5094C68
S315000024708DF8070000232360074B01215B690DF1EE
S315000024800700984723680BB102B010BD00F0EAFAC6
S31500002490F8E700BFC4610100C8F6200803681B788E
S315000024A00022202B04D0093B042B01D9D0B270475F
S315000024B00368591C01605B780132F2E7012070471E
S315000024C008B507F0A9FB162303604FF0FF3008BDDF
S315000024D008B507F0A1FB16230360FEE770B50D46AD
S315000024E014460BF0A9FE022805D10C4B4FF0FF3124
S315000024F018680BF065FE2E46731BA34209DB0BF032
S315000025009BFE022803D1054B18680BF019FE2046E6
S3150000251070BD16F8010BFFF7A9FFEDE7C8610100D2
S315000025204FF0FF3070474FF400534B600020704768
S3150000253001207047002070470FB42DE9F0438BB09F
S3150000254012AB002453F8046B01938DF81040FFF78B
S3150000255075FF0D288DF81000F7D00A28F5D0002455
S3150000256025460134142C2ED0FFF768FF04F128030A
S315000025706B440D2803F8180C01D00A28F0D105F198
S3150000258028030DEB0305002305F8163C04AB039363
S315000025909DF81030019F0296002B00F04E81002519
S315000025A0029B1B78002B3BD0DDF80C9099F800605D
S315000025B0002E35D002A8FFF771FF044638B103A8F4
S315000025C0FFF76CFFECE700238DF82430DEE7029A74
S315000025D01346517813F8010B0293252801D12529BA
S315000025E007D18E421CD109F10103023203930292F4
S315000025F0D6E726462046A0461A7806F07C01002A31
S3150000260067D100B10293002967D109E0692A51D048
S315000026101ED8632A53D011D8392A07D82F2A35D87D
S31500002620E8B20BB0BDE8F04304B07047582AF7D1C2
S3150000263046F0200601334FF0100833E0642AEFD14C
S3150000264046F4005646F0200601334FF00A0829E00A
S315000026506F3AD1B20929E3D8092AE1D801A151F884
S3150000266022F000BFA936200821362008213620088E
S3150000267021362008CD362008213620084536200888
S31500002680213620082136200831362008002CC7D1F3
S315000026900A211A78303A01FB042413F8012F303A44
S315000026A0092AF6D90120A7E746F0200601334FF0A4
S315000026B00808F7E746F0200601338846F2E7012CC2
S315000026C046F0040638BF01240133EBE746F008065E
S315000026D0FAE700299AD000B10293002C08BF6324C0
S315000026E008291BD0202940D0042999D157F8042B5A
S315000026F04946144400200E780B4601310EB938B90C
S315000027004EE702F8016B94424FF00100F3D10B46FD
S31500002710994503933FF444AF013541E703A8FFF71A
S31500002720BDFEDDF80CC057F8042B664614440021A4
S31500002730307810F0DF0F334606F1010601D161B99A
S315000027402EE7A0F1090EBEF1040FF8D902F8010B2D
S31500002750A2424FF00101EBD133469C4503933FF46F
S315000027601FAF374B00221A70D6E703A8FFF796FE75
S31500002770039BB8F1000F10D0B8F1100F17D11A78DB
S31500002780302A14D15A7802F0DF02582A0FD10233C8
S315000027900393023C4FF0100809E01A78302A16D14C
S315000027A05A7802F0DF02582AF1D04FF00808039B4E
S315000027B01A782B2A0ED02D2A0FD101330393013C10
S315000027C04FF0FF31039A00201444844614E04FF082
S315000027D00A08ECE701330393013C0121F2E7A9F172
S315000027E04103052B02D910B3039220E0A9F1370368
S315000027F015E00CFB083C012092F800909646B9F1D2
S31500002800000FF0D0A242EED0A9F13003DBB2092BC3
S3150000281006D9A9F16103052BE1D8A9F15703DBB26B
S31500002820984502F10102E4D808B1CDF80CE057F85A
S31500002830043B0CFB01F119606EE74FF0FF35EFE644
S31500002840CC610100044802231421C21801334B2B2A
S3150000285082F80013F9D1704700E100E0064B1868D2
S31500002860002382B262F30F03000C60F31F4382B0B1
S31500002870184602B0704700BF3CF72008014B1868A5
S31500002880704700BFBC050000014803F05DBA00BFF9
S31500002890BC050000014903F015BA00BFBC050000E5
S315000028A0014803F0EDB900BFBC05000037B504468A
S315000028B00B200D4600F04CF9064B1B680193064BA6
S315000028C000930246054B2946204602F069FD03B0F7
S315000028D030BD00BFC8650100A4050000BC050000AE
S315000028E0014802F059BD00BFBC050000014802F0D6
S315000028F050BD00BFBC0500007FB5104BD3E90354A3
S31500002900B2F5806F2E883ABF02F1FF33C3F3090395
S3150000291040F2FF3363F30D162E80258863F30D1501
S31500002920074B25801B680293064B0193064B0093C9
S31500002930024B02F0F5FC04B070BD00BFBC05000000
S31500002940C8650100E0610100A40500000D4B1A698D
S31500002950B1F5806F13B538BF01F1FF33148834BF6A
S31500002960C3F3090340F2FF3363F30D14064B1480DF
S315000029701B680193054B0093024A054B02F032FC9B
S3150000298002B010BDBC050000C8650100E061010091
S31500002990A40500000D4BDA68B1F5806F13B538BF9A
S315000029A001F1FF33148834BFC3F3090340F2FF3348
S315000029B063F30D14064B14801B680193054B0093BB
S315000029C0024A054B02F060FB02B010BDBC050000D8
S315000029D0C8650100E0610100A4050000024B034A3E
S315000029E01B68034902F0A8BAC8650100A4050000E7
S315000029F0BC050000034B044904484FF400129A64D6
S31500002A0002F04ABA00840424A4050000BC050000B4
S31500002A1007B5064B0193064B0093064A064B07493A
S31500002A2002F0AAF903B05DF804FB00BF506501008F
S31500002A30C8650100A4050000001C0624BC050000B2
S31500002A40014802F071B800BF44060000014802F0D8
S31500002A506BB800BF00060000014802F065B800BF71
S31500002A60BC050000FFF7F8BF354BDFED366AD3F83B
S31500002A70102242F04002C3F8102207EE900AD3F863
S31500002A801022F4EEE67A42F01002F1EE10FA07EEAA
S31500002A90101A82B0C3F8102206DCF0EE086AB4EE13
S31500002AA0E67AF1EE10FA08D5D3F8102242F02002A9
S31500002AB0C3F81022002002B070479FED237AF4EE8F
S31500002AC0C77AF1EE10FA10D5D3F810226FF303028D
S31500002AD0C3F81022D3F810226FF38612C3F810221F
S31500002AE0D3F810226FF30412E2E777EEC77ADFED30
S31500002AF0176A134A87EEA67AF7EE007A77EE277AF8
S31500002B00FCEEE77ACDED017A9DF80430F6EE007A18
S31500002B1077EE277A07EE103AB8EE477AB4EEE77A00
S31500002B20F1EE10FAC2BFFCEEE77ACDED017A9DF820
S31500002B300430D2F8101263F30301C2F81012B9E799
S31500002B400038042433333340CDCCCC3F0AD7A33DE1
S31500002B50D0B50E2800F27C82DFE810F00F005A0094
S31500002B609500D00004010F0141017101810190011E
S31500002B70B701DC010702320254024FF08C43DB69D5
S31500002B8003F00703042B41D8DFE803F0033A343798
S31500002B903D00844B9A6C013A052A37D8DFE802F0EB
S31500002BA0032224222628586C4FF08C43DC69DB690B
S31500002BB0C4F3C30413F0005F60D094B107F030FF94
S31500002BC0064620460F4607F02BFF774B002207F0FC
S31500002BD0EBFD02460B463046394608F0C5F808F0CC
S31500002BE033FAD0BDD86ADFE7D86BDDE7186BDBE7D1
S31500002BF0586BD9E76B4BD869D6E76A4B5869D3E768
S31500002C00684B9868D0E7674BD868CDE70020CBE7DC
S31500002C104FF08C43DB69C3F3C213042B2CD8DFE8D7
S31500002C2003F003251F2228005E4B9A6C013A052A01
S31500002C3022D8DFE802F0030D0F0D1113586C4FF088
S31500002C408C43DC69DB69C4F3832413F0804FB3E75C
S31500002C50D86AF4E7D86BF2E7186BF0E7586BEEE743
S31500002C60504BD869EBE74F4B5869E8E74D4B9868EE
S31500002C70E5E74C4BD868E2E70020E0E7002CB0D04F
S31500002C80B0FBF4F0ADE74FF08C439B69C3F3C2335E
S31500002C90052B31D8DFE803F0032124272A2D414BE9
S31500002CA09A6C013A052A27D8DFE802F0030F110FC4
S31500002CB01315586C4FF08C439B69C3F3C32213F46E
S31500002CC0F04F8ED0B0FBF2F08BE7D86AF2E7D86B04
S31500002CD0F0E7186BEEE7586BECE7324B9868E9E7DC
S31500002CE0304B1869E6E72F4B5869E3E72D4BD86957
S31500002CF0E0E72C4BD868DDE70020DBE74FF08C439C
S31500002D009B6AC3F34243032B2AD8DFE803F0022071
S31500002D102326244B9A6C013A052A21D8DFE802F0D3
S31500002D20030F110F1315586C4FF08C439A6AC2F3B8
S31500002D30055312F07C7F3FF454AF5B004CE0D86A39
S31500002D40F2E7D86BF0E7186BEEE7586BECE7154B3C
S31500002D505869E9E7134B9868E6E7124BD868E3E74A
S31500002D600020E1E74FF08C42936903F00703032B41
S31500002D7025D8DFE803F0081B1E214FF08C42D36FE5
S31500002D80C3F34223F3E7074BD86A91699369D26983
S31500002D908C05C3F3C503C2F3007212D5B2B9DBB911
S31500002DA01FE700BF6C6101000000E03F824BD8695D
S31500002DB0EBE7814B5869E8E77F4B9868E5E7002029
S31500002DC0E3E71AB9002BB8D140080AE7D9077FF51F
S31500002DD008AF022B7FF605AFB0FBF3F001E74FF02B
S31500002DE08C439B69C3F30263042B00F23181DFE855
S31500002DF013F0DF0005001D00200023006E4B9A6CC7
S31500002E00013A052A00F22481DFE812F006000800E4
S31500002E100B0008000D00F700586CE2E6664BD86A16
S31500002E20DFE6D86BDDE6644B186BDAE6624B986832
S31500002E30D7E6614BD869D4E65F4B5869D1E64FF0C7
S31500002E408C42936913F4802F5B4B0CBF58699868CA
S31500002E50936992691202C3F3C343B3D59FE74FF058
S31500002E608C439A6A12F4806F534A0CBF9069D068FB
S31500002E709A6AC2F3C52312F4FC3F5CE74F4A936992
S31500002E801B0F062B1FD8DFE803F0040C0F121518D2
S31500002E901B00494B58689369C3F3464213F47E0FEF
S31500002EA00FE7454B186AF6E7434B586AF3E7424B80
S31500002EB0986AF0E7404BD86AEDE73F4B186BEAE7B4
S31500002EC03D4BD868E7E70020E5E73C4AD369C3F302
S31500002ED04303052B1CD8DFE803F0030C0F1215186B
S31500002EE0354B5868D369C3F34713002B7FF425AFDE
S31500002EF077E6314B186AF5E72F4B586AF2E72E4B07
S31500002F00986AEFE72C4BD86AECE72B4B186BE9E78E
S31500002F100020E7E7294A136AC3F34303072B22D8A5
S31500002F20DFE803F0040C0F1215181B1E224B58681D
S31500002F30136AC3F3421213F0E00FC2E61E4B186A7F
S31500002F40F6E71D4B586AF3E71B4B986AF0E71A4BF6
S31500002F50D86AEDE7184B186BEAE7174BD868E7E72E
S31500002F60154B586BE4E70020E2E7144B1B6BC3F3E9
S31500002F704303062B6CD801A252F823F0993F200890
S31500002F809F3F2008A53F2008AB3F20081D3E200894
S31500002F90273E2008B13F2008074B586821E6064B1C
S31500002FA0186A1EE6044B586A1BE6034B986A18E635
S31500002FB0014BD86815E600BF6C61010000140424BB
S31500002FC0244B5B6BC3F34303082B41D801A252F891
S31500002FD023F000BF993F20089F3F2008A53F200807
S31500002FE0AB3F20081D3E2008273E2008B13F2008A1
S31500002FF0F93F2008FF3F2008174B586BF1E5164BA9
S315000030009869EEE5134AD36AC3F34303062B1DD82A
S31500003010DFE803F0040A0D10131619000E4B58686A
S31500003020D36AC3F34713BAE60B4B186AF8E70A4BA1
S31500003030586AF5E7084B986AF2E7074BD86AEFE754
S31500003040054B186BECE7044BD868E9E70020E7E787
S315000030500020C6E5001404246C610100024B1B68C5
S31500003060D3F8BC30184700BF00013000024B1B6884
S31500003070D3F8CC30184700BF00013000024B1B6864
S31500003080D3F8EC30184700BF00013000024B012195
S315000030909B69C0B2184700BF7C660100FFF7F6BF08
S315000030A01346054A126810B4546C0A46A446002119
S315000030B05DF8044B604700BF00013000034B1B6AFC
S315000030C002469B6A02480121184700BF00013000F2
S315000030D000140424104B114A1B7F82B0012BADF85B
S315000030E004000F4BC0B24FF400610DD9116020B936
S315000030F0D3F808220A43C3F808225A68002042F08F
S3150000310001025A6002B0704711600028F5D1D3F869
S31500003110082242F40062EEE77C66010000E100E06E
S31500003120003804242DE9F04F224B234893F81CE085
S31500003130224B1A7800231C4602F59875D9B28E45A3
S315000031400CD8DFF880800023A8F5107902F5907C72
S31500003150DAB2964509D80020BDE8F08F30F8151090
S315000031608C4238BF0C460133E8E743B929F81C30D6
S315000031700133EDE7B5F820B0594489B20AE00027DB
S315000031801FFA83FABEB2B442F2D900220C4D1046A1
S3150000319035F8021FA14203D2B142EBD1013292B2FD
S315000031A0013080B25045F3D30137002AEAD128F81E
S315000031B01360DDE77C6601009C660100786601000D
S315000031C0DA680100DC680100012800D17047C307F6
S315000031D001D44008F8E700207047034601208342E7
S315000031E008DC00EBD072A3EB6203B3EBA00FB8BF11
S315000031F0400870474000F2E707EE100ADFED087A54
S31500003200084837EE277AF7EE006AC6EE877AFCEEB4
S31500003210E77A17EE903A834228BF0346184670476E
S3150000322095BFD633404B4C0084B0F0B506AC84E86D
S315000032300E00DFED957A002123AC0DF16B050A46F1
S315000032400B46CEB2B04200F2AF80002B00F0A38056
S31500003250B0EE007AF4EEC77AF1EE10FAB0EE047A28
S3150000326005DBF4EEC77AF1EE10FA00F1DF80F4EE3A
S31500003270C77AF1EE10FAB0EE087A05DBF4EEC77AFB
S31500003280F1EE10FA00F1D880F4EEC77AF1EE10FAFA
S31500003290B1EE007A05DBF4EEC77AF1EE10FA00F132
S315000032A0CE80F4EEC77AF1EE10FAB1EE047A05DBC1
S315000032B0F4EEC77AF1EE10FA00F1C480F4EEC77AA4
S315000032C0F1EE10FA07DBB1EE087AF4EEC77AF1EE0A
S315000032D010FA00F1BA80B1EE0C7AF4EEC77AF1EE8C
S315000032E010FAB2EE007A05DBF4EEC77AF1EE10FAC8
S315000032F000F1AE80F4EEC77AF1EE10FAB2EE027A81
S3150000330005DBF4EEC77AF1EE10FA00F1A480F4EED4
S31500003310C77AF1EE10FA06DBB2EE047AF4EEC77A5B
S31500003320F1EE10FA6FD4B2EE087AF4EEC77AF1EE47
S3150000333010FA06DBB2EE0C7AF4EEC77AF1EE10FA6A
S315000033406ED4B3EE017AF4EEC77AF1EE10FA06DB2C
S31500003350B3EE027AF4EEC77AF1EE10FA63D4B3EE66
S31500003360097AF4EEC77AF1EE10FA06DBB3EE0A7AC2
S31500003370F4EEC77AF1EE10FA70D9B3EE0B7AF4EEEA
S31500003380C77AF1EE10FA06DB9FED407AF4EEC77AC3
S31500003390F1EE10FA74D9DFED3E7A9FED3E7A002AFF
S315000033A018BFF0EE477A65E015F8016FA6F1140C28
S315000033B0BCF1020F2F7C0FD894ED007AB4EEE77AB9
S315000033C0F1EE10FA03DD0133DBB2F0EE477A0D2F92
S315000033D016D00131043434E7A7F10A0CBCF1020F10
S315000033E00CD894ED007AB4EEE77AF1EE10FA03DD2C
S315000033F00133DBB2F0EE477A182EE9E7182EE6D154
S315000034000132D2B2E5E7DFED247A9AB39FED217A55
S31500003410F4EEC77AF1EE10FA23D5F0EE477A29E0FA
S31500003420DFED1E7AF1E7DFED1E7AEEE7DFED1D7ABE
S31500003430BAB1DFED187A1DE0DFED1B7AF8E7DFEDB4
S315000034401B7AF5E7DFED1A7AF2E7DFED1A7AEFE796
S31500003450DFED197AECE7DFED197AE9E7DFED187AA7
S3150000346042B19FED0B7AF4EE477AF1EE10FA48BFBF
S31500003470F0EE477ABDE8F04017EE900A04B07047C8
S31500003480DFED107AECE700BF0000000000004C42C0
S3150000349095BFD6338BE16A36ACC5A735EFE608365D
S315000034A09F9D42362E5A823301A90C3437F859347F
S315000034B02439EC3434580F35AD186335883E8A35D7
S315000034C0B1B49D36F2DD1C3770B50D46164604467E
S315000034D0D0B9FFF7D3FDAA4807222146FFF7E0FD42
S315000034E0002D40F0AA81012E00F09F810B2C1DD0EB
S315000034F00C2C40F0F5800520FFF7C0FDA048072200
S315000035000521FFF7CDFD98E0012818D10220FFF72D
S31500003510B5FD9B4807220221FFF7C2FD002D76D19B
S31500003520012E00F082810B2C40F0DA800320FFF799
S31500003530A5FD072203219248FFF7B2FD96E0022877
S315000035400ED10420FFF79AFD072204218C48FFF7CD
S31500003550A7FD002D00F06681012D40F0778155E131
S31500003560032805D10620FFF789FD07220621EDE78E
S31500003570042805D10820FFF781FD07220821E5E789
S31500003580052805D10A20FFF779FD07220A21DDE784
S3150000359006280CD17B4B20225A601920FFF766FDC6
S315000035A01920FFF75BFD78480E221921B4E707289A
S315000035B01ED1744B20225A601B20FFF757FD1B209B
S315000035C0FFF74CFD0E221B216F48FFF769FD002D0A
S315000035D000F02881012D40F0D980012E00F01981DC
S315000035E00C2C21D10520FFF749FD07220521A2E772
S315000035F0082840F0FD80634B20225A601D20FFF70B
S3150000360035FD1D20FFF72AFD0E221D21DCE70B2CC0
S315000036101ED0012D40F01A81012E00F0FA800C2CEC
S31500003620E0D00D2C00F0C1800E2C50D00F2C6FD0A6
S31500003630102C75D12EE0022D40D0032D52D1012E33
S3150000364059D00E2C70D00F2C62D0102C30D121E026
S315000036500320FFF713FD4A4807220321FFF720FD49
S31500003660022D2BD0032D03D1012E44D0002070BD96
S31500003670042D00F0A480052DDAD1012E40F0A380A0
S315000036800720FFF7FBFC07223D481146FFF708FD20
S31500003690102C5ED13B4B20225A601A20FFF7E6FC25
S315000036A01A20FFF7DBFC38480E221A21FFF7F8FC38
S315000036B0112C50D0072D5CD1012E88E0012ED5D1DA
S315000036C069E0012E67D00D2C0FD00E2CBBD109203E
S315000036D0FFF7D4FC2A4807220921FFF7E1FCCAE7D5
S315000036E00D2C62D00E2C68D1F1E70B20FFF7C6FC3B
S315000036F007220B211FE70B20FFF7C0FC20480722FB
S315000037000B21FFF7CDFC8FE70E2CE0D00F2CB2D1AA
S315000037100720FFF7B3FC072219481146FFF7C0FC44
S31500003720062DC5D1012E4FE00920FFF7A7FC072281
S31500003730092100E70920FFF7A1FC1148072209210A
S31500003740FFF7AEFC7FE70720FFF798FC072211463C
S31500003750F1E6112C0DD10B4B20225A601C20FFF7ED
S3150000376085FC1C20FFF77AFC07480E221C21FFF778
S3150000377097FC122C2FD0082D7FF478AF012E28E06D
S3150000378000C004240000304100001346022D7FF4DF
S3150000379054AF012E99D10520FFF770FC2E48072261
S315000037A00521FFF77DFC0D2CAED10B20FFF766FC43
S315000037B0294807220B21FFF773FC042DA6D1012E01
S315000037C0B8D00F2CBFD0102C3FF464AF112CC2D050
S315000037D0122C7FF44BAF214B20225A601E20FFF79C
S315000037E045FC1E20FFF73AFC1D480E221E21A3E6CB
S315000037F00A287FF475AE0120FFF740FC1648072221
S315000038000121FFF74DFC012D7FF415AF012E7FF44A
S315000038102DAF0320FFF732FC0F4807220321FFF7E5
S315000038203FFC65E6012E7FF421AF0120FFF726FC61
S31500003830094807220121FFF733FC0B2C3FF408AFA0
S31500003840012D3FF4E9AE0C2C3FF455AE022D3FF4AA
S3150000385038AF0D2CA9D0F0E600C00424000030419A
S31500003860000013462DE9F0410F29BDF81850BDF8A8
S315000038701C609DF820809DF824E055D845EA060492
S31500003880B4F5806F50D22B4C01F1100701F1400CBA
S3150000389044F8273001F150079A4244F8212024F8D1
S315000038A01C5024F8176041D0B8F1000F17D001F171
S315000038B0300802EB4502C0F8D42144F8282045EA36
S315000038C0C12242F40048C0F8D881D0F8D881C0F8A7
S315000038D0D821D0F8D82144F82C8044F82720BEF10E
S315000038E0000F02D10020BDE8F08101F1600205EB76
S315000038F046052B44C0F8D43144F82230CB0203F5F8
S315000039008063334343F40042C0F8D82101F17002CA
S31500003910D0F8D85144F822508031C0F8D831D0F8C8
S31500003920D83144F82130DDE70120DCE742F202100D
S31500003930D9E700BF9C6601000F2910B528D892B1BF
S31500003940144A01F1300452F82440C0F8D44101F180
S31500003950400452F82440C0F8D84101F1500452F80E
S315000039602420C0F8D8218BB10A4B01F1600253F82C
S315000039702220C0F8D42101F17002803153F82220B0
S3150000398053F82130C0F8D821C0F8D831002010BD36
S315000039900120FCE79C66010010B5274B27485A68B2
S315000039A05A6842F001025A60D3F8082242F4806253
S315000039B0C3F8082203F5B4331A68026852BBD3F879
S315000039C0402442F46752C3F840241D4AD2F802301C
S315000039D0DC05FBD41B4BD3F80427D107FBD5D3F862
S315000039E00427D207FBD4D3F84824174C174B216879
S315000039F01A60930803F4F8530B43910001F07C011D
S31500003A0012020B4302F47832134343F0810323601E
S31500003A10012303600C4B1A680A4BC3F84424084A76
S31500003A20D2F8023013F48073FAD1034A516863F373
S31500003A300001516010BD00BF003804246C6601000F
S31500003A400000052400A005247466010070660100CC
S31500003A500F29024610B54FF001000CD8D2F8CC4120
S31500003A6000FA01F32343D2F8CC119BB263F30F01A2
S31500003A70C2F8CC11002010BD0F29024610B54FF038
S31500003A8001000DD8D2F8CC4100FA01F343EA144301
S31500003A90D2F8CC119BB263F31F41C2F8CC110020BF
S31500003AA010BD30B50F299DF80C402CD81F2A2AD8F6
S31500003AB00F2B28D8012C26D845686D060FD509018D
S31500003AC034B14518AC6B44EA835343F08063AB636F
S31500003AD001448B6B43EA42438B63002030BD5CB1EB
S31500003AE0D0F8081241F40071C0F80812D0F8081294
S31500003AF063F34811C0F80812D0F8083262F30403E1
S31500003B00C0F80832E9E70120E8E7000029B9D0F853
S31500003B10083261F3CB23C0F80832064B5B68DB073B
S31500003B2041BF43686FF300034360002058BF4FF066
S31500003B30FF30704700380424C1B2024882B002B098
S31500003B40FFF7E4BF003804240F2915D80D4B5A6837
S31500003B50520603D4D3F8DC31002B0FDAD0F8DC217F
S31500003B6001238B401343D0F8DC219BB263F30F0291
S31500003B70C0F8DC2100207047012070474FF4045044
S31500003B80704700BF00380424B1F5007F14D2B2F5A7
S31500003B90806F11D243686FF38A234360C36861F371
S31500003BA01843C360C36862F30903C360436843F400
S31500003BB08063436000207047012070470F2925D895
S31500003BC0012A05D1436A6FF3D75343620020704739
S31500003BD0022A0BD1436A6FF300034362436A6FF311
S31500003BE004134362436A6FF3C303EEE7084BD3F84B
S31500003BF0DC31002BEADA436A0122C3F3CF138A4091
S31500003C0023EA0201436A61F3D613DEE70120704717
S31500003C10003804240F2903464FF0010014D81A6A0D
S31500003C2000FA01F189B2186AC2F30F220A4362F35D
S31500003C30172018621A6AC2F30F2222EA0102196AD1
S31500003C4062F31721196200207047000008B510B111
S31500003C5001280ED008BD4FF4006003F015FA104B92
S31500003C604FF000725A640F4A137843F00103137041
S31500003C70F0E74FF4006003F021FA0A4A13786FF375
S31500003C8000031370DBB2002BE4D1074B07481B6A15
S31500003C900221DB6B9847024B4FF000729A64D9E71A
S31500003CA000840424CC6901000001300000140424BF
S31500003CB084B0F0B52DED028B83B00AAC84E80F001A
S31500003CC05A4D709B0F9CAB61594B9DF8BD61BDF879
S31500003CD01C112E77621E9A4280F0A4800FAA01233F
S31500003CE09E420AD8012E40F081809DF8BC3183B1F6
S31500003CF0012911D942F2061071E0174652F8040F55
S31500003D003F68B84200F28E80002800F08B800133B5
S31500003D10E6E7B1F5806FEDD20020FFF797FF0420AC
S31500003D20FFF7CCF9434B44485A686FF38A225A602E
S31500003D30DA686FF31842DA60DA68042161F309027F
S31500003D40DA605A683D4942F480625A60FEF78CFE9A
S31500003D50FFF722FE012E16BF7443A4006400B4F5DB
S31500003D60FA4F46D20220FFF7A9F94FF4FA436B60E7
S31500003D7003F08CFB288103F07DFB288203F08CFB8B
S31500003D80C0F30D0307EE103A9FED2D8AB8EEC77A01
S31500003D90830BC7EE086A07EE903AF8EEE77A77EEFD
S31500003DA0A67AC5ED037A03F06BFBC0F30D0307EEAD
S31500003DB0103AB8EEC77A830BC7EE086A01A807EE79
S31500003DC0903AF8EEE77A012377EEA67A0193C5EDED
S31500003DD0057A04F073F9003818BF0120404203B099
S31500003DE0BDEC028BBDE8F04004B07047731E0F2B8C
S31500003DF07FE7144BA4F5FA449C4204D80420FFF74D
S31500003E005DF9114BB3E7114BDC6914F0080407D1D7
S31500003E10022003F0B5FD2046FFF750F90C4BA6E74C
S31500003E200C4BA4E742F20410D9E700BF7C66010000
S31500003E30A02526000038042433333340CDCC4C4033
S31500003E4000007A4400B80B000048E80100000812A0
S31500003E50005A6202002D310184B070B52DED028B3F
S31500003E6082B008AC84E80F00574C9DF820206E996C
S31500003E70A16108A901EB820154484969544E9DF895
S31500003E80B531327001398142237780F09A80012B57
S31500003E907AD108AB03EB4202B2F8F4309DF8B421B4
S31500003EA022B1012B05D942F2061066E0B3F5806F08
S31500003EB0F9D20020FFF7CAFE0420FFF7FFF8454BB2
S31500003EC045495A6845486FF38A225A60DA686FF3A3
S31500003ED01842DA60DA68042565F30902DA605A687E
S31500003EE042F480625A60FEF7BFFDFFF755FD337856
S31500003EF008AA02EB830342F228325B69934246D852
S31500003F000220FFF7DBF84FF4FA43636003F0BEFAD2
S31500003F10208103F0AFFA208203F0BEFAC0F30D034E
S31500003F2007EE103A9FED2E8AB8EEC77A830BC7EEDE
S31500003F30086A07EE903AF8EEE77A77EEA67AC4EDCD
S31500003F40037A03F09DFAC0F30D0307EE103AB8EEBC
S31500003F50C77A830BC7EE086A01A807EE903AF8EE17
S31500003F60E77A012377EEA67A0193C4ED057A04F089
S31500003F70A5F8003818BF0120404202B0BDEC028B04
S31500003F80BDE8704004B07047013B0F2B8AE7154A25
S31500003F90A3F50C53293B93420BD82846FFF78EF81E
S31500003FA0114BDA6A114B9A4201D1104BADE7104B17
S31500003FB0ABE7104BDB691B07F9D4022003F0E0FCEA
S31500003FC0EBE742F20410D8E77C660100A025260044
S31500003FD07866010000380424CDCC4C40333333409E
S31500003FE000007A44D6110C006C6101000048E8011B
S31500003FF0002D31010000081213B50D4BADF8040079
S315000040004FF40062C3F88020BFF34F8FBFF36F8F6A
S3150000401001210322084604F025F9044628B90120A7
S31500004020FFF714FE204602B010BD4FF0FF30FAE74E
S3150000403000E100E04368064A61F349234360D2F891
S31500004040403443EA4143C2F840340020704700BF81
S3150000405000A0052484B02DE9F04F2DED048BEDB0C2
S315000040607AAC84E80F009DF87D3362934FF4C472F6
S3150000407001237DA9684669939DF87C53DFF894A3D4
S3150000408008F00EFA94E80E006298FFF7CDF808EEF5
S31500004090900AFFF7B1F8DAF8048007EE900A07EE07
S315000040A0108AF8EE677AB8EE477AB7EE008A88EE9D
S315000040B0079A88EE277AC7EE097A17EE900A06F075
S315000040C0D1FC09F065FF06F0BFFFC8EE897A84B21D
S315000040D017EE900A06F0C6FC09F05AFF06F0B4FF88
S315000040E086B2B44208BF01347F9F08BFA4B2002D38
S315000040F065D1B8FBF4F3AAF80060AAF80240DFF82D
S3150000410018A363930DF5FC7B5146AAF25E284FF087
S315000041100209629AEBB29A4200F2C880B74DDFF804
S31500004120F4B2FEF7FFFF224631462846FFF72CFD84
S3150000413001212846FFF77EFF6B68B14E43F000630E
S315000041406B606B6843F040036B606B686FF3410311
S315000041506B603323C5F8E4316B6843F004036B608E
S31500004160D5F8DC3143F00043C5F8DC310DF2DA2333
S31500004170659306F18103A6AF06F13E0A66930DF537
S31500004180F47800246791629AE3B29A4200F2D780EB
S315000041909C4B6A9300229C4B6B9369A9012003F008
S315000041A0C5FF10B1452840F0258169996AAA01200A
S315000041B004F02AF8003818BF0120404269E0204682
S315000041C006F03EFCB8FBF7F780463846894606F00F
S315000041D027FC02460B464046494606F00DFF0028DE
S315000041E05ED1AAF80060AAF802402246314683480A
S315000041F0FFF7CAFC01218148FFF71CFF7F4B5A6875
S3150000420042F000625A605A686FF386125A606A1E5C
S31500004210012A5A684FF0000194BF42F0020265F38A
S3150000422041025A60C3F8E4115A6842F004025A6027
S31500004230D3F8DC2161F3DF72C3F8DC219DF8E921B4
S315000042409DF83C029DF84C125AB1D3F8084262F32D
S315000042504924C3F80842D3F8084261F34814C3F866
S315000042600842664CD4F8083260F30403C4F80832F6
S31500004270FFF72AF92A4600212046FFF79FFCBAF8E5
S315000042800220DAF80430B3FBF2F3604A0020C2F8E9
S3150000429080326DB0BDEC048BBDE8F04F04B07047C2
S315000042A0BAB2AAF80060AAF802209FE79DBB639BFA
S315000042B0B3FBF7F39BB2012B8CBFA8F86032A8F8CA
S315000042C06092629B012B08D04A881046FEF77CFF5D
S315000042D018B91046FEF781FF4880DFED4D7A524649
S315000042E000231FFA85FC32F8020F07EE100AB8EE1B
S315000042F0477A0133C8EE076A9BB2634577EEA67A22
S31500004300F1D9F4EEC87AF1EE10FA0DDC013502317E
S315000043100BF1040BFDE6DBE90032B3FBF2F20B888E
S3150000432013FB02F34B80CCE75246002332F8020F10
S3150000433001339BB2400063451080F7D9E6E798F851
S31500004340549098F86430649318F8013F639300938F
S315000043504A462146649B2846FFF7A3FB36F8021F10
S31500004360328C012A08D0A30003F1105303F58723EA
S31500004370A3F83811C3F8782121462846FFF7E4FB55
S31500004380DDE963214846FFF79FF821462846FFF7F7
S3150000439073FB659B33F8029F6593679BCDE9009994
S315000043A0CDE902332146D7F8A4307A6E2846FFF7C6
S315000043B059FA21462846FFF74BFB0022214628469C
S315000043C0FFF7FCFBBBF80220DBF80430B3FBF2F38B
S315000043D0328CB3FBF2F34AF8043F57F8043FA6F8D1
S315000043E0D090CAF85030669B639A03F8012F0134C7
S315000043F06693C8E64FF0FF304BE700BF0038042451
S31500004400DA6801008D4020089D4020089C66010066
S31500004410000000007C660100FA68010084B02DE906
S31500004420F04F2DED048BEBB078AC84E80F002146FD
S315000044309DF87533DFF810A311F80C8B62934FF4D7
S31500004440C4720123684667939DF874638AF80080F6
S3150000445008F026F894E80E006298B44DFEF7E4FEE4
S3150000446008EE900AFEF7C8FED5F804B007EE900AEB
S3150000447007EE10BAF8EE677AB8EE477AB7EE008A1A
S3150000448088EE079A88EE277AC7EE097A17EE900A21
S3150000449006F0E8FA09F07CFD06F0D6FDC8EE897A4A
S315000044A084B217EE900A06F0DDFA09F071FD06F007
S315000044B0CBFD87B2BC4204BF0134A4B2002E55D155
S315000044C0BBFBF4F378AA649308F1040302EB8303BD
S315000044D097492F806C800DF5F8796593629AF3B24F
S315000044E09A4200F2C180934EFEF71CFE22463946E0
S315000044F03046FFF749FB01213046FFF79BFD736805
S315000045008D4C43F000637360736843F0400373603F
S3150000451073686FF3410373603323C6F8E43173683D
S3150000452043F004037360D6F8DC3143F00043C6F869
S31500004530DC310027629AFBB29A4200F207817F4B78
S31500004540689300227E4B699367A9012003F0EEFD74
S3150000455010B1452840F07B81679968AA012003F0D5
S3150000456053FE003818BF0120404271E078AB03EBE0
S3150000457088082046D8F81430BBFBF3FB06F060FA37
S3150000458080465846894606F04BFA02460B46404698
S31500004590494606F031FD002861D12F806C80224605
S315000045A039466448FFF7F0FA01216248FFF742FDF9
S315000045B0604B5A6842F000625A605A686FF386127E
S315000045C05A60721E012A5A684FF0000194BF42F0E9
S315000045D0020266F341025A60C3F8E4115A6842F0D7
S315000045E004025A60D3F8DC2161F3DF72C3F8DC21E0
S315000045F09AF8002002F5F0726A4492F8540092F894
S31500004600641052785AB1D3F8084262F34924C3F8C9
S315000046100842D3F8084261F34814C3F80842454FEC
S31500004620D7F8083260F30403C7F80832FEF74CFFE8
S315000046309AF80040324621463846FFF7BFFAA034C2
S315000046406A886B68B3FBF2F33B4A42F824300020D9
S315000046506BB0BDEC048BBDE8F04F04B070471FFA99
S315000046608BF22F806A809BE708F59873DFF8C8B055
S315000046706393002E50D1659B649A5B68B2FBF3F39B
S315000046809BB2639A012B98BF02232BF81230629BD0
S31500004690012B08D04A881046FEF796FD18B9104639
S315000046A0FEF79BFD488078AB03EB4803B0B2B3F846
S315000046B0F430012B01BF08F598723BF812309B08C5
S315000046C02BF81230639B3BF8133007EE903AF8EE66
S315000046D0677A002288EE277ADFED1A7A01321FFA0E
S315000046E082FC844577EE877AF8D9F4EEC87AF1EE43
S315000046F010FA0CDD002201321FFA82FC5B008445B1
S315000047009BB2F8D90C4808F5987220F81230013699
S31500004710023109F10409E1E6D9E90032B3FBF2F20C
S315000047200B8813FB02F34B80B1E700BF7C660100E8
S31500004730FA680100003804249C6601008D402008B8
S315000047409D40200800000000786601009AF80010DD
S31500004750639101F5F0736B44304693F8548093F8F7
S31500004760649093F801B0CDF800B04B464246FFF78F
S3150000477098F9639901F5907334F8130001F598736D
S3150000478034F81320012A08D08B0003F1105303F5E7
S315000047908723A3F83801C3F878213046FFF7D4F908
S315000047A05A4649464046FEF78FFE9AF80080304644
S315000047B04146FFF761F978AB03EB480378AAB3F8F3
S315000047C0F43002EB88000122CDE90222CDE9003364
S315000047D04146D0F85431D0F814213046FFF742F85C
S315000047E09AF8008030464146FFF732F941460022EA
S315000047F03046FFF7E3F908F1A00269886B68B3FB5E
S31500004800F1F308F59871013734F81110B3FBF1F3A1
S3150000481044F8223078AA02EB480208F5C473B2F8CD
S31500004820F42024F8132078AA02EB880208F1B403D6
S31500004830D2F8B42044F8232008F5F07204EB0803FC
S315000048400DEB020898F8012083F8C02272E64FF0BB
S31500004850FF30FDE6D0F8E03143F00103C0F8E03167
S31500004860002070472DE9F341374B9A6A0192019A6D
S3150000487016020DD5426A1502C2F3C05008D45A6A10
S3150000488042F400025A62314B9B690421984718E0B2
S31500004890019BDC0709D52C4A136A43F00103136216
S315000048A02A4B05219B690020F0E7019C14F08074D7
S315000048B00BD02548012100F095F8254B02201B68F6
S315000048C09847002002B0BDE8F0811F4B5A68500699
S315000048D003D4D3F8DC31002B24DA1E4D1A4E1B4FBD
S315000048E0019BE21DD340D90717D521463046FFF775
S315000048F091F92B785FFA84F8B3FA83F252094146AC
S315000049003046FFF719F8BB6913B1002140469847B6
S315000049102B78B3FA83F35B092B700134102C05F165
S315000049200105DDD1084B5A689207CAD4D3F8DC11C9
S31500004930C90FC6D15A6842F004025A600198034B67
S31500004940C0B29B69A2E700BF003804247C66010060
S31500004950D06901005C6601000148FFF783BF00BF14
S3150000496000380424030548BF20F40060174B58BFE5
S3150000497040F40060D1B11A8A93ED057A821A07EEE7
S31500004980902AF8EEE77A67EE877AFDEEE77A17EE79
S31500004990903A18B2B0F5805F11DA002812DDB0F552
S315000049A0006F10DBA0F5006000B270471A8993ED26
S315000049B0037A821A07EE902AF8EEE77AE3E740F6E2
S315000049C0FF70EFE7002000F50060EDE77C66010070
S315000049D0406921B11146C0F30B00FFF7C3BFC0F316
S315000049E00B007047436A01291DBF43F0020343626F
S315000049F0436A43F0807318BF43F004034362002008
S31500004A0070472DE9F04F92F806C092F802A053784D
S31500004A10D5781679577992F807E092F8088092F8D7
S31500004A20099092F80AB0D47A127802B35B0643EA88
S31500004A304B7343EA8A5343EA495343EA085343EA2A
S31500004A404E4343EA0C4343EA47330901026843EA0B
S31500004A50C62301F1105143EA852301F5872142F06F
S31500004A60004243EA44230260CB63BDE8F08F02684C
S31500004A706CF3C712026002686AF34F320260026882
S31500004A8063F313420260036865F34103036003683E
S31500004A9066F383030360036867F306130360036822
S31500004AA06EF30A230360036868F3CB23036003688D
S31500004AB069F30C33036003686BF3145303600368F4
S31500004AC064F300030360D0E710B4034C2468646CFD
S31500004AD0A4465DF8044B604700013000024B1B689A
S31500004AE0D3F8B830184700BF00013000024B1B68EE
S31500004AF0D3F8C030184700BF00013000024B1B68D6
S31500004B00D3F8C830184700BF00013000024B1B68BD
S31500004B10D3F8E830184700BF00013000014BDB68CE
S31500004B205B69184700013000F0B5436885B0002482
S31500004B30B3F1884F01940546029403940BD0774A4B
S31500004B40934208D0764A934200F0D180754C181BE8
S31500004B504442444164009A680192019A02F00602B6
S31500004B60062A4FEA84742CD15B690293029B99074B
S31500004B7010D56A6913686BB10121517120209847DD
S31500004B806B6993F82820032A04D193F826300BB1D9
S31500004B9044F01004029B5A0707D56A69136823B1CB
S31500004BA0012111724FF400709847029B1B0740F1D8
S31500004BB0A0806A69136823B10121D1714FF4807016
S31500004BC09847019B9E071DD56B691E6910201A6ABE
S31500004BD06968964209D09F690138BF5C0F6002F18F
S31500004BE001021A62F3D196420CD14A6822F00202FF
S31500004BF04A60002283F826201B681BB144F001049A
S31500004C0020469847019B580738D56B691A68002AD1
S31500004C1034D06A685169C90725D511685A69DB69B4
S31500004C20D1546B69DA69D96801328A42DA611AD1DC
S31500004C3069684A6822F001024A6093F82820023A1D
S31500004C400021012A197164D893F8272083F82710C8
S31500004C50022A5ED0032A59D0012A01D144F0010468
S31500004C601B68204698476B691A683AB1D969DB68B0
S31500004C70994203D044F0400420469047019B1A070E
S31500004C804AD16B689B6903936B78DB0608D5039B57
S31500004C90DF0705D56B6944F480641B682046984796
S31500004CA06B785E0608D5039B980705D56B6944F4B7
S31500004CB000641B6820469847AB78D90708D5039B44
S31500004CC05A0705D56B6944F400541B68204698477B
S31500004CD095F90130002B1FDA039B1B071CD56B6966
S31500004CE01B6844F4805005B0BDE8F0401847012425
S31500004CF031E7029BDF067FF564AF6A691368002B14
S31500004D003FF45FAF01219171802059E744F004041C
S31500004D10A6E744F00204A3E705B0F0BD0001004495
S31500004D20000002450018042430B504460AB3B0F565
S31500004D30E10F1ED853688025DD608900B1FBF0F1D4
S31500004D40D3F8C0006FF30500C3F8C0000020186058
S31500004D505860D860DD60C1F387151D60C1F38735E3
S31500004D6001F03F015D60C3F8C010D8605369DC6292
S31500004D7030BD40F20160FBE72DE9F7434E69DDF8EF
S31500004D80289096F8295015F001050C4617469846C6
S31500004D906ED1C6E90005357286F8265086F824508D
S31500004DA04B68B3F1884F02D0354A934212D1354B46
S31500004DB010229A60344BA26BDB69019294F834207E
S31500004DC00092D3F8A45094F83C20002301214FF020
S31500004DD08C40A84762682D4B9A4215D103F15F4378
S31500004DE003F5213310229A60274BA26BDB690192EF
S31500004DF094F834200092D3F8A45094F83C20012370
S31500004E0019464FF08C40A8476268214B9A4210D150
S31500004E1003F5D8434FF400125A641B4B228F1B6ACA
S31500004E200092DD6994F83C2094F835301948012148
S31500004E30A847E3680BB92369B3B16568B5F1884F34
S31500004E4008D00F4B9D4205D0104B9D4202D0104B0F
S31500004E509D4211D10C4BDB684A461D680B9B4146AF
S31500004E603846A847C9F800006369012283F829205B
S31500004E70002003B0BDE8F0834FF0FF30F9E700BF34
S31500004E8000010044008404240001300000000245B3
S31500004E90001804240014042438B54368B3F1884F7D
S31500004EA004460D4602D01F4A934207D11E4BDB69CA
S31500004EB00021D3F8E8304FF08C40984762681B4BCE
S31500004EC09A4207D1184BDB690121D3F8E8304FF03D
S31500004ED08C4098476268164B9A4205D1124B15488A
S31500004EE01B6A0821DB6B9847E3680BB923698BB112
S31500004EF06368B3F1884F08D00A4A934205D00B4A3B
S31500004F00934202D00A4A934209D1074BDB682846EE
S31500004F105B6898476369002083F8290038BD4FF025
S31500004F20FF30FBE7000100440001300000000245AD
S31500004F30001804240014042470B50C4615461E46B9
S31500004F4020B1022872D06FF0030070BD91F90800FD
S31500004F5000280CDB4309474900F01F0020330122DB
S31500004F60824041F82320BFF34F8FBFF36F8FE06875
S31500004F7062696368B0B192F826209AB1B3F1884F9E
S31500004F800BD03D4A934208D03C4A934205D03C4A56
S31500004F90934202D04FF0FF30D7E7007932462946D8
S31500004FA0FFF7BCFDD4E90402636890B1127982B1BF
S31500004FB0B3F1884F08D0304A934205D02F4A934226
S31500004FC002D02F4A9342E5D1007932462946FFF7AF
S31500004FD0A5FD63682B4AB3F1884F05D026498B425D
S31500004FE002D026498B421DD11023D36094F9083094
S31500004FF0002B09DB5A09012103F01F03994002F136
S3150000500060031C4A42F82310636900225A601A7230
S3150000501083F8262093F8292022F0020283F829201B
S31500005020002092E74FF400139364DFE74A6992F891
S315000050302930D907AED513F00203F1D161684B6070
S315000050405360137282F826304FF44073138594F937
S315000050500830002BE4DB03F01F015B099B0003F122
S31500005060604303F5614301228A40C3F880211A6038
S31500005070D6E700BF00E100E0000100440000024561
S3150000508000180424008404242DE9F04F8FB00DF19C
S315000050901C0A06460D46904600211C225046DDF8A5
S315000050A064901F4607F034F9002E00F08D80002D25
S315000050B000F08A80D8F8142092F82930580704D4D2
S315000050C04FF0FF300FB0BDE8F08F92F82630002B7E
S315000050D07DD1012482F82640D8F80CE0136296614F
S315000050E0D8F804301561BEF1000F59D0B3F1884FDE
S315000050F0099450D0374A93424DD0374A93424CD008
S31500005100364A9342DCD122460324CDE90C420121E2
S315000051100B91DEF80000DEF808C007919EF8041037
S31500005120BEF800E0CEF3091E6EF30D1000F0070B7B
S31500005130BBF1020F01BFBA6894686BF30204946076
S31500005140274C0EF101029542E26838BF05F1FF3E99
S31500005150D2F808B0189ACDF8149038BFCEF3090EDD
S315000051606EF30D10CDE903C2CDE9010A0095324672
S315000051703846D8470130A3D0D8F80C00E368007948
S31500005180DB6839464A469847E36849461B6938460C
S315000051909847002096E71922B7E71B220224B4E7B6
S315000051A0596989060ED45A6842F002025A60F0E73D
S315000051B04C1C1462715C19600138F4D0116AA94262
S315000051C0F6D1F0E71020F9E76FF004007AE76FF008
S315000051D0010077E70001004400000245001804249E
S315000051E0000130002DE9F04F8FB0984607AB81469D
S315000051F00F461846164600211C22DDF864A007F06B
S3150000520087F80346B9F1000F7BD0002F79D0726979
S3150000521092F82910490704D44FF0FF300FB0BDE8CB
S31500005220F08F117901296FD0002501245460157281
S315000052303069D760C2F81490D561726800285BD0D7
S31500005240B2F1884FCDE9085451D031498A424ED047
S3150000525030498A424DD030498A42DDD10324B0F824
S3150000526000B0D0F800C0D0F808E0CBF3091BCDE9B8
S315000052700C456BF30D1C01210B9107910CF00705F2
S315000052800021022D0A91017901BFD8F8080084682F
S3150000529065F302048460214C0BF101008742E0684B
S315000052A038BF07F1FF3B85681898CDF814A038BFC2
S315000052B0CBF3090B6BF30D1CCDE903E0CDE901C37C
S315000052C000974B464046A8470130A5D03069E368B1
S315000052D00079DB6852464146984796F8403023B934
S315000052E0E36851461B6940469847002096E7182513
S315000052F0B5E71A250224B2E7536843F00103536069
S31500005300F3E76FF0040089E76FF0010086E700BF5E
S31500005310000100440000024500180424000130008A
S315000053202DE9F3470746DDE90AA8DDF8309008467F
S3150000533016461D461FB311B30AB35B6993F82920BD
S31500005340520723D595F84040F4B12A7812F0060F9B
S315000053501CD0032283F827203146CDE90089534625
S315000053602A46FFF73FFF60B953462A46314638467C
S31500005370CDE90A8902B0BDE8F047FFF785BE6FF0B8
S31500005380040002B0BDE8F0872046FAE74FF0FF3090
S31500005390F7E74369186A70474369D86970470000A0
S315000053A02DE9F0471C465B69924693F82920804612
S315000053B09007DDE90867894640F148845FFA88F579
S315000053C0A5F11501052900F26481DFE811F0060058
S315000053D05A00C200DB00FB002901B9F1000F4BD0D7
S315000053E06368B3F1884F05D0874A934202D0874A53
S315000053F0934228D1E36958783F280CD94038C0B287
S31500005400FFF784FBE36982485A78403A0623D2B212
S315000054100021FFF759FBE369D87808B1FFF766FB6F
S31500005420E3695878A0F11903052B01D8FFF756FB5D
S31500005430E3695878FFF762FBE16976488B784A782A
S315000054400978FFF741FB6268734B9A420AD1E36918
S315000054505878FFF75BFBE1696D488B784A780978E5
S31500005460FFF732FB626992F8293043F0080382F8AD
S3150000547029300020BDE8F08722F0080283F82920B1
S31500005480F7E7B9F1000F61D06368B3F1884F05D033
S315000054905D4A934202D05D4A93423AD1236A5878D4
S315000054A03F2816D95D4B1B6840380121D3F8F030F0
S315000054B0C0B29847236A58784038C0B2FFF726FB37
S315000054C0236A53485A78403A0623D2B20021FFF79E
S315000054D0FBFA236AD87808B1FFF708FB236A5878E5
S315000054E0A0F11903052B01D8FFF7F8FA4B4B226AF6
S315000054F01B685078D3F8D43001219847236A58782E
S31500005500FFF7FCFA216A43488B784A780978FFF757
S31500005510DBFA6268404B9A4212D1404B226A1B6802
S315000055205078D3F8F03001219847236A5878FFF76E
S31500005530EDFA216A36488B784A780978FFF7C4FA7B
S31500005540626992F8293043F0100390E722F01002C6
S3150000555094E7B9F1000F0DD093F82620002A40F009
S3150000556078836168CA6842F04002CA60012283F803
S3150000557026207EE76168CA6822F04002CA6083F886
S31500005580269076E76068E568426822F0020242608B
S31500005590052282609DB193F8263083B1B0F1884F21
S315000055A008D0194B984205D0184B984202D01A4B96
S315000055B0984204D128793A463146FFF7AFFA636933
S315000055C00022D4E76068426822F001024260226944
S315000055D0032181609AB11B798BB1B0F1884F08D055
S315000055E0094B984205D0094B984202D00A4B984283
S315000055F005D1E3683A4618793146FFF78FFA6369B1
S3150000560000221A7135E700BF000100440000024580
S3150000561000C00424000013460018042400013000D2
S315000056206268E068516821F00301516098B193F80F
S31500005630263083B1B2F1884F08D0784B9A4205D014
S31500005640774B9A4202D0774B9A4204D100793A4678
S315000056503146FFF763FA2069A0B163691B798BB104
S315000056606368B3F1884F08D06C4A934205D06C4A00
S31500005670934202D06B4A934204D100793A463146AE
S31500005680FFF74CFA636807229A60636900221A7171
S315000056906DE76A1E132A00F2DF82DFE812F05F0070
S315000056A014007100AD00C9003101DD02DD02DD022A
S315000056B0DD02DD02DD02DD02DD02DD02370117005B
S315000056C031013A01310194F8403013B96FF0060008
S315000056D0D0E66268514B9A42F8D1237899073DD5B6
S315000056E0A36958783F280CD94038C0B2FFF70EFAA4
S315000056F0A3694D485A78403A0623D2B20021FFF7F3
S31500005700E3F9A369D87808B1FFF7F0F9A3695878E7
S31500005710A0F11903052B01D8FFF7E0F9A369587822
S31500005720FFF7ECF9A16941488B784A780978FFF7C9
S31500005730CBF963689A6D42F001029A659A6D42F060
S3150000574002029A6594F841109A6D002951D042F0F0
S3150000575010029A659A6D42F020029A6508F4E06696
S31500005760B6F5A06F00F0EE8000F2D780002E00F0B4
S31500005770EC80B6F5807F00F0EA806FF0080079E6ED
S315000057806268264B9A42A1D123785A079ED5A3690F
S3150000579058783F280CD94038C0B2FFF7B7F9A3694B
S315000057A021485A78403A0623D2B20021FFF78CF9F5
S315000057B0A369D87808B1FFF799F9A3695878A0F1D9
S315000057C01903052B01D8FFF789F9A3695878FFF764
S315000057D095F9A16915488B784A780978FFF774F925
S315000057E063689A6D42F001029A659A6D6FF3410201
S315000057F0A7E761F30412ACE721780B07AED563681F
S315000058001A6C42F001021A641A6C8F074CBF6FF3D0
S31500005810410242F002021A64A0E700BF0001004400
S31500005820000002450018042400C0042400001346AA
S315000058306368B3F1884F03D09C4A93427FF446AF26
S315000058402378DE067FF542AFE36A58783F280CD905
S315000058504038C0B2FFF75AF9E36A95485A78403A99
S315000058600623D2B20021FFF72FF9E36AD87808B1F0
S31500005870FFF73CF9E36A5878A0F11903052B01D824
S31500005880FFF72CF9E36A5878FFF738F9E16A894897
S315000058908B784A780978FFF717F9236B58783F28F1
S315000058A00CD94038C0B2FFF731F9236B80485A78DB
S315000058B0403A0623D2B20021FFF706F9236BD878C7
S315000058C008B1FFF713F9236B5878A0F11903052BDC
S315000058D001D8FFF703F9236B5878FFF70FF9216B0F
S315000058E074488B784A780978FFF7EEF82378D8065B
S315000058F07FF5ECAE6268136943F0400313612DE750
S31500005900257815F020053FF429AFDFE683F82490CB
S31500005910AFE5257815F04005F5E7B6F5C06F18D068
S31500005920B6F5E06F7FF429AF0026022708F440534E
S31500005930B3F5805F10D0B3F5005F1BD073B16FF085
S31500005940090097E500260027F0E70327EEE709267A
S31500005950F9E700260127E9E747F0180708F440436E
S31500005960B3F5804F09D0B3F5004F06D03BB16FF0C9
S315000059700A007FE547F00807F0E747F0040708F458
S315000059804032B2F5003F636800F0E88009D8002A8B
S3150000599000F03181B2F5803F00F092806FF00B008D
S315000059A068E5B2F5403FF9D1627802F01802182A8C
S315000059B074D1B3F1884F05D03C4A934202D03E4A97
S315000059C0934251D1636A58783F280CD94038C0B207
S315000059D0FFF79CF8636A36485A78403A0623D2B2F3
S315000059E00021FFF771F8636AD87808B1FFF77EF8EF
S315000059F0636A5878A0F11903052B01D8FFF76EF8F2
S31500005A00636A5878FFF77AF8616A2A488B784A7889
S31500005A100978FFF759F8A36A58783F280CD9403817
S31500005A20C0B2FFF773F8A36A21485A78403A0623B2
S31500005A30D2B20021FFF748F8A36AD87808B1FFF779
S31500005A4055F8A36A5878A0F11903052B01D8FFF77A
S31500005A5045F8A36A5878FFF751F8A16A15488B787C
S31500005A604A780978FFF730F86268144B9A4215D1E4
S31500005A70A36A5878FFF74AF8A16A0D484A788B78E6
S31500005A800978FFF721F8636A5878FFF73FF8616AEB
S31500005A9007488B784A780978FFF716F8238803F4C5
S31500005AA0C073B3F5C07F54D078E700BF000100444F
S31500005AB000C0042400001346000002450018042418
S31500005AC06278110740D5B3F1884F05D0674A9342F3
S31500005AD002D0674A934228D1A36A58783F280CD946
S31500005AE04038C0B2FFF712F8A36A62485A78403AC3
S31500005AF00623D2B20021FEF7E7FFA36AD87808B1E1
S31500005B00FEF7F4FFA36A5878A0F11903052B01D814
S31500005B10FEF7E4FFA36A5878FEF7F0FFA16A56483D
S31500005B208B784A780978FEF7CFFF6268534B9A4222
S31500005B300AD1A36A5878FEF7E9FFA16A4D488B7827
S31500005B404A780978FEF7C0FF94F90030002BBFF6BB
S31500005B5025AF6268136943F022034BE06278D206F0
S31500005B6040D5B3F1884F05D0404A934202D0404A0F
S31500005B70934228D1636A58783F280CD94038C0B27E
S31500005B80FEF7C4FF636A3B485A78403A0623D2B20E
S31500005B900021FEF799FF636AD87808B1FEF7A6FFE1
S31500005BA0636A5878A0F11903052B01D8FEF796FF12
S31500005BB0636A5878FEF7A2FF616A2F488B784A78A5
S31500005BC00978FEF781FF62682C4B9A420AD1636A14
S31500005BD05878FEF79BFF616A27488B784A780978E0
S31500005BE0FEF772FF6378DB077FF5D8AE626813694C
S31500005BF043F020031361AB1E012B05D818F4802F48
S31500005C002DD118F4002F2DD1D4F80480D8F81030F7
S31500005C1023F01003C8F81030224651464846FFF7D5
S31500005C2083F86369012183F82850C8F80810C8F87A
S31500005C300C70C8F8CC60D8F8AC2061F3C402C8F880
S31500005C40AC2093F8292042F0040217E44FF0FF300D
S31500005C5010E46FF001000DE46FF003000AE46FF04A
S31500005C600C0007E46FF00D0004E400BF00010044DF
S31500005C700000024500C00424000013460018042456
S31500005C8042694368107A5969137981F080015B0093
S31500005C90C1F3C01103F002030B435179C90001F0AF
S31500005CA008010B439179090101F010010B43D179E9
S31500005CB0490101F0200180010B4300F04000184328
S31500005CC0704700004B6993F829305B0733D54B6862
S31500005CD0002B33D040B94A7812072FD51A6922F023
S31500005CE002021A6100207047012806D14A7810077F
S31500005CF024D51A6942F00202F3E702280CD1B3F167
S31500005D00884F02D00F4A934218D14A78910615D58A
S31500005D101A6922F00102E4E70328E3D1B3F1884FC0
S31500005D2002D0084A934209D14A78920606D51A69E2
S31500005D3042F00102D5E74FF0FF3070476FF00300E5
S31500005D40704700BF00010044426830B5044612B3F4
S31500005D50436993F8293013F004001DD065789269E1
S31500005D60A07815F0100318BFC2F3001315F0400118
S31500005D7018BFC2F3401110F0010018BFC2F3801023
S31500005D802C060DD5C2F3C01243EA410343EA82034F
S31500005D9043EAC00030BD1046024601460346F3E71B
S31500005DA00022F1E7194BDB6919072CD4184BD3F8FD
S31500005DB0742122F00202C3F87421D3F874210A2058
S31500005DC000BF013810F0FF00FAD1D3F87421520752
S31500005DD007D4D3F87421D10703D4D3F86C219207E2
S31500005DE009D40B4AD2F8743143F00203C2F8743175
S31500005DF000F0010070470222C3F87021D3F8702129
S31500005E00A622C3F878210120F2E700BF000008129D
S31500005E1000800046064BD3F8742142F00202C3F814
S31500005E2074210222C3F86C21A62002F04DBB00BFEC
S31500005E300080004641F20273984221D011DC41F203
S31500005E40045398421CD005DCF8B101280CBF212070
S31500005E500120704741F2017398420CBF11200120C6
S31500005E60704742F2041398420CD042F2061398424D
S31500005E700AD042F2031398420CBF2120012070473A
S31500005E8021207047282070472B207047014BDB6983
S31500005E905B6E184700013000014BDB699B6B1847AE
S31500005EA000013000014BDB695B6A184700013000D6
S31500005EB0454B994270B50C4615460AD9434B4FF4EB
S31500005EC000125A62424B10229A615A6C42F010023A
S31500005ED05A64012842D0022861D060BB3D4B3E4E39
S31500005EE0DB690121D3F8EC30A422084698473B4BE6
S31500005EF09C60FFF7D7FF3A4B9D4205D108F018F991
S31500005F00736823F4404373604FF45943A6F8603036
S31500005F10304BDB692A469B6821464FF08C409847F8
S31500005F2050B9304B9C420BD82F4B4FF40032DA66F7
S31500005F304FF48022DA660020BDE87040FFF77ABF92
S31500005F402A4B9C42F7D9284BDA6E9203F3D44FF4CE
S31500005F5080229A664FF400329A66ECE71F4B1E4E7B
S31500005F605C61FFF793FF1E4B9D4205D108F0E0F8F8
S31500005F70736823F4404373604FF45943A6F8A03086
S31500005F80144BDB692A469B6D21464FF08C4098479F
S31500005F900028D1D1592CC7D95A2CD4D1CBE70F4BD5
S31500005FA09C61FFF779FF08F0C3F80B4B4FF4594299
S31500005FB0A3F8E020074BDB692A46DB6B21464FF04E
S31500005FC08C409847B8E700BFFF0D27070000282040
S31500005FD00080004600013000008018466C61010018
S31500005FE0005A62027F4A5D0500840424BF8C6C055A
S31500005FF0052870B505460E4637D81D4B99420DD873
S315000060001C4A536A23F4001353621B4B9A6922F00D
S3150000601010029A615A6C22F010025A64002211464C
S315000060204FF08C4001F048FA0446FFF703FF0246A2
S31500006030E0B9DDB1042D13D1104A31460120FFF736
S3150000604037FF04B22046FFF7F5FE024670B929462F
S315000060504FF08C4001F030FABDE87040FFF7EABE21
S31500006060022DEFD1054A3146E9E72122104670BDDF
S31500006070FF0D27070000282000800046005A620214
S3150000608008B508F055F803214FF08C4001F0F4FAFA
S3150000609008F04EF8032001F073FC03490220FFF7D5
S315000060A0A7FF002008BD00BF0095BA0A012808B561
S315000060B00CD0022812D0C8B919B1FFF7F3FE0020A0
S315000060C008BD0B4BDB691B6A9847F8E711B1FFF770
S315000060D0DDFEF4E7064BDB695B6DF5E711B1FFF713
S315000060E0DBFEECE7024BDB695B6BEDE72120E7E7C4
S315000060F00001300013B500F06BF9022802D1002030
S3150000610002B010BD02214FF08C4001F0B5FA02201A
S3150000611001F036FC00210846FFF76AFF0028EFD1A0
S31500006120064B0122DB690092D3F8A04002460346E3
S3150000613001464FF08C40A047E1E700BF0001300068
S3150000614037B50D46062864D8DFE800F00404522F60
S315000061500A5F04000224FCF743F9204603B030BD71
S3150000616007F0E6FF03214FF08C4001F085FA07F0B7
S31500006170DFFF032001F004FC274B28490220002DF5
S3150000618018BF1946FFF734FF04460028E3D1244B15
S31500006190DB6901220092D3F8A0502246234621460D
S315000061A04FF08C40A8470024D5E707F0C1FF032134
S315000061B04FF08C4001F060FA07F0BAFF032001F0BF
S315000061C0DFFB55B117490220FFF712FF0446002CEA
S315000061D0C1D1134B0222DB69DCE729462846FFF7CB
S315000061E007FF114A044611462846FFF761FEEEE70F
S315000061F001F0DEF80D4B9A69142161F315429A619C
S315000062000B4A0C4BD3620C4A1360FFF773FF04462C
S31500006210A1E721249FE700BF0095BA0A00E1F50532
S315000062200001300000B4C404005A62020081042454
S315000062306C610100002D3101BC610100134BDB696B
S315000062401B0713B520D4124BDA69022161F302024F
S31500006250DA61DA6961F31242DA614FF08C439A6DC2
S31500006260002AFCDA9A6A6FF303029A62094B01224A
S31500006270DB690092D3F8A04000231A4619464FF076
S315000062808C40A04702B010BD0020FBE700000812BA
S315000062900081042400013000F8B58B1EDBB2022B0E
S315000062A09CBF174AD45C00F1FF3306460F4688BFF1
S315000062B00024052B06D8DFE803F00F0C090312159E
S315000062C044F002040F4B1D687DB9F8BD44F0080484
S315000062D0F8E744F02004F5E744F04004F2E744F020
S315000062E08004EFE744F48074ECE76B681A681442A4
S315000062F003D05B683946304698472D68E4E700BF0F
S3150000630040F72008DC69010038B50A4D2C786CB9D5
S3150000631072B6094807F010FF084B1C601C7100F0AC
S3150000632051FC01232B7062B6204638BD62B612209E
S31500006330FBE700BFE0690100DC690100D4690100E8
S31500006340054A12781AB120B1002100F04FBA112087
S3150000635070472220704700BFE0690100034B1B789D
S315000063600BB100F0AFBA1120704700BFE069010021
S31500006370044A127812B118B100F0B8BA1120704769
S3150000638022207047E069010008B50B4B1B780146D7
S3150000639073B101280ED8094A094B30B972B618787C
S315000063A01170FFF7CDFE62B608BD72B60121F6E7A1
S315000063B01120F9E72120F7E7E0690100D96901001A
S315000063C088060000014B1878704700BFD9690100A4
S315000063D0014B1878704700BF88060000084B042060
S315000063E013F8012D1AB9013810F0FF00F8D1054B4A
S315000063F01B780343DBB2002B08BF0520704700BFA4
S31500006400D9690100D469010000B591B001A804F072
S31500006410BFF89DF80430032B03D1002011B05DF8BE
S3150000642004FBFFF7DBFF0528F7D107F0B1FE0028D4
S31500006430F3D0FFF7B7FCF1E738B5114D0521287801
S3150000644000F02CFAB8B10F4B1B78B3B1287800F0E6
S31500006450A9F9044668B9FBF77FFC0028F6D10A4B78
S315000064601878FFF791FF044618B929780520FFF739
S3150000647013FF204638BD0224FBE71124F9E700BFCD
S3150000648088060000E0690100D969010008B5FFF738
S3150000649099FFBDE8084001460320FFF751BE08B545
S315000064A0FFF790FFBDE8084001460420FFF748BE0D
S315000064B0194A1A4942F2100310B59360D1F8843490
S315000064C043F04403C1F8843401239366144BD3F894
S315000064D07421110709D4D3F8742142F00102C3F8DC
S315000064E07421D3F874211207FBD50D4C1023C4F880
S315000064F06C310123C4F87431D4F874311B07FBD511
S31500006500FBF702FE01F0E6FF0223C4F86C31BDE89A
S31500006510104007F08DBE00BF0084042400800424D0
S3150000652000800046F8B5474B0446D86910F00800CD
S315000065300E4602D10121FFF7B9FDE368424D434FF4
S315000065402068D4E90121012BC5F8007FA7F10217C5
S31500006550C5F8CC7F07D10027C5F8C87F3C4DAD698B
S315000065606D69A84736E0032B32D0052BF6D1394B9F
S31500006570D3F80426970403D4D3F880351D0211D529
S315000065804FF09053D3F8C830D90304D4324BD3F824
S31500006590C830DA0306D52F4AD2F8803543F40063B3
S315000065A0C2F880352B4BD3F8802522F47F22C3F81E
S315000065B08025D3F88025400000F47F201043C3F8DF
S315000065C08005D3F8802542F48012C3F8802501E0C7
S315000065D0C5F8281F4FF00262D36A03F100631B68F7
S315000065E09B0706D5D36A126B1344174A4033C2F889
S315000065F0343F144BDD6915F008050BD129462846B2
S31500006600FFF754FD29460120FFF750FD29460220D9
S31500006610FFF74CFD217C304607F0AAFD41F20173DD
S3150000662098420DD005DC18B101280CBF21200120AD
S31500006630F8BD41F2027398420CBF21200120F7E712
S315000066401120F5E70000081200100624AFBEAFBE09
S315000066500001300000800424000004127FB50B4BBB
S315000066601B6813F0407F0ED00123094A8DF81430C1
S31500006670084BCDE90123084B03930021032301A80E
S315000066800493FFF74FFF07B05DF804FB0081042475
S31500006690FC1E062400202008893B000008B5264B76
S315000066A0DB691A0746D5254B5A6942F040625A61A2
S315000066B05A6942F040725A615A6942F440025A617C
S315000066C05A6942F440125A615A6942F400225A61E8
S315000066D05A6942F470425A615A6942F470625A61C8
S315000066E01A6C6FF3D3421A645A686FF300025A6049
S315000066F00A2200BF013A12F0FF02FAD10E49CA6916
S3150000670012F00802FBD10E48C16B21F03F01C163B4
S31500006710596862F34201084A5960D3695B07FCD4A1
S3150000672000F0F8FD00F002FEC82300BF013B13F0A5
S31500006730FF03FAD108BD00BF00000812008104243F
S315000067400084042408B5FFF7A9FF094BDB69002282
S31500006750D3F89830012110469847FFF733FE0146DB
S315000067600420FFF7EDFCBDE80840FFF7A1BE00BF1F
S315000067700001300008B5FFF791FF094BDB690022E5
S31500006780D3F89830012110469847FFF71BFE0146C3
S315000067900320FFF7D5FCBDE80840FFF789BE00BF20
S315000067A00001300010B5831E022B86B016D80C4AA5
S315000067B00C4B0228CDE901230B4B03934FF0000449
S315000067C014BF112303238DF814400493FBF7CBFA6F
S315000067D0214601A8FFF7A6FE06B010BD2120FBE763
S315000067E0FC1E062400202008893B000010B5002866
S315000067F045D002681AB1244B1340002B41D04368A0
S315000068003BB9806850B9002932D0002A2BD100202C
S3150000681010BD1E4C234234D08068D0B11C4C20429F
S315000068202FD01C4C51B122B11B498A60F3B92060AC
S31500006830EDE7002BFBD0184A5364F8E722B116495E
S31500006840CA60D3B96060E2E7002BFBD0124A9364BA
S31500006850F8E7114819B102B182604364D7E702B183
S31500006860C2608364D3E70C4B9A60D0E74B64DEE7E3
S31500006870002ACCD0084BDA60C9E78B64E2E7222015
S31500006880C6E72120C4E700BF106A46000000EC1FDF
S31500006890FE070100008004240084042406280DD885
S315000068A006290BD83C2302385843054B00EBC1019F
S315000068B00B441879003818BF012070472120704713
S315000068C044F72008074B18420AD0074B1A6819B13B
S315000068D0104318600020704722EA00021A60F9E7A8
S315000068E02120704700007F3F00810424002871D0DA
S315000068F003793BB90288C02A02D84188082922D9DF
S3150000690021207047816851B9C3686BB9902232491A
S315000069100B68134343F040030B6000207047CBB273
S31500006920002BEDD0C3680BB11A07E9D0C84300F4B9
S315000069307C72000742D1003A18BF01221201274893
S31500006940C16141613EE0032A10D9072A10D843F0FD
S31500006950020343F0040343F0080343F0100343F03B
S31500006960200343F0400343F080030FE00123EEE7EA
S315000069700B2AEED90F2AEED91F2AEED93F2A4FF05D
S315000069800003ECD97F2AECD9C02AECD1012913D90E
S3150000699003294FF0000101D841F00401DA4312F057
S315000069A00F020E4818BF0122D201016642F0100202
S315000069B00165C3614361AAE70221EDE742B1902276
S315000069C00029BCD1002BA2D004490B660B659EE7BB
S315000069D08022B4E722207047008104240084042426
S315000069E008B51B4BDB694FF08061D3F884304FF05C
S315000069F08C409847174800F0A7FB174800F0A4FB07
S31500006A00164B17485A6A22F400325A62154AD2F8CF
S31500006A1080106FF38611C2F880101349D1F88424D0
S31500006A2022F04402C1F884241A6A42F001021A6272
S31500006A301A69342161F306021A611A691F2161F38A
S31500006A4016421A61BDE80840084900F079BF00BF48
S31500006A50000130000C7F0000F47E00000081042459
S31500006A60008204240084042400800424FF7F3E0066
S31500006A7013B50020FFF7B4FFFFF7A4FC0146022080
S31500006A80FFF75EFB354BDB690020D3F89C30984757
S31500006A9000230193324BDB6913F0080357D13149C8
S31500006AA0314CD1F8242442F00402C1F824242F4AA0
S31500006AB0526901926268012161F3420262600193A8
S31500006AC0019B092B45DD264A019B01330193D369BE
S31500006AD05907F9D56269012363F39B6262616269B2
S31500006AE063F319626261626963F397526261636973
S31500006AF01F4A6FF31553636163696FF3D343636191
S31500006B0063696FF31043636163696FF351436361B4
S31500006B1063696FF35143636163686FF310436360A6
S31500006B20636943F01F036361D36B43F03F03D36391
S31500006B3000F0F6FB00F01AFC6368094A43F0010313
S31500006B406360019B01330193D3691B07F9D502B03A
S31500006B5010BD00BF019B0133B1E700BF000130004B
S31500006B6000000812001004240081042400140424E8
S31500006B7000840424FFF77CBF10B586B002230024EE
S31500006B8004934FF4D833CDE9013401204FF4F033A8
S31500006B9003938DF81440FFF723FFFBF7E4F8214633
S31500006BA00520FFF7CDFA054A136823F48003136026
S31500006BB0012101A8FFF7B6FC06B010BD0081042430
S31500006BC0FFF7DABF38B50D4C636A23F4802363629E
S31500006BD0FFF7FEFB0546FFF7F5FB01462846FFF7E4
S31500006BE0AFFA0120FFF7FCFE236843F4800323601D
S31500006BF0236843F48023236038BD00BF008104244A
S31500006C0010B5074C202384F81A3301214FF4802055
S31500006C10FFF7A4FB10B94FF08063236010BD00BFDF
S31500006C2000E100E04FF4804000F08CBD044B4FF4CF
S31500006C308072DA63034B4FF400629A60704700BFBC
S31500006C40008104240000081208B5284B4FF40062A6
S31500006C501A60274AD2F88C3743F4004343F0800386
S31500006C60C2F88C37D2F88C375B06FBD5D2F88C2766
S31500006C70204BDFED216A9FED216A214902F03F0298
S31500006C801A601A68262A84BF26221A601D4A92684C
S31500006C90EAB11D48C2F315020260D3ED007A90ED09
S31500006CA0007AF8EE677AB8EE477A77EEA67A37EE8C
S31500006CB0267A67EE867AC7EE876AC1ED006AFFF725
S31500006CC0B5FF0A4B4FF400625A60086808BDD3ED61
S31500006CD0007AF8EE677A77EEA67ADFED0C6A67EE51
S31500006CE0867A87EEA67A81ED007AE8E70000081238
S31500006CF000A00524EC69010089410B42333353405F
S31500006D00E4690100847D0000E8690100C4A08342B3
S31500006D10F0B5A24CA24BA2680578A24E02EA030186
S31500006D20027802F001020A439F49A2608A6802EAD9
S31500006D300304427802F00102920042EA95122243CD
S31500006D408A600A69457802EA03040278C2F34402BB
S31500006D502243964C0A61A26802EA0301827802F095
S31500006D600302520142EAD5020A439149A2608A68A7
S31500006D7084781A4042EA94028E4C8A60A268C178EE
S31500006D801A4001F01F011143A160B268047902EABA
S31500006D90030504F03F04C278640044EAD214C2F347
S31500006DA0411242EA84022A43B260834E4579B268B0
S31500006DB002EA0304027905F07F05920942EA850298
S31500006DC022437E4DB260AA6802EA0304C27902F049
S31500006DD00F0222437A4CAA60A268C579067A1A4045
S31500006DE042EA1512774DA260AA6802EA0304427CC1
S31500006DF002F07F022243AA60734DAA6802EA0304E6
S31500006E00027A02F07F022243AA60704DAA6802EA63
S31500006E100304427A02F01F02520042EAD6122243CB
S31500006E206B4EAA60B268857A02EA0304C27A5200FF
S31500006E3042EAD512057B05F0010542EA45222243C6
S31500006E40644DB260AA68467A02EA0304827A02F0C6
S31500006E507F02D20042EA56122243AA605E4D5F4E7E
S31500006E60AA6802EA0304B0F80D202243AA60B268B9
S31500006E70457D02EA0304027D05F00F0542EA05227C
S31500006E802243574DB260AA68564E02EA0304427D79
S31500006E90C2F302122243AA60B268C57D477902EAAC
S31500006EA00304827D05F00F0542EA05222243B26003
S31500006EB04D4EC57DB26802EA0304027E120142EA23
S31500006EC01512457E05F00F0542EA05322243474D6D
S31500006ED0B260AA68467E02EA0304827E120142EA92
S31500006EE016122243AA60424DAA6802EA0304B0F8C9
S31500006EF01B202243AA603F4DAA6802EA0304827956
S31500006F00560802F00102520042EAD71242EA86020D
S31500006F102243847CAA60457C90F8246004F00F022A
S31500006F20520052EAD512344D1EBFA96819401143CA
S31500006F30A960324D1A4AAB6803EA0201437F03F0A7
S31500006F400F030B43AB602E4DAB6803EA0201837F50
S31500006F50C3F383030B43AB602A4DAB6803EA02011C
S31500006F6090F8253003F007035B0043EAD6130B4382
S31500006F70AB60254DAB6803EA0201C37C03F0030353
S31500006F805B0043EAD4130B432049AB608B681A407D
S31500006F90837CC3F3021313438B60F0BD647E000051
S31500006FA00000C0FFEC7D0000507E0000387E00002F
S31500006FB0207E0000147E0000D07D0000A87D000029
S31500006FC09C7D00002C7E0000907D0000847D0000EA
S31500006FD0787D00007C7E0000607D00006C7D0000F6
S31500006FE0DC7C0000547D0000487D00003C7D0000F4
S31500006FF0307D0000B47D0000087E0000247D000086
S31500007000187D00000C7D0000F47C0000007D00006F
S31500007010FAF7EABFF0B5194D194C2B88E5B004F123
S315000070201001002600274FF4C2726846ADF884317D
S31500007030CDE9626705F034FA94E80F0000F0A2FE8D
S3150000704062A800F05DFF2B78687843EA002001F023
S3150000705007F8DDE9624532463B462046294603F0FD
S31500007060E9FF48B1074B00222046294603F0CEFF30
S3150000707010B10020FBF70CF865B0F0BD4008000029
S31500007080AC06000000004E4010B50A4A0A4BD2F882
S315000070900815D3F80240E405FBD440EA5110C2F8C3
S315000070A00805D3F80220D205FBD4024BD3F80835E5
S315000070B010BD00BF00A005240000052410F4405FA9
S315000070C00F4B0BD0D3F8042522F48012C3F8042505
S315000070D0D3F8042522F40012C3F80425D3F80825B2
S315000070E0084BD3F80210C905FBD4C04300EA52107E
S315000070F0034AC2F80805D3F80220D205FBD470472C
S3150000710000A00524000005240D4A0E49D2F81035CA
S31500007110013823F0030310B5C0B2C2F81035D1F818
S315000071200230DC05FBD4D2F810450123834023430B
S31500007130C2F81035D1F80230DB05FBD410BD00BF14
S3150000714000A005240000052430B58BB00023019370
S315000071500293039304930593069307930893099365
S315000071608DF802308DF8033010B901200BB030BD18
S31500007170019A50F822200292029A002AF5D0019331
S315000071800121019C029A944201D30020EEE7019A64
S3150000719000EBC20252680392019A013250F8322083
S315000071A00492049AC2F384528DF80320049AD20EF4
S315000071B08DF802209DF802209DF80340121B013233
S315000071C00592059A162AD0D8039A126807929DF856
S315000071D00320D2B2069208930993069C079A01FAF5
S315000071E004F422EA04020792099A089C01FA02F2C0
S315000071F022430892069A01320692099A01320992AE
S315000072009DF80320059D069C2A44A242E5D8089CC9
S31500007210049A22400492049A9DF80350079CAA40BF
S3150000722022430492039A049C1460019A013201924B
S31500007230A7E730B58BB00023019302930393049321
S31500007240059306930793089309938DF802308DF8FA
S315000072500330039A10B901200BB030BD019A50F8E3
S3150000726022200292029A002AF5D001930121019C64
S31500007270029A944201D30698EEE7019A013250F839
S3150000728032200692069AC2F384528DF80320069A9B
S31500007290D20E8DF802209DF802209DF80340121BA5
S315000072A001320492049A162AD5D89DF80320D2B248
S315000072B0059208930993099A089C01FA02F222435F
S315000072C00892059A01320592099A013209929DF8AF
S315000072D00320049D059C2A44A242ECD8089C069AE9
S315000072E022400692069A9DF80350079CAA40224324
S315000072F00692019A01320192B9E700000148FFF7B0
S3150000730023BF00BF507F00000148FFF71DBF00BF2D
S31500007310087E00000148FFF717BF00BF907F0000FE
S315000073200148FFF711BF00BF847F000008B504487D
S31500007330FFF70AFFBDE808400248FFF705BF00BF98
S31500007340707F0000DC7C0000024A93689B0D9B0561
S3150000735093607047DC7C0000034AD2F8383723F08C
S315000073600403C2F8383770470080052408B504487E
S31500007370FFF7EAFEBDE808400248FFF7E5BE00BF9A
S315000073805C7F0000E87C0000064B074A996C0748C2
S31500007390DA620229D96C08BF1A60022908BF5A604E
S315000073A0FFF7D2BE6C6101000048E801387E00009C
S315000073B008B50848FFF7C8FE50B9074B074A996C4D
S315000073C0DA620229D96C08BF1A60022908BF5A601E
S315000073D008BD00BF2C7E00006C610100002D31014C
S315000073E0024B034A03485A63FFF7AEBE6C610100C5
S315000073F00048E801207E0000064B074A996C0748C2
S315000074001A630529D96C08BF1A60052908BF5A6096
S31500007410FFF79ABE6C610100002D3101907D0000DE
S31500007420034B04484FF4FA421A62FFF78DBE00BFC1
S315000074306C610100147E0000034B04484FF4FA42CD
S315000074405A62FFF781BE00BF6C610100B47D000087
S315000074500148FFF7EEBE00BF787D00000148FFF748
S31500007460E8BE00BF7C7E00000148FFF7E2BE00BF19
S315000074706C7D00000148FFF7DCBE00BF547D0000B4
S315000074800148FFF7D6BE00BF487D00000148FFF760
S31500007490D0BE00BF3C7D00000148FFF7CABE00BF5A
S315000074A0307D00000148FFF7C4BE00BF607D0000CC
S315000074B001B108477047000010B5002852D03E2A97
S315000074C050D82B4BDB689C0748BF5208052949D882
S315000074D0DFE801F003481B26313C836A6FF30303A0
S315000074E08362244B1B6824490B60846DE405FCD53C
S315000074F0846A62F30914846212B1B3FBF2F30B607F
S315000075001C4B0A68DA60002010BD836D9B062BD5E4
S31500007510836A022161F303038362164B9B68E2E7E9
S31500007520836D5C0620D5836A032161F303038362BE
S31500007530104B1B69D7E7836D190715D5836A04219C
S3150000754061F3030383620B4B5B69CCE70B4B5B6A0E
S315000075505B0709D5836A052161F303038362054B43
S315000075609B6BC0E70120CFE741F20170CCE700BF7B
S31500007570008604246C610100BC610100001404242F
S3150000758007B50B46114606281ED8DFE800F0042191
S31500007590333B47586400364A106A40025EBF106AA1
S315000075A040F48000106213B90A20FFF781FF314BC7
S315000075B0D3F81C2122F08012C3F81C21D3F81C2119
S315000075C042F00122C3F81C21002003B05DF804FB41
S315000075D0274A106A800207D4106A40F480101062AD
S315000075E0106A40F400101062002BEDD10A20FFF75C
S315000075F05FFFE9E71E4A106AC002F5D4106A40F43C
S315000076008010F0E71A4A106A00035EBF106A40F461
S3150000761000201062002BD7D10220E8E7144B1A6A2B
S315000076205203D1D41A6A42F480221A624FF4FA70D5
S315000076300191FFF73DFF019940F2DC50D7E70C4A74
S31500007640106A80035EBF106A40F400301062002B9F
S31500007650BAD1FA20CBE7064A106AC0035EBF106AA9
S3150000766040F480301062002BAED19620BFE700BFF9
S31500007670008104240080042410B50446002858D054
S315000076800139052955D8DFE801F003131D273445D4
S31500007690294BD969012262F30201D961274B9A6409
S315000076A05B6C264A1360A36D002BFCDA002010BD2C
S315000076B0214BD969022262F30201D9611F4B9A64F8
S315000076C0DB6AEEE71C4BD969032262F30201D9613A
S315000076D01A4B9A64DB6BE4E7194B40229A83164BEC
S315000076E0D969042262F30201D961144B9A641B6CB6
S315000076F0D7E7114B1A6AD2025EBF1A6A42F48012A9
S315000077001A62D969052262F30201D9610B4B9A64A8
S315000077101B6BC6E7012100220846FFF731FF064B27
S31500007720D969062262F30201D961044B9A645B6B44
S31500007730B7E70120BBE700BF008104246C610100AC
S3150000774000801341C10704D5584A01239360584A63
S31500007750D363820742BF554B02229A60430742BF5A
S31500007760524B04229A60010742BF504B08229A608E
S31500007770C20642BF4D4B10229A60830642BF4B4B56
S3150000778020229A60410605D5494B1022DA63474B01
S3150000779040229A60020605D5454B2022DA63434B08
S315000077A080229A60C30506D5414B4022DA633F4BDF
S315000077B04FF480729A60810506D53D4B8022DA63CC
S315000077C03A4B4FF400729A60420505D5374A4FF49A
S315000077D080639360364AD363030507D5344B4FF471
S315000077E08072DA63314B4FF400629A60C10407D5A8
S315000077F02F4B4FF40072DA632C4B4FF480529A6091
S31500007800820416D52B4BD3F8042442F00102C3F8A8
S315000078100424D3F8042422F00102C3F80424D3F884
S31500007820002442F00102C3F80024204B4FF400521A
S315000078309A60430442BF1D4B4FF480429A60C103D5
S3150000784006D51A4B4FF480329A60194B0822DA6338
S31500007850820306D5154B4FF400329A60144B04226E
S31500007860DA63430306D5114B4FF480229A60104B1E
S315000078700222DA63010306D50C4B4FF400429A60EC
S315000078800B4B01229A63C20206D5084B4FF4004205
S315000078909A60074B01229A63830206D5034B4FF485
S315000078A000429A60024B01229A6370470000081258
S315000078B00081042400200424036861F300030360AC
S315000078C0704737B5002304460D460193FFF7C6FD02
S315000078D00190019A636862F309036360A36865F324
S315000078E01643A360FFF7B4FD0190019AA36862F303
S315000078F00903A36003B030BD0368DB04FCD500694F
S31500007900C0F30A0070474368DB0005D501290DD096
S31500007910436861F31C7308E0436813F0805F4368B3
S31500007920F7D10129F5D143F080534360704783684E
S3150000793061F3D7538360836862F35653836070475D
S31500007940A0B10C4B1B6A03F00703042B0CD0022BCF
S31500007950094B18BF0023426863F31802426043686C
S31500007960002BFCDA00207047044BF4E741F201607B
S31500007970704700BF00800424FF7F3E00FF083D00E3
S31500007980013808B5052850D8DFE800F003101A249E
S315000079903140274BD969012262F31241D961254B47
S315000079A0DA645B6C234A0020536008BD204BD9691A
S315000079B0022262F31241D9611E4BDA64DB6AF1E7F7
S315000079C01B4BD969032262F31241D961194BDA6460
S315000079D0DB6BE7E7184B40229A83154BD9690422E3
S315000079E062F31241D961134BDA641B6CDAE70022A9
S315000079F001210220FFF7C4FD0D4BD969052262F370
S31500007A001241D9610B4BDA641B6BCBE701210022D3
S31500007A100846FFF7B5FD064BD969062262F3124107
S31500007A20D961044BDA645B6BBCE70120BDE700BF9C
S31500007A30008104246C6101000080134141F202734D
S31500007A40984221D011DC41F2045398421CD005DC47
S31500007A50F8B101280CBF21200120704741F20173C3
S31500007A6098420CBF11200120704742F2041398423D
S31500007A700CD042F2061398420AD042F203139842FF
S31500007A800CBF212001207047212070472820704715
S31500007A902B2070470378012B06D84378013B0F2B28
S31500007AA094BF00202120704721207047174B1B7878
S31500007AB0012B0CBF03780023C2185278012A22D862
S31500007AC000EB83004369D3B1114A934219D8D0F829
S31500007AD01431104A934207D9D0F854010E4B9842FC
S31500007AE08CBF212000207047B3F53D3F0BD8D0F85E
S31500007AF05431B3F53E3F34BF0020212070472D207E
S31500007B007047282070472120704700BFF0690100A8
S31500007B10A0252600FFFF0524001B062411B1042919
S31500007B2000D07047014B1B68184700BFF46901007D
S31500007B3084B030B52DED028BE7B06CAC84E80F0055
S31500007B40424B9DF845439DEDD28A1C70D1A8FFF7A4
S31500007B50A1FF002868D16CA8FFF7A8FF002863D111
S31500007B60012C08BF9DF8B0019DF844536CAB03EBA4
S31500007B704000012DB0F8F43001D1012B62D8013B51
S31500007B809BB240F2FE3293425CD8314A3148D2F879
S31500007B908C3743F40043C2F88C37FFF7D5FA4FF41D
S31500007BA08030FFF771FA2C4B0C22DA64DA652B4A27
S31500007BB0BDF844336292ADF884314FF4C27270A9B5
S31500007BC06846002D37D1012C35D904F069FC6CAB21
S31500007BD00FCBFCF76DF8FFF731FF28BB0023659349
S31500007BE0FFF732F865909DED657ADFED1D7AB4EE0C
S31500007BF0E77AF1EE10FA02D51A48FFF7A5FADFED9B
S31500007C001A7A6599B4EEE78AF1EE10FA1CD4DFED24
S31500007C10177AB4EEE78AF1EE10FA15DC18EE100AC0
S31500007C20FAF722FFFFF70AFF67B0BDEC028BBDE84B
S31500007C30304004B0704704F033FC6CAB0FCBFCF75C
S31500007C400BF9C8E72B20EFE72120EDE7F0690100EB
S31500007C5000A00524187F0000008404241D8B200842
S31500007C609A991940C47F00006666E63F66666640DC
S31500007C7084B000B5E3B00DF5C87C8CE80F00C9A848
S31500007C80FFF708FFD0B964A8FFF710FFB0B99DF859
S31500007C902423BDF82433B2B99DF82523012A12D92D
S31500007CA04FF4C27268A96846ADF8843104F0F8FB57
S31500007CB064AB0FCBFCF7CEF9FFF7C0FE63B05DF8FF
S31500007CC004EB04B0704768A94FF4C2726846ADF879
S31500007CD0843104F0E5FB64AB0FCBFCF79FFBEBE7CD
S31500007CE0034620B1044A106818B913607047222071
S31500007CF070470420704700BFF469010008B50348C7
S31500007D00FCF7A8FDBDE80840FFF798BE003804243C
S31500007D1007B5ADF8040001A8FFF7BCFE20B901982D
S31500007D20FBF7D8F9FFF78AFE03B05DF804FB07B549
S31500007D30ADF8040001A8FFF7ADFE20B90198FBF7E6
S31500007D40FBFEFFF77BFE03B05DF804FB07B5ADF85D
S31500007D50040001A8FFF79EFE20B90198FCF74CF934
S31500007D60FFF76CFE024B00221A6003B05DF804FBBD
S31500007D70F4690100042902BF014B01221A70704701
S31500007D80006A010084B000B5E5B00DF5CC7C8CE846
S31500007D900F009DF82C33012B3BD19DF82D33013B71
S31500007DA00F2B36D89DF89931002B32D11E4B6B9A8A
S31500007DB09A4234D8BDF88C32012B32D11B4B6293D8
S31500007DC04FF4C272BDF82C33ADF884316AA9684607
S31500007DD004F066FB66AB0FCBFFF7AAFED0B9BDF881
S31500007DE02C33ADF884314FF4C2726AA9684604F0A8
S31500007DF057FB66AB0FCBFFF73BFF58B90C48FFF7B5
S31500007E006FFF38B9CB9865B05DF804EB04B0FFF7A7
S31500007E107FBF212065B05DF804EB04B070472820D1
S31500007E20F8E72B20F6E700BF404B4C003D0A274001
S31500007E30758D200884B000B5E3B00DF5C87C8CE8DC
S31500007E400F0014238DF8E4310E4A0F4B0F4881932F
S31500007E500021FCF7D6FD0E4B68A91B88ADF88431CE
S31500007E604FF4C272684604F01BFB64AB0FCBFFF7FE
S31500007E70FFFE003818BF012063B05DF804EB04B0C4
S31500007E80704700BF8A06000000004C42143A0424E2
S31500007E9040080000012801D1FFF730BF38B9054B73
S31500007EA0D3F8E02160F30002C3F8E02170472120F7
S31500007EB0704700BF0038042484B000B5E3B00DF568
S31500007EC0C87C8CE80F00172301208DF8E431FFF7FA
S31500007ED0E1FF68B9094B4FF4C2721B88ADF88431D3
S31500007EE068A9684604F0DCFA64AB0FCBFFF7C0FE66
S31500007EF063B05DF804EB04B0704700BF40080000B3
S31500007F002DE9F0432DED028B0646E3B0002800F084
S31500007F1092804A4D4FF4C27205F11001684604F092
S31500007F20BFFA95E80F00FFF785FF2F4604460028A5
S31500007F3073D1434B1A7862B118706A7841480121AF
S31500007F40FCF746FD07EE900A3F4BF8EEE77AC3EDE5
S31500007F50007A3E494FF4C272684604F0A1FA97E8E7
S31500007F600F00FFF7A9FF0446002856D1DFF8D4908A
S31500007F70374F4FF00A086A7800214846FCF728FD7B
S31500007F8007EE900A08F1FF38F8EEE77A18F0FF08D6
S31500007F90C7ED007AEFD1020545D520F400631B0436
S31500007FA01B0C07EE903AF8EEE77AC7ED007AFFF77A
S31500007FB06DFA08EE100AFFF757FA08EE900AFFF777
S31500007FC071FA214B97ED007AD3ED007ADFED216A45
S31500007FD0B8EE488AC0F5707037EE487A77EEC87A00
S31500007FE00130C7EE275A07EE900AF8EEE77AF8EE68
S31500007FF0688A87EEA67A88EEA66AF0EE477A45EE9C
S31500008000867ADFED156A9FED157A17EEA67A17EEDA
S31500008010100A02F027FDC6E90001204663B0BDEC58
S31500008020028BBDE8F08340F400631BB207EE903A82
S31500008030F8EE677AB9E72224EFE700BFAC06000046
S31500008040006A010000380424F8690100BC0600003B
S31500008050FC69010000007A4400009B4300808843CD
S3150000806007B5134BADF804001B6A12489B6A04223D
S31500008070012198479DF80430012B16D19DF8053053
S31500008080013B0F2B11D80C4B5B68DB0705D401981D
S3150000809003B05DF804EBFFF759BE0198FFF747FE02
S315000080A00028F4D003B05DF804FB2120FAE700BFF6
S315000080B0000130000014042400380424F8B50468D4
S315000080C0012C054622D8124E56F8242042B1536898
S315000080D010498B4204D010498B4201D01120F8BDC3
S315000080E00E4B0F49DB680F481F680F4B51F82410E1
S315000080F053F8243050F82400B8472B6846F824007B
S3150000810056F82330002BE9D00020E8E72120E6E7E7
S31500008110146F0100000003440080072400013000B2
S31500008120440800004C080000540800002DE9F04106
S3150000813029B1012803D80B6818B9202B0AD92120A8
S3150000814028E00C2BFBD8012AF9D82C4C64681CBB00
S3150000815011201FE0012AF2D8284C2468002CF7D001
S31500008160BBBB4FF0200C264D264C0023AE46A04646
S315000081705E1CC0B9277927BB1824634308EB0304A8
S315000081800E60C4E90200012548F8032025710B683A
S3150000819083B30020BDE8F08113B11948013B1AE012
S315000081A04FF00C0CDFE72F795FB9182043430EEB35
S315000081B0030001240E60C0E902774EF80320047123
S315000081C0E5E7B445334605F1180504F11804CFD1A7
S315000081D0DDE70C48013B18256B43C41824795CB9CC
S315000081E0C2500B68013B05FB03030122C3E90244AD
S315000081F01A71CEE74620CDE74520CBE7146F010084
S31500008200046A0100246B0100012810B503D811B1DE
S3150000821018B9202909D9212016E00C29FBD8C2B1AA
S315000082200D4B5B688BB911200EE092B10A4B1B68AF
S31500008230002BF8D01068094B0139182404FB0133D0
S3150000824098605268DA60002010BD1068044B01394E
S31500008250F3E72220F8E700BF146F0100246B01004A
S31500008260046A0100012830B536D8002934D0E8B9AF
S31500008270202931D8531E022B2ED8194B53F8203003
S3150000828063B302F00203D20721D54C1E182578B934
S31500008290144A05FB0422906033B1124B01391822AF
S315000082A002FB01310023CB60002030BD0C29E0E742
S315000082B00D4A05FB042200209060002BF4D00A4BE7
S315000082C01822013902FB01330022DA60ECE7002BA9
S315000082D0EAD00028E1D0F2E72120E6E71120E4E722
S315000082E0146F0100246B0100046A010008B505F053
S315000082F057FF0C4AD2F8FC3043F08073C2F8FC30CA
S31500008300A2F55D42136843F001031360064BD3F8F0
S315000083107421D20742BFD3F8742122F00102C3F8B8
S31500008320742108BD00ED00E00080004638B5224B00
S31500008330D3F8742111075CBFD3F8742142F001020F
S3150000834005465ABFC3F8742101240024D3F87421CA
S315000083501207FBD58CB1204605F03AFF05F070FFF9
S3150000836000F0B8F8144BD3F86C319B0701D405F034
S31500008370EBFE05F035FF00200EE000F043F843B2B7
S31500008380002B0DDA13F10C0FF7D00733F5D01C30A4
S31500008390C0B21C2801D9012038BD084B185CFBE788
S315000083A0284600F051F81C30C0B21C28F3D8034B05
S315000083B0185C0028CFD0EFE700800046CFF82008F1
S315000083C0B0F1005F70B518D10C4C0D48236804223B
S315000083D05D6C00210623A847236809485D6C0522C9
S315000083E006230021A847236805485C6C0022A446A2
S315000083F00623BDE870401146604770BD000130009D
S3150000840000C0042482B0002301930E4BDB6B9AB2AA
S3150000841072B103F47F42B2F52B4F0CD1DBB2F12BD4
S315000084200CD0F22B14BF00206FF0090002B0704789
S315000084306FF00600FAE76FF00B00F7E76FF0080041
S31500008440F4E700BF0000054130B585B000234B2896
S3150000845000931C4A01931CD14AF24B03536300223A
S31500008460184D00924FF6FE7140F42B40009B5C1CA9
S315000084708B42009403D80292AB8F8342F6D10098C8
S315000084804FF6FE7398424FF0FF30D8BF002005B07C
S3150000849030BD40F42B43536300F0BF03312B01D0B2
S315000084A04A28DCD100230393064B93F83C30232B58
S315000084B005D0F32B14BF00206FF00400E7E76FF040
S315000084C00D00E4E700000541014BC3F87C0170474D
S315000084D000800046094BA622C3F87C21D3F87421FC
S315000084E042F00202C3F874214FF0E0234FF4806299
S315000084F0C3F80821142283F84A24704700800046F6
S315000085001FB50E2200210DF1020003F001FF012329
S315000085108DF800301049802301A88DF8013001F054
S315000085201FFBBDF80A301BB94FF48073ADF80A3053
S31500008530BDF80C301BB94FF40073ADF80C304FF496
S31500008540E063002269467520ADF80E3001F06CF943
S3150000855005B05DF804FB00BF1AFA200830B589B0F3
S315000085600C4605461F2200210DF1010003F0D0FE46
S315000085701F2C2246294628BF1F220DF101008DF827
S31500008580002003F08DFF002269469C2001F04CF983
S3150000859009B030BD30B5044685B000680190154677
S315000085A0A088ADF808000022CDF80A20B1208DF889
S315000085B00B1001A98DF80C50ADF80E3001F034F90E
S315000085C005B030BD38B505460023934210D2CC5CC9
S315000085D00133DBB2C85C083801280AD8013C0133F4
S315000085E0E4B219442246284603F05AFF00232B55CD
S315000085F038BD1C44E3B2E8E784B030B587B00AACB6
S3150000860084E80F000AAD002305930FCD6C460FC416
S315000086102B680F9A23606946922001F005F907B08E
S31500008620BDE8304004B0704701460022932001F0B7
S31500008630FBB870B5BEB00C46064615460021F022C2
S3150000864002A803F065FEF02C2246294628BFF02238
S3150000865002A8ADF80620ADF8046003F021FF002261
S3150000866001A9942001F0E0F83EB070BD41F2060386
S31500008670984209D13C4B1B689A68D27C012A70D17A
S31500008680DB680B600320704740F2055398420BD01D
S31500008690431E062B08D9A0F18D039BB21A2B09D9CC
S315000086A0A0F59773012B16D82F4B1B689B680B60A0
S315000086B0012070472D4A42FA03F3DB07F4D5BE28A2
S315000086C0F2D0B0F5967FEFD0A0F17503172B0DD839
S315000086D0254B1B68D4E700F5FF4370339BB20C2B88
S315000086E0EDD8234A42FA03F3DA07DDD5A0F1920367
S315000086F09BB2162B15D9A0F1AA030E2BE8D9A0F12F
S31500008700BA03072BE4D940F22D139842E0D040F289
S315000087106F139842DCD06FF4B8728318032B05D818
S31500008720D6E7144A42FA03F3DB07D1D5A0F1F203E8
S315000087300B2BCDD940F201139842C9D06FF4827346
S31500008740C318262BC4D95028C2D041F2FF539842F1
S31500008750BED0A0F5A8534A2BBAD941F6FF7398426A
S31500008760B6D0FF20704700BF546F0100F8DFFFF955
S31500008770DEEFFFFFC07BB0FF012903463DD0032992
S3150000878038D1A0F17502092A37D9B0F5837F2ED0EA
S315000087901FD8B0F5817F13D2C02828D8972806D8CD
S315000087A07E2847F2F85098BF4FF4FA407047A0F180
S315000087B09C03242B47F2247088BF4FF4FA4070477D
S315000087C040F2051247F22470934218BF4FF4FA4064
S315000087D0704740F26F12904209D0B0F5B87F09D2C7
S315000087E040F20712904208D040F22B12EAE747F215
S315000087F0F85070474FF4FA40704747F224707047BC
S3150000880007B500230230019301F074F901A9FFF7BF
S315000088102DFFC0B2FF2809D0019B9A7C32B9986916
S315000088201A6003B05DF804EB05F0F6BC03B05DF822
S3150000883004FB0000F8B5154B1B68DC68062204F142
S315000088403001064603F054FD054638B1062204F110
S315000088504801304603F04CFDB8B90125182707FB3F
S315000088600543586C18B14FF0FF3105F0A9FC07FB22
S315000088700544B27994F83730606C134484F8373085
S3150000888018B1BDE8F84005F05BBCF8BD546F0100B7
S3150000889038B5124B1B68DC6894F83C301BB194F871
S315000088A05430CBB901231822534303F13002D0F8D8
S315000088B00150A550A1181C44B0F805208A80012358
S315000088C084F83C3084F8383084F8373084F8403007
S315000088D0002005F09DFC606438BD00BF546F0100A8
S315000088E0144B1B6870B5DC6804F130050622294676
S315000088F0064603F0FDFC40B104F148050622294670
S31500008900304603F0F5FC98B901201822002302FB3B
S3150000891000402B60AB80C38680F838304387C36342
S3150000892080F84030406C18B1BDE8704005F060BC7E
S3150000893070BD00BF546F01002DE9F041436A074640
S315000089405D68D0F824013B68144641F24A529142D0
S315000089500E4680B29BB200F2C680B1F5A85F07D280
S315000089608C2900F2B1807E2900F2A080BDE8F0815A
S31500008970A1F5A8534A2BF9D801A252F823F000BF5B
S31500008980259B20087F9B20088B9B2008919B200815
S31500008990979B20089D9B2008A39B2008A39B20084B
S315000089A0A39B2008859B2008A99B2008B59B20082F
S315000089B0A99B2008AF9B2008F79A2008079B200850
S315000089C0BB9B2008BF9B2008CD9B2008D19B20087D
S315000089D0339C2008339C2008E19B2008339C200808
S315000089E05B9C20085F9C2008719C2008839C2008C3
S315000089F0459C2008E59B2008959C2008999C20080A
S31500008A009D9C20081B9B2008A19C2008A99C20084F
S31500008A10AD9C2008B39C2008C79C2008CD9C20084C
S31500008A206D9920086D992008A59C2008D39C2008E4
S31500008A30D79C2008DB9C20086D9920086D9920089A
S31500008A40C79B20086D9920086D9920086D9920080C
S31500008A506D9920086D9920086D9920086D99200858
S31500008A606D9920086D9920086D9920086D99200848
S31500008A70E59C2008C39B20086D9920086D99200865
S31500008A80DD9B2008559C20086D992008E99C20084C
S31500008A90ED9C2008F39C2008F99C2008FF9C2008E8
S31500008AA0059D20080B9D2008119D2008A1F180023C
S31500008AB00C2A00F29980DFE802F0A0A2A4A8A6A8DA
S31500008AC0A8A8B3B3B3B3B30041F2060399427FF447
S31500008AD04DAFAB6813B10146204698472046BDE826
S31500008AE0F041FFF7FDBE41F2FF5399427FF43EAFDE
S31500008AF0D5F8F0306DE02B68002B3FF437AF2046F9
S31500008B00BDE8F04118476B6813B1208120469847AD
S31500008B102046BDE8F041FFF7BBBEAB69002BF7D09E
S31500008B20A083F3E7D5F890300BB12146984706228B
S31500008B30214607F1300003F0DBFB48B1062221464F
S31500008B4007F1480003F0D4FB00287FF40FAF0120A3
S31500008B50182303FB007393F83D20002A3FF406AF69
S31500008B60B6F5A85F03D0DB8FB3427FF4FFAE1823C0
S31500008B7003FB0077002387F83D30FB87F6E6D5F840
S31500008B809430D1E7D5F89830CEE7D5F89C30CBE7CE
S31500008B90D5F8A030C8E7D5F8A430C5E7D5F8A83091
S31500008BA0C2E7D5F8AC30BFE7D5F8B030BCE7D5F8AA
S31500008BB0B430B9E7D5F8B830B6E76B6B9CE7AB6B6A
S31500008BC09AE7AB6D98E7D5F8D03095E7EB6B93E76E
S31500008BD02B6C002B3FF4CAAE214630E0EB6D8BE7E1
S31500008BE06B6CF6E7AB6C87E72A6E002A3FF4BEAEE5
S31500008BF021461846BDE8F04110476A6EF5E7AA6EB1
S31500008C00F3E7EA6EF1E72A6FEFE76D6F002D3FF4A9
S31500008C10ADAE2246314618462B46BDE8F041184710
S31500008C20AA6F002A3FF4A2AE31461846BDE8F041CD
S31500008C301047EB6F002B3FF499AE21463046BDE856
S31500008C40F0411847D5F88C30002B3FF470AF204622
S31500008C5098476CE7D5F8BC30F6E7EB684CE7D5F8F3
S31500008C608030002B3FF482AE214641F21950E6E7F0
S31500008C70D5F88430002B3FF479AE214641F21A50E4
S31500008C80DDE7D5F88830002B3FF470AE214641F27F
S31500008C901B50D4E72B692FE76B692DE7EB6C2BE7AD
S31500008CA0EB6929E72B6D27E76B6D25E7D5F8C03013
S31500008CB022E7D5F8C430002B3FF458AE01462046D3
S31500008CC0BDE8F0411847D5F8C83015E7D5F8CC30DF
S31500008CD012E72B6AEFE7EB6A0EE72046FFF7AAFDDD
S31500008CE02B6B09E76B6AE6E7AB6A72E7D5F8D43017
S31500008CF06FE7D5F8D8306CE7D5F8DC3069E7D5F8FA
S31500008D00E03066E7D5F8E43063E7D5F8E83060E7A9
S31500008D10D5F8EC305DE700BF2DE9F0470446881C26
S31500008D200D46174600F0E6FE0646284600F0E2FE2F
S31500008D30C0F30B0905F10C0000F0DCFE238AB342F8
S31500008D4005F1100805B246D140F205539E42256052
S31500008D5035D10123A380E0684FF0000AA4F810A0E3
S31500008D6038B141464A4603F09BFBD4F80C80C4F860
S31500008D700CA0A37C7BB3B6F5847F1AD1CDB994F849
S31500008D80222198F80610182303FB024383F84010AB
S31500008D9098F8073019B903EB83035B00DBB218219F
S31500008DA001FB024282F8383082F83730002384F81B
S31500008DB02231A06905F030FA2846BDE8F087002D7B
S31500008DC0C9D1A6F175039BB2022B9FBF074B1B6847
S31500008DD09B689D80BFE7002FEED0C4F824514B4618
S31500008DE0424631462046B847E6E700BF546F0100C9
S31500008DF013B5002304460230019300F07BFE41F2D6
S31500008E000603984206D10E4B1B689A68A37D03F0B1
S31500008E100F03D37401A9FFF729FCC2B2FF2A0CD0B5
S31500008E20012A93B2019814BF064A00222146FFF791
S31500008E3073FF00B280B202B010BD0020FBE700BF96
S31500008E40546F01003999200870B50446F8B1002521
S31500008E50858005600582C5602A462946012005F001
S31500008E607FF92A46A842A06129464FF001000CBFAF
S31500008E706FF028062E4605F073F9A842606108BF18
S31500008E806FF0280605F0C8F9E561304670BD6FF051
S31500008E900106FAE74368C2685960F42053627047D6
S31500008EA0074B1B689B6840F2055298691A8201229B
S31500008EB09A7418B14FF0FF3105F0B2B9704700BF90
S31500008EC0546F010010B50B4C2468E468646A64684A
S31500008ED0C4E90223029B2361039B6361049BA36194
S31500008EE0059BE361069B2362079B6362C4E900015D
S31500008EF010BD00BF546F010010B51F4C2468E46814
S31500008F00646A6468C4E91A23029B2367039B636748
S31500008F10049BA367059BE367069BC4F88030079B09
S31500008F20C4F88430089BC4F88830099BC4F88C3098
S31500008F300A9BC4F890300C9BC4F898300B9BC4F87D
S31500008F4094300D9BC4E91801C4F89C300E9BC4F8FC
S31500008F50A0300F9BC4F8A430109BC4F8A830119B16
S31500008F60C4F8AC30129BC4F8B030139BC4F8B430CC
S31500008F70149BC4F8B83010BD546F0100A72810B573
S31500008F800B46144629D010D88F2847D005D801287B
S31500008F9027D005283CD0002031E09A2848D0A628C2
S31500008FA0F9D10B681361042029E0B0F5977F27D02B
S31500008FB00BD8BE2863D0B0F5967FECD1832204F19E
S31500008FC0100003F06DFA832019E048F21002904277
S31500008FD028D048F215029042DDD11B882382022058
S31500008FE00DE0103401F1300253F8041B44F8041B61
S31500008FF09342F9D11A8822809B78A370332010BD42
S31500009000304A1268926891880129C4D10021918062
S315000090101A6822619B88A3820620F0E70B781374F6
S315000090200120ECE70A6822614A6862610820E6E7E7
S315000090300A782274132A06D0142A11D0082AEFD0EF
S315000090404FF6FE70DBE7103401F1180253F8041BEB
S3150000905044F8041B9342F9D11B8823801A20CEE7DB
S31500009060103401F1100253F8041B44F8041B934218
S31500009070F9D11A8822809B78A3701320BFE709785C
S3150000908011745A78627441EA02214FF614429142F1
S3150000909011D04FF61B4291427FF47DAF103403F19D
S315000090A0240253F8041B44F8041B9342F9D11B789D
S315000090B023702520A3E71A8822829B78A3740320B5
S315000090C09DE700BF546F01002DE9F74F0346104698
S315000090D07F4A1268B3F5977FD7680C4680F0E78021
S315000090E04F2B40F2F380503BDD2B00F2EF80DFE8A0
S315000090F013F06101ED00ED00ED00ED00ED00ED0077
S31500009100ED00ED00ED00ED00ED00ED00ED00ED00F1
S31500009110ED00ED00ED00ED00ED00ED00ED00ED00E1
S31500009120ED00ED00ED00ED00ED00ED00ED00ED00D1
S31500009130ED00ED00ED00ED00ED00ED0002011F0178
S3150000914025014001ED003001480153015301590149
S31500009150A1017201A101A1017F01A1018B0192016F
S31500009160A101AB01B301BF01BF01C701ED00ED00D5
S31500009170ED00ED00ED00D001DB01E3013C02F4015E
S315000091802B02ED00ED00ED00ED001401ED00ED0009
S31500009190ED00ED0036025301400248015602ED0093
S315000091A0ED001401ED0053015C0253016002ED0075
S315000091B05C02360259016B02ED00530140016B025D
S315000091C056025301ED00720281025C02ED00ED00D1
S315000091D0ED00ED005901ED00ED00ED00ED00ED00B4
S315000091E0ED00ED00ED00ED00ED00ED00ED00ED0011
S315000091F0ED00ED00ED00ED00ED00ED00ED00ED0001
S31500009200ED00ED00ED00ED00ED00ED00ED00ED00F0
S31500009210ED00ED00ED00ED00ED00ED00ED00ED00E0
S31500009220ED00ED00ED00ED00ED00ED00ED00ED00D0
S31500009230ED00ED00ED0087029502A702B002B9022B
S31500009240CB02D402DF02F302FC0207031303ED0094
S31500009250ED00ED003602ED00ED00ED0040013602B6
S315000092602103E901ED00400128032E03ED00ED0086
S31500009270ED00ED004001ED00ED00ED00ED00ED002C
S31500009280ED00ED00ED00ED00ED00ED00ED00ED0070
S31500009290ED00ED00ED00ED00ED00ED00ED00ED0060
S315000092A0ED00ED00ED00ED005301ED003903B3F5DF
S315000092B0BA7F00F07A810DD840F26F12934200F027
S315000092C0558240F27112934200F0578200254CE01D
S315000092D0546F010041F6FF729342F7D1103001F14D
S315000092E0180354F8042B40F8042B9C42F9D1238828
S315000092F003801A2509E0103001F1100354F8042BFD
S3150000930040F8042B9C42F9D11025BB889A0740F1FE
S31500009310858243F40043BB8027E0103001F120032F
S3150000932054F8042B40F8042B9C42F9D12025ECE795
S315000093300B6803614B6843610825E6E7103001F1CD
S31500009340140354F8042B40F8042B9C42F9D114253D
S31500009350DBE7103001F10C0354F8042B40F8042B22
S315000093609C42F9D1238803800E25284603B0BDE828
S31500009370F08F0B6803618B8883828B798375072551
S31500009380F3E7103001F1200354F8042B40F8042BC6
S315000093909C42F9D12025E8E70B6803614B684361DD
S315000093A00825E2E70B6803614B6843618B688361BC
S315000093B00C25DAE70B78CD78012B1BBFB1F80350EB
S315000093C004350335ADB22A460131103003F068F892
S315000093D00023BB74C9E7103001F11C0354F8042BB9
S315000093E040F8042B9C42F9D10023BB741C25BCE732
S315000093F0103001F1200354F8042B40F8042B9C4252
S31500009400F9D10023BB74C5E70B6803614B68436160
S315000094100023BB74C4E7103001F1100354F8042B89
S3150000942040F8042B9C42F9D1238803800023BB74A7
S3150000943012259AE70B6803614B6843610B89038326
S315000094400023BB740A2590E7F922103003F028F8B0
S315000094500023BB74F92588E7F922103003F020F8C1
S315000094604FF000084646C2464FF00109F9253FE095
S31500009470FB22103003F014F80023BB74FB2574E7BD
S315000094800B6803618B8883828B7983750023BB7499
S3150000949075E7103001F1180354F8042B40F8042B3B
S315000094A09C42F9D1182560E74FF48872103002F01B
S315000094B0F7FF4FF4887558E7F422103002F0F0FFFA
S315000094C0F42552E70B6803614FF000084B684361CF
S315000094D00126C246C14608250AE0FA22103002F0EB
S315000094E0DFFF4FF000084646C2464FF00109FA2555
S315000094F00622214607F1300002F0FAFE83460028D4
S3150000950000F04A810622214607F1480002F0F0FEEB
S3150000951000287FF42AAF0124A346002E40F03E81A6
S31500009520B9F1000F40F05C81BAF1000F3FF41DAFB6
S31500009530182303FB0B7B01239BF83D20002A00F038
S31500009540668187F8213110E7FA221030002602F0F2
S31500009550A7FF41F20D584FF0010AB146C7E70B6865
S3150000956003618B8883820625FFE60B88038202252A
S31500009570FBE600230093ADF804300B6803618B888B
S31500009580838200F1100506226946284602F0B0FEE5
S315000095900028E8D1A349284600F0E2FAE3E7FA22D8
S315000095A0103002F07DFFFA25DFE62368036104250B
S315000095B0DBE6103001F1280354F8042B40F8042BA5
S315000095C09C42F9D12825D0E60B6803614B684361BC
S315000095D00B89038336E7103001F1140354F8042B8A
S315000095E040F8042B9C42F9D123880380A37883702A
S315000095F01725BAE60B8803828B7883740325B4E6B5
S315000096000B6803614B6843610B89038341F2095878
S3150000961000264FF0010AB1460A2569E70B461030CD
S3150000962001F11C0253F8041B40F8041B9342F9D1C4
S31500009630002641F202584FF0010AB1461C2557E7B1
S315000096400B6803614B6843610B89038341F203583E
S31500009650DEE70B6803614B6843610B89038341F2C4
S315000096600458D5E70B46103001F1200253F8041BCD
S3150000967040F8041B9342F9D1002641F205584FF0F9
S31500009680010AB146202533E70B6803614B68436145
S315000096900B89038341F20158BAE70B6803614B68F3
S315000096A0436141F2065800264FF0010AB14612E71F
S315000096B00B46103001F1100253F8041B40F8041B4E
S315000096C09342F9D11B880380002641F208584FF0D7
S315000096D0010AB14612250BE70B6803614B6843612B
S315000096E00B89038341F2075892E7F92210300026CE
S315000096F002F0D6FE41F20A584FF0010AB146B5E62D
S31500009700FB221030002602F0CBFE41F20B584FF040
S31500009710010AB146FB25EBE60B6803618B88838261
S315000097208B798375002641F20C584FF0010AB14639
S315000097300725DDE60B6803614B68436141F21C585F
S31500009740B1E7FC22103002F0ABFEFC250DE610302E
S3150000975001F1100354F8042B40F8042B9C42F9D174
S31500009760102502E60B7803740125FEE5FA22103077
S3150000977002F096FE0023BB7415E7CF22103002F0EC
S315000097808FFEBB88D90704D543F40043BB80CF25A1
S31500009790EBE543F00203F9E70446BEE6182606FBAE
S315000097A00B73586C18B14FF0FF3104F009FD06FB3E
S315000097B00B7393F8370093F83810884209D00222C9
S315000097C087F82021586C00283FF4CFAD04F0B8FC90
S315000097D0CBE5586C08B104F0B3FC87F82241C4E528
S315000097E0182404FB0B73586C18B14FF0FF3104F0CA
S315000097F0E7FC04FB0B7393F837200AB90122DFE775
S315000098000021013A87F8201183F83720DAE787F834
S3150000981021918BF83D30ABF83E80A6E543F001037D
S3150000982079E500BF2CFA20082DE9F04F87B0002318
S315000098308B4604A9CDE90333074601920593FEF74B
S3150000984015FFFF2881462DD0B7F5977F06D1644BCB
S315000098501B689B689B88012B40F0BE8049463846B2
S31500009860FEF78AFF049C8246606928B96FF02406D9
S31500009870304607B0BDE8F08F514604F0D1FC0546EE
S315000098800028F3D153464FF49E7203A905A804F0AD
S31500009890ABFCDDF80C800646B8F1000F05D1606917
S315000098A004F0BAFC6FF00306E2E7102229464046B0
S315000098B002F02EFD01239945A37419D14FF48E723F
S315000098C0294608F1100002F023FD42465946384663
S315000098D0FFF754FBB4F8203103BBB4F90430002B76
S315000098E01CDB502F04BF9BF8003088F80E3024E0B4
S315000098F0B9F1030F47D14FF48E72294608F11000D3
S3150000990002F006FD424659463846FFF7DDFB41F6B2
S31500009910FF739F42DED1B4F820314BB1059804F0B5
S315000099201BFC94F82031022B2FD16FF0320634E065
S31500009930B4F90430002BF1DB7727C0F30B01404666
S3150000994000F0CAF8394608F1020000F0C5F8019B9C
S31500009950E36048F210039F4208BF40F20553278296
S3150000996002BF23820123A374A37C059A0321F8B2C4
S3150000997004F0DAFBA06948BB6FF01D0323600023E7
S315000099802668A37418E02846A4E7012B18D094F89B
S315000099902131002B18BF6FF02606B4F90420A388E6
S315000099A0002A06DADA070ED413F0020F18BF6FF09A
S315000099B036060023A4F82031606904F02DFC57E731
S315000099C06FF01E06E9E76FF03506F2E7514604F040
S315000099D027FC0028D0D1D2E76FF0020648E700BF87
S315000099E0546F010030B58FB00546322200210DF1CB
S315000099F0050002F08DFC284602F060FD312828BFE4
S31500009A0031200446024629460DF1050002F048FDC4
S31500009A1004F138036B44002201A9012003F8332C1A
S31500009A208DF80440FFF700FF0FB030BD024600215D
S31500009A300720FFF7F9BE00002DE9F84310F00303F5
S31500009A4004460D461FBF03340D1FED1824F0030412
S31500009A502A460021204602F05BFC1B2D35D9234601
S31500009A60DFF870801A4EC8F80040002043F8045B07
S31500009A702071336004F0CCFB3368606104F11C078D
S31500009A809F6001213846FFF7DFF933689A6804F5CD
S31500009A90A27940F205510127118297740321C3F878
S31500009AA00C904846FFF7D0F9306804F51B7304F5AF
S31500009AB01E7421464360FFF7EDF90444D8F8000010
S31500009AC0201AA84202D833681F751C20BDE8F88307
S31500009AD0546F0100506F0100054A12681278CBB22C
S31500009AE0090A12B9037041707047437001707047DC
S31500009AF0546F0100034B00881B681B780BB140BAFA
S31500009B0080B27047546F0100C0B2A0F13003DBB2DF
S31500009B10092B01D858B27047A0F14103052B02D892
S31500009B20373840B27047A0F16103052B01D857388A
S31500009B30F7E70020704738B50546F8F735F90021F4
S31500009B4004460A46CBB2A34201F1010101D31046F5
S31500009B5038BDE856FFF7D8FF00EB021252B2F1E724
S31500009B602DE9F3470F46054611213846F8F711F956
S31500009B700026804605243346B146F1B2414505EB41
S31500009B80040A1A460CD308336B440022684603F8CD
S31500009B90082CFFF7D0FF2855284602B0BDE8F0870D
S31500009BA079563A290DD108336B44684603F8089C68
S31500009BB0FFF7C1FF013CE4B28AF80000002301363A
S31500009BC0DBE708326A440133DBB202F8081CF6E729
S31500009BD000F00F00A0F10A03052B8CBF30303730A0
S31500009BE07047F8B506310446024600F10F0700F14A
S31500009BF012053A2611F8010D0009FFF7E9FF10706A
S31500009C000878FFF7E5FFBA42507003D0967003322A
S31500009C10AA42EFD12046F8BD08B500F017F8034A6E
S31500009C20034B002814BF1046184608BD586F0100A4
S31500009C306492000000207047704708B504F0DCFA13
S31500009C40002008BD7047704770470000034B5868F6
S31500009C50C0F30800003818BF0120704700ED00E08F
S31500009C6008B578B171B14B880BB9002008BD0A88D8
S31500009C70042A0EBF1346082310220374043102F08F
S31500009C800FFCF2E74FF43560F0E7E0B1D9B1038895
S31500009C90442B0ED005D8292B0FD0412B0FD00120F5
S31500009CA07047AA2B03D0EF2B0BD0A12BF7D104239F
S31500009CB000E001230B70002070470023FAE703231E
S31500009CC0F8E70223F6E7222070470000F0B50022ED
S31500009CD09BB006460846114604F04EFA85890446AE
S31500009CE00DB145F48035394B394F19782A46002095
S31500009CF0F8F76CF81122002101A802F009FB5022A6
S31500009D00002106A802F004FB3B68002B5AD0042E63
S31500009D1052D8DFE806F010031010130004F110010A
S31500009D2001A8FFF79DFF01AA3F6823882946304610
S31500009D30B847002047E004F11002F5E702238DF84A
S31500009D4018306388A12B2AD108238DF819300DF11C
S31500009D502C0C04F1140304F1240E186859686246A9
S31500009D6003C2083373459446F7D10DF13C0C04F158
S31500009D70340E18685968624603C208337345944620
S31500009D80F7D10DF14C0C04F1440E1868596862467F
S31500009D9003C2083373459446F7D106AAC4E70423E1
S31500009DA08DF81930D4F816300893D4F81A300A937F
S31500009DB0D4F81E300993F0E7064A074907486E2390
S31500009DC0F8F75CF801201BB0F0BD00BF5D0800008D
S31500009DD05C6F010004FB20083EFA2008E3FA200825
S31500009DE02DE9F843154E07460D46904600244FF0E0
S31500009DF0060956F8041BC9B1CB7E434516D12A7C09
S31500009E00042A0EBF403110224431284602F070FA6F
S31500009E1060B93946204604F01BFA60B9204604F0C2
S31500009E20DBF940B956F8043CA3F858900134E4B283
S31500009E30142CDED10020BDE8F88300BF786F010046
S31500009E40F0B587B000210446112201A802F060FA9D
S31500009E5004F0AEF9A379A0F109014D424D41D807AE
S31500009E600FD504238DF8143001A8D4F807300193D8
S31500009E7000F04CFB28B92A4601A940F62830FFF726
S31500009E80AFFFA3799A0719D508238DF8143001AED0
S31500009E9004F10B0304F11B0718685968324603C224
S31500009EA00833BB421646F7D101A800F02FFB28B9AC
S31500009EB02A4601A940F62830FFF792FFA3795B07EF
S31500009EC018D508238DF8143001AE04F11B032B348A
S31500009ED018685968324603C20833A3421646F7D1BA
S31500009EE001A800F013FB28B92A4601A940F628303C
S31500009EF0FFF776FF07B0F0BD7FB54A88A2F162038F
S31500009F009BB2122B05460C4612D90AB1AB2A14D1C4
S31500009F10A6890EB146F48036434B324619780020A6
S31500009F20F7F754FFE9682246304600F07BF904E073
S31500009F303E4A42FA03F3D807EAD504F039F96388B2
S31500009F40C32B06462CD0192B1DD1062804D0092870
S31500009F5030D1E379012B3BD10DF10F01A01CFFF7A6
S31500009F6094FE70B99DF80F30314932480093324A59
S31500009F7040F20F13F7F782FF29689DF80F00FFF7ED
S31500009F80A5FE04B070BD142B38D12B89002BE3D06D
S31500009F9040F6283004F048F9288900F08DFA40E0B0
S31500009FA02388C3F30B032B2BD6D104F11000FFF744
S31500009FB047FFD1E7D0B100263146288904F0E0F802
S31500009FC0304604F01DF90021304600F0B3F8C3E72F
S31500009FD033B940F6283004F027F9288900F06CFAE6
S31500009FE06688A6F1AE014E424E41E5E740F62830BE
S31500009FF004F01AF9288900F05FFADCE7AE2BABD83B
S3150000A000A02B02D8412BC3D0A6E7A3F1A10189B2A8
S3150000A01042F20122CA40D2079ED5AA2BB8D0A12B64
S3150000A020B6D0092EDCD0C6E75D080000FEFBFBFFBC
S3150000A0301DFB2008C3FB2008E8FB200810B5094BD0
S3150000A0401B78834204460BD9F7F798FE064B24B2D9
S3150000A0501B68002203F83420BDE81040F7F794BED1
S3150000A06010BD00BF6C6F0100686F010048B34B88DC
S3150000A07003604A7F0B7F43EA022343844A790B79C4
S3150000A08043EA0223C3878B7DCA7D43EA0223838387
S3150000A090052380F858300B88102B0CD1182380F834
S3150000A0A03D308B1D4430163153F8042B40F8042BF9
S3150000A0B08B42F9D17047022380F83D30D1F8063043
S3150000A0C00364704738B5164D0446286890B1154D9F
S3150000A0D0286818B904F024F8286080B1124D286861
S3150000A0E018B904F01DF8286048B1104D286840B131
S3150000A0F0002005E004F08CF828600028E7D1012054
S3150000A10038BD631E092BFBD8094B082120461C705D
S3150000A11001F050F92860B0FA80F04009F0E700BF7E
S3150000A120706F0100646F0100606F0100686F0100CD
S3150000A1306C6F010070B5094C0023062554F8042BFA
S3150000A14032B1D67E864204BF82F8585082F8591042
S3150000A1500133DBB2142BF1D1002070BD786F010002
S3150000A16013289ABF024B53F820000020704700BF07
S3150000A170786F0100F8B5064609B1002008600AB1FB
S3150000A180002010600BB1002018600024254601272E
S3150000A1902046FFF7E5FF8646D8B161B103687068CF
S3150000A1A007FA03F3034206D00B6807FA04FC43EAF6
S3150000A1B00C030B60013562B1DEF80030F06807FA77
S3150000A1C003F3034205D0136807FA04F00343136050
S3150000A1D001350134142CDBD12846F8BDF0B50F4EFD
S3150000A1E005461424002056F8043B7BB11F68AF4295
S3150000A1F00CD193F858708F4208D0571C02D0DF68F4
S3150000A200974203D193F8AD0128B91846631E13F09F
S3150000A210FF04E8D1F0BD1846FCE700BF786F0100E7
S3150000A220C08970472DE9F043144652886C2A85B0E0
S3150000A23080460D4614D1A08D794A04F11001002301
S3150000A24052F8044B34B1E668022E03D1668C86427E
S3150000A25000F0CC800133142BF2D14FF0FF30DBE05D
S3150000A260622A28D100273846FFF77AFF064638B11A
S3150000A270218A0368994203D190F85830032B03D101
S3150000A2800137142FEFD1C4E04FF48373A0F8583090
S3150000A290FFB2A189384603F0DBFF384603F09CFF86
S3150000A2A0604B1B68002B00F0B480D4F81220718C30
S3150000A2B030689847ADE01ABB218B594B04F1100763
S3150000A2C039444FF0FF3653F8040B28B1B4F812C0E6
S3150000A2D00068844508BF56B20132142AF3D13046CD
S3150000A2E0FFF73EFF28B9002DB7D0284601F086F8C3
S3150000A2F0B3E7D0F8748162693B463046C04788E0D0
S3150000A300742A49D1484B267C1B78B3423ED9474B29
S3150000A3101B6803EBC60713F83630002B36D0D7F888
S3150000A3200490A3897B80B9F1000F0FD003AB02AA7A
S3150000A33001A904F11000FFF71DFF01A8434603AA77
S3150000A34002A9C8477878FFF779FE62E0182001F085
S3150000A3504DF80346786038B9354A3649364840F2F2
S3150000A360A333F7F78BFD54E004F11002283410688C
S3150000A37051681F4603C70832A2423B46F7D12F4B0E
S3150000A38001211868B14003F067FF42E0284A2949D5
S3150000A3902B4840F2AA33E4E7AB2A3AD1204A0023FD
S3150000A3A052F8041BB9B1207C0968884213D15AB20D
S3150000A3B01046FFF7D5FE002895D090F888315B0748
S3150000A3C044BF002380F85E31D0F878310BB3617C4E
S3150000A3D0104698471DE00133DBB2142BE0D14FF055
S3150000A3E0FF32E5E7284601F009F814E0D4F8846165
S3150000A3F04FF0FF33C4F884313046FFF7B1FEFFF764
S3150000A40035FED4F87C3123B1227904F13C01304683
S3150000A4109847002DE6D1002005B0BDE8F08300BFC7
S3150000A420786F0100746F01006C6F0100686F0100A6
S3150000A430CBFC20080CFC200885F92008606F010081
S3150000A440A9FC20084288612A10B5034610D007D817
S3150000A450422A13D0432A13D062B14FF0FF3008E0EE
S3150000A4606B2A09D0AB2A07D0622AF6D1008A00E00F
S3150000A470408A10BD807CFCE7187CFAE7808AF8E702
S3150000A480008A0028F5D1D98A064A52F8043B23B13E
S3150000A4905C8C8C4201D11868EBE701301428F4D1AA
S3150000A4A0DBE700BF786F0100024B0146186803F036
S3150000A4B0D3BE00BF646F01002DE9F0410024104EA9
S3150000A4C0104F0546A0463378A34202D80020BDE8C7
S3150000A4D0F0813A6812F83410E00002EBC40319B1B7
S3150000A4E0596819B102F800800134ECE75D805B78A9
S3150000A4F001219940044B186803F0AEFEF4E700BF53
S3150000A5006C6F0100686F0100606F0100037C042B13
S3150000A51008D1431E033013F8012F6AB98342FAD1DA
S3150000A52001207047082B07D1431E0F3013F8012F67
S3150000A53012B98342FAD1F3E70020704713B51146EA
S3150000A54003F032FE044650B9012101A803F000FED3
S3150000A550BDF804301BB9FCF7FFFEFCF7F5FE2046FC
S3150000A56002B010BD1FB50A4669B10023CDE901331B
S3150000A57040F6B833009301210623172003F044FE6A
S3150000A58005B05DF804FB2220FAE703F05DBE00008B
S3150000A59008B5044B1B781BB103F062FE002008BD12
S3150000A5A01120FCE75E770100294A70B5002320F4EC
S3150000A5B08024994208BF944243D020F4003402F527
S3150000A5C04032994208BF94423BD0224D20F480325B
S3150000A5D0994208BFAA4234D005F50035994208BF12
S3150000A5E0A8422ED005F54035994208BFA84228D08A
S3150000A5F020F4403605F58035994208BFAE4220D09A
S3150000A60005F58025994208BFA8421AD0124D9942F5
S3150000A61008BFAC4217D0114C994208BFA04212D0D5
S3150000A620A2F104120A430ED00D4A994208BF904285
S3150000A63005D002F58032994208BF904205D10B2021
S3150000A64000E0092070BD0420FCE74FF0FF30F9E779
S3150000A6500900010009000A000400010004000200CC
S3150000A6600B0001002DE9F0430C288BB005460E4681
S3150000A6701446074603DDC117FFF796FF0746DFF8C6
S3150000A680188158F8370038B300222046114603F0E7
S3150000A69073FDB5F1004F76F1000304462DD3B0F8F3
S3150000A6A00C90B9F1000F01D049F48039374B4A4676
S3150000A6B019780020F7F78AFB6388CDF81490142BDD
S3150000A6C00DD008EBC70305AA5B68009358F837401E
S3150000A6D0002328463146A0470BB0BDE8F08300238F
S3150000A6E040F6B8320092CDE901331A460121122014
S3150000A6F003F08AFD0028E4D0EEE7254B58F83790A2
S3150000A700002208EBC708964208BF9D42D8F80410FD
S3150000A71010D1C37B07920593037C0693037D8DF8C6
S3150000A7201C3083691A4808930091134605AA002134
S3150000A730C847D1E703881748964208BF85421CD10F
S3150000A740CDE905222279E069C3F30B039B1A08932E
S3150000A75004F110031344228A8DF81820628A0792A6
S3150000A760C202099304D41B79DB075CBF032305935C
S3150000A77008480091002305AAD9E7009123B104F106
S3150000A780100228463146D3E71A46FAE75D0800006C
S3150000A7900B0002000B0001007C77010081F00041F4
S3150000A7A002E000BF83F0004330B54FEA41044FEAB0
S3150000A7B0430594EA050F08BF90EA020F1FBF54EA4B
S3150000A7C0000C55EA020C7FEA645C7FEA655C00F0E7
S3150000A7D0E2804FEA5454D4EB5555B8BF6D420CDDB8
S3150000A7E02C4480EA020281EA030382EA000083EA3B
S3150000A7F0010180EA020281EA0303362D88BF30BDDB
S3150000A80011F0004F4FEA01314FF4801C4CEA113130
S3150000A81002D0404261EB410113F0004F4FEA03338F
S3150000A8204CEA133302D0524263EB430394EA050F1A
S3150000A83000F0A780A4F10104D5F1200E0DDB02FA89
S3150000A8400EFC22FA05F2801841F1000103FA0EF21D
S3150000A850801843FA05F359410EE0A5F120050EF1E3
S3150000A860200E012A03FA0EFC28BF4CF0020C43FA14
S3150000A87005F3C01851EBE37101F0004507D54FF021
S3150000A880000EDCF1000C7EEB00006EEB0101B1F571
S3150000A890801F1BD3B1F5001F0CD349085FEA3000B7
S3150000A8A04FEA3C0C04F101044FEA445212F5800FC2
S3150000A8B080F09A80BCF1004F08BF5FEA500C50F15F
S3150000A8C0000041EB045141EA050130BD5FEA4C0C42
S3150000A8D0404141EB0101013C28BFB1F5801FE9D29F
S3150000A8E091F0000F04BF01460020B1FA81F308BFC2
S3150000A8F02033A3F10B03B3F120020CDA0C3208DD8E
S3150000A90002F1140CC2F10C0201FA0CF021FA02F168
S3150000A9100CE002F11402D8BFC2F1200C01FA02F1D8
S3150000A92020FA0CFCDCBF41EA0C019040E41AA2BFFD
S3150000A93001EB0451294330BD6FEA04041F3C1CDAC5
S3150000A9400C340EDC04F11404C4F1200220FA04F0E5
S3150000A95001FA02F340EA030021FA04F345EA03018F
S3150000A96030BDC4F10C04C4F1200220FA02F001FA51
S3150000A97004F340EA0300294630BD21FA04F02946D3
S3150000A98030BD94F0000F83F4801306BF81F480116C
S3150000A9900134013D4EE77FEA645C18BF7FEA655CDF
S3150000A9A029D094EA050F08BF90EA020F05D054EAB1
S3150000A9B0000C04BF1946104630BD91EA030F1EBFB6
S3150000A9C00021002030BD5FEA545C05D140004941BA
S3150000A9D028BF41F0004130BD14F580043CBF01F5AD
S3150000A9E0801130BD01F0004545F0FE4141F4700193
S3150000A9F04FF0000030BD7FEA645C1ABF194610466E
S3150000AA007FEA655C1CBF0B46024650EA013406BF6E
S3150000AA1052EA033591EA030F41F4002130BD00BF2D
S3150000AA2090F0000F04BF0021704730B54FF48064EA
S3150000AA3004F132044FF000054FF0000150E700BF6B
S3150000AA4090F0000F04BF0021704730B54FF48064CA
S3150000AA5004F1320410F0004548BF40424FF00001B7
S3150000AA603EE700BF42004FEAE2014FEA31014FEAFA
S3150000AA7002701FBF12F07F4393F07F4F81F0605149
S3150000AA80704732F07F4208BF704793F07F4F04BF94
S3150000AA9041F40021704730B54FF4607401F0004571
S3150000AAA021F000411CE700BF50EA010208BF7047D1
S3150000AAB030B54FF000050AE050EA010208BF7047C2
S3150000AAC030B511F0004502D5404261EB41014FF42B
S3150000AAD0806404F132045FEA915C3FF4D8AE4FF033
S3150000AAE003025FEADC0C18BF03325FEADC0C18BF16
S3150000AAF0033202EBDC02C2F1200300FA03FC20FA67
S3150000AB0002F001FA03FE40EA0E0021FA02F11444B3
S3150000AB10BDE600BF70B54FF0FF0C4CF4E06C1CEACC
S3150000AB2011541DBF1CEA135594EA0C0F95EA0C0F3D
S3150000AB3000F0DEF82C4481EA030621EA4C5123EAB0
S3150000AB404C5350EA013518BF52EA033541F48011DF
S3150000AB5043F4801338D0A0FB02CE4FF00005E1FB92
S3150000AB6002E506F00042E0FB03E54FF00006E1FBDC
S3150000AB7003569CF0000F18BF4EF0010EA4F1FF041F
S3150000AB80B6F5007F64F5407404D25FEA4E0E6D415F
S3150000AB9046EB060642EAC62141EA55514FEAC52070
S3150000ABA040EA5E504FEACE2EB4F1FD0C88BFBCF5EC
S3150000ABB0E06F1ED8BEF1004F08BF5FEA500E50F19D
S3150000ABC0000041EB045170BD06F0004646EA010163
S3150000ABD040EA020081EA0301B4EB5C04C2BFD4EB95
S3150000ABE00C0541EA045170BD41F480114FF0000E8E
S3150000ABF0013C00F3AB8014F1360FDEBF002001F0FC
S3150000AC00004170BDC4F10004203C35DA0C341BDC75
S3150000AC1004F11404C4F1200500FA05F320FA04F047
S3150000AC2001FA05F240EA020001F0004221F000417B
S3150000AC3010EBD37021FA04F642EB06015EEA430EEE
S3150000AC4008BF20EAD37070BDC4F10C04C4F120051E
S3150000AC5000FA04F320FA05F001FA04F240EA0200D1
S3150000AC6001F0004110EBD37041F100015EEA430EA2
S3150000AC7008BF20EAD37070BDC4F1200500FA05F2C2
S3150000AC804EEA020E20FA04F301FA05F243EA020341
S3150000AC9021FA04F001F0004121FA04F220EA020050
S3150000ACA000EBD3705EEA430E08BF20EAD37070BD96
S3150000ACB094F0000F0FD101F00046400041EB010176
S3150000ACC011F4801F08BF013CF7D041EA060195F058
S3150000ACD0000F18BF704703F00046520043EB030312
S3150000ACE013F4801F08BF013DF7D043EA06037047FF
S3150000ACF094EA0C0F0CEA135518BF95EA0C0F0CD00A
S3150000AD0050EA410618BF52EA4306D1D181EA03014F
S3150000AD1001F000414FF0000070BD50EA410606BF49
S3150000AD201046194652EA430619D094EA0C0F02D18E
S3150000AD3050EA013613D195EA0C0F05D152EA0336D3
S3150000AD401CBF104619460AD181EA030101F00041F1
S3150000AD5041F0FE4141F470014FF0000070BD41F03A
S3150000AD60FE4141F4780170BD70B54FF0FF0C4CF414
S3150000AD70E06C1CEA11541DBF1CEA135594EA0C0F33
S3150000AD8095EA0C0F00F0A7F8A4EB050481EA030E80
S3150000AD9052EA03354FEA013100F088804FEA033367
S3150000ADA04FF0805545EA131343EA12634FEA022235
S3150000ADB045EA111545EA10654FEA00260EF00041F6
S3150000ADC09D4208BF964244F1FD0404F5407402D248
S3150000ADD05B084FEA3202B61A65EB03055B084FEAD9
S3150000ADE032024FF480104FF4002CB6EB020E75EBD6
S3150000ADF0030E22BFB61A754640EA0C005B084FEAFE
S3150000AE003202B6EB020E75EB030E22BFB61A75467A
S3150000AE1040EA5C005B084FEA3202B6EB020E75EBC5
S3150000AE20030E22BFB61A754640EA9C005B084FEA3D
S3150000AE303202B6EB020E75EB030E22BFB61A75464A
S3150000AE4040EADC0055EA060E18D04FEA051545EA39
S3150000AE5016754FEA06164FEAC30343EA52734FEAE2
S3150000AE60C2025FEA1C1CC0D111F4801F0BD141EA5B
S3150000AE7000014FF000004FF0004CB6E711F4801FC0
S3150000AE8004BF01430020B4F1FD0C88BFBCF5E06FA0
S3150000AE903FF6AFAEB5EB030C04BFB6EB020C5FEAB0
S3150000AEA0500C50F1000041EB045170BD0EF0004E05
S3150000AEB04EEA113114EB5C04C2BFD4EB0C0541EA37
S3150000AEC0045170BD41F480114FF0000E013C90E634
S3150000AED045EA060E8DE60CEA135594EA0C0F08BFF8
S3150000AEE095EA0C0F3FF43BAF94EA0C0F0AD150EAF7
S3150000AEF001347FF434AF95EA0C0F7FF425AF10468A
S3150000AF0019462CE795EA0C0F06D152EA03353FF4B1
S3150000AF10FDAE1046194622E750EA410618BF52EA2E
S3150000AF2043067FF4C5AE50EA41047FF40DAF52EA02
S3150000AF3043057FF4EBAE12E74FF0FF3C06E000BF9F
S3150000AF404FF0010C02E000BF4FF0010C4DF804CDAC
S3150000AF504FEA410C7FEA6C5C4FEA430C18BF7FEA6C
S3150000AF606C5C1BD001B050EA410C0CBF52EA430C9A
S3150000AF7091EA030F02BF90EA020F0020704710F11A
S3150000AF80000F91EA030F58BF994208BF90422CBFA9
S3150000AF90D8176FEAE37040F0010070474FEA410CA2
S3150000AFA07FEA6C5C02D150EA013C07D14FEA430CC0
S3150000AFB07FEA6C5CD6D152EA033CD3D05DF8040B31
S3150000AFC0704700BF8446104662468C461946634663
S3150000AFD000E000BF01B5FFF7B7FF002848BF10F13A
S3150000AFE0000F01BD4DF808EDFFF7F4FF0CBF01207F
S3150000AFF000205DF808FB00BF4DF808EDFFF7EAFFFB
S3150000B00034BF012000205DF808FB00BF4DF808EDB5
S3150000B010FFF7E0FF94BF012000205DF808FB00BFAA
S3150000B0204DF808EDFFF7CEFF94BF012000205DF834
S3150000B03008FB00BF4DF808EDFFF7C4FF34BF012041
S3150000B04000205DF808FB00BF4A0011D212F500127D
S3150000B05011D20DD56FF47873B3EB62520ED44FEA6A
S3150000B060C12343F0004343EA505323FA02F07047EA
S3150000B0704FF00000704750EA013002D14FF0FF3028
S3150000B08070474FF00000704753B94AB9002908BF0E
S3150000B09000281CBF4FF0FF314FF0FF3000F06AB9B7
S3150000B0A0ADF1080C6DE904CE00F006F8DDF804E019
S3150000B0B0DDE9022304B070472DE9F047089D0C46F0
S3150000B0C0002B4ED194468C458646B2FA82F262D95E
S3150000B0D04AB1C2F12003914020FA03F30CFA02FCB4
S3150000B0E0194300FA02FE4FEA1C471FFA8CF6B1FB21
S3150000B0F0F7F44FEA1E4307FB141143EA014304FB2E
S3150000B10006F199420AD91CEB030304F1FF3080F0E3
S3150000B1101381994240F21081023C6344591A1FFA86
S3150000B1208EF3B1FBF7F007FB101143EA014300FB76
S3150000B13006F69E420AD91CEB030300F1FF3180F0AC
S3150000B140FD809E4240F2FA80634402389B1B40EA2F
S3150000B150044000211DB1D3400022C5E90032BDE8FC
S3150000B160F0878B4205D90DB1C5E9000100210846DB
S3150000B170F5E7B3FA83F1002946D1A34202D3904200
S3150000B180C0F0F180861A64EB03030120002DE6D09F
S3150000B190C5E90063E3E7002A40F09180A1EB0C04C7
S3150000B1A04FEA1C481FFA8CF70121B4FBF8F64FEA68
S3150000B1B01E4308FB164443EA044307FB06F0984285
S3150000B1C008D91CEB030306F1FF3402D2984200F2C1
S3150000B1D0CE8026461C1A1FFA8EF3B4FBF8F008FB45
S3150000B1E0104443EA044300FB07F79F4208D91CEBCF
S3150000B1F0030300F1FF3402D29F4200F2B1802046E1
S3150000B200DB1B40EA0640A5E7C1F120068B4022FA87
S3150000B21006F71F4320FA06FC04FA01F343EA0C037F
S3150000B220F44000FA01F8380C4FEA1349B4FBF0FE7B
S3150000B2301FFA87FC00FB1E4449EA04440EFB0CF986
S3150000B240A14502FA01F20AD93C190EF1FF3A80F043
S3150000B2508580A14540F28280AEF1020E3C44A4EB0B
S3150000B26009041FFA83F9B4FBF0F300FB134449EA1F
S3150000B270044403FB0CFCA44507D93C1903F1FF3039
S3150000B28068D2A44566D9023B3C4443EA0E40A0FB83
S3150000B2900293A4EB0C049C42CE469C4652D34FD05C
S3150000B2A055B1B8EB0E0364EB0C0404FA06F6CB407A
S3150000B2B0CC401E43C5E900640021BDE8F087C2F119
S3150000B2C0200320FA03F10CFA02FC24FA03F394405B
S3150000B2D00C434FEA1C4800FA02FE1FFA8CF7B3FB38
S3150000B2E0F8F008FB1031230C43EA014300FB07F199
S3150000B2F0994208D91CEB030300F1FF362CD2994280
S3150000B3002AD9023863445B1AA4B2B3FBF8F108FBEE
S3150000B310113344EA034401FB07F3A34208D91CEBAB
S3150000B320040401F1FF3613D2A34211D90239644451
S3150000B330E41A41EA004138E70446EFE6084605E725
S3150000B340C845ADD2B9EB020E63EB070C0138A7E78F
S3150000B3503146EDE7034698E73046D4E7D6467EE722
S3150000B360634402384CE70646234608460EE7023E8B
S3150000B37063442FE7704700BF1FB514461A46094BB2
S3150000B3801B680546D86854B9074B1C46CDE90134FD
S3150000B39000912B46054900F033FE01F097F8044B67
S3150000B3A0F4E700BF78080000B6F92008D0012108AC
S3150000B3B0C3012108024B0A460146186800F002B88C
S3150000B3C07808000070B5A1FB02543CB9294600F08C
S3150000B3D03FF8064628B90026304670BD0C220260AA
S3150000B3E0F9E72A46214600F093FFF5E7024B0146AE
S3150000B3F0186800F02DB800BF78080000024B01461F
S3150000B400186801F01FBF00BF7808000070B50F4E26
S3150000B4100C463168054611B900F0BAFF3060214686
S3150000B420284600F0B5FF431C03D14FF0FF342046F9
S3150000B43070BDC41C24F00304A042F8D0211A28468B
S3150000B44000F0A6FF0130F2D1EFE700BF207801003F
S3150000B4502DE9F041CD1C25F0030508350C2D38BF2C
S3150000B4600C25002D064601DBA94204D90C233360C6
S3150000B4700020BDE8F081314F00F062F83B681C46C1
S3150000B48044BB29463046FFF7C1FF431C044650D152
S3150000B4903C682146002941D1002C44D0236830461F
S3150000B4A004EB030800F074FF80453CD121686D1A57
S3150000B4B029463046FFF7AAFF013034D023682B44D3
S3150000B4C023603B68002B36D05A68A24229D100225D
S3150000B4D05A600EE02268521B1DD40B2A16D9611938
S3150000B4E0A342256018BF5960636808BF396062517E
S3150000B4F04B60304600F02AF804F10B00231D20F0C3
S3150000B5000700C21AB5D01B1AA350B2E7A34262685D
S3150000B510DED13A60EDE723466468B1E70C46496838
S3150000B520B8E71346CEE70C233360304600F00EF83A
S3150000B5309EE70560DDE75B60FFDE00BF2478010063
S3150000B540014800F048BF00BF68790100014800F0DB
S3150000B55043BF00BF68790100164B10B51C68236B0A
S3150000B560B3B91820FFF742FF0246206320B9124BF9
S3150000B57012485221FFF700FF1149124BC0E9001390
S3150000B580114B83600B23838100210120C2E9040152
S3150000B590216B0E480B694C690D4A584302FB0400A7
S3150000B5A0A3FB0232013340EB0200C1E9043020F074
S3150000B5B0004010BD78080000FF012108160221088E
S3150000B5C00E33CDAB34126DE6ECDE05002DF451588A
S3150000B5D02D7F954C2DE9F04F89B0DDE91598002BAC
S3150000B5E01D461446BCBF03F10043144628F0200A4A
S3150000B5F0149AB6BF1D4600232D23BAF1460FDDE986
S3150000B600126B137005D0BAF1450F00D10136022333
S3150000B61000E0032307AA049206AACDE90292CDE927
S3150000B620003622462B4600F0E3FFB8F1670F0746C7
S3150000B63019D11BF0010F0ED007EB060800220023DC
S3150000B64020462946FFF7CEFC08B1CDF81C803022F3
S3150000B650079B434521D3079B179ADB1B384613608C
S3150000B66009B0BDE8F08FB8F1470FE2D0BAF1460F46
S3150000B67000EB0608E2D10378302B0AD10022002322
S3150000B68020462946FFF7AEFC18B9C6F10106C9F8EF
S3150000B6900060D9F800309844D0E7591C07911A7019
S3150000B6A0D6E7F7B50029BABF49422D232B2309292E
S3150000B6B00270437029DD0DF107031D460A271A465D
S3150000B6C0B1FBF7F607FB1614303402F8014C0C46B2
S3150000B6D0632C03F1FF333146F1DC3031941E03F85D
S3150000B6E0011C411C2346AB420AD30DF109039B1AE8
S3150000B6F0AC4288BF002302330344181A03B0F0BDDE
S3150000B70013F8016B01F8016FEDE7302330318370D8
S3150000B710C170031DF1E700002DE9F04F91B00C4612
S3150000B720DDF8688016461F46054600F0F9FD0368F9
S3150000B7300893184600F0C2FE00230E93D8F8003096
S3150000B7400990073323F0070303F1080294F818A0C1
S3150000B750D4F800B0C8F80020D3E9008929F00043E6
S3150000B7600B93CDF82880C4E91289DDE90A019C4BC8
S3150000B7704FF0FF3202F088FC70BBDDE90A01984BFE
S3150000B7804FF0FF32FFF742FC30BB00220023404659
S3150000B7904946FFF731FC10B12D2384F84330914A16
S3150000B7A0914BBAF1470F94BF904698460323236105
S3150000B7B02BF0040323604FF00009009733460FAACD
S3150000B7C02146284600F0DEF9013040F099804FF01E
S3150000B7D0FF3011B0BDE8F08F42464B464046494621
S3150000B7E002F052FC40B14B46002BBCBF2D2384F81F
S3150000B7F043307E4A7E4BD4E763685A1C29D1062320
S3150000B80063604BF480630022236006920EAACDE9A2
S3150000B81004A20DAA03920DF13302CDE90132636849
S3150000B820009342464B462846FFF7D4FEBAF1670F0F
S3150000B8300D99804615D1CB1C3BDB6368994238DCF9
S3150000B8400E9B994255DB23682161D80745D54B1CD1
S3150000B85042E00AF0DF02472AD3D1002BD1D10123DF
S3150000B860CEE7BAF1470F07D1C81C25DB63688B42C8
S3150000B87022DB4FF0670AE3E7BAF1650F1FD80139FB
S3150000B880524604F150000D91FFF70BFF0E9A131864
S3150000B890012A8146236102DC2268D20701D50133E1
S3150000B8A023619DF83330002B87D02D2384F8433055
S3150000B8B083E74FF0650AE2E74FF0450ADFE7BAF1A2
S3150000B8C0660FBDD1002963680BDD216113B92268BB
S3150000B8D0D00702D501330B442361A1654FF000095F
S3150000B8E0DFE713B92268D20701D50233F4E7012353
S3150000B8F0F2E70029D4BFC1F1020201221344EBE7AB
S3150000B90023685A0507D42369424631462846B84774
S3150000B91001302BD15BE7BAF1650F40F2DC80D4E948
S3150000B920120100220023FFF75DFB002833D0314AC5
S3150000B930012331462846B84701303FF448AFDDE9D8
S3150000B9400D38434502DB2368D8070FD5DDE9082308
S3150000B95031462846B84701303FF439AF4FF0000969
S3150000B96008F1FF3804F11A0AC84509DC23689B0769
S3150000B97000F10281E0680F9B9842B8BF184628E79D
S3150000B9800123524631462846B84701303FF41FAFDF
S3150000B99009F10109E8E70D9B002B38DC154A012364
S3150000B9A031462846B84701303FF411AFDDE90D397D
S3150000B9B059EA030302D12368D907D7D5DDE908235D
S3150000B9C031462846B84701303FF401AF4FF0000A30
S3150000B9D004F11A0B0D9B5B4253450DDC4B4693E776
S3150000B9E0FFFFEF7F70032108740321087803210805
S3150000B9F07C0321088003210801235A463146284644
S3150000BA00B84701303FF4E3AE0AF1010AE2E7A36D5D
S3150000BA10DDF838A05345A8BF5346002B994636DCBF
S3150000BA204FF0000B29EAE97904F11A02A36D0A9393
S3150000BA30A3EB09035B4531DC0D9B9A453ADC236891
S3150000BA40DA0737D40D9BAAEB03090A9BAAEB03037B
S3150000BA509945A8BF9946B9F1000F33DC4FF00008AD
S3150000BA6029EAE97904F11A0B0D9BAAEB0303A3EB70
S3150000BA70090343457FF77AAF01235A4631462846E4
S3150000BA80B84701303FF4A3AE08F10108ECE742469F
S3150000BA9031462846B8470130C2D198E601233146DF
S3150000BAA028460A92B84701303FF491AE0A9A0BF144
S3150000BAB0010BBBE7DDE9082331462846B8470130CC
S3150000BAC0C0D184E60A9A4B46424431462846B847D6
S3150000BAD00130C3D17BE6DDF838A0BAF1010F01DCF5
S3150000BAE0DB0736D50123424631462846B8470130A2
S3150000BAF03FF46DAEDDE9082331462846B8470130EC
S3150000BB003FF465AED4E91201002200230AF1FF3AA0
S3150000BB10FFF768FAC0B9534608F1010231462846D4
S3150000BB20B84701300CD152E601235A463146284621
S3150000BB30B84701303FF44BAE08F10108D045F3DBBE
S3150000BB404B4604F15002E0E64FF0000804F11A0BF0
S3150000BB50F4E701234246E1E701234A4631462846F7
S3150000BB60B84701303FF433AE08F10108E3680F9996
S3150000BB705B1A4345F0DCFDE64FF0000804F11909B5
S3150000BB80F4E700BF2DE9F047164698468A680B6928
S3150000BB90DDF820909342B8BF1346336091F84320F6
S3150000BBA007460C460AB1013333602368990642BF43
S3150000BBB0336802333360256815F0060506D104F1B3
S3150000BBC0190AE36832689B1AAB4226DC94F84330C4
S3150000BBD02268003B18BF012392062BD404F14302CE
S3150000BBE041463846C84701301ED02368226903F013
S3150000BBF00603042B02BFE5683368ED1AA3680CBF81
S3150000BC0025EAE57500259342C4BF9B1AED18002668
S3150000BC101A34B5421AD1002008E0012352464146A3
S3150000BC203846C847013003D14FF0FF30BDE8F087F2
S3150000BC300135C6E7E1185A1C302081F8430022443A
S3150000BC4094F8451082F843100233C7E701232246D1
S3150000BC5041463846C8470130E6D00136D9E70000EC
S3150000BC602DE9FF470F7E0C9E782F914680460C46A5
S3150000BC709A4601F1430207D8622F0AD8002F00F036
S3150000BC80DD80582F00F0C38004F1420684F842702C
S3150000BC903AE0A7F16303152BF6D801A151F823F07A
S3150000BCA0F9CC20080DCD200889CC200889CC2008A5
S3150000BCB089CC200889CC20080DCD200889CC200805
S3150000BCC089CC200889CC200889CC200823CE2008DE
S3150000BCD09BCD2008DBCD200889CC200889CC200804
S3150000BCE045CE200889CC20089BCD200889CC200889
S3150000BCF089CC2008E3CD200833681A1D1B68326002
S3150000BD0004F1420684F842300123A8E03168236832
S3150000BD10081D30601E0601D50D6803E05D06FBD5E3
S3150000BD20B1F900506168002D78DA2D20002984F8D9
S3150000BD304300A1602DDA5E486D420A231646B5FB24
S3150000BD40F3F103FB1157C75D06F8017D2F46BB4291
S3150000BD500D46F4D9082B0BD12368DF0708D52369D4
S3150000BD6061689942DEBF302306F8013C06F1FF36D2
S3150000BD70921B2261CDF800A04B4603AA21464046FD
S3150000BD80FFF700FF01306FD14FF0FF3004B0BDE880
S3150000BD90F08723F004032360CDE7216833680806A3
S3150000BDA053F8045B02D4490648BFADB26F2F404832
S3150000BDB0336014BF0A230823002184F84310666801
S3150000BDC0A660002EBADB216821F004012160002D57
S3150000BDD0B4D1002EB2D11646BCE7236843F0200347
S3150000BDE023603448782784F84570236831681F0635
S3150000BDF051F8045B02D45F0648BFADB23160D90783
S3150000BE0044BF43F0200323601DB11023D4E7284824
S3150000BE10E9E7236823F020032360F6E724480A2392
S3150000BE20CDE7336825686169181D30602E061B68EA
S3150000BE3001D5196002E06806FBD51980002323614D
S3150000BE40164697E733681A1D32601E68626800213D
S3150000BE50304600F0D5FA08B1801B60606368236144
S3150000BE60002384F8433085E7236932464946404635
S3150000BE70D047013088D023689B0714D4E068039B21
S3150000BE809842B8BF184681E70123324649464046E4
S3150000BE90D04701303FF478AF0135E36803995B1A68
S3150000BEA0AB42F1DCEAE7002504F11906F5E700BF2D
S3150000BEB08203210893032108002310B50446C0E934
S3150000BEC00033C0E90433836081814366C2818361A4
S3150000BED0194608225C3000F01BFA0D4B63620D4BCD
S3150000BEE0A3620D4BE3620D4B23630D4B24629C4210
S3150000BEF006D003F16802944202D0D0339C4205D1A9
S3150000BF0004F15800BDE8104000F064BA10BD00BF4F
S3150000BF1041D1200863D120089BD12008BFD1200839
S3150000BF2028780100024A0349034800F07BB800BFA5
S3150000BF306C08000071ED20087C08000041680C4B7D
S3150000BF40994210B5044601D001F012FFA168094BD1
S3150000BF50994202D0204601F00BFFE168064B994258
S3150000BF6004D02046BDE8104001F002BF10BD00BF5E
S3150000BF702878010090780100F878010010B50B4B85
S3150000BF800B4C0C4A1A60204600220421FFF794FF4E
S3150000BF9004F1680001220921FFF78EFF04F1D000A9
S3150000BFA00222BDE810401221FFF786BF607901002A
S3150000BFB02878010025CF2008014800F00CBA00BF00
S3150000BFC069790100014800F007BA00BF69790100EC
S3150000BFD010B50446FFF7F0FF236A1BB1BDE8104019
S3150000BFE0FFF7F0BF044B2362044B1B68002BF5D10F
S3150000BFF0FFF7C4FFF2E700BF3DCF200860790100DC
S3150000C0000EB403B5014603AB054853F8042B00688C
S3150000C010019301F011FD02B05DF804EB03B0704727
S3150000C020780800002DE9F84307468846144600269E
S3150000C030D4E90195B9F1010905D52468002CF7D199
S3150000C0403046BDE8F883AB89012B07D9B5F90E3028
S3150000C050013303D029463846C04706436835E9E729
S3150000C0600FB407B5064904AB086853F8042B81687A
S3150000C070019301F0E1FC03B05DF804EB04B07047F6
S3150000C08078080000036A70B5846805460E460BB949
S3150000C090FFF79EFF636EDB0705D4A389980502D4DC
S3150000C0A0A06D00F098F9A389190702D52369002B22
S3150000C0B035D12146284600F0C5F880B34FF0FF354C
S3150000C0C0636EDA0705D4A3899B0502D4A06D00F040
S3150000C0D083F9284670BD002B15DB23685A1C2260A5
S3150000C0E01970A36816F8011F013BA3600029F2D15D
S3150000C0F0002B16DA22460A21284600F064F80130A1
S3150000C100DCD00A25DCE7A2699A4201DC0A29E4D1DF
S3150000C1102246284600F057F80130E2D1CEE7013E2C
S3150000C120DFE723685A1C22600A221A70E9E700003A
S3150000C130024B01461868FFF7A5BF00BF780800004C
S3150000C14010B50C46B1F90E1000F010F90028ABBF7F
S3150000C150636DA3891B1823F48053ACBF6365A38169
S3150000C16010BD2DE9F0411F468B89DB0505460C46BF
S3150000C170164605D5B1F90E100223002200F0E4F8A8
S3150000C180A389B4F90E1023F48053A38132463B46AB
S3150000C1902846BDE8F04100F00BB910B50C46B1F9E0
S3150000C1A00E1000F0D1F8431CA38915BF606523F477
S3150000C1B0805343F48053A38118BFA38110BDB1F906
S3150000C1C00E1000F0B1B8F8B50E461446054618B183
S3150000C1D0036A0BB9FFF7FCFEA369A360A3891A07DC
S3150000C1E001D5236943B92146284600F02BF818B13A
S3150000C1F04FF0FF373846F8BD23682269981A6369FD
S3150000C200F6B28342374605DC2146284601F0B0FDEA
S3150000C2100028EDD1A368013BA36023685A1C226065
S3150000C2201E706269431C9A4204D0A389DB07E1D5DC
S3150000C2300A2EDFD12146284601F09AFD0028D9D0E2
S3150000C240D6E7000038B5294B054618680C4618B1E4
S3150000C250036A0BB9FFF7BCFEB4F90C30190722D4F8
S3150000C260DA0607D409222A6043F04003A3814FF07F
S3150000C270FF3033E0580712D5616B41B104F1440336
S3150000C280994202D0284600F0DDFF00236363A389AC
S3150000C29023F02403A3810023636023692360A38919
S3150000C2A043F00803A38123694BB9A38903F42073E0
S3150000C2B0B3F5007F03D02146284601F0A7FDB4F967
S3150000C2C00C3013F001020AD00022A26062695242C9
S3150000C2D0A261226942B913F08000C5D138BD990721
S3150000C2E058BF6269A260F4E70020F7E7780800000B
S3150000C2F010B501390244904201D1002005E00378CF
S3150000C30011F8014FA34201D0181B10BD0130F2E70E
S3150000C31002440346934200D1704703F8011BF9E734
S3150000C32000487047B809000038B5064D002304469A
S3150000C33008462B60F6F7F4F8431C02D12B6803B1CC
S3150000C340236038BD6479010038B5074D04460846B8
S3150000C350114600222A601A46F6F7ECF8431C02D171
S3150000C3602B6803B1236038BD6479010038B5074DE9
S3150000C37004460846114600222A601A46F6F7DCF8FB
S3150000C380431C02D12B6803B1236038BD64790100D8
S3150000C39038B5064D0023044608462B6001F0B2FE70
S3150000C3A0431C02D12B6803B1236038BD64790100B8
S3150000C3B038B5074D04460846114600222A601A463B
S3150000C3C0F6F78CF8431C02D12B6803B1236038BD05
S3150000C3D06479010070477047704710F8012B11F817
S3150000C3E0013B012A28BF9A42F7D0D01A704703466C
S3150000C3F011F8012B03F8012B002AF9D17047000030
S3150000C40001F0FF01102A2BDB10F0070F08D010F8FF
S3150000C410013B013A8B422DD010F0070F42B3F6D103
S3150000C420F0B441EA012141EA014122F007047FF01C
S3150000C43000070023F0E80256083C85EA010586EA73
S3150000C440010685FA47F5A3FA87F586FA47F6A5FAAF
S3150000C45087F68EB9EED1F0BC01F0FF0102F00702BB
S3150000C46032B110F8013B013A83EA010313B1F8D166
S3150000C4700020704701387047002D06BF3546033847
S3150000C480073815F0010F07D1013015F4807F02BF80
S3150000C490013015F4C03F0130F0BC0138704700BFD1
S3150000C4A00A44914200F1FF3300D1704710B511F8EC
S3150000C4B0014B03F8014F9142F9D110BD034613F821
S3150000C4C0012B002AFBD1181A0138704708B506203F
S3150000C4D001F000FD0120F5F7FBFF2DE9F74F036999
S3150000C4E00C69A34207467EDB013C01F11408A30058
S3150000C4F000F11405009305EB8403019358F82430EA
S3150000C50055F8242001339A4208EB8409B2FBF3F66E
S3150000C5102ED34FF0000AC446AE46D3465CF8043B21
S3150000C52098B206FB00A0020C1B0C06FB0323DEF8E8
S3150000C530002080B292B2121A5A44DEF800004FEA86
S3150000C540134A9BB2C3EB224303EB104392B242EA77
S3150000C5500342E1454EF8042B4FEA234BDED2009B03
S3150000C560EB582BB9019B043B9D421A462FD33C61E5
S3150000C570384601F02FF9002825DB2946002058F817
S3150000C580042BD1F800C01FFA82FE1FFA8CF3A3EB2E
S3150000C5900E030344120CC2EB234202EB1C429BB275
S3150000C5A043EA0243C14541F8043B4FEA2240E6D242
S3150000C5B055F8242005EB840322B9043B9D421A4614
S3150000C5C00BD33C610136304603B0BDE8F08F1268EC
S3150000C5D0043B002ACBD1013CC6E71268043B002A83
S3150000C5E0EFD1013CEAE70020EEE700000000000082
S3150000C5F02DE9F04FC76997B014461D46CDE90445AD
S3150000C600239E83467FB91020FEF7F0FE0246CBF844
S3150000C6101C0020B9A64BEF21A648FEF7ADFEC0E9E7
S3150000C62001770760C760DBF81C30196859B15A6892
S3150000C6304A60012393408B60584600F08DFEDBF87C
S3150000C6401C3000221A602B1EB9BF23F0004305934D
S3150000C65000233360059F984BBCBF01223260BB4369
S3150000C66019D1229A42F20F731360C7F313032343BF
S3150000C67000F0DE85249B53B9904B21E0904B089344
S3150000C6800833249A1360089817B0BDE8F08F8B4BD7
S3150000C69008930333F5E79DED047B002251EC170B5D
S3150000C6A000238DED0C7BFEF79DFC804650B1229A4F
S3150000C6B001231360249B13B1249A824B1360824B8F
S3150000C6C00893E0E714AB019315AB00935846DDE9F8
S3150000C6D00C2301F02FF9C7F30A560390002E79D0E8
S3150000C6E00D9BCDF84C80C3F31303DDE90C0143F039
S3150000C6F07F5343F44013A6F2FF3619460022734BCC
S3150000C700FEF750F864A3D3E90023FEF703FA64A307
S3150000C710D3E90023FEF748F8044630460D46FEF7F7
S3150000C7208FF961A3D3E90023FEF7F4F902460B461D
S3150000C73020462946FEF738F804460D4601F0BAFCB5
S3150000C74000220746002320462946FEF755FC40B145
S3150000C7503846FEF775F922462B46FEF743FC00B92C
S3150000C760013F162F53D85A4B03EBC703D3E90023D7
S3150000C770DDE90C01FEF740FC00284AD0013F00230A
S3150000C7801293149B9B1B5A1E45BFC3F101030993C9
S3150000C790002300230A9254BF09930A93002F3ADB21
S3150000C7A00A9B0F973B440A9300230B93209B092B6C
S3150000C7B067D8052BC4BF043B2093209BA3F102033B
S3150000C7C0CCBF00240124032B00F28680DFE803F0AF
S3150000C7D02B383657DDE914631E4406F23243202B0C
S3150000C7E0C1BFC3F140039F4006F2124324FA03F38C
S3150000C7F0D6BFC3F1200347EA030004FA03F0FEF7AD
S3150000C8000FF90122A1F1F873013E139275E7012396
S3150000C810B6E71290B5E7099BDB1B09937B420B93A6
S3150000C82000230F93C2E700230E93219B002B56DCB7
S3150000C8300123069399461A4621920CE00123F3E759
S3150000C84000230E93219BFB1803F1010906934B4627
S3150000C850012BB8BF0123DBF81C000021042202F1E2
S3150000C86014059D423FD94160584600F035FD0890B9
S3150000C87000283BD1174B024640F2AF11CCE601230C
S3150000C880DFE70124002320930E944FF0FF33069335
S3150000C890994600221223CFE761436F63A787D23FF1
S3150000C8A0B3C8608B288AC63FFB799F501344D33F99
S3150000C8B0FF012108B10321080000F07FAD03210824
S3150000C8C0A403210881032108800321080000F83F02
S3150000C8D0B00421080A04210801230E93D5E7219B01
S3150000C8E006939946B7E701315200B8E7DBF81C30EA
S3150000C8F0089A1A60B9F10E0F6FD8002C6DD0002F70
S3150000C90036DDA14B07F00F0203EBC20393ED007B6C
S3150000C910F8058DED107B4FEA271417D59B4BDDE903
S3150000C9200C01D3E90823FEF71FFACDE9040104F050
S3150000C9300F044FF00308954D5CB9DDE91023DDE9DE
S3150000C9400401FEF711FACDE904012BE04FF00208CD
S3150000C950F1E7E10709D5DDE91001D5E90023FEF786
S3150000C960D9F8CDE9100108F1010864100835E3E7AC
S3150000C97000F007817C42844B844D04F00F0203EBE8
S3150000C980C203D3E90023DDE90C01FEF7C3F8CDE9C4
S3150000C9900401241100234FF00208002C40F0E5802A
S3150000C9A0002BD0D1129BDDE90445002B00F04B8112
S3150000C9B0774B002220462946FEF71EFB002800F092
S3150000C9C04281B9F1000F00F03E81069B002B00F377
S3150000C9D0E380DDE90C34CDE90434159B002B02DB42
S3150000C9E00E2F40F341820E9A002A40F066820B9C7D
S3150000C9F0DDF824800025B8F1000F0DD00A9B002B2E
S3150000CA000ADD4345099AA8BF4346D21A09920A9AF3
S3150000CA10A8EB0308D31A0A930B9B0BB30E9B002BB0
S3150000CA2000F0A582002C00F0A08229462246584636
S3150000CA3000F00AFE039A01460546584600F05AFDE4
S3150000CA4003990646584600F087FC0B9B1B1B0B936D
S3150000CA5000F090820B9A3146584600F0F5FD03909F
S3150000CA600121584600F030FD0F9B0446002B00F0D4
S3150000CA7083821A460146584600F0E6FD209B012BAC
S3150000CA80044603DC049B002B00F07B82002623690E
S3150000CA9004EB8303186900F0C7FC0F96C0F1200071
S3150000CAA00A9B184410F01F0000F09082C0F120038A
S3150000CAB0042B40F38082099BC0F11C0003440993B8
S3150000CAC00A9B034480440A93099B002B05DD0399C6
S3150000CAD01A46584600F012FE03900A9B002B05DD0D
S3150000CAE021461A46584600F009FE0446129B002BC2
S3150000CAF000F075820398214600F06CFE002880F253
S3150000CB006E82002303990A22584600F047FC0E9BCA
S3150000CB1003907E1E002B00F05B82002329460A222A
S3150000CB20584600F03BFC069B002B054603DC209B89
S3150000CB30022B00F35D82B8F1000F05DD294642465F
S3150000CB40584600F0DBFD05460F9B002B00F0CF8218
S3150000CB506968584600F0C0FB0746002840F07E8210
S3150000CB600C4B024640F2EF2156E5E20706D5D5E921
S3150000CB700023FDF7CFFF08F10108012364100835F3
S3150000CB800BE74FF002080DE7B004210888042108DE
S3150000CB900000F03F0A0421082046AD4B002229463A
S3150000CBA0FDF7B8FFCDE90401069C7E1E08F10108D9
S3150000CBB04046FDF745FFDDE90423FDF7ABFFA54B36
S3150000CBC00022FDF7F1FDA1F15073CDE9100111939B
S3150000CBD0002C3BD1DDE904019F4B0022FDF7E2FD6D
S3150000CBE002460B46CDE90423DDE91023FEF722FABF
S3150000CBF0002840F05781DDE9102101F10043DDE90D
S3150000CC000401FEF7F9F900283FF4E3AE00242546B7
S3150000CC10219BDDF820A0DE434FF000082146584650
S3150000CC2000F09AFB002D00F0A980B8F1000F05D0A6
S3150000CC30A84503D04146584600F08EFB2946584683
S3150000CC4000F08AFB9AE03E464C46B1E7834B03EB85
S3150000CC50C40353E90201089B1C440E9B002B4AD0D7
S3150000CC6002460B4600207E49FEF77EF8DDE91023DA
S3150000CC70FDF798FDCDE91001DDF820A0DDE90401FE
S3150000CC8001F018FA0546FDF7DBFE02460B46DDE924
S3150000CC900401FDF787FD3035CDE9040102460B4658
S3150000CCA00AF8015BDDE91001FEF7C4F9002865D139
S3150000CCB0DDE904236B490020FDF774FD02460B46AF
S3150000CCC0DDE91001FEF7B6F9002840F00D81A24516
S3150000CCD000F0EA80DDE910015D4B0022FDF71AFF46
S3150000CCE05B4BCDE910010022DDE90401FDF712FFDF
S3150000CCF0CDE90401C2E7DDE91023FDF70BFFCDE91D
S3150000CD001001DDF820A0A046DDE9040101F0D2F90A
S3150000CD100546FDF795FE02460B46DDE90401FDF7E3
S3150000CD2041FD30350AF8015B02460B46A245CDE9C6
S3150000CD3004234FF0000223D1494BDDE91001FDF732
S3150000CD4033FD02460B46DDE90401FEF773F90028C0
S3150000CD5040F0CA80DDE9102341490020FDF722FD9D
S3150000CD6002460B46DDE90401FEF746F970B1C246FC
S3150000CD7008F1FF381AF8013C302BF8D0374655E059
S3150000CD80334BFDF7C7FECDE90401BDE7DDE90C3401
S3150000CD90CDE90434159B002BFFF629AE0E2F3FF785
S3150000CDA026AE2E4B03EBC70393ED007B219B002B96
S3150000CDB08DED067B02DAB9F1000F64D0DDE904459A
S3150000CDC0DDF820A0DDE9062320462946FDF7CCFF45
S3150000CDD001F070F90646FDF733FEDDE90623FDF79F
S3150000CDE099FE02460B462046294606F13004FDF719
S3150000CDF0D9FC0AF8014B089CAAEB0404A14502469B
S3150000CE000B4640F08280FDF7CFFCDDE906230446A1
S3150000CE100D46FEF70FF9002865D1DDE90623204609
S3150000CE202946FEF7DFF808B1F3075CD403995846A4
S3150000CE3000F092FA00238AF80030229B01371F6027
S3150000CE40249B002B3FF41FACC3F800A01BE400BFDB
S3150000CE500000244000001C4000001440B0042108DB
S3150000CE600000E03F0000F03FA24B03EBC70393ED49
S3150000CE70007B219B002B8DED067B9FDAB9F1000F1D
S3150000CE809CDC7FF4C3AE9C4B0022DDE90601FDF776
S3150000CE9041FEDDE90423FEF7C3F8044600287FF4CB
S3150000CEA0B5AE3E462546B4E0DDE90C34CDE90434A2
S3150000CEB0159B002B01DB0E2FD6DD209A012A36DCCE
S3150000CEC0139A82B303F233430B9CDDF82480099A4C
S3150000CED01A4409920A9A01211A4458460A9200F005
S3150000CEE0F3FA054687E53E4653469A4613F8012D62
S3150000CEF0392A06D1089A9A42F7D108993022013682
S3150000CF000A701A7801321A7038E77C4B0022FDF756
S3150000CF1001FE0022002304460D46FEF763F80028B2
S3150000CF203FF450AF82E7149BC3F13603CCE70B9B6B
S3150000CF3009F1FF34A34208DBB9F1000FA3EB0404A7
S3150000CF400EDBDDF824804B46C1E70B9B0F9A0B9452
S3150000CF50E31A1A44DDF824800F924B460024B6E704
S3150000CF60099BA3EB09080023B1E7039E72E50B9A20
S3150000CF70039971E5039673E5209B012B17DC049B4F
S3150000CF80ABB9059BC3F313039BB9059B23F000467E
S3150000CF90360D360536B1099B013309930A9B0133D9
S3150000CFA00A9301260F9B002B7FF471AD0F9601208B
S3150000CFB076E50026F6E73FF487AD099A1C331A4456
S3150000CFC009920A9A1A4498440A927DE50346F4E7C0
S3150000CFD0069B002B2BDC209B022B09DC27E0B9F1FA
S3150000CFE0000F1DDC209B022B1ADDCDF818903E4663
S3150000CFF0069B002B7FF40CAE21460522584600F016
S3150000D000CDF901460446039800F0E4FB00287FF7BB
S3150000D010FFADDDF820A031230AF8013B0136FBE520
S3150000D0200E9BCDF818903E46002B7FF484AD089FEA
S3150000D03003982146FFF751FA00F1300907F8019BE2
S3150000D040089B069AFB1A9A4240F3CB800399002369
S3150000D0500A22584600F0A2F90390E9E72A6902324B
S3150000D060920005F10C010C30FFF71AFA012239463D
S3150000D070584600F043FB089B089A03F1010A069BF9
S3150000D08013440A93049B03F00103A8460B93054639
S3150000D0900AF1FF33214603980693FFF71EFA41462D
S3150000D0A0099000F13009039800F094FB2A462146C6
S3150000D0B00746584600F0AAFBC268014602B3584626
S3150000D0C000F04AF9002F3ADA03990122584600F097
S3150000D0D015FB2146039000F07DFB002803DC29D1D7
S3150000D0E019F0010F26D0B9F1390F1DD132E02846CB
S3150000D0F0C1E700BFB004210800001440000024402E
S3150000D1000E90039800F066FB0E990C90584600F0BE
S3150000D11023F90C9A5ABB209B53B90B9B43B9B9F11F
S3150000D120390F17D0002F05DD099B03F1310901E006
S3150000D130002F2ADADDF818A00AF8019B6EE5209B7D
S3150000D1403B4304D1049B03F00103002BBCD0B9F18F
S3150000D150390F36D1069F392307F8013BBA46013FFE
S3150000D1601AF8013C392B5BD001333B7056E5002F92
S3150000D17006DB209B3B4306D1049B03F0010313B956
S3150000D180002AA1DCD6E7002AE1DC0A9B0AF8019C0A
S3150000D190534557462FD0039900230A22584600F0DC
S3150000D1A0FDF8A84503904FF000034FF00A024146F0
S3150000D1B058460BD100F0F2F8804605460AF1010AFE
S3150000D1C066E7DDF818A009F10109B5E700F0E6F811
S3150000D1D02946804600230A22584600F0DFF8054615
S3150000D1E0ECE7069B002BC8BF1F46089BD8BF01274C
S3150000D1F01F444FF0000803990122584600F07EFABA
S3150000D2002146039000F0E6FA0028A7DC02D119F0C7
S3150000D210010FA3D1BA4617F8013D302BFAD0FDE431
S3150000D220089BBB429AD1089A312301361370F5E464
S3150000D230249B002B7FF422AA014BFFF741BA00BFC3
S3150000D240A403210838B50546002941D051F8043C0D
S3150000D2500C1F002BB8BFE418FEF772F91D4A1368BD
S3150000D26033B9636014602846BDE83840FEF76EB9EE
S3150000D270A34208D9206821188B4201BF19685B6850
S3150000D28009182160EDE71A465B680BB1A342FAD98B
S3150000D29011685018A0420BD12068014450188342EF
S3150000D2A01160E0D118685B68536008441060DAE7E3
S3150000D2B002D90C232B60D6E7206821188B4204BFC5
S3150000D2C019685B68636004BF091821605460CAE787
S3150000D2D038BD00BF2478010070B5C66904460D4606
S3150000D2E076B91020FEF782F80246E06120B9184BA5
S3150000D2F018486B21FEF740F8C0E901660660C66073
S3150000D300E669F36883B1E369DB6853F82500B8B9C9
S3150000D310012101FA05F6721D92002046FEF752F829
S3150000D32060B1C0E901560EE0212204212046FEF735
S3150000D33049F8E369F060DB68002BE4D1002070BD9A
S3150000D340026843F825200023C0E90333F7E700BF4E
S3150000D350FF0121081B04210870B5C66905460C4665
S3150000D36076B91020FEF742F80246E86120B9094B6B
S3150000D37009488F21FEF700F8C0E901660660C6601D
S3150000D3803CB1EB696268DB6853F82210216043F810
S3150000D390224070BDFF0121081B0421082DE9F04140
S3150000D3A00D6907460C461E4601F1140C0020DCF8F8
S3150000D3B0003099B202FB01611E0C0B0C02FB063316
S3150000D3C089B2013001EB034185424CF8041B4FEA58
S3150000D3D01346ECDC0EB3A368AB4219DC6168384631
S3150000D3E00131FFF779FF804628B902460C4B0D48FC
S3150000D3F0BA21FDF7C1FF2269023204F10C01920045
S3150000D4000C30FFF74DF821463846FFF7A5FF444696
S3150000D41004EB850301355E6125612046BDE8F08198
S3150000D4200A0421081B042108B0F5803F034636BFD5
S3150000D430030400201020B3F1807F3CBF1B0208309C
S3150000D440B3F1805F3CBF1B010430B3F1804F03D3BF
S3150000D450002B0ADB013070479B0001D50230704774
S3150000D4605B0001D5033070472020704703680246F1
S3150000D47013F007000BD0D90721D4980749BF5B08E2
S3150000D4809B08012013605CBF13600220704799B2AD
S3150000D49009B91B0C1020D9B209B908301B0A1907A3
S3150000D4A004BF1B090430990704BF9B080230D90743
S3150000D4B003D45B0800F1010003D01360704700201D
S3150000D4C0704720207047000010B50C460121FFF779
S3150000D4D003FF024628B9054B054840F24511FDF702
S3150000D4E04BFF01234461036110BD00BF0A042108FC
S3150000D4F01B0421082DE9F04F14460A6923699A4254
S3150000D500A8BF23460F46A4BF0C461F46D4F810A05A
S3150000D510D7F81090A36861680AEB0906B34285B094
S3150000D520B8BF0131FFF7D8FE30B90246444B454833
S3150000D5304FF4B171FDF720FF00F1140505EB8608E5
S3150000D5402B460022434521D307F1140104F11402AE
S3150000D55002EB8A0201EB89030293131B153B23F0AE
S3150000D5600303043304F11507BA4238BF04230193B9
S3150000D570029B03918B420CD8002E03DD58F8043D24
S3150000D580002B5BD0066105B0BDE8F08F43F8042B95
S3150000D590D8E7B1F800A0BAF1000F24D004F1140EB8
S3150000D5A0A9464FF0000C5EF8047BD9F800301FFA4C
S3150000D5B087FB9BB20AFB0B334FEA174BD9F8007077
S3150000D5C063444FEA174C0AFB0BC707EB13479BB2A2
S3150000D5D043EA0743724549F8043B4FEA174CE2D841
S3150000D5E0019B45F803C0039BB3F802900431B9F1DF
S3150000D5F0000F21D02B6804F1140CAE464FF0000A40
S3150000D600BCF800B0BEF8027009FB0B7757449BB21A
S3150000D61043EA07434EF8043B5CF8043B4FEA134ADF
S3150000D620BEF8003009FB0A3303EB174362454FEAA5
S3150000D630134AE5D8019FEB51043599E7013E9BE774
S3150000D6400A0421081B0421082DE9F843154612F0A7
S3150000D650030207460E4607D0254C013A002354F82C
S3150000D6602220FFF79BFE0646AD103DD0FC697CB933
S3150000D6701020FDF7BBFE0246F86128B91D4B1E4877
S3150000D68040F2B311FDF778FEC0E901440460C460BE
S3150000D690D7F81C80D8F808404CB940F271213846BA
S3150000D6A0FFF712FF0023C8F80800044603604FF096
S3150000D6B00009EB070AD5314622463846FFF71AFF1E
S3150000D6C0314680463846FFF747FE46466D100BD07A
S3150000D6D0206838B9224621463846FFF70BFF2060FE
S3150000D6E0C0F800900446E4E73046BDE8F88300BF82
S3150000D6F078042108FF0121081B0421082DE9F047C1
S3150000D7000C464968236903EB6218A36807469146ED
S3150000D7104FEA621A08F10106B3420BDB3846FFF7FF
S3150000D720DBFD054648B90246284B29484FF4EF7100
S3150000D730FDF722FE01315B00EEE7002300F1140144
S3150000D74000F110021846534533DB20692AEAEA7ACB
S3150000D75004F1140319F01F0901EB8A0103EB800C95
S3150000D7602BD0C9F1200E8A460022186800FA09F06B
S3150000D77010434AF8040B53F8042B9C4522FA0EF288
S3150000D780F3D8ACEB0403153B23F00303043304F195
S3150000D7901500844538BF0423CA500AB108F10206B1
S3150000D7A0013E38462E612146FFF7D6FD2846BDE8E4
S3150000D7B0F08742F8040F0133C5E7043953F8042B08
S3150000D7C041F8042F9C45F9D8EAE700BF0A0421086E
S3150000D7D01B0421080A6903460069801A30B50ED178
S3150000D7E01433143103EB820401EB820154F8045D17
S3150000D7F051F8042D954203D005D24FF0FF3030BDCD
S3150000D800A342F3D3FBE70120F9E700002DE9F74F28
S3150000D81089460646114648461446FFF7DBFF051EB5
S3150000D82012D129463046FFF757FD024628B93F4B2D
S3150000D83040F237213E48FDF79FFD0123C0E904353C
S3150000D840104603B0BDE8F08FBCBF4B46A14630463C
S3150000D850D9F80410BABF1C4601250025FFF73CFD88
S3150000D860024618B9314B40F24521E3E7D9F810706A
S3150000D8702669C56009F1100309F1140504F1140EB7
S3150000D88000F1140B05EB87080EEB86060193D946CB
S3150000D8904FF0000C019B5EF8040B53F804AF0193A4
S3150000D8A01FFA8AF3194683B2CB1A000C6344C0EB05
S3150000D8B01A4000EB23409BB243EA0043764549F801
S3150000D8C0043B4FEA204CE5D8331B153B23F00303FA
S3150000D8D015340433A64238BF04231D445B441E4658
S3150000D8E02C4644450ED308F10301491B21F00301E0
S3150000D8F0033DA84538BF00210B4453F8041D91B1E0
S3150000D90017619DE754F8041BE646080C1CFA81FCD7
S3150000D910714400EB2C4089B241EA004146F8041BF1
S3150000D9204FEA204CDDE7013FE7E700BF0A04210884
S3150000D9301B0421082DE973430121089E9046994650
S3150000D940FFF7CAFC044630B90246244B244840F28D
S3150000D9500F31FDF711FDC9F30A55C9F313030DB1D4
S3150000D96043F480130193B8F1000324D06846009372
S3150000D970FFF77CFDDDE90012D8B1C0F1200302FA01
S3150000D98003F30B43C24063610192019BA361002B29
S3150000D9900CBF012202222261ADB1A5F23345054436
S3150000D9A03560C0F13500099B1860204602B0BDE81D
S3150000D9B070836161E9E701A8FFF758FD019B636188
S3150000D9C020300122E7E704EB8203A0F23240306008
S3150000D9D01869FFF729FDC0EB4210E4E70A042108A5
S3150000D9E01B0421089368013B002B10B4936008DAEE
S3150000D9F09469A34201DB0A2903D15DF8044BFEF7C3
S3150000DA00E2BB1368581C1060197008465DF8044B99
S3150000DA107047F8B506460F461446D518AC4201D1F4
S3150000DA20002007E014F8011B3A463046FFF7DAFFFC
S3150000DA30431CF3D1F8BD00002DE9F04F0D469DB013
S3150000DA4014469846064618B1036A0BB9FEF7C0FAA3
S3150000DA506B6ED90705D4AB899A0502D4A86DFEF77B
S3150000DA60BAFCAB891B0701D52B699BB92946304601
S3150000DA70FEF7E8FB70B16B6EDC0704D54FF0FF30A4
S3150000DA801DB0BDE8F08FAB899805F7D4A86DFEF7F9
S3150000DA90A3FCF3E70023099320238DF82930CDF862
S3150000DAA00C803023DFF8AC818DF82A304FF0010965
S3150000DAB023469A4613F8012B0AB1252AF9D1BAEB67
S3150000DAC0040B0BD05B46224629463046FFF7A1FFE2
S3150000DAD0013000F0A780099A5A4409929AF800305A
S3150000DAE0002B00F09F8000234FF0FF32CDE9052385
S3150000DAF00AF1010A049307938DF853301A9354469A
S3150000DB00052214F8011B5348FEF77AFC049AD8B98B
S3150000DB10D10644BF20238DF85330130744BF2B236F
S3150000DB208DF853309AF800302A2B15D0079A5446B0
S3150000DB3000204FF00A0C214611F8013B303B092B1F
S3150000DB404BD9B0B1079214E0A0EB080309FA03F32E
S3150000DB5013430493A246D2E7039B191D1B68039146
S3150000DB60002BBBBF5B4242F0020207930793B8BF8C
S3150000DB70049223782E2B0AD163782A2B32D1039B69
S3150000DB801A1D1B68039243EAE37302340593DFF818
S3150000DB90D4A0217803225046FEF732FC38B1049B0C
S3150000DBA0A0EB0A004022824013430134049314F888
S3150000DBB0011B29488DF828100622FEF721FC0028B3
S3150000DBC03FD0264B1BBB039B073323F007030833C9
S3150000DBD00393099B3B4409936AE70CFB02320C460C
S3150000DBE00120A8E700230134059319464FF00A0CDB
S3150000DBF0204610F8012B303A092A03D9002BC6D04B
S3150000DC000591C4E70CFB012104460123F0E703ABB1
S3150000DC1000932A46124B04A93046FDF77DFD0746C0
S3150000DC20781CD6D16B6ED90705D4AB899A0502D478
S3150000DC30A86DFEF7D1FBAB895B063FF51FAF0998D0
S3150000DC401EE703AB00932A46054B04A93046FEF7B0
S3150000DC5007F8E4E7780521088205210819C7200896
S3150000DC6013EA20087E052108B1F90C202DE9F041C0
S3150000DC70170705460C4656D44B68002B02DC0B6C86
S3150000DC80002B3DDDE66A002E3AD0002312F48052C6
S3150000DC902F68216A2B6025D0626DA389580705D5A8
S3150000DCA06368D21A636B0BB1236CD21A216AE66AD7
S3150000DCB000232846B047411C24D000236360236913
S3150000DCC02360A389DA0400D56065616B2F60B9B162
S3150000DCD004F14403994202D02846FFF7B3FA002321
S3150000DCE063630DE001232846B047461C0246D4D1A3
S3150000DCF02B68002BD1D01D2B01D0162B2BD12F60DA
S3150000DD0000202FE02A68B4F90C3042B11D2A01D058
S3150000DD10162A22D10023636023692360D5E7626057
S3150000DD2022692260CEE70F69002FE9D093070E68BB
S3150000DD3008BF4B690F6018BF0023A6EB07088B606E
S3150000DD40B8F1000FDCDD216AA66A43463A4628464A
S3150000DD50B047002808DCB4F90C3043F04003A38137
S3150000DD604FF0FF30BDE8F0810744A8EB0008E7E775
S3150000DD7038B50B6905460C4613B90025284638BD4B
S3150000DD8018B1036A0BB9FEF723F9B4F90C30002B6E
S3150000DD90F3D0626ED00704D4990502D4A06DFEF7C5
S3150000DDA01AFB28462146FFF75FFF636EDA07054632
S3150000DDB0E4D4A3899B05E1D4A06DFEF70DFBDDE756
S3150000DDC070B50C46B1F90E10002996B015461E46E0
S3150000DDD00DDAA38913F0800F4FF0000114BF402322
S3150000DDE04FF48063002031602B6016B070BD6A4628
S3150000DDF000F078F80028ECDB019901F47041A1F5F8
S3150000DE000053594259414FF48063EBE78B89F7B5CC
S3150000DE109D0706460C4607D504F147032360236198
S3150000DE200123636103B0F0BD01AB6A46FFF7C8FF8B
S3150000DE30009F054639463046FDF70AFB48B9B4F956
S3150000DE400C309A05EED423F0030343F00203A381BA
S3150000DE50E2E7A389206043F08003A381019BC4E924
S3150000DE6004075BB1B4F90E10304600F04DF828B146
S3150000DE70A38923F0030343F00103A381A3891D4370
S3150000DE80A581CFE71F2938B505460C4604D91623C8
S3150000DE9003604FF0FF3038BDC26B12B152F821302B
S3150000DEA04BB9284600F052F8224601462846BDE8FE
S3150000DEB0384000F039B8012B0AD0591C03D116237B
S3150000DEC003600120E7E7002142F824102046984726
S3150000DED00020E0E7024B01461868FFF7D3BF00BFFA
S3150000DEE07808000038B5074D002304460846114659
S3150000DEF02B60F4F718FB431C02D12B6803B1236097
S3150000DF0038BD00BF6479010038B5064D00230446CC
S3150000DF1008462B60F4F70CFB431C02D12B6803B1B7
S3150000DF20236038BD6479010038B5074D00230446E7
S3150000DF30084611462B60F4F7C3FA431C02D12B683E
S3150000DF4003B1236038BD00BF64790100F4F7B6BAA7
S3150000DF5082B001B901A942B14BB113780B601278B6
S3150000DF60101E18BF012002B070471046FBE76FF085
S3150000DF700100F8E70346084641B1FF2A04D98A2280
S3150000DF801A604FF0FF3070470A700120704700009A
S3150000DF90C1F30A5C2DE9F041ACF2FF35132D0246C0
S3150000DFA00B460C46064634DC002D20DBDFF8D48019
S3150000DFB048FA05F801EA080C5CEA000C0F462DD079
S3150000DFC02DA3D3E90023FCF7EFFB00220023FDF786
S3150000DFD031F840B1002C03DD4FF480132B411F4470
S3150000DFE027EA0804002621463046BDE8F08122A330
S3150000DFF0D3E90023FCF7D8FB00220023FDF71AF82B
S3150000E0000028F0D0002C33DB344300D01C4C002613
S3150000E010E9E7332D06DDB5F5806F26D010461946A3
S3150000E020BDE8F081ACF2134C4FF0FF3727FA0CF73E
S3150000E0303842F3D010A3D3E90023FCF7B5FB002246
S3150000E0400023FCF7F7FF0028CDD0002C334609DD6E
S3150000E050142D06D0C5F134050122AA4013449E4270
S3150000E06000D9013423EA0706BDE7FCF79DFBD7E795
S3150000E07000264FF00044B6E79C7500883CE4377EE6
S3150000E0800000F03FFFFF0F004FEA410C7FEA6C5C97
S3150000E09002D150EA013C0AD14FEA430C7FEA6C5C9C
S3150000E0A002D152EA033C02D14FF0000070474FF014
S3150000E0B0010070474FEA410212F5001215D211D540
S3150000E0C06FF47873B3EB625212D94FEAC12343F06F
S3150000E0D0004343EA505311F0004F23FA02F018BFF1
S3150000E0E0404270474FF00000704750EA013005D1BA
S3150000E0F011F0004008BF6FF0004070474FF000007D
S3150000E100704700BF044A05491368002B08BF0B4639
S3150000E11018441060184670476C79010070A9010018
S3150000E1205FF800F0755100005FF800F0A9180000D4
S3150000E1305FF800F03D0C00005FF800F09D43000022
S3150000E1405FF800F0E15300005FF800F0711900007D
S3150000E1505FF800F0391100005FF800F00569000073
S3150000E1605FF800F0815400005FF800F0DD4F00001A
S3150000E1705FF800F00D3C00005FF800F0ED6800006D
S3150000E1805FF800F0017400005FF800F04D500000E9
S3150000E1905FF800F0017500005FF800F059620000BA
S3150000E1A05FF800F0BD3B00005FF800F011160000BC
S3150000E1B05FF800F0010D00005FF800F0AD1D0000F3
S3150000E1C05FF800F0815300005FF800F0115E000078
S3150000E1D05FF800F03D1A00005FF800F035740000AB
S3150000E1E05FF800F0894F00005FF800F0DD0C0000DA
S3150000E1F05FF800F0395400005FF800F0BD0C000035
S3150000E2005FF800F07D7400005FF800F0191100005F
S3150000E2105FF800F0ED5200005FF800F0A555000031
S3150000E2205FF800F0315500005FF800F069710000FA
S3150000E2305FF800F0D50B00005FF800F0BD4F00005E
S3150000E2405FF800F0651A00005FF800F0CD180000D6
S3150000E2505FF800F0A97100005FF800F0B15100000E
S3150000E2605FF800F0116C0000526561642072657100
S3150000E27020666F722068616E646C6520256420617B
S3150000E2806E64206576656E742069642025640A00D4
S3150000E2906372656174656420434343442062656329
S3150000E2A061757365204E6F746966790D0053494C2C
S3150000E2B04142530030303A32333A41373A38303AF5
S3150000E2C037303A42390077726974655F6576656EF4
S3150000E2D0742068616E646C652076616C7565206972
S3150000E2E0732025640D0A00A0A1A2A3A4A5A6A7A831
S3150000E2F0A9000D0A57692D466920496E697469613E
S3150000E3006C697A6174696F6E204661696C65642C0C
S3150000E310204572726F7220436F6465203A20307810
S3150000E320256C580D0A000D0A2057692D46692049AB
S3150000E3306E697469616C697A6174696F6E20537570
S3150000E340636365737366756C000D0A4669726D7753
S3150000E3506172652076657273696F6E204661696CBD
S3150000E36065642C204572726F7220436F6465203A93
S3150000E370203078256C580D0A000D0A204765742058
S3150000E3806C6F63616C2064657669636520616464A3
S3150000E39072657373206661696C6564203D20256C27
S3150000E3A0780D0A000D0A204C6F63616C2064657657
S3150000E3B06963652061646472657373202573200D3B
S3150000E3C00A0041646420414645207365727669639C
S3150000E3D06520726574203D203078253034580A0057
S3150000E3E04661696C656420746F20616464204343F0
S3150000E3F043442E204572726F723A20307825580AAF
S3150000E40000414645205365727669636520637265EF
S3150000E410617465642E2048616E646C65733A0020F1
S3150000E4202D20454347204465636C61726174696FB2
S3150000E4306E3A20203078253034580A00202D2045A9
S3150000E44043472056616C75653A2020202020202005
S3150000E450203078253034580A00202D2045434720A7
S3150000E460434343442028307832393032293A3078D1
S3150000E470253034580A004661696C656420746F2043
S3150000E48063726561746520626C655F6D61696E5F5C
S3150000E4907461736B5F73656D2073656D6170686F12
S3150000E4A072650D00424C455F43444D31000D0A2014
S3150000E4B05374617274696E672061647665727469FB
S3150000E4C073696E670D000D0A204D6F64756C6520CB
S3150000E4D0636F6E6E656374656420746F2061646437
S3150000E4E072657373203A202573200D0A000D0A4DBC
S3150000E4F06F64756C6520676F7420446973636F6E13
S3150000E5006E65637465640D000D0A206D6F64756C2D
S3150000E51065206164766572746973696E672000525E
S3150000E52053495F424C455F474154545F57524954E3
S3150000E530455F4556454E542068617070656E640DA2
S3150000E540000A20536574204C6F63616C20617474FB
S3150000E5502076616C756520636D64206661696C6503
S3150000E56064203D203078256C58200A00726561636E
S3150000E570686564206361736520637573746F6D0DE0
S3150000E580000D0A2073657420504859000D0A204674
S3150000E59061696C656420746F2063616E63656C20CD
S3150000E5A074686520636F6E6E656374696F6E207242
S3150000E5B06571756573743A203078256C78200D0A7C
S3150000E5C0202D20636F6E6E000D0A2070687920750D
S3150000E5D0706461746520636F6D706C65746564202A
S3150000E5E000AFEFAFEFAFEFAFEFAFEFAFEFAFEFAF24
S3150000E5F0EF00ECECECECECECECECECECECECECEC3E
S3150000E600ECEC00EAFAECECECECECECECECECECEC24
S3150000E610ECECEC006170706C69636174696F6E5F3D
S3150000E620746872656164000014F62008000000003A
S3150000E630000000000000000000000000000C0000C8
S3150000E640180000000000000000000000310000007B
S3150000E650000000000001000000000D00B0000000F6
S3150000E6600400008000000080000058A0000000C0E8
S3150000E67000000080641A1EC805080000010000049E
S3150000E6800000000049444C4500546D725100546D21
S3150000E6907220537663000D0A4669726D7761726562
S3150000E6A02076657273696F6E2069733A2025782526
S3150000E6B0782E25642E25642E25642E25642E256449
S3150000E6C02E25640D0A0000005D3820087D382008DC
S3150000E6D0113A2008F5392008DD3920089539200837
S3150000E6E04D392008F9382008ED382008E13820088F
S3150000E6F0AD382008A1382008953820088938200828
S3150000E700000A08000001030000090300000B0300D3
S3150000E710000A0605000B06060006060100070602AB
S3150000E720002F020B0030020C000902040006020151
S3150000E730001D0200001E02000008020302020A0277
S3150000E74010040100020000000000000000000000AC
S3150000E750010000005D7620080000000000000000B7
S3150000E76001000000757720080100000045772008A9
S3150000E7700100000000000000010000000000000091
S3150000E7800300000001000000C17B2008000000001B
S3150000E7900000000001000000757B2008000000005A
S3150000E7A000000000010000009F7420080100000026
S3150000E7B0000000000100000000000000040000004E
S3150000E7C001000000797B2008000000000000000026
S3150000E7D001000000717A2008010000008D742008F5
S3150000E7E00000000000000000010000000000000022
S3150000E7F00100000000000000433A2F557365727354
S3150000E8002F666C6F72696E2E6D6F74612F53696D12
S3150000E810706C696369747953747564696F2F5344B6
S3150000E8204B732F73696D706C69636974795F736478
S3150000E8306B2F657874656E73696F6E2F7769736574
S3150000E840636F6E6E6563742F636F6D706F6E656E4A
S3150000E85074732F6465766963652F73696C6162737F
S3150000E8602F73693931782F776972656C6573732FE9
S3150000E8706168625F696E746572666163652F737243
S3150000E880632F7273695F68616C5F6D63755F6D346A
S3150000E8905F726F6D2E630025733A25733A25643ACD
S3150000E8A00D0A20494E56414C494420494E54455282
S3150000E8B052555054200D0A0D0A00736C695F6D3471
S3150000E8C05F696E746572727570745F697372005AEF
S3150000E8D00101015901015801010101015756015574
S3150000E8E054015201511A0F1902210700433A2F55BC
S3150000E8F0736572732F666C6F72696E2E6D6F7461BD
S3150000E9002F53696D706C69636974795374756469A2
S3150000E9106F2F53444B732F73696D706C6963697401
S3150000E920795F73646B2F657874656E73696F6E2F8C
S3150000E93077697365636F6E6E6563742F636F6D7051
S3150000E9406F6E656E74732F6465766963652F736980
S3150000E9506C6162732F73693931782F776972656CD0
S3150000E9606573732F6168625F696E74657266616351
S3150000E970652F7372632F736C5F73693931785F62C9
S3150000E98075732E630025733A25733A25643A0D0A8A
S3150000E9902048454150204558484155535445442048
S3150000E9A0445552494E4720414C4C4F434154494FE0
S3150000E9B04E200D0A0D0A0025733A25733A25643A4E
S3150000E9C00D0A544120697320696E2061637469766B
S3150000E9D0652073746174650D0A0D0A00736C695FB6
S3150000E9E073693931785F636F6E6669675F6D345F2F
S3150000E9F0646D615F646573635F6F6E5F7265736597
S3150000EA007400736C695F73693931785F7375626D11
S3150000EA1069745F72785F706B740030303A31353AE2
S3150000EA2038333A36413A36343A31370030303A32B2
S3150000EA30333A41373A31323A33343A353600433A8B
S3150000EA402F55736572732F666C6F72696E2E6D6FBC
S3150000EA5074612F53696D706C696369747953747549
S3150000EA6064696F2F53444B732F73696D706C6963C0
S3150000EA706974795F73646B2F657874656E73696FFB
S3150000EA806E2F77697365636F6E6E6563742F636F40
S3150000EA906D706F6E656E74732F6465766963652F2E
S3150000EAA073696C6162732F73693931782F77697274
S3150000EAB0656C6573732F736C5F6E65742F73726309
S3150000EAC02F736C5F6E65745F73693931785F63614C
S3150000EAD06C6C6261636B5F6672616D65776F726B9A
S3150000EAE02E630025733A25733A25643A0D0A556E4E
S3150000EAF0737570706F72746564206576656E740DDB
S3150000EB000A0D0A00736C5F73693931785F64656654
S3150000EB1061756C745F68616E646C657200433A2F50
S3150000EB2055736572732F666C6F72696E2E6D6F7496
S3150000EB30612F53696D706C69636974795374756478
S3150000EB40696F2F53444B732F73696D706C696369DA
S3150000EB5074795F73646B2F657874656E73696F6E15
S3150000EB602F77697365636F6E6E6563742F636F6D60
S3150000EB70706F6E656E74732F6465766963652F7347
S3150000EB80696C6162732F73693931782F77697265A1
S3150000EB906C6573732F736C5F6E65742F7372632F5E
S3150000EBA0736C5F6E65745F73693931785F696E7413
S3150000EBB06567726174696F6E5F68616E646C6572B9
S3150000EBC02E630025733A25733A25643A3E3C3C3C55
S3150000EBD03C20476F74206E6574206576656E7420E0
S3150000EBE03A2025750A0D0A00736C5F6E65745F73B3
S3150000EBF0693931785F6576656E745F6469737061D3
S3150000EC007463685F68616E646C657200433A2F5581
S3150000EC10736572732F666C6F72696E2E6D6F746199
S3150000EC202F53696D706C696369747953747564697F
S3150000EC306F2F53444B732F73696D706C69636974DE
S3150000EC40795F73646B2F657874656E73696F6E2F69
S3150000EC5077697365636F6E6E6563742F636F6D702E
S3150000EC606F6E656E74732F6465766963652F73695D
S3150000EC706C6162732F73693931782F776972656CAD
S3150000EC806573732F736F636B65742F7372632F7362
S3150000EC906C5F73693931785F736F636B65745F7529
S3150000ECA074696C6974792E630025733A25733A2565
S3150000ECB0643A0D0A20494E56414C49442053454C6E
S3150000ECC04543542049440D0A0D0A007369393178C9
S3150000ECD05F736F636B65745F6576656E745F68619D
S3150000ECE06E646C657200433A2F55736572732F66B6
S3150000ECF06C6F72696E2E6D6F74612F53696D706CD7
S3150000ED00696369747953747564696F2F53444B73DF
S3150000ED102F73696D706C69636974795F73646B2FA7
S3150000ED20657874656E73696F6E2F77697365636F47
S3150000ED306E6E6563742F636F6D706F6E656E747340
S3150000ED402F6465766963652F73696C6162732F73CF
S3150000ED50693931782F776972656C6573732F7372B1
S3150000ED60632F736C5F7273695F7574696C6974790C
S3150000ED702E630025733A25733A25643A52534E2082
S3150000ED804F554920253032783A253032783A2530A9
S3150000ED9032782E0A0D0A0025733A25733A25643A0D
S3150000EDA0506169727769736520636970686572205E
S3150000EDB0737569746520636F756E743A2025752EB8
S3150000EDC00A0D0A0073693931785F627573007369D9
S3150000EDD03931785F6576656E740071756575652D78
S3150000EDE03E7461696C203D3D204E554C4C00736C61
S3150000EDF0695F73693931785F72656D6F76655F62D9
S3150000EE0075666665725F66726F6D5F71756575654D
S3150000EE105F62795F636F6D70617261746F720073A8
S3150000EE206C695F73693931785F666C7573685F7397
S3150000EE306F636B65745F636F6D6D616E645F717533
S3150000EE40657565735F62617365645F6F6E5F71752B
S3150000EE506575655F747970650070726F636573734D
S3150000EE605F72736E5F656C656D656E7400000FACE6
S3150000EE700050F271756575652D3E68656164203DCB
S3150000EE803D204E554C4C00433A2F55736572732FF7
S3150000EE90666C6F72696E2E6D6F74612F53696D703B
S3150000EEA06C696369747953747564696F2F53444B45
S3150000EEB0732F73696D706C69636974795F73646BC2
S3150000EEC02F657874656E73696F6E2F7769736563E6
S3150000EED06F6E6E6563742F636F6D706F6E656E74A3
S3150000EEE0732F6465766963652F73696C6162732F2E
S3150000EEF073693931782F776972656C6573732F730F
S3150000EF0072632F736C5F73693931785F64726976E7
S3150000EF1065722E630025733A25733A25643A457661
S3150000EF20656E743A2025752C2071756575652025EA
S3150000EF30750A0D0A0055532000455520004A5020F9
S3150000EF40004B52200053472000434E2000736C694B
S3150000EF505F73693931785F706F705F66726F6D5F6E
S3150000EF606275666665725F717565756500736C6955
S3150000EF705F73693931785F617070656E645F746F55
S3150000EF805F6275666665725F717565756500736C3F
S3150000EF90695F73693931785F6472697665725F7724
S3150000EFA06169745F666F725F726573706F6E7365A9
S3150000EFB05F7061636B657400040404020400000062
S3150000EFC00A0A0A00500600000000000001002A0993
S3150000EFD0000100000100000031000000433A2F55F7
S3150000EFE0736572732F666C6F72696E2E6D6F7461C6
S3150000EFF02F53696D706C69636974795374756469AC
S3150000F0006F2F53444B732F73696D706C696369740A
S3150000F010795F73646B2F657874656E73696F6E2F95
S3150000F02077697365636F6E6E6563742F636F6D705A
S3150000F0306F6E656E74732F6465766963652F736989
S3150000F0406C6162732F73693931782F776972656CD9
S3150000F0506573732F746872656164696E672F736C6C
S3150000F060695F73693931785F6D756C74697468723C
S3150000F07065616465642E630025733A25733A2564D9
S3150000F0803A0D0A204255535F57524954455F45523F
S3150000F090524F52200D0A0D0A0025733A25733A2560
S3150000F0A0643A3C3E3E3E3E205478202D3E2071750B
S3150000F0B06575654964203A2025752C206672616D58
S3150000F0C0654964203A20307825782C206C656E6777
S3150000F0D07468203A2025750A0D0A0025733A2573AF
S3150000F0E03A25643A3E3C3C3C3C205278202D3E205A
S3150000F0F071756575654964203A2025752C20667200
S3150000F100616D654964203A20307825782C20667236
S3150000F110616D655374617475733A20307825782C67
S3150000F120206C656E677468203A2025750A0D0A0002
S3150000F13025733A25733A25643A52617720446174FF
S3150000F140610A0D0A0025733A25733A25643A526519
S3150000F15063656976656420424C45207061636B6522
S3150000F160740A0D0A006275735F77726974655F646D
S3150000F1706174615F6672616D65006275735F777257
S3150000F1806974655F6672616D650073693931785FB0
S3150000F1906275735F74687265616400736C5F637235
S3150000F1A0656174655F67656E657269635F72785FD6
S3150000F1B07061636B65745F66726F6D5F70617261BB
S3150000F1C06D73002C2066756E6374696F6E3A20004D
S3150000F1D0617373657274696F6E20222573222066CF
S3150000F1E061696C65643A2066696C65202225732224
S3150000F1F02C206C696E65202564257325730A0052E0
S3150000F20045454E54206D616C6C6F63207375636366
S3150000F2106565646564002F646174612F6A656E6B51
S3150000F220696E732F776F726B73706163652F474ECC
S3150000F230552D746F6F6C636861696E2F61726D2DE9
S3150000F24031322F7372632F6E65776C69622D637925
S3150000F2506777696E2F6E65776C69622F6C6962637A
S3150000F2602F7374646C69622F72616E642E63000082
S3150000F2702020202020202020202828282828202060
S3150000F2802020202020202020202020202020202078
S3150000F29088101010101010101010101010101010F0
S3150000F2A004040404040404040404101010101010D0
S3150000F2B010414141414141010101010101010101A9
S3150000F2C001010101010101010101011010101010DD
S3150000F2D0104242424242420202020202020202027A
S3150000F2E002020202020202020202021010101020A2
S3150000F2F00000000000000000000000000000000008
S3150000F30000000000000000000000000000000000F7
S3150000F31000000000000000000000000000000000E7
S3150000F32000000000000000000000000000000000D7
S3150000F33000000000000000000000000000000000C7
S3150000F34000000000000000000000000000000000B7
S3150000F35000000000000000000000000000000000A7
S3150000F3600000000000000000000000000000000097
S3150000F370494E4600696E66004E414E006E616E0053
S3150000F3803000303132333435363738394142434430
S3150000F39045460030313233343536373839616263A9
S3150000F3A064656600496E66696E697479004E614EE1
S3150000F3B0002F646174612F6A656E6B696E732F77B7
S3150000F3C06F726B73706163652F474E552D746F6F47
S3150000F3D06C636861696E2F61726D2D31322F7372A5
S3150000F3E0632F6E65776C69622D63796777696E2F17
S3150000F3F06E65776C69622F6C6962632F7374646CD7
S3150000F40069622F64746F612E630042616C6C6F6376
S3150000F41020737563636565646564002F6461746158
S3150000F4202F6A656E6B696E732F776F726B7370617F
S3150000F43063652F474E552D746F6F6C636861696EF7
S3150000F4402F61726D2D31322F7372632F6E65776C5B
S3150000F45069622D63796777696E2F6E65776C69626D
S3150000F4602F6C6962632F7374646C69622F6D70729E
S3150000F47065632E630000000005000000190000000F
S3150000F4807D000000000000000080E03779C34143A2
S3150000F490176E05B5B5B89346F5F93FE9034F384DF4
S3150000F4A0321D30F94877825A3CBF737FDD4F1575A0
S3150000F4B0000000000000F03F0000000000002440B3
S3150000F4C000000000000059400000000000408F408E
S3150000F4D0000000000088C34000000000006AF840F9
S3150000F4E00000000080842E4100000000D01263411D
S3150000F4F00000000084D797410000000065CDCD4193
S3150000F500000000205FA00242000000E87648374273
S3150000F510000000A2941A6D42000040E59C30A24211
S3150000F5200000901EC4BCD64200003426F56B0C4386
S3150000F5300080E03779C3414300A0D885573476432D
S3150000F54000C84E676DC1AB43003D9160E458E1438E
S3150000F550408CB5781DAF154450EFE2D6E41A4B4403
S3150000F56092D54D06CFF08044F64AE1C7022DB54448
S3150000F570B49DD9794378EA44232D302B2000686C5A
S3150000F5804C00656667454647004300504F5349584F
S3150000F590002E00FF7F490278D1F80035F0B502F061
S3150000F5A001024478877CC57CDFF8E8E123F48023F8
S3150000F5B043EA8243C1F80035427F017804F0010333
S3150000F5C09B0012F00F0643EA91134FEAC3431FBF95
S3150000F5D0C7F3021C43EA8C2305F0030C4FEA4C0CDC
S3150000F5E01CBF4CEAD71C43EACC13DEF89CC42CF4AF
S3150000F5F0601C08BF43F410632CF4FC5C43EA0C0C5B
S3150000F600CEF89CC4DFF8A0C1ACF80030C3F3C21C2E
S3150000F610C3F38223042B98BF0133BCF1000F00F023
S3150000F620B080BCF1010F00F0AF80ACF1020EBEF16C
S3150000F630020F01D80CF1010C9B0243EACC13DFF850
S3150000F6406CC1ACF80030534BD3F8ACC4C1F34401E1
S3150000F6502CF01F0C41EA0C01C3F8AC14D3F81014BB
S3150000F66021F4FE1C817801F00301490141EAD4012D
S3150000F6704CEA8131C3F81014D3F80414847821F4C9
S3150000F680FC11A40841EAC431C3F80414D3F80814E1
S3150000F690447C07F00F077F0047EAD41721F4F811DE
S3150000F6A041EA0741C3F80814D3F80C1484793A4F99
S3150000F6B0640821F4FE1141EA8431C3F80C14D3F82E
S3150000F6C03814C47921F4F03104F00F0441EA4431CE
S3150000F6D0C3F83814D3F81414047A21F4FE1104F094
S3150000F6E07F0441EA8431C3F81414C37A847AD7F8C4
S3150000F6F008155B0043EAD413047B21F47F7104F000
S3150000F700010421F0030143EA44230B432349C7F8CC
S3150000F7100835234CD1F834740123C1F83434D4F8B5
S3150000F720103A23F00F0343EA1513C4F8103AC1F850
S3150000F730347466B302F00F0252041A4990F824405A
S3150000F740D1F8403723F4F0131A43C1F84027D1F813
S3150000F7507C27837F22F00F02C3F383031343C1F890
S3150000F7607C3790F82530D1F8482703F007035B0073
S3150000F77022F4F03243EAD41342EA4333C1F848375D
S3150000F780F0BD4FF0020C57E74FF0000C54E74FF472
S3150000F790C012D2E700A0052400800424001004242F
S3150000F7A0003004240080052442600100406001000E
S3150000F7B008B9FF7F01000000000000000000000003
S3150000F7C00000000000000000000000000000000033
S3150000F7D00000000000000000000000000000000023
S3150000F7E00000000000000000000000000000000013
S3150000F7F00000000000000000000000000000000003
S3150000F80000000000000000000000000000000000F2
S3150000F81000000000000000000000000000000000E2
S3150000F82000000000000000000000000000000000D2
S3150000F83000000000000000000000000000000000C2
S3150000F84000000000000000000000000000000000B2
S3150000F85000000000000000000000000000000000A2
S3150000F8600000000000000000000000000000000092
S3150000F8700000000000000000000000000000000082
S3150000F8800000000000000000000000000000000072
S3150000F8900000000000000000000000000000000062
S3150000F8A00000000000000000000000000000000052
S3150000F8B00000000000000000000000000000000042
S3150000F8C00000000000000000000000000000000032
S3150000F8D00000000000000000000000000000000022
S3150000F8E00000000000000000000000000000000012
S3150000F8F00000000000000000000000000000000002
S3150000F90000000000000000000000000000000000F1
S3150000F91000000000000000000000000000000000E1
S3150000F92000000000F8B500BFF8BC08BC9E46704752
S3150000F930F8B500BFF8BC08BC9E467047004B4900AE
S3150000F94046000200C00004000000000000000000A5
S3150000F9500000000037000000AAAAAAAA0080072417
S3150000F9600A000000001C06240000034421000000D9
S3150000F97000FC020009060000001804240C00000028
S3150000F9800000000000000000CC650100000000003F
S3150000F9900CF7200808F7200804F7200800F72008CD
S3150000F9A00000000000000000000000000000000051
S3150000F9B00000000000000000891F00000000024552
S3150000F9C0270000000000000000000000FC650100A8
S3150000F9D0000000001CF7200818F7200814F720087C
S3150000F9E010F72008000000000000000000000000E2
S3150000F9F00100000000000000000000009FFF1F0043
S3150000FA000000004426000000000000000000000086
S3150000FA102C66010038F7200834F7200830F7200854
S3150000FA2028F720082CF7200824F7200820F72008BC
S3150000FA3000000000010000000000000000000000BF
S3150000FA4003010001040001000000000100010002A2
S3150000FA50030001000000000101000000000000009A
S3150000FA600000000000000000000000000000000090
S3150000FA700000000000000000282300000000000035
S3150000FA800000000000000000000000000000000070
S3150000FA900000000000000000000000000000000060
S3150000FAA00000000000000000000000000000000050
S3150000FAB00000000000000000000000000000000040
S3150000FAC00000000000000000000000000000000030
S3150000FAD00000000000000000000000000000000020
S3150000FAE00000000000000000000000000000000010
S3150000FAF00000000000000000000000000000000000
S3150000FB0000000000000000000000000000000000EF
S3150000FB1000000000000000000000000000000000DF
S3150000FB2000000000000000000000000000000000CF
S3150000FB3000000000000000000000000000000000BF
S3150000FB4000000000000000000000000000000000AF
S3150000FB50000000000000000001000000000000009E
S3150000FB60000000000000000000000000000000008F
S3150000FB70000000000000000000000000000000007F
S3150000FB80000000000000000000000000000000006F
S3150000FB90000000000000000000000000000000005F
S3150000FBA0000000000000000000000000000000004F
S3150000FBB0000000000000000000000000000000003F
S3150000FBC0000000000000000000000000000000002F
S3150000FBD0000000000000000000000000000000001F
S3150000FBE0000000000000000000000000000000000F
S3150000FBF000000000000000000101000000FC0200FF
S3150000FC00001C0624B0050000A40500009C6E01003F
S3150000FC10246E010001FF0100FFFFFFFFFFFFFFFF52
S3150000FC20000000000000000003000000287801002A
S3150000FC307C08000000000000287801009078010090
S3150000FC40F87801000000000000000000000000003D
S3150000FC50000000000000000000000000000000009E
S3150000FC60000000000000000000000000000000008E
S3150000FC70000000000000000000000000000000007E
S3150000FC80430000000000000000000000000000002B
S3150000FC90000000000000000000000000000000005E
S3150000FCA0430000000000000000000000000000000B
S3150000FCB0000000000000000000000000000000003E
S3150000FCC043000000000000000000000000000000EB
S3150000FCD0000000000000000000000000000000001E
S3150000FCE043000000000000000000000000000000CB
S3150000FCF000000000000000000000000000000000FE
S3150000FD0043000000000000000000000000000000AA
S3150000FD1000000000000000000000000000000000DD
S3150000FD20430000000000000000000000000000008A
S3150000FD3000000000000000000000000000000000BD
S3150000FD40430000000000000000000000000000006A
S3150000FD50000000000000000000000000000000009D
S3150000FD6075EF200851EF2008000000006F022108FF
S3150000FD7091052108B6F92008B6F92008B6F9200839
S3150000FD80B6F92008B6F92008B6F92008B6F9200811
S3150000FD90B6F92008B6F92008FFFFFFFFFFFFFFFFB7
S3150000FDA0FFFFFFFFFFFF00000100415343494900E9
S3150000FDB0000000000000000000000000000000003D
S3150000FDC000000000000000000000415343494900C4
S3150000FDD0000000000000000000000000000000001D
S3150000FDE000000000000000000000000008B572B628
S3150000FDF0012809D1202000F031F80F4AD2F87031DD
S3150000FE009806FBD462B608BD022808D1402000F04F
S3150000FE1025F8094AD2F870315906FBD4F2E70328CF
S3150000FE20F0D14FF4807000F019F8034AD2F870311F
S3150000FE30DB05FBD4E6E700BF00800046054B06481D
S3150000FE400422C3F86C2100684FF0FF330022022120
S3150000FE5004F0F0BB00800046206F0100014BC3F8A0
S3150000FE606C01704700800046014BC3F8780170476B
S3150000FE7000800046064B0748196810B506F02CFAB4
S3150000FE80044618B94FF4806006F01EFA204610BDED
S3150000FE90246F0100286F010037B52A4CD4F8803151
S3150000FEA05D070DD5284B0221186804F05DFB04237D
S3150000FEB0264AC4F88031C2F89030002003B030BD25
S3150000FEC0D4F88031980705D5FFF7D4FF0028F5D17F
S3150000FED00223EDE7D4F88031D9050DD54FF48075AE
S3150000FEE0C4F878514FF4804006F0EEF9174BC4F889
S3150000FEF08051C3F89050E0E7D4F880319A0604D5D3
S3150000FF000220FFF773FF2023D2E7D4F880311B06C7
S3150000FF1004D50320FFF76AFF8023C9E7D4F88031B0
S3150000FF2013F0100304D00120FFF760FF1023BFE792
S3150000FF300093074A074908484FF49D7307F058F89D
S3150000FF4000BEBAE700800046206F010000000541B0
S3150000FF50BAF82008F8F7200897F82008024B5B68E3
S3150000FF60DBB203800020704700000541064BD3F842
S3150000FF70742142F00102C3F87421D3F874211207E8
S3150000FF80FBD50020704700BF00800046034AD2F828
S3150000FF90743123F00103C2F87431704700800046C3
S3150000FFA00B4BD3F8742142F00102C3F87421D3F845
S3150000FFB074211207FBD5C3F86C01D3F880211042D7
S3150000FFC0FBD0C3F88001034BC3F89000FFF7DEBFF8
S3150000FFD00080004600000541054908B50B782BB1A5
S3150000FFE04FF48060FFF7DCFF00230B7008BD00BFF5
S3150000FFF01C6F010010B5114C23786BB9104AD2F86A
S3150001000080319B0509D54FF40073C2F880310D4A42
S31500010010C2F890300123237010BD06F05BFC40B19D
S315000100204FF40070FFF7BCFF4FF40060FFF7B8FF15
S31500010030F0E7054B01221A70ECE700BF1C6F0100C7
S3150001004000800046000005411D6F010008B5074B01
S315000100501B784BB14FF40070FFF7A2FFBDE80840D3
S315000100604FF40060FFF79CBF08BD00BF1D6F010084
S31500010070FFF712BF10B5034C206810B904F056FA09
S31500010080206010BD206F0100407A0A78131A584289
S315000100905841704773B50D460221064605F0D2FD5B
S315000100A0044630B901460DF10602306805F0FAFD45
S315000100B02860204602B070BD014B1888704700BF0A
S315000100C06008000038B504460D4606F069FF63680E
S315000100D073B9236833B1074B074A084840F6EF1155
S315000100E006F03EFF25606560BDE8384006F0E4BED7
S315000100F01D60F8E773FE20086DFF200887FE2008C3
S315000101002DE9F04385B01E4603294FF000038146D1
S315000101100D461746009310D101924FF47A731822B7
S31500010120694602A8FFF7B6FF044630B3019805F009
S31500010130C5FD204605B0BDE8F0834FF47A7306F19C
S31500010140100203A901A8FFF7A5FF04460028F0D174
S31500010150DDF80C8001461022404606F065FF2FB1FE
S315000101603246394608F1100006F00EFFC6F30B06BB
S31500010170A8F80060A8F80290CFE7DDE900321A601E
S315000101800E4A5D71525D1A7110229A71D86006F09D
S3150001019007FF029906460A484C7200EB8510FFF7E5
S315000101A091FF084A012303FA05F01368034313601C
S315000101B006F08AF8304606F07FFEBAE7B8FF200857
S315000101C0DC6F01007877010038B504460D4606F06C
S315000101D0E7FE236873B9636833B10D4B0D4A0E48C8
S315000101E040F6FE1106F0BCFE2B601B2406F064FEF1
S315000101F0204638BD2B60626893421CBF1B68236092
S315000102004FF0000208BFC4E900220024EEE700BF58
S31500010210DAFD20084DFF200887FE20082DE9F04F62
S3150001022085B098460F9B04460D461646002B44D0D2
S3150001023004F0D4F8DFF890A0DFF890B081460020F2
S315000102400E9B02221B1A3146284604F0F3F9C31C01
S31500010250012B34D9CDE900041A4A40F2064351462E
S31500010260584606F0C5FE276803973FB17B7A43459A
S3150001027004D0012004F042F90028F4D0484606F0E3
S3150001028017F8002FDCD07B7A4345D9D103A9204644
S31500010290FFF79AFF0F9A039B136006F081FE23680E
S315000102A007461BB93146284604F096F9384606F04A
S315000102B003FE002005B0BDE8F08F2120FAE70720F4
S315000102C0F8E700BF8EFF200887FE200815FF2008EB
S315000102D02DE9F04788B01D4600230493ADF80E3092
S315000102E081460E4617464FF47A73182204A905A8CB
S315000102F0DDF84480FFF7CEFE044630B1384605F0FE
S31500010300DDFC204608B0BDE8F087002D71D0B8F1BC
S31500010310000F70D06B0F03F0020343F00103B9F134
S315000103201C0F06D8484A22FA09F2D20748BF43F001
S315000103300803049C454AA371925D109BE3602271F8
S315000103402760667104F04AF8002DACBF25F08043A2
S315000103504FF0FF332361606106F022FE3C4A3D4CBB
S3150001036013787B72591C117005998DF80D304B72FB
S3150001037004EB861700230B6081463846FFF7A2FE81
S31500010380354A01201368B0400343136005F09CFF12
S31500010390484606F091FD002D4FEA861A51D0ACBFB2
S315000103A025F080454FF0FF3506ABCDE900532B49CB
S315000103B09DF80D30096805360AF10800012220442E
S315000103C0B240FFF72BFF0728044616D1244A07AB94
S315000103D00DF10D01384606F083FA0246002890D148
S315000103E00146079805F05EFC006805F067FC079872
S315000103F085E72B4693E7012391E7002881D1069EE5
S3150001040001460DF10E02304605F04CFC0589B8F1A6
S31500010410000F0FD00368C8F80030304605F04EFCD7
S315000104200DB145F480340F4B22461978002006F0B1
S315000104305BFD66E783799B07EFD5006805F03EFC17
S31500010440EBE705245DE700BF00002110B8FF200897
S3150001045030710100DC6F0100787701002471010021
S31500010460D10C00005D0800002DE9FF411C4606463F
S31500010470884617464FF47A7304F1100203A902A8BD
S31500010480FFF708FE08BB039D01461022284606F029
S31500010490CBFD2FB12246394605F1100006F074FD59
S315000104A0102E08BF6B696E8004BF43F480336B6105
S315000104B0C4F30B040C9B2C8001930B9B0093029AB3
S315000104C00A9B41463046FFF703FF04B0BDE8F081C1
S315000104D070B40429DDE90345059E05D8CDE9045626
S315000104E0039470BCFFF7C0BF272070BC70470000A3
S315000104F070B588B005468DF817100021079158B3DD
S31500010500174B1B7853B307ABCDE90113154B00937A
S315000105100DF117020123A020FFF7A6FF079E04464F
S3150001052050B902460146304605F0BCFB028842B985
S31500010530304605F0C3FB01E0002EF9D1204608B094
S3150001054070BD9DF817300BB1012BF1D100F11001EF
S31500010550284606F019FDEBE72224EFE71124EDE723
S315000105605E770100983A004030B5092899B00C46EB
S31500010570154643D8012101FA00F240F285131340D2
S315000105802AD112F4107F39D0092810D1CDE90133CF
S31500010590ADF8123040F6B833009304AA04231D20A7
S315000105A08DF810108DF81150FFF75EFF38BB502201
S315000105B0002104A806F038FD01238DF81030072D1F
S315000105C000F26781DFE815F01D001D006B00B50024
S315000105D06501DE00090142010023CDE90133ADF8D1
S315000105E0123040F6B83300938DF810108DF8115083
S315000105F0042304AA1D20FFF737FF00B9002019B014
S3150001060030BDA54DA4B9452221460DF11B0006F0CA
S315000106100BFD2B88ADF81130AB788DF81330012323
S3150001062005938DF818300B238DF819301B234CE0F8
S31500010630392200210DF1270006F0F6FC2B88ADF8D2
S31500010640113024221021AB788DF818208DF81A105C
S31500010650042234218DF813308DF8192005238DF8E5
S315000106601B108DF81C206421172205938DF81D207F
S315000106708DF81E108DF81F3084218DF820208DF8FD
S3150001068021108DF82320032195228DF825308DF830
S3150001069022108DF824201D238DF8263017E07F4D7A
S315000106A004BB452221460DF11B0006F0BDFC2B883B
S315000106B0ADF81130AB788DF81330012305938DF821
S315000106C018300D238DF8193014238DF81A300023B4
S315000106D0CDE9013340F6B833009304AA5023012132
S315000106E0BD2088E74022002108A806F09DFC2B8842
S315000106F0ADF81130AB788DF813300323059304223E
S3150001070024238DF818308DF8192017238DF81A3007
S315000107108DF81D3064238DF81E300B2334218DF89E
S315000107201F301E238DF81B108DF81C208DF82030EC
S31500010730CDE75B4D8CB9452221460DF11B0006F034
S3150001074073FC2B88ADF81130AB788DF8133001238B
S3150001075005938DF818300E23B4E74022002108A82E
S3150001076006F062FC2B88ADF81130AB788DF81330AA
S3150001077003230593042224238DF818308DF81920BC
S315000107801423C3E7474DA4B9452221460DF11B00A9
S3150001079006F04AFC2B88ADF81130AB788DF8133092
S315000107A0012305938DF818300D238DF81930172381
S315000107B08BE72B88ADF81130AB788DF813303A4BB7
S315000107C03A490422CDE90523394B3C22CDE90713E9
S315000107D009A8002106F028FC79E7364D8CB9452297
S315000107E021460DF11B0006F01FFC2B88ADF81130D8
S315000107F0AB788DF81330012305938DF818300D234E
S3150001080012E7392200210DF1270006F00DFC2B8895
S31500010810ADF811301022AB788DF813308DF81A200F
S315000108202423342205218DF818308DF81B2004234A
S315000108301722642005918DF819308DF81C308DF83A
S315000108401D208DF81E008DF81F1015E71A4D452243
S31500010850002C3FF427AF00210DF11B0006F0E4FB4D
S315000108602B88ADF81130AB788DF813300223059340
S3150001087024238DF8183009238DF8193014238DF8A7
S315000108801A3095238DF8243005238DF82530212340
S3150001089002E70F20B3E600BF35FF200839FF200825
S315000108A03DFF200841FF2008240417340414640B7B
S315000108B01495051745FF200849FF20087FB5032831
S315000108C04FF000030A46059312D8012101FA00F000
S315000108D0CDE9013347F294530490ADF81420009307
S315000108E004AA0823EA20FFF7BFFD07B05DF804FB61
S315000108F02120FAE730B5002387B0CDE9013340F670
S31500010900B83300930123044600F108021946112069
S31500010910FFF7AAFD70B9A389062B0DD1002340F676
S31500010920B8320092CDE901331A4601211220FFF7B0
S315000109309BFD50B307B030BD214D29884FF6FF739B
S3150001094099421CD169884FF6FF73994204D0002061
S31500010950FFF7B4FF0028EDD1A9884FF6FF7399423E
S3150001096004D00220FFF7AAFF0028E3D1E988002975
S31500010970D4D00320FFF7A2FF0028CFD0DAE7012069
S31500010980FFF79CFF0028DDD0D4E7627A082A0FD151
S315000109900C4B186805900023CDE9013340F6B833B6
S315000109A0009305AA04230121BE20FFF75DFDC1E7DF
S315000109B0217AA089FFF7D8FD0028E9D0BAE700BF60
S315000109C062080000CCFF20082DE9F0438BB000231C
S315000109D0CDE904330693C38990F80080012B0546BF
S315000109E000F016818289007A8E4F8F4E062A14BF37
S315000109F00123022301280CBF43F0080343F004033B
S31500010A003B708A4B196033786BB1894B1B88092B74
S31500010A1040F00081092A00F0E4804FF43664204654
S31500010A200BB0BDE8F083834840F2DC5106F070FA62
S31500010A3040F2DC53984200F2EF806A697E4B134024
S31500010A40002B40F0EB807D4805F0F0F804460028C5
S31500010A50E5D17B4B04937B4B059304A82B788DF84A
S31500010A60183006F031FA04460028D8D105F0AEFB5D
S31500010A7004460028D3D105F00BFF04460028CED149
S31500010A8000F044F904460028C9D1DFF8D09199F85D
S31500010A900030002B00F0A780404606F095FA044688
S31500010AA00028BCD1002389F8003005F01BF9044663
S31500010AB00028B4D106F0BCFA05F0B0FA50B141F203
S31500010AC08831202005F0D4FE830640F1A980204616
S31500010AD005F09EFA002140F6B8330093CDE90111E5
S31500010AE0282305F10C021020FFF7BEFC044600285E
S31500010AF095D1554B2A691A60EB890C3B9BB2012BA8
S31500010B0001D806F025FA0023CDE9013347F29453C3
S31500010B10009305F1340203230121C720FFF7A4FC4A
S31500010B20044600287FF47BAF484B93E80700EB8926
S31500010B3007AC84E8070033B9AB69454A1A421CBFC2
S31500010B4001238DF81C30AB89082B51D10023099361
S31500010B50002142F2107300932246CDE901110C23C4
S31500010B60C820FFF781FC044600287FF458AFE88CC3
S31500010B7080F0010000F0010005F044FA686AC0F354
S31500010B80033006F09DF96968002935D1EB890C2BF4
S31500010B9006D02846FFF7AEFE044600287FF43FAF95
S31500010BA0AB692C4A002B03DAEB6903F0C0431360EF
S31500010BB0106808B106F094F901231D4A3370AB8918
S31500010BC0138023F0020212B1083B012B04D82B7AC1
S31500010BD0CBB9214B01221A70E88905F025FAFFF7F6
S31500010BE035FA00241BE706F077F900F09DF85CE77B
S31500010BF0072BADD13323AAE7387806F095F90446D9
S31500010C000028C3D00BE7012B04BF134A9370E3E717
S31500010C100F2404E7122402E7012400E70E24FEE66E
S31500010C205924FCE65F7701005E77010060770100D9
S31500010C30600800003171010028000200C0FF200891
S31500010C4035AC200839AC200850770100D0FF2008C8
S31500010C501000000154770100597701005E08000079
S31500010C60042913B50CD833B10023CDE90033FFF7BE
S31500010C702FFB02B010BD02B0BDE81040FFF740BA2D
S31500010C802720F6E770B51F4A86B01278002304467E
S31500010C900593002A33D018B92225284606B070BD1F
S31500010CA005AACDE90132184A009201211A46E0202F
S31500010CB0FFF7DAFB059E0546D8B9024601463046DE
S31500010CC004F0F0FF0028E7D00288A2B1027C22706E
S31500010CD0427C6270827CA270C27CE270027D2271CB
S31500010CE0427D6271827DA271C27D037E134323819F
S31500010CF001E0002ED1D0304604F0E0FFCDE711250A
S31500010D00CBE700BF5E770100E803004010B5054B55
S31500010D1000244FF48070C3E90044FFF7A5F820468C
S31500010D2010BD00BF286F010013B50023ADF80630D2
S31500010D30184BD3F86C4114F0020427D116484FF42E
S31500010D407A734FF4CA62012104F07CFF30B1134A71
S31500010D5013491448522306F04BF900BE0E4B0DF110
S31500010D6006021868002104F09DFF0F4B102200F5C2
S31500010D70A000186010449A8098604FF4C86202205F
S31500010D809A81FFF76BF8204602B010BD6FF001049F
S31500010D90F9E700BF00800046246F010002FA20082F
S31500010DA0ECF8200885F92008306F0100014601485A
S31500010DB005F097BA286F010008B5074B00F5A000AA
S31500010DC0186001F5A0011020988099609A81FFF7BB
S31500010DD035F8002008BD00BF406F010008B50220AC
S31500010DE0FFF742F8FFF7A0FFBDE80840022006F032
S31500010DF003B90000064B38B9064AD269D20703D4B3
S31500010E005A6B12F4204FFBD1034A5A63704700BF55
S31500010E100000054100000812406F0100014B024A23
S31500010E20DA65704700000541306F010008B50A4ACE
S31500010E30D2F874311B07FBD5084A09490948CA2368
S31500010E4006F0D6F8642003F059FB074B074A5A63AC
S31500010E50074ADA6508BD00BF00800046DCF92008B4
S31500010E60ECF82008B7F9200800000541406F0100A1
S31500010E70306F010038B5234B0222C3F88420BFF33B
S31500010E804F8FBFF36F8F204BD3F80028D30735D48C
S31500010E9001231946202B01D11C4606E001FA03F471
S31500010EA0144203F1010027D0DCB2184B03EB041303
S31500010EB09A68C2F38162032A22D09B689B0F032B97
S31500010EC01ED0134B142202FB0433D3E90253ED1A4D
S31500010ED018BF01250F4B0E4ADB680C49DB690E482A
S31500010EE098472DB1084A01235169A3400B43536129
S31500010EF0044B02225A6038BD0346CBE70024D4E7EF
S31500010F000025E7E700E100E00000034400FC0200E1
S31500010F10D062010000013000B005000038B5244B55
S31500010F204FF48062C3F88020BFF34F8FBFF36F8FFA
S31500010F30204BD3F80028D30736D4012319460C2BAE
S31500010F4001D11C4606E001FA03F4144203F1010043
S31500010F5028D0DCB2184B03EB04139A68C2F3816202
S31500010F60032A23D09B689B0F032B1FD0134B1422FC
S31500010F7002FB0433D3E90253ED1A18BF0125104BC6
S31500010F800E4ADB680C49DB690E4898472DB1094AC0
S31500010F9001235169A3400B435361054B4FF4806212
S31500010FA01A6038BD0346CAE70024D3E70025E6E701
S31500010FB000E100E000800724001C0624E061010036
S31500010FC000013000A405000030B50E4C41612368D4
S31500010FD08BB9206083600DE0891A9A6841611D46CC
S31500010FE06AB113465A698A42F6D935B1A860521ACE
S31500010FF083605A6130BD0025F4E72060F7E7986009
S315000110008260F7E7FC84000038B500F03FFA094C2E
S31500011010094B1A6823680025C31A2AB123B15169FD
S31500011020994203D3C91A5161206038BD55615B1AD3
S315000110309268F2E7F8840000FC84000038B5154D8B
S315000110402B682BB35B69A3B1134A146802201C44B5
S3150001105000F026FA204600F02DFA10492A680023EE
S315000110600B7022B1D08880070AD501230B700020AE
S3150001107038BD022000F014FA022000F06FFAECE706
S315000110809268002AF3D050690344012BEAD9EEE7AE
S315000110902220EDE7FC840000F8840000F4840000BF
S315000110A070B516469DF814200271049A0260C0E9D3
S315000110B003360022BDF81830826004460D46C3800F
S315000110C0EEB900F0E3F92844A0619DB12E4605F082
S315000110D057FF0546FFF798FF31462046FFF774FF95
S315000110E0104B1B68A34201D1FFF7A8FF284605F064
S315000110F01FFF02E0E36865617BB9002070BD00F067
S31500011100C5F93044A061002DE0D1E3686561002B8B
S31500011110DDD0216820469847D9E7216820469847BF
S31500011120EBE700BFFC8400000D490B6898B1002273
S315000111309BB1834203D1836822B90B6003E01A464F
S315000111409B68F5E7936083681BB15A6941690A4454
S315000111505A6100207047222070470220704700BF65
S31500011160FC84000070B5154E05F01AFF347805466B
S31500011170FCB9134B1C60134B1C60134B1C6000F035
S315000111803FF9012000F08CF900F010FA0F4B0246EE
S31500011190186020B9284605F08FFE232070BD23462E
S315000111A00B4840F2E73105F0B7FE0A4B1860012300
S315000111B03370284605F080FE0020EFE7F584000035
S315000111C0FC840000F884000004850000008500000E
S315000111D018FCFFFFF084000038B5044618B305F08B
S315000111E0CFFE0546FFF710FF104B1868A04209D045
S315000111F02046FFF799FF044680B1284605F098FE80
S31500011200204638BDFFF790FF04460028F5D1FFF7C9
S3150001121015FF222802D1022000F08AF9284605F09E
S3150001122087FE0024ECE72224EAE700BFFC840000E5
S3150001123038B50C460546A8B1A1B100230B7005F0DF
S31500011240AFFE094B1B68012133B905F035FE0020BD
S3150001125038BD9D4204D121702278002AF9D0F4E7E5
S315000112609B68F1E72220F3E7FC840000F0B587B024
S315000112701F4600230D4616468DF817300446A8B1C1
S31500011280C3610DF11701FFF7D3FF9DF817207AB956
S31500011290BDF8343002939DF830302946CDE900730C
S315000112A020463346FFF7FCFE07B0F0BD2220FBE7E0
S315000112B00320F9E738B505F073FE054600F0E6F8B8
S315000112C00446284605F0F8FD204638BD014B18684E
S315000112D0704700BF00850000C2072DE9F8430446A8
S315000112E007D5444A136801331360FFF78DFEFFF7F4
S315000112F0A5FEA3077CD505F053FE0546FFF784FE40
S315000113004FF000083C4F46463C680CB16369A3B1F7
S315000113103A4B0022012E1A7003D118F0020F18BFA2
S315000113201E70FFF78BFE222802D1022000F000F981
S315000113302846BDE8F84305F0BFBD23465A693AB9C8
S315000113401A792179914288BF1C469B68002BF5D1F9
S31500011350284605F0B1FD2569DDB100F097F8A269CF
S31500011360A0EB02084FEAE873A84573F1000311DB0D
S3150001137023691344A361E36813B1216820469847A2
S31500011380B4F8068005F00CFE01360546FFF73CFE73
S31500011390BAE7A84605F004FE81462046FFF7C4FEDB
S315000113A0484605F089FD2369002BE4D0A38BB5EBF4
S315000113B0080533B1E28B13449BB2B3F57A7F0FD2A2
S315000113C0E38305F0EDFD294680462046FFF7FCFD47
S315000113D0A36922691344A361404605F06DFDCAE77E
S315000113E0A3F57A73E383A369013B013DA361E8E7B2
S315000113F0BDE8F88304850000FC840000ED8400004C
S3150001140010B5002486B0012321460820ADF8083026
S315000114108DF80430CDE903448DF800408DF80A407B
S31500011420059400F0D5F8684600F0FCF801AB02A976
S31500011430204603938DF8084000F00CF90F21204651
S3150001144000F054F90F21204600F05EF900F0D0F8C3
S315000114500B4B9C61DA695207FCD40A4A4FF480614E
S315000114605160094A4FF480011160182182F8161360
S3150001147001221A61DA69002AFCD106B010BD00BF4B
S31500011480008C04240000081200E100E0014B986979
S31500011490704700BF008C04240021084600F050B9B3
S315000114A000F00101830748BF41F00201002000F06E
S315000114B00FB900002DE9F041044605F061FD1A4D12
S315000114C00746D5F81880FFF7E7FF0646002000F02B
S315000114D029F9830705D4A6EB0803042B01D8464551
S315000114E014D1A969B4F1FF3F28BF0134C1F1030347
S315000114F02344072B98BFCC1C00210846621E00F02E
S3150001150039F90220FFF7CCFF00F052F9384605F011
S315000115100FFD064A13782BB1AB6C43F00103AB64A4
S3150001152000231370BDE8F081008C042489060000B5
S31500011530830700F0010109D5064B01221A70064AFC
S31500011540936C23F0010341F002019364002000F043
S31500011550CDB800BF89060000008C0424830742BF72
S31500011560024B0222C3F84021704700BF008C0424BD
S3150001157038B500F02BF905F013FD0446002000F004
S31500011580D1F8830700F0010548BF45F0020500F0D8
S315000115900301002000F0B8F82846FFF79DFE20461B
S315000115A005F08AFCBDE8384000F002B94FF400406E
S315000115B070470000054B9A689107FCD45A68920758
S315000115C0F9D4DA69002AF6D1704700BF008C0424E9
S315000115D0064B1A6A61F397421A621A6A60F34C2241
S315000115E01A621A6A9204FCD5704700BF008004246F
S315000115F0024B0122C3F80421704700BF008C04246A
S31500011600074B5A68012A0AD102221A61DA6992073E
S31500011610FCD40122C3F804229A60FFF7CBBF7047BE
S31500011620008C042410B5094CFFF7C4FF6368012B35
S3150001163003D1FFF7E5FFFFF7BDFF054A936843F4C2
S31500011640803393600378E36010BD00BF008C0424EF
S315000116500000304110B101281CD070474A680B7850
S3150001166012B1127843EAC2034A7843EA42038A680E
S3150001167012B1127843EA82138A7843EA8203CA686E
S3150001168012B1127843EA4223104A9364936D002BF8
S31500011690FCD170474A680B7812B1127843EAC2034B
S315000116A04A7843EA42038A6812B1127843EA8213FE
S315000116B08A7843EA8203CA6812B1127843EA42235E
S315000116C0024A9366936F002BFCD17047008C042469
S315000116D010B1012804D07047034BC3F84411704779
S315000116E0014BC3F864117047008C042410B1012822
S315000116F004D07047034BC3F844127047014BC3F83B
S3150001170064127047008C042410B1012804D070477C
S31500011710034BC3F840127047014BC3F86012704780
S31500011720008C042418B1012804D000207047034B13
S31500011730186C7047014B186E704700BF008C04246B
S3150001174018B101280BD00020704711B1012903D02F
S315000117507047074BD86C7047054B186D704721B120
S315000117600129F0D1024B186F7047014BD86E7047B3
S31500011770008C042410B101280CD070470B4B29B101
S31500011780012905D09A6D002AFCD17047DA64F9E780
S315000117901A65F7E7054B29B1012905D09A6F002A89
S315000117A0FCD17047DA66F9E71A67F7E7008C04247B
S315000117B0044B4FF480625A60034B4FF480021A6067
S315000117C0704700BF0000081200E100E0094B4FF42A
S315000117D08002C3F88020BFF34F8FBFF36F8F064B94
S315000117E04FF480629A601A60044AD36B43F48063B3
S315000117F0D363704700E100E0000008120081042471
S3150001180013B50446FFF756FD194BDFED1A6A1B683F
S31500011810194A9C4228BF1C4607EE904AB8EE677AE1
S31500011820164B1278C7EE267A93ED007AB8EE477A10
S3150001183067EE877AFCEEE77A17EE903A1AB1104A0C
S3150001184012689B1A603B0F4A1168421A9A423EBFC0
S315000118500131091AC9184FF00003CDE900330A4ACC
S315000118600A4828BF0121FFF701FD02B010BD00BFE4
S315000118701078010000007A4414780100E477010031
S31500011880DC77010018780100D9240000E87701000F
S315000118902DE9F041FFF70EFD0546EFF311874FF0F5
S315000118A0140383F31188BFF36F8FBFF34F8F154B6B
S315000118B01C78B4B9144EDFF854803368D8F8002088
S315000118C0EB1A934211D24CB14FF0E0234FF0805204
S315000118D0C3F8042DBFF34F8FBFF36F8F0120FFF7BE
S315000118E08FFF87F31188BDE8F08103F063FB33684E
S315000118F0D8F800202043134414BF01240024336088
S31500011900DBE700BF14780100187801001C7801009C
S31500011910154B002210B5DA77FFF7D8FC4FF47A732E
S3150001192000F2E732B2FBF3F2104B1A604FF0FF33CD
S31500011930B3FBF2F30E4A04460A3B1360FFF7BAFC07
S31500011940B4F5004F06D0B4F5FA4F14BF4FF4FA447C
S315000119504FF40044074B1860074B01201C60BDE89B
S315000119601040FFF74DBF00BF00ED00E01C780100FD
S315000119701078010018780100E47701007047000033
S3150001198070B5FFF797FC1A4A1A4B1168D3ED006A36
S315000119909FED196A194D1A4E401A07EE900AF8EE94
S315000119A0666AB8EE677A3068C7EE267A67EE867A97
S315000119B0FCEEE77AB8EE677A17EE904A27EE267ABA
S315000119C0C7EE067AFCEEE77A17EE903A0B441360FF
S315000119D02B681A19824206D2204603F0D3FA2B68E5
S315000119E01C442C6070BDC01A03F0CCFA3468F8E7C9
S315000119F018780100E477010000007A4408780100B4
S31500011A000C7801002DE9F041044672B6BFF34F8F01
S31500011A10BFF36F8F03F0DAFD10B962B6BDE8F0814E
S31500011A2005F0CAFA0028F8D00220FFF781FD62B658
S31500011A30254DDFF8B480AB69C8F8003005F094FA9B
S31500011A40224BDB691A0704D404F044FF08B1FEF700
S31500011A50C3FA1F4F1F4801263E70FFF7BDFBAB6956
S31500011A60D8F800209B1A1C4A13606FF00F03EB6431
S31500011A702046FFF7C5FE72B6BFF34F8FBFF36F8FD8
S31500011A802046FFF77BFF154B1C60154B00241C609D
S31500011A9005F00EFAFFF774FF3C7062B60D48FFF7CA
S31500011AA09BFB3046FFF7ACFE084BDB691B07B5D441
S31500011AB00C4B186808B105F013FAFEF767FABDE892
S31500011AC0F04105F09DBA00BF008C04240000081205
S31500011AD014780100E8770100DC7701000C78010039
S31500011AE00878010054770100E0770100024B0146B6
S31500011AF0186802F039BD00BF2071010070B5234D91
S31500011B002B7886B00446002B32D1204605A904F075
S31500011B10E8FB0446002831D102460146059804F047
S31500011B20C1F843780688014643F0500343703246B4
S31500011B301031FFF741F938B1154A1649164840F2F6
S31500011B405B6305F055FA00BE05230022CDE900329C
S31500011B5010490F4A1148029640F25F6305F048FAB0
S31500011B602B780BB1FEF712FA059804F0A7F809E0F5
S31500011B70FEF7FCF90028C8D0072403E02B780BB147
S31500011B80FEF704FA204606B070BD00BFCE6F010015
S31500011B9065012108DCFF2008780021089900210849
S31500011BA02DE9F047DFF8248198F8003086B0044625
S31500011BB00F469146002B73D105A9204604F091FBEF
S31500011BC00646002873D102460146059804F06AF8D4
S31500011BD0314605463246006804F064F829794378AF
S31500011BE0B0F800A043EA0113437043880646FBB1EF
S31500011BF0AA79100744BF012089F80000D00610D445
S31500011C00012084F821002868407A84F8241084F899
S31500011C1032202A69A2636A696263EA68208663845C
S31500011C20E263B02B01D04D2B02D1012004F03EFE20
S31500011C30524606F110013046FFF7BEF8B3781C2B69
S31500011C40814601D1FFF7F2F8B9F1000F07D01B4A1F
S31500011C501B491C4840F2236305F0CAF900BECDF8C2
S31500011C6008A0738801932B790093144A14491648E6
S31500011C7040F2276305F0BCF998F800300BB1FEF786
S31500011C8085F9032F02D1304605F022F9286804F0C0
S31500011C9015F8059804F012F8E36A0133E36203E0EC
S31500011CA0FEF764F9002887D006B0BDE8F08798F8FA
S31500011CB00030002BF8D0FEF769F9F5E77A01210823
S31500011CC0DCFF20087800210899002108CE6F010069
S31500011CD0F7B51D46002304460F4616460193ADF897
S31500011CE0023018224FF47A73012101A803F0AAFFEA
S31500011CF030B10F4A0F491048B12305F079F900BEFA
S31500011D00019838600DF10202002103F0CBFF68B1A2
S31500011D10019B5E72089BC360BDF8243003810423D6
S31500011D20857103712060002003B0F0BD0E20FBE732
S31500011D309B012108DCFF200885F92008F0B5002564
S31500011D4087B0174606462A4608462946039503F0F4
S31500011D50A9FFCDE9005704462B462A4603A904A844
S31500011D60FFF7B6FF70B92288059010324FF47A73E7
S31500011D70012105A803F066FF039D024620B128460E
S31500011D8003F09CFF07B0F0BD0146059803F08AFFFA
S31500011D90DDE904321A602288DE601032214605F040
S31500011DA0F3F82946034804F097FA0420FFF79EFE4C
S31500011DB0E8E700BF6C700100002070472DE9F7438A
S31500011DC00023019358484FF0FF3300680022362163
S31500011DD002F030FC0446A00706D5DFF85C814046D8
S31500011DE004F040FD002839D1610705D54F4F38462B
S31500011DF004F038FD00285DD1E20605D54C4F384682
S31500011E0004F030FD002872D1A306DBD5494D00242C
S31500011E1055F8040BF0B101A900F5EA7004F061FA76
S31500011E200246B8B955F8043CD3F874317BB1014682
S31500011E30019803F037FF018B55F8043C4269D3F84A
S31500011E407461103100F1100301442046B047019836
S31500011E5003F034FF0134142CDAD1B3E701A940466B
S31500011E6004F03FFA02460028B9D10146DFF8CC90CA
S31500011E70019803F017FFD9F8003081890546ABB107
S31500011E80807804F0D7F86B88AF2B07460E4602D14F
S31500011E90284603F03FFF002E08BFB7F1FF3F019A26
S31500011EA004D0D9F80030384631469847019803F0F6
S31500011EB005FF94E701A9384604F013FA0546002800
S31500011EC095D102460146019803F0ECFE2A460646E4
S31500011ED02946006803F0E6FE0146304605F07CF827
S31500011EE0306803F0EBFE019803F0E8FE7FE701A9F5
S31500011EF0384604F0F6F90546002880D10246014627
S31500011F00019803F0CFFE2A4606462946006803F0EB
S31500011F10C9FE0146304605F05FF8306803F0CEFE93
S31500011F20019803F0CBFE6AE7207101006C70010095
S31500011F30EC700100786F01002C70010060770100E0
S31500011F4007B568B9ADF806000DF10600FEF706F80B
S31500011F50BDF80630DB0707D54FF4807005F04CF865
S31500011F60002003B05DF804FB0120FAE72DE9F04FEC
S31500011F70002699B0B04C07963C22314609A88DF847
S31500011F801160ADF81660DFF8F0A205F04DF80123F7
S31500011F9084F8203084F8603084F8A03084F8E0308A
S31500011FA084F82031A54B1B6806F480612BB9A44B3C
S31500011FB01A78DAF80030934366D0002977D1BDF854
S31500011FC0163013F0010F18BF0A219E4804F050FC89
S31500011FD00643700540F1BC8608A8FEF7E7FE002817
S31500011FE040F0B686DFF894B29BF800300BB1FDF7EE
S31500011FF0CDFF954B1B680BB926F48066089805AA98
S31500012000002103F04FFE458890F801908789B02D95
S3150001201080464FEA191901D04D2D02D1002004F056
S3150001202045FCB8F80030894A89498A4823F4704347
S31500012030CDE90273CDE9009540F2D51304F0D8FF3E
S31500012040B9F1040F37D0B9F1050F00F01186B9F1D6
S31500012050020F66D17D4A7E497F484FF4AA6304F098
S31500012060C7FFD4F8E8300133C4F8E830B4F8E230F9
S31500012070AB4208BF0023404604BF84F8E130A4F810
S31500012080E23004F0CDFF4CE0744B1A68744B1B68C8
S31500012090934392D1734B1B68002B8ED149B9BDF87E
S315000120A0163013F0010F08BF4FF0FF318BE7002107
S315000120B08BE7194689E798F80130892D03F00F035C
S315000120C088F8013000F28C81612D00F2D980432D10
S315000120D01ED9A5F1440292B20123934013F4ED6F88
S315000120E000F02681A36E0133A366B4F86230AB42D9
S315000120F002D1002384F86130192D00F06283C32DCB
S3150001210040F0ED820899E06F3A46FFF717FEF4E2D8
S31500012110282D00F22C81A5F10C0292B21A2A40F266
S315000121203881089803F0CAFD7AE2A5F1C90292B294
S31500012130012393404C4A1A40002AD3D14B4A1A40F4
S31500012140002A40F06A81CD2DEBD1FDF71FFFA36A6E
S3150001215008980133A362638CAB4201BF0023C4E933
S315000121600D3384F82130638403F0A8FD202004F0A8
S31500012170ABF855E2A5F1BA039BB2012101FA03F3CB
S3150001218042F208321342ADD144F20102134240F049
S31500012190F381BE2DC5D1A36E94F872200133D20707
S315000121A0A366B4F862303CD5BE2BBAD118224FF4DF
S315000121B07A730DEB020003F045FD38B1234A244939
S315000121C02B4840F2213304F013FF00BE0DF1120239
S315000121D00021069803F066FD4FF482738380642F15
S315000121E0E36FC36008BF0027078194F872308371DB
S315000121F0089A94F870305372069A5372002303605A
S31500012200606F04F055F8A36F984200F27683069941
S31500012210184804F061F8402004F056F80023C4E998
S315000122201D33B4F86230BE2B7FF47BAF002384F8F4
S315000122306130A4F8623074E7DC6F01007077010049
S31500012240647701001F7C2000286F01008A012108A4
S31500012250DCFF2008DB002108450121086877010021
S31500012260787701006C770100430088000C000400B8
S3150001227085F920082470010074770100CE6F0100F2
S31500012280A5F16203272B3FF64CAF01A252F823F0CA
S31500012290892F00002F3300006B2D00002F33000023
S315000122A06B2D00006B2D00002F3300006B2D0000FD
S315000122B085340000892F0000892F00002F3300008C
S315000122C0633000002F3300002F3300002F3300004E
S315000122D02F3300002F330000892F00006B2D0000E3
S315000122E0C13100006B2D00006B2D00006B2D00002D
S315000122F02F3300002F3300002F3300006B2D000019
S315000123006B2D00006B2D00006B2D00002F3300009C
S315000123106B2D00006B2D00006B2D00006B2D000056
S315000123206B2D00006B2D00006B2D0000972D00001A
S31500012330784A1A40002A70D1612D7FF4F2AE6C25DD
S31500012340404604F029FEB8F80230612B04BF6C2325
S31500012350A8F80230B8F80230422B40F06783B8F98A
S31500012360122000214FF0FF3004F09AFD69E3A5F138
S31500012370290292B201239340674A1A40002A7FF448
S31500012380B1AE13F0C06FDBD1644A13423FF4C9AE5C
S3150001239043E001239340624A1A40002A40F000823A
S315000123A0604A1A40002A40F0E7805F4A13423FF430
S315000123B0B8AE638CAB4240F0DF80152D07D137B93B
S315000123C009A803F001FE9DF824308BF800309BF834
S315000123D000300BB1FDF7DAFD00238DF81130CBE0AB
S315000123E0C82D00F2AF80B92D3FF6C4AEA52D6ED82B
S315000123F08A2D3FF496AEA5F18B0292B2012393404A
S315000124004A4A1A40002A7FF46DAE494A1A40002A08
S3150001241040F0B280A12D7FF484AED4F8A830182202
S315000124200133C4F8A83001214FF47A730DEB020091
S3150001243003F008FC38B13F4A3F49404840F2763341
S3150001244004F0D6FD00BE0DF112020698002103F03C
S3150001245029FC4FF401728280B4F8A2200781AA42B6
S315000124600346DDF818C0089805D0A12D40F0498231
S31500012470902A40F04682D4F8BC10D96094F8B21084
S31500012480997194F8B0108CF80910F02D417218600A
S3150001249000F03B82CB2D40F03B824BF6F1318F426F
S315000124A040F03682CB2A40F09A82002384F8A1308C
S315000124B0A4F8A23094F8B230002B40F05B82069962
S315000124C01F4803F009FF0420FFF710FBA8E0A5F160
S315000124D0A7039AB20A2A3FF624AE0A2B3FF621AE8B
S315000124E001A252F823F000BF892F00006B2D0000D6
S315000124F06B2D000063300000713800006B2D000069
S315000125006B2D00001333000013330000C1310000AE
S3150001251063300000010002006060D200010000018A
S31500012520E039020101800004100201000F4080041D
S31500012530800020008A012108DCFF200885F9200897
S315000125406C700100E02D7FF6F0ADA5F1E40292B2C8
S315000125501B2A3FF6E6AD01239340AD4A1A40002AF5
S315000125607FF4C0AD41F6010213427FF456AF44F247
S31500012570200213423FF4D5ADA36A0133A36294F856
S315000125803230D90740F19D80638CAB4240F099808F
S3150001259018224FF47A7301210DEB020003F052FB6E
S315000125A038B19C4A9C499D4840F2162304F020FD0F
S315000125B000BE06980DF11202002103F073FB94F898
S315000125C0323013F0020380466BD0089B036004236C
S315000125D0A8F80430E36BA8F80870C8F80C3094F832
S315000125E0323088F80630089A94F830305372069AD9
S315000125F05372606B03F05CFEA36B984256D8884811
S315000126000699FDF75FFD202003F05EFE0023C4E975
S315000126100D33638CAB4203D1002384F821306384EC
S31500012620FEF7DCFBF50618D07E4FDFF8FCB100257E
S315000126304FF0010909FA05F3334209D097F8212031
S31500012640002A00F08883DBF800201343CBF8003022
S315000126500135052D07F14007ECD1734B1A68DAF8FD
S315000126600030934300F0BA83704FDFF8CCB10025F8
S315000126704FF0010957F8043B7BB1D3F88C2162B1C5
S3150001268093F8AD3109FA05F2002B00F095839BF81A
S3150001269000301343DBB28BF800300135142DE9D13C
S315000126A098E30360089803F009FB90E7069803F0A6
S315000126B005FB94F832309A07A8D5089803F0FEFA7C
S315000126C0A4E7089803F0FAFAA3E7A36E0133A36619
S315000126D0B4F86230AB4202D1002384F86130AE2DEA
S315000126E03FF410AD09E0A36E0133A366B4F862307E
S315000126F0AB4202D1002384F8613094F87230DB07D3
S315000127007DD5B4F86230AB4279D118224FF47A7391
S3150001271001210DEB020003F095FA38B13D4A3E491D
S315000127203E484FF42A7304F063FC00BE06980DF18F
S315000127301202002103F0B6FA94F8723013F0020384
S3150001274080464CD0089B03604FF48273A8F804308E
S31500012750E36FA8F80870C8F80C3094F8723088F85E
S315000127600630069A94F870305372089A5372606F65
S3150001277003F09EFDA36F984236D806992C4803F0C4
S31500012780ABFD402003F0A0FD0023C4E91D33B4F8DE
S315000127906230AB427FF444AF0023A4F862303FE7D6
S315000127A0A36E0133A366B4F86230AB4204BF0022C4
S315000127B084F86120142D7FF49FAC142B0CD0002FCC
S315000127C09BD00899E06F3A46FFF7B8FA03F012FC7E
S315000127D000238BF8003090E7002F8ED0F6E70360D8
S315000127E0089803F06BFAAFE7069803F067FA94F8D6
S315000127F072309807C8D5089803F060FAC4E70899BB
S315000128000C4803F069FD0220FFF770F9BFE700BF2E
S3150001281040A001088A012108DCFF200885F920086B
S31500012820E46F0100DC6F010068770100786F010039
S31500012830247001002C70010064770100A36E01333E
S31500012840A36694F87230D9074BD5B4F862306A2B77
S3150001285047D118224FF47A7301210DEB020003F0E0
S31500012860F1F938B19F4AA049A04840F2EA2304F0A1
S31500012870BFFB00BE0DF112020021069803F012FA09
S315000128804FF482738380E36F0781C36094F87230DB
S315000128908371089A94F870305372069A5372002322
S315000128A00360606F03F004FDA36F984215D8069983
S315000128B08F4803F011FD402003F006FD0023089820
S315000128C0C4E91D3303F0FAF9B4F862306A2B7FF4D8
S315000128D0A7AE002384F861305FE7069803F0EEF9AE
S315000128E0ECE717B9834B01221A700899824803F065
S315000128F0F3FC0220FFF7FAF8E6E7069803F0DEF9A3
S315000129008CE40021D9609971BDE5CB2A3FF4CDADA8
S3150001291094F8B21011F0010F61D0AA4203D0902AA7
S315000129205DD1A12D5BD111F0020102D1196003F035
S31500012930C5F9D4F8B40003F0BBFCD4F8B83098421A
S3150001294042D806996D4803F0C7FC802003F0BCFC11
S315000129500023C4E92D33B4F8A230AB4247D0A12DF0
S315000129605BD1902B7FF45CAE002384F8A130A4F8F0
S31500012970A23055E64FF47A731822012107A803F015
S3150001298061F938B1574A584958484FF46A7304F007
S315000129902FFB00BE00221146079803F083F900259C
S315000129A04FF6F6730381056094F8B2308371079987
S315000129B0B4F8B0304B72514803F08EFC802003F01E
S315000129C083FCC4E92D552BE6069803F077F994F8B4
S315000129D0B2309B07BCD5089803F070F9B8E70699A1
S315000129E0474803F079FC0420FFF780F8B3E700239A
S315000129F0412D84F8A130A4F8A23014D1002F3FF460
S31500012A000FAE03F0F7FA00230899D4F8BC008BF84F
S31500012A1000303A46FFF792F951E5412D03D1412B9A
S31500012A203FF4FEADEAE7AA2DEBD0F9E56C2B4FF0AA
S31500012A30FF322AD1002104F033FAD0F8840104F0E0
S31500012A40BFFA814630B3742D27D0422D5CD0A72D15
S31500012A505AD000F5C678D8F828300133C8F828309E
S31500012A60D8F83830002B00F0B680D8F8340003F0DF
S31500012A701FFCD8F83830984240F2AD80089803F030
S31500012A801DF90023C8E90D33CAE5432B0CBF00210C
S31500012A90032169E4742D40F09B8018224FF47A7368
S31500012AA001210DEB020003F0CDF838B10D4A0E49B4
S31500012AB00E4840F2114304F09BFA00BE002106982D
S31500012AC00DF1120203F0EEF840F204438380089BF5
S31500012AD00360069907810023C3600A4803F0FCFBE3
S31500012AE01020F1E48A012108DCFF200885F920087D
S31500012AF024700100587701002C70010064700100F8
S31500012B006C700100EC700100D4F82831DFF8948272
S31500012B100133C4F82831D4F83831002BA5D1182255
S31500012B204FF47A7301210DEB020003F08BF838B1F3
S31500012B30994A9A499A4840F2394304F059FA00BE33
S31500012B400DF112020021069803F0ACF840F204429E
S31500012B508280B8F822100781A942034608BFD8F837
S31500012B603C20089808BFDA60186004BF98F8322044
S31500012B709A71069F0FBF98F830200022DA609A7189
S31500012B8042727A7298F83220D70745D5A94243D1C5
S31500012B9012F0020202D11A6003F090F8069908F1C8
S31500012BA0080003F099FB7F4B98452ED14FF4007036
S31500012BB003F08AFB0023C8E90D33B8F82230AB4293
S31500012BC07FF42EAD002388F82130A8F8223027E5BE
S31500012BD0DFF8D0813FE76B2DA1D1B8F822306B2BFE
S31500012BE09DD10899B9F8BC314B72002388F8213080
S31500012BF0A8F8223009F5EA7003F06EFBD9F808301F
S31500012C000120984004F078F90AE5D9F80830012046
S31500012C10984004F071F9CDE70699634803F05CFB2F
S31500012C201020FEF763FFC8E718224FF47A730121DB
S31500012C300DEB020003F006F838B1574A57495848D8
S31500012C4040F27F4304F0D4F900BE0DF112020021D7
S31500012C50069803F027F840F204418180089A069904
S31500012C60078100230260C360837153724B7234E79C
S31500012C7098F8013003F00F0388F80130002D49D18F
S31500012C80454A4649494840F2135304F0B1F94046D2
S31500012C9004F082F94FF0FF32032104F001F90546F1
S31500012CA000283FF4BDAC089BB0F8BC215A72D0F89D
S31500012CB0C00105F5EA77D0B9B5F8AE316B2B24D151
S31500012CC095F8AD31CBB195F8BE319B0715D50023EB
S31500012CD085F8AD310899384603F0FEFAAB68012054
S31500012CE0984004F009F90023C5E9703398E403F02C
S31500012CF0DFFAD5F8C4319842DED90899384603F08F
S31500012D00EBFA2020FEF7F2FEEDE7B8F802209A4230
S31500012D10F3D1D5E7012D05D108992846FFF74CF8DF
S31500012D20FFF7FFB9032D7FF47BACA36E089920480A
S31500012D300133A366B4F86230032B02BF0023C4E952
S31500012D401D3384F8613003F0C7FA0220FFF7BCBBDC
S31500012D5026F4806666E4DBF800209DF811006FEA30
S31500012D60030822EA0303CBF80030FFF7E9F800284D
S31500012D703FF473AC0DF11102E9B23846FEF710FFCC
S31500012D803B68002B7FF464AC0A4A136808EA030324
S31500012D9006EA080613605BE48A012108DCFF2008C5
S31500012DA085F92008DC700100EC7001003001210872
S31500012DB02C700100787701009BF800309DF8110016
S31500012DC023EA02036FEA02088BF80030FFF7B8F82E
S31500012DD000285DD1DAF80030002B71D030052FD5EF
S31500012DE001233B4D0027984655F8042B12B3D2F820
S31500012DF0CC21FAB19DF81100FFF7A2F800B355F8FE
S31500012E00040C00F5E670FEF779FE30B955F8042C8E
S31500012E1092F88931013B82F8893155F8043CD3F89F
S31500012E20CC3133B92B490B6808FA07F223EA0203BE
S31500012E300B6000230137142FD6D10BB126F400669F
S31500012E40B10414D50DF11600FDF788F8BDF816305A
S31500012E50DA0738D4204D2846FEF750FE2B6833B9E1
S31500012E601E4A136823F4005326F400561360B30276
S31500012E707FF598A81A4B4FF48001186826F40016BE
S31500012E8001F072FB01F012FB01F012FBFFF78AB8A9
S31500012E9057F8040C0DF11102042100F5C670FEF776
S31500012EA07FFE57F8043CD3F88C31002B7FF4F5AB49
S31500012EB0DAF8003008EA0303CAF80030FFF7EDBB81
S31500012EC026F480568AE74FF4807004F095F8CEE731
S31500012ED0786F010070770100D46F01006C770100F3
S31500012EE024710100EFF30882054B1A60EFF30982A2
S31500012EF0044B1A60EFF31482034B1A60704700BF4C
S31500012F00506001004C6001004860010001B402B448
S31500012F1004B408B410B420B440B480B44DF8048DA0
S31500012F204DF8049D4DF804AD4DF804BD4DF804CDA2
S31500012F3000B5024A6B46136030BF704764610100F9
S31500012F400B48D0F800D05DF804EB5DF804CB5DF8D2
S31500012F5004BB5DF804AB5DF8049B5DF8048B80BC93
S31500012F6040BC20BC10BC08BC04BC02BC01BC704700
S31500012F7064610100114AD2F8103623F48073C2F855
S31500012F8010360F4B596B41F001015963596B41F0F2
S31500012F90020159630423C2F8383482B000238DF844
S31500012FA007309DF80730092B01D902B0704700BFE1
S31500012FB09DF807300133DBB2F1E700BF008004243E
S31500012FC0008404242DE9F04F89B0002388466E4A17
S31500012FD06E4904938246059306938DF80F30049348
S31500012FE0049B022B40F3A9800023674A6849049396
S31500012FF0049BEF2B40F3AB800023664A664904939A
S31500013000049B0B2B40F3AD80644D654A6B68DFF87A
S31500013010B4B1644C13602B69CBF800302368990175
S3150001302006D42368DA0103D44FF4106003F068FF75
S31500013030EE6916F0080600F09F8001218DF80F1049
S315000130402368C3F340659B0100F194802368DF0187
S315000130500FD4554BD3F80455D3F8042522F4006256
S31500013060C3F804250591236843F0007305F4006550
S3150001307023602368DE0600F18280012306934B4B11
S315000130804FF460721E69D3F818905A61DA6103F041
S31500013090BFFFBAF1010F07D103F036FF03F04CFF72
S315000130A003F0B6FF03F050FF9DF80F3003F0FF0762
S315000130B01BBB2368D80120D518F0100F1DD03C4B3F
S315000130C03C4840221A60192103F06EFF39483946FF
S315000130D003F0EAFE3748012103F0AEFF36483A46CF
S315000130E0012103F099FF334803F062FF0790079B24
S315000130F02D2B02DD314803F073FF2B4AD2F8103530
S3150001310023F01C03C2F81035236A224B04221A61EC
S315000131109DF80F3003F0FF07002B5AD0284B5F694B
S3150001312008F00702C7F34307032A00F28D81DFE89F
S3150001313012F050004B00620165010498049B52F89D
S31500013140200041F82300049B0133049348E7049BC4
S315000131500498134493F800330B54049B01330493EE
S3150001316046E7049B049813441B7E0B54049B0133CE
S31500013170049345E700257CE73546B14687E74FF0DE
S3150001318000094E4683E700BF00E100E050610100FF
S315000131906060010000ED00E05460010000000812CB
S315000131A0686101000081042400A005240084042430
S315000131B0008004240085042400820424D87F0000B2
S315000131C000140424446001005A69022161F3440297
S315000131D05A61012003F08CFEFFF784FE9B4BD3F866
S315000131E07C210092D3F86C2101920822C3F8702148
S315000131F0974BD3F8102642F48072C3F81026D3F801
S315000132001036BAF1000F40F0FC80FFF77FFE72B670
S31500013210BFF34F8FBFF36F8F9DF80F300BBB8B4BF7
S31500013220D3F86C2111071CD4D3F87421120709D4E1
S31500013230D3F8742142F00102C3F87421D3F8742142
S315000132401007FBD5814BD3F88021110706D4102234
S31500013250C3F86C21D3F880211207FBD50822C3F8E5
S315000132606C217C4B1B6883F31488BFF36F8F7A4BF9
S315000132701B6883F30988794B1B6883F308889DF8DB
S315000132800F3023B1764B5A6967F344025A61FFF74F
S3150001329071FE9DF80F3053B9724945F65A230A68F3
S315000132A09A42FCD10120FDF7A5FDFDF7B7FD6E4B56
S315000132B03E229A60DBF800201A61002003F018FE16
S315000132C06A4B1A6822F00F021A601A6842F001026C
S315000132D01A6003F52043D3F810359DF80F3013B16A
S315000132E02368DB0126D418F0100F23D0584B604811
S315000132F040221A60192103F057FE5D48002103F0B0
S31500013300D3FD5B48012103F097FE5A4800220121B3
S3150001331003F082FE564803F04BFE0790079B2D2BC8
S3150001332008DD554803F05CFE544803F059FE544845
S3150001333003F056FE534BD3F80427C3F80425D3F8FC
S315000133400027C3F80025D3F8102542F01002C3F870
S3150001335010259DF80F300BB103F056FE4A4AD2F8FC
S315000133603C3443F00103C2F83C34059B2BB123687E
S3150001337023F00073236000230593069A434B22B181
S3150001338000221E61C3F81890069235B13D49D1F865
S31500013390042542F40062C1F804254FF400329A6014
S315000133A003F0BEFD3A4B3B4A9A603B4B2E4A1B68E3
S315000133B03A49DB435360009B244ADB43C2F87C3124
S315000133C0019BC2F86C310023354A0493049BEF2B11
S315000133D01DDD0023334A2E490493049B0B2B20DD6C
S315000133E00023314A2D490493049B022B22DD002040
S315000133F009B0BDE8F08F5A690321E7E65A6905214C
S31500013400E4E6236823F0B803236030BFFFE604989F
S31500013410049B105C0B4483F80003049B0133049363
S31500013420D4E70498049B105C0B441876049B013383
S315000134300493D2E70498049B52F8200041F8230034
S31500013440049B01330493CFE70120D1E700800046B6
S3150001345000800424486001004C60010050600100B6
S315000134600014042400001F080000081200000524AF
S31500013470008504240082042418800000007D0000D9
S315000134800480000000A00524001004240084042404
S3150001349000ED00E0000400006861010000E100E0C9
S315000134A060600100546001005061010013B50446DB
S315000134B040B94FF0140383F31188BFF36F8FBFF345
S315000134C04F8FFEE720230193019B202B08D04FF05D
S315000134D0140383F31188BFF36F8FBFF34F8FFEE79A
S315000134E0002340F8043B00F038F9012320462377F6
S315000134F002B010BD38B5202003F0FAFB044628B10E
S31500013500002540F8045B00F028F92577204638BDF0
S315000135102DE9F843DDF820900C46174698460646F5
S3150001352040B94FF0140383F31188BFF36F8FBFF3D4
S315000135304F8FFEE7B1F1807F08D34FF0140383F379
S315000135401188BFF36F8FBFF34F8FFEE741B94FF07D
S31500013550140383F31188BFF36F8FBFF34F8FFEE719
S3150001356002F072F8D0B9B9F1000F08D04FF0140388
S3150001357083F31188BFF36F8FBFF34F8FFEE701F01F
S31500013580EBFC356804EA0503B8F1000F32D09C4222
S3150001359032D18FB325EA040434602DE001F0DCFC5E
S315000135A0356804EA0503B8F1000F2AD1002BF0D1E2
S315000135B0B9F1000F20D0391E18BF012109064A466C
S315000135C02143301D01F0D6FE01F08AFD28B302F039
S315000135D019F9830105460AD403F030FA356804EA7D
S315000135E00503B8F1000F23D123BB03F047FA25F0F9
S315000135F07F4503E0002BCCD101F072FD2846BDE8E2
S31500013600F8839C42C5D0B9F1000FF5D0391E18BF19
S315000136100121090641F08061D1E74FF0E0234FF027
S315000136208052C3F8042DBFF34F8FBFF36F8FCEE7E0
S315000136309C42DAD1002FD8D025EA04043460D4E7BD
S3150001364070B50C46054640B94FF0140383F3118853
S31500013650BFF36F8FBFF34F8FFEE7B1F1807F08D3C2
S315000136604FF0140383F31188BFF36F8FBFF34F8FAE
S31500013670FEE703F0E3F92E6826EA04042C6003F062
S31500013680FDF9304670BDFFF7DBBF00000A46002397
S315000136900146014802F0B6BACF420000EFF31183AA
S315000136A04FF0140282F31188BFF36F8FBFF34F8F70
S315000136B0006883F3118870472DE9F0410D460446F1
S315000136C040B94FF0140383F31188BFF36F8FBFF333
S315000136D04F8FFEE7B1F1807F08D34FF0140383F3D8
S315000136E01188BFF36F8FBFF34F8FFEE700F10C0612
S315000136F001F032FC236820692B43236000258642B2
S31500013700216807D121EA0501216001F0E9FC206861
S31500013710BDE8F081D0E9002822F07F4312F0806FE6
S3150001372003EA010702D11FB94046E8E7BB42FBD1D4
S31500013730D20141F0007148BF1D4301F0A9FEF3E734
S31500013740FFF7BABF13460A460146014802F05ABAC4
S315000137508943000000230360704700F108034FF01E
S31500013760FF32C0E90223436003610023036070470F
S3150001377000230361704743684B609A688A60516011
S3150001378099600368086101330360704730B50C68BE
S31500013790631C0AD103695A684A6091608B6059605B
S315000137A0036808610133036030BD00F10802134666
S315000137B052681568A542FAD9EDE7D0E90112036905
S315000137C08A6051605968814208BF5A6000220261CD
S315000137D01A68013A1A601868704710B5044603F072
S315000137E02DF9A46B03F04AF9B4FA84F0400910BD2F
S315000137F070B51646026C856B044642B906689EB9D9
S31500013800806801F06FFFA6600135A56370BD6EB9D2
S31500013810406803F0B9FB6368226C1344A2686360D5
S31500013820934224BF236863600020EDE7C06803F07C
S31500013830ABFB226CE36851429B1A2268E360934218
S315000138403EBFA3685B18E360022EEDD10DB1013DC9
S31500013850EAE72846D8E7034610B41A6C08466AB167
S31500013860DC68996814448C4228BF1968DC6028BF5B
S31500013870D960D9685DF8044B03F086BB5DF8044B4B
S31500013880704770B5044603F0D9F894F8455004F131
S3150001389024066DB2002D14DCFF2384F8453003F0B5
S315000138A0EDF803F0CBF894F8445004F110066DB22C
S315000138B0002D12DCFF2384F84430BDE8704003F08C
S315000138C0DDB8636A002BE7D0304601F09DFD08B1F3
S315000138D001F076FE013D6DB2DCE72369002BE9D0EC
S315000138E0304601F091FD08B101F06AFE013D6DB26D
S315000138F0DEE738B50D46044640B94FF0140383F3AD
S315000139001188BFF36F8FBFF34F8FFEE703F096F871
S31500013910D4E90F31226862604B43D0185B1A1A440E
S31500013920A060FF230020A063E26084F8443084F89D
S315000139304530A5B9236973B104F1100001F064FDA6
S3150001394048B14FF0E0234FF08052C3F8042DBFF386
S315000139504F8FBFF36F8F03F091F8012038BD04F14B
S315000139601000FFF7FAFE04F12400FFF7F6FEF2E776
S31500013970F8B5064617460D46C9B14843B0FBF1F303
S315000139809E4208D04FF0140383F31188BFF36F8F63
S31500013990BFF34F8FFEE710F1510F19D94FF0140302
S315000139A083F31188BFF36F8FBFF34F8FFEE750206C
S315000139B003F09EF988B180F8465004462060C4E9B8
S315000139C00F6501212046FFF794FF84F84C7005E04E
S315000139D0503003F08DF9044610B900242046F8BD95
S315000139E0002380F846305030E8E737B50D461C46CF
S315000139F040B94FF0140383F31188BFF36F8FBFF300
S31500013A004F8FFEE743B94FF0140383F31188BFF3D9
S31500013A106F8FBFF34F8FFEE74AB191BB4FF014038F
S31500013A2083F31188BFF36F8FBFF34F8FFEE741B169
S31500013A304FF0140383F31188BFF36F8FBFF34F8FDA
S31500013A40FEE750230193019B502B08D04FF014033E
S31500013A5083F31188BFF36F8FBFF34F8FFEE7019B8F
S31500013A6022460121C4E90F0584F84610226020464A
S31500013A70FFF73FFF9DF8183084F84C30204603B01D
S31500013A8030BD50230193019B502BDFD1019BE8E709
S31500013A9040B94FF0140383F31188BFF36F8FBFF35F
S31500013AA04F8FFEE7FFF764BF13B513460C4640B9C7
S31500013AB04FF0140383F31188BFF36F8FBFF34F8F5A
S31500013AC0FEE7884208D24FF0140383F31188BFF34F
S31500013AD06F8FBFF34F8FFEE702220092002211463D
S31500013AE0FFF783FF00B1846302B010BD10B50C4629
S31500013AF040B94FF0140383F31188BFF36F8FBFF3FF
S31500013B004F8FFEE7884208D24FF0140383F31188E2
S31500013B10BFF36F8FBFF34F8FFEE702220021FFF73E
S31500013B20B7FF00B1846310BDF0B585B00E460192B2
S31500013B301D46044640B94FF0140383F31188BFF3C1
S31500013B406F8FBFF34F8FFEE751B9036C43B14FF04F
S31500013B50140383F31188BFF36F8FBFF34F8FFEE713
S31500013B60022D0BD1E36B012B08D04FF0140383F325
S31500013B701188BFF36F8FBFF34F8FFEE701F064FD2E
S31500013B8008B9019B03BB02F059FFA26BE36B9A4292
S31500013B9023D22A4631462046FFF72AFE636A1BB125
S31500013BA004F1240001F030FC48B14FF0E0234FF05E
S31500013BB08052C3F8042DBFF34F8FBFF36F8F02F00E
S31500013BC05DFF012005B0F0BD4FF0140383F31188AA
S31500013BD0BFF36F8FBFF34F8FFEE7022DD9D00023BE
S31500013BE01F4637E013B902A801F096FC02F046FF22
S31500013BF001F0B2F902F022FF94F84430FF2B08BF1E
S31500013C0084F8447094F84530FF2B08BF84F845705A
S31500013C1002F034FF01A902A801F08AFC002839D17B
S31500013C2002F00CFFA26BE36B9A421AD102F026FF57
S31500013C30019904F1100001F083FB2046FFF721FEF4
S31500013C4001F04EFAD8B102F0F9FEA36BE26B9A428B
S31500013C509FD80123019A002AC4D102F00FFF002048
S31500013C60B0E702F00BFF2046FFF70BFE01F038FA32
S31500013C7002F0E4FEA26BE36B9A42EAD289E74FF0C7
S31500013C80E0234FF08052C3F8042DBFF34F8FBFF3EB
S31500013C906F8FEDE72046FFF7F4FD01F021FADEE72D
S31500013CA013B500220B46009011460120FFF79DFE39
S31500013CB0044638B1002383600360C3601A4619467F
S31500013CC0FFF732FF204602B010BD38B5044640B9B1
S31500013CD04FF0140383F31188BFF36F8FBFF34F8F38
S31500013CE0FEE7856801F0AAFC85420BD1E368013B3A
S31500013CF0E3600BB1012038BD1A4619462046FFF78D
S31500013D0013FFF7E70020F6E710B502460021012070
S31500013D10FFF72EFE044638B1002383600360C360BB
S31500013D201A461946FFF700FF204610BD2DE9F84354
S31500013D30894617461E46044640B94FF0140383F3DD
S31500013D401188BFF36F8FBFF34F8FFEE751B9036C35
S31500013D5043B14FF0140383F31188BFF36F8FBFF3A1
S31500013D604F8FFEE7022E0BD1E36B012B08D04FF0EC
S31500013D70140383F31188BFF36F8FBFF34F8FFEE7F1
S31500013D8002F060FFEFF311884FF0140383F31188FB
S31500013D90BFF36F8FBFF34F8FA26BE36B9A4201D3D1
S31500013DA0022E29D194F84550A36B6DB2324649468D
S31500013DB02046FFF71DFD6B1C0ED1636A3BB104F172
S31500013DC0240001F021FB10B10FB101233B6001205A
S31500013DD088F31188BDE8F8837F2D08D14FF01403CD
S31500013DE083F31188BFF36F8FBFF34F8FFEE7013562
S31500013DF06DB284F84550EAE70020E9E770B50D4653
S31500013E00044640B94FF0140383F31188BFF36F8F53
S31500013E10BFF34F8FFEE7036C43B14FF0140383F3F7
S31500013E201188BFF36F8FBFF34F8FFEE7036853B956
S31500013E30836843B14FF0140383F31188BFF36F8F87
S31500013E40BFF34F8FFEE702F0FDFEEFF311864FF051
S31500013E50140383F31188BFF36F8FBFF34F8FA26BE8
S31500013E60E36B934224D994F845100132FF294BB2F2
S31500013E70A2630DD1636A3BB104F1240001F0C4FAD7
S31500013E8010B10DB101232B60012086F3118870BD9D
S31500013E907F2B08D14FF0140383F31188BFF36F8F83
S31500013EA0BFF34F8FFEE701335BB284F84530EBE792
S31500013EB00020EAE7F0B585B00E460192044640B906
S31500013EC04FF0140383F31188BFF36F8FBFF34F8F46
S31500013ED0FEE751B9036C43B14FF0140383F3118824
S31500013EE0BFF36F8FBFF34F8FFEE701F0ADFB50B904
S31500013EF0019B43B14FF0140383F31188BFF36F8F16
S31500013F00BFF34F8FFEE702F099FDA56BDDB1314698
S31500013F102046013DFFF79FFCA563236973B104F1B8
S31500013F20100001F071FA48B14FF0E0234FF08052D2
S31500013F30C3F8042DBFF34F8FBFF36F8F02F09EFDC1
S31500013F40012005B0F0BD019B1BB902F097FD0020D1
S31500013F50F7E702A801F0E0FA2F4602F08FFD00F024
S31500013F60FBFF02F06BFD94F84430FF2B08BF84F889
S31500013F70447094F84530FF2B08BF84F8457002F071
S31500013F807DFD01A902A801F0D3FA38BB2046FFF74F
S31500013F9024FCE8B1019904F1240001F0D1F920468D
S31500013FA0FFF76FFC01F09CF848B94FF0E0234FF0A2
S31500013FB08052C3F8042DBFF34F8FBFF36F8F02F00A
S31500013FC03DFDA56B002DA2D1019B002BC5D1BCE700
S31500013FD02046FFF756FC01F083F8F0E72046FFF78D
S31500013FE050FC01F07DF82046FFF7F7FB0028E6D0EC
S31500013FF0ADE7F0B585B00446019140B94FF0140321
S3150001400083F31188BFF36F8FBFF34F8FFEE7056C04
S3150001401045B14FF0140383F31188BFF36F8FBFF3DC
S315000140204F8FFEE701F010FB064620B32E46002710
S3150001403002F004FDA36B53B3013BA363236813B9D9
S3150001404001F0ECFBA060236973B104F1100001F0EB
S31500014050DBF948B14FF0E0234FF08052C3F8042D4D
S31500014060BFF34F8FBFF36F8F02F008FD012005B03C
S31500014070F0BD3546DBE7019B002BFAD04FF0140368
S3150001408083F31188BFF36F8FBFF34F8FFEE7019B59
S3150001409053B9002D66D04FF0140383F31188BFF393
S315000140A06F8FBFF34F8FFEE716B902A801F034FAFE
S315000140B002F0E4FC00F050FF02F0C0FC94F844303A
S315000140C0FF2B08BF84F8447094F84530FF2B08BFD6
S315000140D084F8457002F0D2FC01A902A801F028FA81
S315000140E050BB2046FFF779FB00B323683BB902F0CA
S315000140F0A5FCA06801F0B8FA054602F0BFFC0199DB
S3150001410004F1240001F01CF92046FFF7BAFB00F088
S31500014110E7FF48B94FF0E0234FF08052C3F8042D72
S31500014120BFF34F8FBFF36F8F012681E72046FFF75D
S31500014130A8FB00F0D5FFF7E72046FFF7A2FB00F04A
S31500014140CFFF2046FFF749FB0028EDD065B102F00D
S3150001415075FC616A19B1236B1968C1F13801A06850
S3150001416001F002FB02F08AFC002080E770B50D46E3
S31500014170044640B94FF0140383F31188BFF36F8FE0
S31500014180BFF34F8FFEE7866801F058FA864204D1E5
S31500014190E3680133E360012070BD29462046FFF73D
S315000141A028FF0028F8D0E3680133E360F4E72DE93E
S315000141B0F84389469046044640B94FF0140383F309
S315000141C01188BFF36F8FBFF34F8FFEE751B9036CB1
S315000141D043B14FF0140383F31188BFF36F8FBFF31D
S315000141E04F8FFEE702F02EFDEFF311874FF0140318
S315000141F083F31188BFF36F8FBFF34F8FA66B66B33F
S3150001420094F8445049466DB22046FFF724FB013E1F
S315000142106B1CA66311D1236953B104F1100001F09F
S31500014220F3F828B1B8F1000F02D00123C8F8003025
S31500014230012087F31188BDE8F8837F2D08D14FF05F
S31500014240140383F31188BFF36F8FBFF34F8FFEE71C
S3150001425001356DB284F84450EAE73046E9E70000DB
S3150001426030B5074A002352F8335002EBC3041DB997
S3150001427042F83310606030BD0133082BF3D1FAE701
S31500014280FC91000010B5094A002352F8331081420F
S315000142904FEAC30406D1064A002142F833102244EC
S315000142A0516010BD0133082BEFD1FAE700920000EF
S315000142B0FC91000010B540B94FF0140383F3118847
S315000142C0BFF36F8FBFF34F8FFEE7FFF7DBFF90F86A
S315000142D046301BB9BDE8104002F0A4BD10BD70B553
S315000142E004460D46164602F0A9FB94F84430FF2B0E
S315000142F004BF002384F8443094F84530FF2B04BFF3
S31500014300002384F8453002F0B9FBA36B2BB9324682
S31500014310294604F1240001F059F82046BDE8704011
S31500014320FFF7AFBA08B54FF0E0231B6901F08CF92E
S31500014330012803D0BDE8084002F0E8BB08BD000033
S31500014340EFF3058373B9EFF31082094B12B9EFF35B
S31500014350118212B11A68022A04D0186828B90122FA
S315000143601A6070476FF0050070474FF0FF307047D5
S31500014370F891000008B501F067F938B1022804D0B8
S31500014380034B1868431E5842584108BD0320FCE7F9
S31500014390F891000010B5EFF30583ABB9EFF3108286
S315000143A00C4B12B9EFF3118212B11A68022A0BD023
S315000143B01A68012A0BD1084A0024D47702221A600E
S315000143C000F082FD204610BD6FF00500FBE74FF0BF
S315000143D0FF30F8E7F891000000ED00E0EFF3058308
S315000143E04BB9EFF3108313B9EFF311832BB1044BE0
S315000143F01B68022B01D100F0BDBD00F0B5BD00BFA9
S31500014400F8910000F0B587B0144600220B460592DC
S31500014410EFF3058222BBEFF3108212B9EFF311829B
S315000144201AB1214A1268022A1AD0C8B1002C35D015
S31500014430A56925B16A1E372A02D9002011E018257F
S315000144406268D207F9D466696EB1B208D4E9027C12
S3150001445021685FB1BCF1770F02D9246904B1B6B9FD
S31500014460059807B0F0BD4FF48072EFE7BCF1000F7D
S31500014470F6D12469002CF3D105ACCDE9005492B2F2
S3150001448000F059FC01281CBF00230593E8E7CDE99C
S315000144900147009500F017FC0590E1E72146182534
S315000144A04FF48072E8E700BFF891000001F0C6B84A
S315000144B010B50446EFF30583A3B9EFF3108313B9DF
S315000144C0EFF311831BB10C4B1B68022B0AD064B1AD
S315000144D0204600F0B7FC04280AD0204600F05AFC1A
S315000144E0002010BD6FF00500FBE76FF00300F8E751
S315000144F06FF00200F5E700BFF891000008B5EFF391
S31500014500058373B9EFF3108313B9EFF311831BB16D
S31500014510054B1B68022B04D008B100F055FE0020A4
S3150001452008BD6FF00500FBE7F89100000346EFF3C5
S31500014530058292B9EFF3108212B9EFF311821AB123
S31500014540084A1268022A08D04BB1D3E9020318B10E
S315000145501F2B02D9FEF7AABF0BB100207047FEF749
S31500014560C9BF00BFF891000013B50C4658B3B1F1AD
S31500014570807F28D2EFF305834BB9EFF3108313B98C
S31500014580EFF31183CBB1134B1B68022B15D100231B
S3150001459001AA21460193FFF7D5F8B8B1019B4BB1AA
S315000145A04FF0E0234FF08052C3F8042DBFF34F8F35
S315000145B0BFF36F8F204602B010BD214602B0BDE8A1
S315000145C01040FFF779B86FF00304F3E76FF00204C8
S315000145D0F0E700BFF891000070B50E46054618B326
S315000145E0B1F1807F20D2EFF305834BB9EFF310834E
S315000145F013B9EFF311838BB10D4B1B68022B0DD150
S315000146002846FFF74BF8314604462846FFF73EF8A1
S31500014610002808BF6FF00204204670BD31462846C7
S31500014620BDE87040FFF70CB86FF00304F4E700BF74
S31500014630F891000073B50C461D4650B3B1F1807F69
S3150001464027D2EFF305833BBBEFF3108313B9EFF3E7
S3150001465011831BB1124B1B68022B1DD002F0010600
S3150001466082F00202C2F34002009533462146FEF76C
S315000146704FFF04EA00024EB1A24205D0002D14BF3D
S315000146806FF001006FF0020002B070BD002AF5D094
S31500014690FAE76FF00300F7E76FF00500F4E700BFF4
S315000146A0F891000038B50546EFF3058313B10024F0
S315000146B0204638BDEFF3108313B9EFF311831BB115
S315000146C01C4B1B68022BF2D02DB36B681A07EED474
S315000146D0D5E9021203F0010371B14F2AE7D993B16B
S315000146E00420FFF7DDFA04460028E0D02968FFF729
S315000146F0B7FD44F00104DBE7002AD8D1ABB10420B1
S31500014700FFF702FBEFE70120FFF7CAFA044600288C
S31500014710CDD0296806E00120FFF7F6FA0446002805
S31500014720C5D02946FFF79CFDC2E70120FFF7ECFA49
S31500014730ECE700BFF8910000034610B520F0010038
S315000147400C4603F00102EFF30581E9B9EFF310819D
S3150001475011B9EFF3118119B10E490968022913D074
S31500014760012B14D9214662B1FFF700FD012801D1C1
S31500014770002010BD002C14BF6FF001006FF0020085
S31500014780F7E7FFF736FCF1E76FF00500F1E76FF0A9
S315000147900300EEE7F8910000024608B520F001009B
S315000147A002F00103EFF30581C9B9EFF3108111B9E5
S315000147B0EFF3118119B10D49096802290FD0012AB8
S315000147C010D93BB1FFF781FA01280CBF00206FF029
S315000147D0020008BD1A461946FFF7A6F9F4E76FF07D
S315000147E00500F6E76FF00300F3E700BFF89100005C
S315000147F010B5034620F00104EFF305829AB9EFF3F1
S31500014800108212B9EFF311821AB10A4A1268022A0A
S3150001481009D0012B0AD92046FFF734FD2046FFF7C0
S3150001482049FD002010BD6FF00500FBE76FF00300A6
S31500014830F8E700BFF891000073B50E461546EFF391
S315000148400583D3BBEFF3108313B9EFF311831BB1C8
S31500014850244B1B68022B30D078B3B0422DD375B9E7
S31500014860012837D103220021FFF712F9044620B3AC
S31500014870AEB96DBB29462046FFF7F2FC1EE0D5E92D
S315000148800232C3B14F2A18D901281AD10322009244
S3150001489000221146FFF7A9F8044670B1C6B10023FC
S315000148A01A4619462046FFF73FF90128E1D020466E
S315000148B0FFF700FD01E0002AD2D00024204602B015
S315000148C070BD1A463146FFF7EFF804460028F4D0CA
S315000148D02D68CFE73146FFF709F904460028C8D10C
S315000148E0EBE700BFF891000013B50C4688B3EFF370
S315000148F005834BB9EFF3108313B9EFF31183F3B1CA
S31500014900154B1B68022B1AD11CBB01AA2146019427
S31500014910FFF74DFC012803D06FF0020002B010BD75
S31500014920019B0BB90020F9E74FF0E0234FF08052CD
S31500014930C3F8042DBFF34F8FBFF36F8FF2E7214604
S31500014940FFF757FB0128EDD0002CE5D06FF00100F1
S31500014950E4E76FF00300E1E7F891000007B570B3F3
S31500014960EFF305834BB9EFF3108313B9EFF311831B
S31500014970EBB1144B1B68022B19D1002301A901933A
S31500014980FFF73CFA012804D06FF0020003B05DF88E
S3150001499004FB019B4BB14FF0E0234FF08052C3F86B
S315000149A0042DBFF34F8FBFF36F8F0020EEE7002377
S315000149B01A461946FFF7B8F80128F6D0E4E76FF072
S315000149C00300E3E7F891000070470000034B036022
S315000149D0034B0B604FF480731360704780910000A6
S315000149E0808D0000034B0360034B0B604FF4007393
S315000149F013607047088D0000088500002DE9F0411D
S31500014A00044602F01BF8304B304E1A68304F013223
S31500014A101A603568002D4BD134601B68012B1FD1FC
S31500014A20B84640460135FEF798FE382D08F11408C0
S31500014A30F7D1DFF8C480274D4046FEF78EFE2846A3
S31500014A40FEF78BFE2448FEF788FE2448FEF785FE16
S31500014A502348FEF782FE234BC3F80080224B1D60DC
S31500014A60224A136801331360214AA3641168E36A79
S31500014A7014208B4200FB037004F1040188BF13600C
S31500014A80FEF779FE01F0FAFF1A4B1B6873B1336822
S31500014A90DA6AE36A9A4209D24FF0E0234FF0805274
S31500014AA0C3F8042DBFF34F8FBFF36F8FBDE8F081BD
S31500014AB0104B1A68E36A002AD2D13268D26A9A4246
S31500014AC098BF3460CCE700BF6092000038970000C1
S31500014AD0D8920000B09200009492000080920000EB
S31500014AE068920000AC920000A89200004492000077
S31500014AF05892000054920000C4920000F8B5174B7A
S31500014B00174D1C682B6806462868002283F8722018
S31500014B1004300F46FEF751FE731C07D137B12968E1
S31500014B201048BDE8F8400431FEF725BE2B68A419EC
S31500014B305C6007D30C4B18682968BDE8F84004315E
S31500014B40FEF724BE094B186829680431FEF71EFEDC
S31500014B50074B1A68A24288BF1C60F8BD5C92000030
S31500014B603897000068920000A8920000AC920000FD
S31500014B70409200000C4B0D4A1B6863B91268D06A5B
S31500014B8078B90B4B1B68012B0CD80A4B18680A4BDA
S31500014B901B68C01A70471368D86A10B9044B1B68A2
S31500014BA070470020704700BF5892000038970000F8
S31500014BB0D8920000409200005C920000064A1368F9
S31500014BC01968064B19B94FF0FF321A60704712681F
S31500014BD0D2681268F9E700BFAC920000409200006B
S31500014BE010B590F8713004463BB9006B02F01AF922
S31500014BF02046BDE8104002F015B9012BF9D0022B71
S31500014C0008D04FF0140383F31188BFF36F8FBFF3FE
S31500014C104F8FFEE710BD2DE9F047DDE909844FEA24
S31500014C2082094A4606460D46206BA5211F4602F01B
S31500014C30FBF9236BA9F104094B4423F00709C4F8D6
S31500014C404490002D3CD06B1E04F133020E3513F84F
S31500014C50011F02F8011F09B1AB42F8D1002384F804
S31500014C604230089D372D28BF37254FF0000AE562EF
S31500014C702565201DC4F854A0FEF77AFDC5F1380557
S31500014C8004F11800FEF774FD142251462461A56152
S31500014C90646204F1580002F0C7F9C4F86CA084F804
S31500014CA070A084F872A03A463146484601F09AFE51
S31500014CB02060B8F1000F01D0C8F80040BDE8F087C8
S31500014CC084F83450CDE770B586B0DDE90B5445B9AB
S31500014CD04FF0140383F31188BFF36F8FBFF34F8F28
S31500014CE0FEE744B94FF0140383F31188BFF36F8FC6
S31500014CF0BFF34F8FFEE778260596059E782E08D0DE
S31500014D004FF0140383F31188BFF36F8FBFF34F8FF7
S31500014D10FEE72563022584F8715004AD01950A9DCD
S31500014D2002940095059EFFF776FF2046FFF766FE83
S31500014D30049806B070BD2DE9F043074685B0900092
S31500014D4088461646994601F0D3FF054620B94FF02D
S31500014D50FF3005B0BDE8F083782001F0C9FF0446B5
S31500014D6098B1002380F871300D9B056301930C9B6C
S31500014D700290009332464B4641463846FFF74BFFB9
S31500014D802046FFF73BFE0120E3E7284602F04AF8FA
S31500014D90DDE7000070B50446234D01F04FFE04B96E
S31500014DA02C68261D3046FEF708FDA36A1BB104F1E7
S31500014DB01800FEF702FD1D4A1368013313602B68C4
S31500014DC0A3421BD11A483146FEF7D5FC194A13688E
S31500014DD00133136001F052FE174B1B6813B32B68A6
S31500014DE0A3421FD1154B1B6893B14FF0140383F3F4
S31500014DF01188BFF36F8FBFF34F8FFEE7104A136819
S31500014E002046013B1360FFF7EBFEFFF7D7FEE1E714
S31500014E104FF0E0234FF08052C3F8042DBFF34F8FBC
S31500014E20BFF36F8F70BD00BF38970000449200003A
S31500014E30809200007C920000549200003C92000097
S31500014E4060920000F8B5044640B94FF0140383F3AD
S31500014E501188BFF36F8FBFF34F8FFEE7154B1B68AA
S31500014E60834220D001F0EAFD134B65691F68134B9D
S31500014E701E6801F003FEBD4217D0B54215D0104B96
S31500014E809D4208D1A36A83B994F87030012B14BFEF
S31500014E9003200220F8BD0B4B9D4208D0002D14BF04
S31500014EA001200420F6E70020F4E70220F2E70420BF
S31500014EB0F0E700BF38970000AC920000A89200000E
S31500014EC0689200008092000010B588B0002407AAFD
S31500014ED006A905A8CDE90544FFF778FD059B0293D0
S31500014EE0069B079A16491748CDE900432346FFF763
S31500014EF0EAFEA8B100F0F0FC012815D14FF0140329
S31500014F0083F31188BFF36F8FBFF34F8F0E4B4FF0B3
S31500014F10FF321A600D4B18600D4B1C6001F00CFE40
S31500014F200C4B1B6808B010BD0130F9D14FF01403CA
S31500014F3083F31188BFF36F8FBFF34F8FFEE700BF77
S31500014F4084F62008595E0000409200005492000049
S31500014F505C9200009C050000024A1368013313604D
S31500014F60704700BF3C920000014B1868704700BFB4
S31500014F705C92000008B501F065FE014B186808BD9A
S31500014F805C920000094B0A491A68096802448A4280
S31500014F9008D94FF0140383F31188BFF36F8FBFF362
S31500014FA04F8FFEE71A6802441A6070475C92000050
S31500014FB0409200003F4B1B682DE9F74F002B72D141
S31500014FC03D4B1C6801341C60BCB93C4B1A68126825
S31500014FD042B14FF0140383F31188BFF36F8FBFF310
S31500014FE04F8FFEE7364A1968106818601160354A16
S31500014FF0136801331360FFF7E1FD334D334E2B6820
S31500015000334F9C424FF0000B12D23A68D26A1421F8
S315000150104A43B258022A2F4A126828BF4FF0010BA1
S31500015020002A18BF4FF0010B584603B0BDE8F08FB8
S31500015030DFF88890DFF8A4A0D9F8002012681AB921
S315000150404FF0FF322A60E0E7D9F80020D268D2F8A3
S315000150500C80D8F804108C4201D22960D5E708F1FA
S31500015060040318460193FEF7A8FBD8F8281019B1D6
S3150001507008F11800FEF7A1FBD8F82C00DAF80010A9
S315000150801423884288BFCAF80000019903FB006017
S31500015090FEF771FB3868D8F82C10C26A914228BF16
S315000150A04FF0010BC8E70C4A1368013313604FF048
S315000150B0000BB9E73C9200005C920000AC92000044
S315000150C0A89200004892000040920000D892000089
S315000150D0389700004C920000509200005892000050
S315000150E02DE9F041304C236843B94FF0140383F3A3
S315000150F01188BFF36F8FBFF34F8FFEE701F09EFC60
S315000151002368013B236024682CB1002401F0B6FC1E
S315000151102046BDE8F081254B1B68002BF5D0244DB8
S31500015120244EDFF8A0801DE0EB68DC68271D04F142
S315000151301800FEF742FB3846FEF73FFBE36A32688A
S315000151401420934200FB0380394688BF3360FEF783
S3150001515012FB194BE26A1B68DB6A9A4202D3174BB0
S3150001516001221A602B68002BDED10CB1FFF726FD58
S31500015170134D2C6844B1114E0127FFF71BFF00B1F7
S315000151803760013CF9D12C600C4B1B68002BBCD05D
S315000151904FF0E0234FF08052C3F8042DBFF34F8F39
S315000151A0BFF36F8F0124B1E73C92000060920000CB
S315000151B09492000058920000389700004C9200002B
S315000151C050920000D892000008B550B94FF0E02384
S315000151D04FF08052C3F8042DBFF34F8FBFF36F8F8B
S315000151E008BD0A4B196841B14FF0140383F31188C6
S315000151F0BFF36F8FBFF34F8FFEE7FFF7ADFEFFF7EC
S315000152007DFCFFF76DFF0028E0D0E9E73C92000046
S31500015210F8B5234C234F244D236823BB234B1B682E
S31500015220012B09D94FF0E0234FF08052C3F8042D2A
S31500015230BFF34F8FBFF36F8FFFF7C6FBFFF79AFCE4
S315000152406328E8D9FFF788FE194B1A68194B1B68C2
S315000152509A421BD24FF0140383F31188BFF36F8F69
S31500015260BFF34F8FFEE701F0E9FBFB68DE68301DF7
S31500015270FEF7A3FA2B68013B2B602368013B2360F1
S3150001528001F0FCFB3046FFF7ABFCC5E7FFF772FC0C
S31500015290632801D9FCF7B6FBFFF722FFBBE700BF86
S315000152A07C9200008092000060920000D89200007B
S315000152B0409200005C9200001B4B1A681B4BF0B534
S315000152C012B101221A60F0BD19481A60194E03681D
S315000152D0194F32685A6719493A684FF0140C0CFB9A
S315000152E002F3CC18CD589DB1656808336D686560C9
S315000152F00B449D4204BF6B686360142303FB0211D8
S315000153004B68DB6803603A6003685B6F3360DAE71A
S3150001531042B94FF0140383F31188BFF36F8FBFF3C4
S315000153204F8FFEE7013ADAE73C9200004C9200000B
S31500015330389700006492000058920000D89200004D
S3150001534010B50C4640B94FF0140383F31188BFF32F
S315000153506F8FBFF34F8FFEE7054B19681831FEF7C4
S3150001536015FA20460121BDE81040FFF7C7BB00BF73
S315000153703897000010B5144640B94FF0140383F373
S315000153801188BFF36F8FBFF34F8FFEE70D4B1B687D
S3150001539043B94FF0140383F31188BFF36F8FBFF343
S315000153A04F8FFEE7084B1A6841F000419161196879
S315000153B01831FEF7E0F920460121BDE81040FFF75C
S315000153C09DBB00BF3C9200003897000038B50D46E2
S315000153D0144640B94FF0140383F31188BFF36F8F5E
S315000153E0BFF34F8FFEE7074B19681831FEF7C3F974
S315000153F0002C21460CBF28464FF0FF30BDE838404F
S31500015400FFF77CBB3897000038B5C368DC6844B940
S315000154104FF0140383F31188BFF36F8FBFF34F8FE0
S31500015420FEE704F118052846FEF7C7F9124B1B687B
S31500015430EBB9251D2846FEF7C0F9104AE36A116843
S315000154408B4288BF13600E4A1420294600FB0320B5
S31500015450FEF791F9FFF7B2FB0A4BE26A1B68DB6ABA
S315000154609A4283BF084B01201860002038BD0748C7
S315000154702946FEF780F9EFE73C92000058920000BA
S31500015480D8920000389700004C92000094920000D8
S315000154901C4A126838B542B94FF0140383F31188D8
S315000154A0BFF36F8FBFF34F8FFEE7C46841F0004132
S315000154B0016044B94FF0140383F31188BFF36F8F72
S315000154C0BFF34F8FFEE7251DFEF777F92846FFF755
S315000154D075FBFEF772F90C4AE36A11688B4288BFC5
S315000154E013600A4A142000FB03202946FEF743F9FC
S315000154F0074BE26A1B68DB6A9A4282BF054B0122AF
S315000155001A6038BD3C92000058920000D892000003
S31500015510389700004C920000034B1B680360034B55
S315000155201B684360704700BF489200005C92000010
S3150001553070B50D46044640B94FF0140383F3118844
S31500015540BFF36F8FBFF34F8FFEE741B94FF01403DF
S3150001555083F31188BFF36F8FBFF34F8FFEE701F01F
S315000155606DFA144B62681968134B186890F872004B
S3150001557040B11B68002283F87220012401F07EFAF3
S31500015580204670BD2B68581C12D00C48266800684E
S31500015590864204D08A4202D800232B60EDE7881A9E
S315000155A08342F9D95B1A13442B602046FFF7B4FFF7
S315000155B00024E3E75C92000038970000489200005F
S315000155C0014B01221A6070474C9200000B4B1B687D
S315000155D07BB90B4A106870B90A4B1B6863B90A4B51
S315000155E018680A4B1B68013B98420CBF0220012038
S315000155F07047002070471846704700BF949200001C
S315000156004C920000509200006892000060920000E7
S3150001561004290FDC58B9084B186840B94FF0140338
S3150001562083F31188BFF36F8FBFF34F8FFEE71631F8
S3150001563040F82120704700BF38970000014B1868D9
S31500015640704700BF38970000054B1B6833B1054B07
S315000156501868B0FA80F04009400070470120704791
S31500015660549200003C920000F8B5044638B31A4D36
S31500015670C36A2A68D26A934226D28269174E002AE1
S31500015680A1BF2A68D26AC2F138028261142202FBE2
S31500015690036342699A4213D1071D3846FEF78DF816
S315000156A02B680F4ADB6A1168E36214208B4200FB08
S315000156B00360394688BF1360FEF75DF80120F8BD27
S315000156C02B68DB6AC362F9E72B68006DDB6A9842D7
S315000156D02CBF00200120F2E738970000D892000085
S315000156E05892000038B508B9002038BD1B4B1C681C
S315000156F0844208D04FF0140383F31188BFF36F8FF0
S31500015700BFF34F8FFEE7636D43B94FF0140383F385
S315000157101188BFF36F8FBFF34F8FFEE7E16A226DEA
S31500015720013B91426365DFD0002BDDD1251D284663
S31500015730FEF743F8236DE362C3F13802A261084A1A
S3150001574011688B4288BF1360064A142000FB0320B0
S315000157502946FEF710F80120C7E700BF3897000079
S3150001576058920000D892000070B50446002841D036
S31500015770426D42B94FF0140383F31188BFF36F8F63
S31500015780BFF34F8FFEE7036D994238BF1946C36ACF
S315000157908B422FD0012A2DD1174A1268824208D195
S315000157A04FF0140383F31188BFF36F8FBFF34F8F4D
S315000157B0FEE78269114DC162002A4FF0140202FB15
S315000157C003534269A4BFC1F1380181619A4211D1E3
S315000157D0061D3046FDF7F1FF094AE36A11681420F8
S315000157E08B4200FB03503146BDE8704088BF136011
S315000157F0FDF7C1BF70BD00BF38970000D892000009
S3150001580058920000044B1A68196890691A68CB6AA5
S31500015810C3F138039361704738970000044B1A6847
S315000158201AB119684A6D01324A651868704700BF96
S3150001583038970000914208B5416000610AD8D21A32
S3150001584083699A420DD2084B011D1868FDF79EFF28
S31500015850002008BD9A4201D2994202D2034B011D92
S31500015860F3E70120F5E700BFE8970000EC97000099
S31500015870F7B5114C01F0E2F82568BDB90F4F104E8E
S315000158803846FDF76AFF3046FDF767FF0D4B0E4AB6
S315000158901F600E4B10211E6005200D4B0095FEF773
S315000158A0A4F8206010B10B49FEF7DAFC03B0BDE89D
S315000158B0F04001F0E3B800BFE4970000049800004F
S315000158C0F0970000EC9700008C970000E897000025
S315000158D03C97000089F6200810B588B0FFF7C8FF8D
S315000158E0124B1B68B3B1002407AA06A905A8CDE986
S315000158F00544FFF777F8059B0293069B019337232F
S315000159000093079A0A490B482346FFF7DCF90A4B2D
S31500015910186040B94FF0140383F31188BFF36F8FFA
S31500015920BFF34F8FFEE7012008B010BDE4970000DA
S315000159308EF6200881660000E09700007FB51646C6
S3150001594004461A4640B94FF0140383F31188BFF396
S315000159506F8FBFF34F8FFEE70D4D286880B1052984
S31500015960CDE9001602940DDCFFF76EFE0023022836
S3150001597008BF089A286818BF1A466946FEF7D4F880
S3150001598004B070BD00236946FEF7D0F9F8E700BF01
S31500015990E49700002DE9F347DFF898800646FFF704
S315000159A0E3FAD8F800308342054609D91F4F3B6810
S315000159B01A686AB91E4A116839601360012300E04A
S315000159C0002328463360C8F8005002B0BDE8F087CE
S315000159D0DB68DC68D3F8009004F1040A5046FDF751
S315000159E0ECFE236A2046984794F828305B07DED5FB
S315000159F0A3694B44994506D23868636024615146D0
S31500015A00FDF7C4FED3E7002300934A461946204614
S31500015A10FFF794FF0028CAD14FF0140383F31188CE
S31500015A20BFF36F8FBFF34F8FFEE700BFEC97000008
S31500015A30E8970000DC9700002DE9F0436E4D6F4EAC
S31500015A4089B02B68D3F80080B8F1000F35D0DB6838
S31500015A50D3F800800024FFF77FFA04A8FFF79AFF26
S31500015A60049B8146002B69D1002C4CD1404550D373
S31500015A70FFF736FB2B68DB68DF68381DFDF79DFEF7
S31500015A8097F8283058071AD5B96943464A4641441A
S31500015A903846FFF7CFFEB0B1009423464246214671
S31500015AA03846FFF74BFF70B94FF0140383F31188A3
S31500015AB0BFF36F8FBFF34F8FFEE70124CBE723F0D0
S31500015AC0010387F828303B6A384698473068002238
S31500015AD004A9FEF7EFF90028B3D0049B0698002B22
S31500015AE02FDB069C6369002B32D103A8FFF752FF17
S31500015AF0049B0246092BE9D8DFE803F02E2E2E5728
S31500015B005E762E2E575E3E4B1B681C68B4FA84F4F3
S31500015B10640930682246A8EB0901FEF7E0FBFFF7AE
S31500015B20DFFA0028D2D14FF0E0234FF08052C3F8BC
S31500015B30042DBFF34F8FBFF36F8FC7E7FFF7D0FA7F
S31500015B40C4E7059B07999847049B002BBEDBC8E772
S31500015B50201DFDF732FEC8E794F82830A16943F00D
S31500015B60010384F82830059B20461944FFF762FE9D
S31500015B700028ABD0236A2046984794F82830590765
S31500015B80A4D5A269059900230A4400931946204623
S31500015B90FFF7D4FE002899D14FF0140383F311883F
S31500015BA0BFF36F8FBFF34F8FFEE794F8283023F0D2
S31500015BB0010384F8283089E794F8283043F001037B
S31500015BC084F828300599A16141B94FF0140383F394
S31500015BD01188BFF36F8FBFF34F8FFEE70346014472
S31500015BE02046FFF727FE71E794F828309A07DED49E
S31500015BF0204601F017F969E7EC970000E4970000E9
S31500015C00E89700001FB514461A466FF00103CDE967
S31500015C1000300548CDE90214002369460068FEF705
S31500015C2085F804B010BD00BFE497000010B5044C20
S31500015C30206810B9FEF736FD2060002010BD00BFB8
S31500015C401C7101002DE9F047DFF854904FF0FF3148
S31500015C500646D9F8000015461F46FEF76DFDFEF70C
S31500015C60BDFB05F10C0A8046504601F069F9044670
S31500015C7040B90120FEF742FCFEF7B0FBA0EB08009D
S31500015C80B842F1D3D9F80000FEF786FD2CB1002009
S31500015C90656020603460BDE8F0871920FBE700BF2E
S31500015CA01C7101004368994205D20AB15B1A13803F
S31500015CB00C310844704700207047000038B504468F
S31500015CC068B1074D4FF0FF312868FEF735FD2046D4
S31500015CD001F052F92868BDE83840FEF75DBD38BDD0
S31500015CE01C71010010B501F04BF90446FEF7DEFB0D
S31500015CF020B9204601F01CF9002010BD04480378A4
S31500015D00FF2BF6D101F044F90028F2D0F5E700BFE8
S31500015D105D0800002DE9F04F044695B030220021C0
S31500015D2008A801F081F9A37ADB438DF82630E37ADE
S31500015D308DF8243094F8323003F00302012A08BFAB
S31500015D408DF827201B0744BF03238DF82530237CBC
S31500015D5003F0F003502B01D0802B5FD12688242E2F
S31500015D605CD9236ACDF84A30243EA38CDFF84892E9
S31500015D70DFF848A2DFF848B2ADF84E30B6B2343497
S31500015D802778302F64D0DD2F00F0E0805FB9657889
S31500015D90A11C2A460AA801F0F7F805F150030DEBFC
S31500015DA0030505F8287C6278C2F57F43FE33334448
S31500015DB09EB20232022E1444E2D8DFF80892D9F8D4
S31500015DC000804446A4B9302001F0BAF809AE07466E
S31500015DD0051D0FCE0FC50FCE0FC596E8070085E846
S31500015DE007003C60B8F1000F1DD1C9F8007015E03D
S31500015DF0062204F12A010DF14A0001F0B9F880B931
S31500015E000AAA083412AD134603CBAB422060616087
S31500015E101A4604F10804F6D11B88238015B0BDE8A3
S31500015E20F08F2468CEE7BA7998F80630934207D9FD
S31500015E30C7F80080002CD8D02760EFE79846F3E733
S31500015E40D8F800304446002BF8D1C8F80070E5E7D1
S31500015E500523B4F808808DF8253004F10A0303EB15
S31500015E60880533F82830059399F802308DF81E30ED
S31500015E70A379029363790193B9F8002023794A48FB
S31500015E80ADF81C200093524640F26B13594601F0BF
S31500015E90AFF84648CDF80080524659464FF4B673DE
S31500015EA001F0A6F8032207A9201D01F061F80028D8
S31500015EB07FF479AF02238DF82530059B6A7905EBCE
S31500015EC083018D4216D1012A04BF05238DF82530A1
S31500015ED0810305D582070CBF09230A238DF82530D6
S31500015EE0C3037FF560AF324B03406BBB07238DF8CD
S31500015EF0253058E7EB78AF781B0443EA07632F791F
S31500015F00134343EA0723A3F57A236FF440673B441F
S31500015F10082B08D8DFE803F0050907070C0F07125D
S31500015F20150040F003000435CBE740F00C00FAE71A
S31500015F3040F40030F7E740F48020F4E740F4803085
S31500015F40F1E740F48010EEE70823D0E7194B1A88F1
S31500015F50ADF81C209B788DF81E30032207A9A01CE2
S31500015F6001F006F800287FF41EAF6379012B7FF458
S31500015F701AAF9DF8253013B1032B7FF414AF01231B
S31500015F80617B8DF8253004F10E0303EB810233F8B2
S31500015F902130002B3FF407AF02EB83035B78012B23
S31500015FA07FF401AF0423A2E773FD200897FD2008C3
S31500015FB00800040070FE20086DFE200859FE200826
S31500015FC0E6FC2008C86F010030B5034600B900BEE3
S31500015FD0074A02F13805144603CCAC4218605960F1
S31500015FE0224603F10803F6D12068186030BD00BFD0
S31500015FF01077010002484022002101F015B800BFC8
S3150001600010770100014B1870704700BFCF6F010078
S31500016010014B1870704700BF5C080000014B1878EF
S31500016020704700BF5C080000014B1880704700BF35
S31500016030CC6F0100002979D1712821D8672809D8A8
S3150001604014283AD014D803285FD013282ED04FF045
S31500016050FF3070476838092800F29880DFE800F0C1
S315000160605E96269696969696054853480021704761
S315000160703D28ECD1084640F4003040F00B00704753
S31500016080C3282CD00AD8A2284AD0C2281ED08828D4
S315000160900CBF4FF004104FF0FF307047F12841D08C
S315000160A0F428D4D1084640F0050070470020DDE70A
S315000160B04FF000404FF0FF317047084640F00100B5
S315000160C070474FF000404FF0FF31F7E7084640F0C8
S315000160D0080070474FF000404FF0FF31F7E70846E0
S315000160E040F00A0070474FF000404FF0FF31F7E7EC
S315000160F00920BBE7080440F0090041F3C0317047AD
S315000161004FF000404FF0FF31B5E7084640F48030CC
S31500016110B3E74FF000404FF0FF31F7E72748A5E717
S3150001612027487047274870472748C3E7712830D862
S3150001613067280FD81428C4D026D80328E9D01328F5
S3150001614008BF4FF0004016BF4FF0FF304FF0FF3150
S31500016150002170476838092818D801A353F820F0A0
S31500016160716D0000D56D0000F96C0000D56D000061
S31500016170D56D0000D56D0000D56D0000D56D000010
S31500016180716D00003D6D00003D28B9D04FF0FF3024
S315000161906CE7C328A7D006D8A228C5D0C22899D0B3
S315000161A088280948CFE7F128BED0F428EED14FF070
S315000161B000404FF0FF3176E70400050004000300BC
S315000161C0040002000400010004000080F0B52E4C1A
S315000161D02E488BB04FF4A072002100F025FF2068F5
S315000161E010B9FEF7A3F92060294C206810B9FEF713
S315000161F09DF92060274D2C688CB92022214602A8E2
S3150001620000F012FF244B019340F264613023CDE983
S315000162100613224801AA2146FEF7F4F82860204D0C
S315000162202C688CB92022214602A800F0FDFE1D4BE8
S3150001623001934FF4C0623123CDE906231A4801AA1E
S315000162402146FEF7DFF828600026104C3546012767
S31500016250C4E90055C4E90255C4E904550020FEF716
S3150001626021FA07FA06F30136052EA061E36104F16E
S315000162704004EDD10D4C206810B9FEF713FA2060E9
S3150001628000200BB0F0BD00BF24710100DC6F0100DE
S31500016290207101002C710100C4FD2008B52B0000FE
S315000162A028710100CEFD2008052A00001C7101009D
S315000162B010B50446FEF792F8A042A0EB040038BFE1
S315000162C000F1FF3010BD0000024B01461868FEF7D1
S315000162D04BB900BF2471010008B5F9F7F3FE0020A0
S315000162E008BDF9F771BF0023C0E90D3380F82130ED
S315000162F04384C36170472DE9F04114469279DDF874
S3150001630018800D46D107074621D5238112F00206D2
S315000163104FF000032B6004D1206810B1FFF7CEFCCB
S3150001632026606069FFF7C4FF2369984209D807F11F
S3150001633008002946F9F7C6FE4046BDE8F041FFF7D9
S31500016340C3BFA3799B0702D52068FFF7B7FC284690
S31500016350BDE8F041FFF7B2BC2DE9F74F05680446E9
S315000163600F46914698464FF0000A2DB923685BB354
S31500016370002003B0BDE8F08F002211462846FFF742
S3150001638091FC064638B3B8F1000F04D1D5F800B038
S31500016390AA465D46E9E70C990068C0470028F5D092
S315000163A0D5F800B000974B46324629462046FFF7FE
S315000163B0A2FF2368AB42636808BFC4F800B0AB42D2
S315000163C008BFC4F804A0E3E7044A6560136823EA3A
S315000163D007031360CCE70E20CBE700BF78770100F7
S315000163E0F8B51D4690F8323016469A0704460F4610
S315000163F002D43046FFF762FC606BFFF759FFA36BCF
S31500016400984211D804F108003946F9F75BFE28468F
S31500016410FFF75AFF0A4A136823EA05031360204669
S31500016420BDE8F840FFF75FBF3846FFF747FC94F831
S3150001643032309B07EED53046FFF740FCEAE700BF56
S3150001644068770100F0B587B01E4601920023CDE9B9
S315000164500333C36B009390F83230028E05460F4624
S3150001646004A803A9FBF734FC0446F0B905904FF4E0
S315000164707A731022012105A8FFF7E4FB044618B13F
S315000164800398FFF71BFC10E0024601460598FFF74B
S3150001649009FCDDE9042313606A8C428046B9059A3A
S315000164A003993B462846FFF79BFF204607B0F0BD00
S315000164B00C991846B0470028F1D10398FFF7FEFB67
S315000164C00598DEE72DE9F347DDF828A0054699464C
S315000164D00F46904600F064FD104B9D42064613D0D0
S315000164E095F8213083B1CDF800A04B464246394696
S315000164F02846FFF7A7FF044630B1304600F0DCFC22
S31500016500204602B0BDE8F087CDF800A04B464246D2
S3150001651039462846FFF720FF0446EEE79C70010046
S315000165202DE9F34100240D4D06460127A046032C13
S3150001653004BF04244035611D2846CDF800800023A0
S31500016540324607FA01F10134FFF7BCFF052C05F1CC
S315000165504005ECD1002002B0BDE8F081DC6F0100FE
S315000165602DE9F04F002389B0CDE905330E4600F041
S3150001657027FD0446002800F0138100F011FD94F870
S31500016580AD310746002B6ED094F8BE31DA076AD5D5
S31500016590B4F8BC210196D4F8C811009106A805A942
S315000165A0FBF796FB054618B1384600F085FC86E0F8
S315000165B0069B9B799B072CD5B4F8AE310790432BEC
S315000165C014BF102218224FF47A73012107A8FFF78E
S315000165D039FB38B1734A7449744840F2EB5300F001
S315000165E007FD00BE002211460798FFF75BFBDDE9B8
S315000165F00632059986811A60497A5172B4F8AE213C
S31500016600432A06D1002282811A8123680382638C80
S31500016610C382D4F8C001FFF74BFED4F8C4319842C7
S3150001662036D8B4F8AE316B2B09BF069B05991968AC
S3150001663004F5EA7018BF04F5CA70F9F743FDA368BB
S315000166400120984000F058FC5949A0680B780122B6
S3150001665082401343DBB20B700023C4E9703384F824
S31500016660AD31A4F8AE31D4F88C514FF000084FF09B
S31500016670010904F5CA7A0595ADB94E49A0680B68BA
S315000166800122824023EA0203C4E963550B608BE7CA
S31500016690069B9A79900702D51868FFF70FFB0598B4
S315000166A0FFF70CFBD0E7002211462846FFF7FAFA5E
S315000166B00346069038B9384600F0FEFB0E252846FB
S315000166C009B0BDE8F08F9A790598D107056864D5B8
S315000166D01E81C0F80080186800F07AFC069B9A7942
S315000166E012F002028346039206D1186820B1FFF721
S315000166F0E5FA069B039A1A60069B5869FFF7D8FDCF
S31500016700069B1A69904241D8BBF1430F28D11868FC
S31500016710FFF7D4FA0023079318224FF47A73012165
S3150001672007A8FFF78FFA38B11E4A1F491F4840F2E2
S31500016730426300F05DFC00BEDDE906304FF0000B60
S315000167401860A3F808B05A465946FFF7ABFA236812
S315000167500382638CA0F80CB0C382059950460DE004
S31500016760BBF16B0FF9D1002218681146FFF79AFAAF
S3150001677030B1069B8681196804F5EA70F9F7A2FC27
S31500016780A06809FA00F000F0B7FB74E79A7992075E
S3150001679002D51868FFF792FA0598FFF78FFA6AE7AC
S315000167A001258CE71FFE2008E6FC200885F9200854
S315000167B06477010074770100F8B50B4F05460E4664
S315000167C0002457F8043B23B90134142CF9D10020D5
S315000167D0F8BDDB7EB342F7D12946E0B2FFF7C0FE32
S315000167E00028F1D0F4E700BF786F0100F8B500F09A
S315000167F0E7FB0546D0B100F0D3FBD5F8CC41064600
S3150001680074B90B49A8680B680122824023EA020386
S315000168103046C5E973440B6000F04EFB2046F8BDD7
S3150001682027682046FFF74AFA3C46E9E70120F6E7E2
S315000168307077010070B50A4E0546002456F8043BF0
S3150001684023B90134142CF9D1002070BDDB7EAB4293
S31500016850F7D1E0B2FFF7CAFF0028F2D0F5E700BF93
S31500016860786F01000068003818BF012070470000EA
S3150001687008B50B460146054800220068FDF7DAFE19
S31500016880C31C012B98BF002008BD00BF2471010065
S3150001689008B500F0A9FB6420FDF730FE00F05CFBB3
S315000168A06420FDF72BFE002008BD0000014B187087
S315000168B0704700BFD06F0100044B1B7823B9044B0E
S315000168C0187800F0010070470020FAE7D06F010048
S315000168D05E770100014B1878704700BF5E770100B3
S315000168E02DE9F0479A4603680546884691464BB915
S315000168F04368002B2FD0194B194A1A484FF4F761F8
S3150001690000F02EFB00F04CFB2C680646002724B94C
S31500016910304600F0D1FA2D2013E041462046C84703
S3150001692010B927462468F2E7CAF800402B68A3424B
S3150001693009D123682B6003B96B60304600F0BCFABD
S315000169400020BDE8F0876B68A34212BF23686F6021
S3150001695000233B60F1E71B20F3E700BFDAFD2008C7
S31500016960EEFD2008E6FC200808480068006880F370
S3150001697008884FF0000080F3148862B661B6BFF351
S315000169804F8FBFF36F8F00DF00BF000008ED00E0FF
S31500016990DFF80C00016841F47001016070470000E6
S315000169A088ED00E082B0002301930D4B1B68013393
S315000169B008D04FF0140383F31188BFF36F8FBFF331
S315000169C04F8FFEE74FF0140383F31188BFF36F8FE8
S315000169D0BFF34F8F019B002BFCD002B0704700BF65
S315000169E0A00500004FF0807340F8043C074B40F8C7
S315000169F00C3C21F001016FF0020340F8081C40F83D
S31500016A00202C40F8243C4438704700BFED75000047
S31500016A100000000000000000074B19680868B0E894
S31500016A20F04F80F30988BFF36F8F4FF0000080F3BA
S31500016A3011887047AFF30080389700004FF01403B8
S31500016A4083F31188BFF36F8FBFF34F8F0A4A136821
S31500016A500133012B13600ED14FF0E023D3F8043D2F
S31500016A60DBB243B14FF0140383F31188BFF36F8F89
S31500016A70BFF34F8FFEE77047A0050000084A136871
S31500016A8043B94FF0140383F31188BFF36F8FBFF33C
S31500016A904F8FFEE7013B13600BB983F311887047F3
S31500016AA0A005000000000000EFF30980BFF36F8F1F
S31500016AB0154B1A681EF0100F08BF20ED108A20E949
S31500016AC0F04F10602DE909004FF0140080F3118892
S31500016AD0BFF34F8FBFF36F8FFEF7EEFB4FF0000052
S31500016AE080F3118809BC19680868B0E8F04F1EF0F8
S31500016AF0100F08BFB0EC108A80F30988BFF36F8FBF
S31500016B00704700BFAFF300803897000008B54FF01B
S31500016B10140383F31188BFF36F8FBFF34F8FFEF713
S31500016B2049FA28B14FF0E0234FF08052C3F8042D03
S31500016B30002383F3118808BD4FF0E02337B5D3F85E
S31500016B40001D3A4A914208D14FF0140383F311888C
S31500016B50BFF36F8FBFF34F8FFEE7D3F8002D344B92
S31500016B609A4208D14FF0140383F31188BFF36F8F54
S31500016B70BFF34F8FFEE72F4B1A78D2B20192FF2255
S31500016B801A701B782C4ADBB28DF803309DF803305E
S31500016B9003F014031370294A0723136000219DF89B
S31500016BA00300000603F1FF340CD411B1012B13606D
S31500016BB011D04FF0140383F31188BFF36F8FBFF326
S31500016BC04F8FFEE79DF803305B00DBB28DF8033093
S31500016BD001212346E3E74FF480731360019B154AB5
S31500016BE04FF0E024DBB21370D4F8203D43F47C036C
S31500016BF0C4F8203DD4F8203D43F07C43C4F8203D41
S31500016C00FAF786FE0E4B00251D60FFF7C1FED4F88C
S31500016C10343F43F04043C4F8343FFFF7A5FEFEF787
S31500016C204BFBFFF7BFFE284603B030BD71C20F41D3
S31500016C3070C20F4100E400E01C98000018980000A3
S31500016C40A0050000EFF305830F2B0ED9114A9B5CBB
S31500016C50114A12789A4208D94FF0140383F3118826
S31500016C60BFF36F8FBFF34F8FFEE74FF0E0230B4A61
S31500016C70D3F80C3D126803F4E063934208D94FF050
S31500016C80140383F31188BFF36F8FBFF34F8FFEE7B2
S31500016C90704700BFF0E300E01C9800001898000060
S31500016CA030B5114B1A461B688342FBD354684168C1
S31500016CB01519A84206D1214450188342516010D1BA
S31500016CC0104602E04418A3420CD1084C2468A342A2
S31500016CD01FBF5C68641844601C680460824218BF68
S31500016CE0106030BD0360F9E7389800003498000061
S31500016CF02DE9F0410446FEF72FF94349434D0B6850
S31500016D000BBB434A56071FBFD01D20F0070002F5F3
S31500016D104842131A0CBF4FF44843024613443D4EF2
S31500016D20083B23F00703002070603260C3E90000CE
S31500016D30981AC2E900300B60374B1860374B186060
S31500016D404FF000432B602F68274205D0FEF7C8F9A4
S31500016D5000263046BDE8F081631E0A33F6D8600787
S31500016D6004F1080226D022F0070308339342EDD935
S31500016D70DFF8A880D8F800509D42E7D3254A146869
S31500016D806068984201D22668B6B90968A142DDD089
S31500016D90216816681160C21A102A14D9E018410731
S31500016DA00DD04FF0140383F31188BFF36F8FBFF338
S31500016DB04F8FFEE71346DBE722463446E0E74260A3
S31500016DC06360FFF76DFF62681349AD1A1743144AF2
S31500016DD008686760002323601368C8F8005085427D
S31500016DE003F1010306F1080638BF0D601360FEF7D3
S31500016DF077F97307ADD04FF0140383F31188BFF30E
S31500016E006F8FBFF34F8FFEE7349800002098000084
S31500016E1040980000389800002C9800003098000037
S31500016E202898000010B5044690B31A4A50F8043C5D
S31500016E301268134208D14FF0140383F31188BFF38C
S31500016E406F8FBFF34F8FFEE750F8081C41B14FF02B
S31500016E50140383F31188BFF36F8FBFF34F8FFEE7E0
S31500016E6023EA020340F8043CFEF776F80A4A54F88E
S31500016E70043C1168A4F108000B441360FFF710FFEE
S31500016E80064A1368BDE8104001331360FEF728B9BE
S31500016E9010BD00BF20980000309800002498000023
S31500016EA05FF800F0DDB120085FF800F007892008DF
S31500016EB05FF800F0397420085FF800F0892D20088A
S31500016EC05FF800F0C5B020085FF800F03BAC200881
S31500016ED05FF800F0019820085FF800F0D5942008CB
S31500016EE05FF800F0C19320085FF800F0CD2D20086F
S31500016EF05FF800F0852E20085FF800F0A9B420089D
S31500016F005FF800F0BD8020085FF800F0FD822008E0
S31500016F105FF800F039AA20085FF800F089C0200860
S31500016F205FF800F0953220085FF800F065B520089B
S31500016F305FF800F0732D20085FF800F00983200840
S31500016F405FF800F0EDC320085FF800F01583200814
S31500016F505FF800F0A19E20085FF800F047AC20081A
S31500016F605FF800F079C320085FF800F03D72200851
S31500016F705FF800F0F1D220085FF800F0FDC32008A9
S31500016F805FF800F06B2D20085FF800F0A1D420080F
S31500016F905FF800F0B12D20085FF800F045B4200835
S31500016FA05FF800F07D2D20085FF800F0C388200807
S31500016FB05FF800F0F98820085FF800F009742008EE
S31500016FC05FF800F061B120085FF800F02D9320080A
S31500016FD05FF800F021B220085FF800F0F9AE200852
S31500016FE05FF800F0498120085FF800F045AC200801
S31500016FF05FF800F07D2E20085FF800F0C9942008A4
S315000170005FF800F0156E20085FF800F06D83200828
S315000170105FF800F02D8320085FF800F02F89200823
S315000170205FF800F0F19D20085FF800F011D3200809
S315000170305FF800F049AC20085FF800F0B988200835
S315000170400100000004A40524000000420100000024
S31500017050ACA405240000402901000000ACA40524CD
S31500017060010040290100000004A505240000C020FC
S3150001707001000000C4A405241F0000200100000037
S315000170809CA405240100C049010000009CA405241C
S315000170900000806201000000A4A40524000080A471
S315000170A001000000A4A40524000080A40100000042
S315000170B09CA405240100C049010000009CA40524EC
S315000170C0000080620100000048870524000040831B
S315000170D0010000007C870524000000180100000063
S315000170E0408705240C0040A401000000CCA405241F
S315000170F00080007801000000C8A40524640000583F
S3150001710001000000C4A405240080007801000000ED
S31500017110C0A405246400005801000000E0A4052471
S31500017120D903005001000000DCA40524BF04005867
S3150001713001000000D8A405240E010048010000004A
S3150001714038A40524000000280100000014A4052429
S31500017150270080A30100000038A405240300408312
S315000171600100000038A40524030040830300000049
S315000171700CA405245A0080A30CA405240200401087
S315000171800CA4052400000000030000000CA4052443
S315000171905A0080A30CA40524030040100CA4052466
S315000171A000000000030000000CA405245A0080A37F
S315000171B00CA40524000040100CA4052400000000C6
S315000171C00100000008A40524150000A40100000028
S315000171D008A40524070000A40100000004A4052456
S315000171E02000C0A30100000010A40524380080A3DC
S315000171F00100000010A405245A0080A3010000002C
S3150001720000A505240000805A020000009CA4052464
S315000172100300C0ACACA4052410000020010000004E
S3150001722000A505240300809C01000000D4A40524C8
S315000172300100007801000000D0A40524F2000080BE
S315000172400100000058870524030080590100000051
S31500017250588705240C0000280100000040870524FA
S315000172600C0040A40100000000A405240000000851
S315000172700100000000A40524560583A001000000BA
S3150001728038A40524070040A40100000038A4052401
S315000172900F0040A40100000038A40524070040A403
S315000172A00100000038A405240F0040A401000000DD
S315000172B09CA4052400000021010000009CA40524D3
S315000172C001000021010000009CA405240000C01853
S315000172D0010000009CA405240100C0180200000062
S315000172E094A405240100009494A40524020000AD91
S315000172F0010000009CA4052400000010010000000C
S3150001730000A505240300809C0100000000A50524BA
S315000173100000809C02000000A4A40524000080A4B3
S31500017320A4A405240000008402000000A4A40524EE
S31500017330000080A4A4A4052401000084010000002B
S31500017340A4A40524010080A401000000A4A405242E
S31500017350020080A40300000098A40524F80040A3BD
S31500017360A0A4052410008051A0A40524010040AD6D
S3150001737001000000A0A40524000040AD02000000A9
S315000173809CA405240000C049A0A40524000040AD2A
S3150001739005000000A0A40524000040AD9CA405241E
S315000173A00200806298A40524F80040A3A0A4052445
S315000173B010008051A0A40524010040AD0200000088
S315000173C098A40524F00040A3A0A40524010040AD23
S315000173D0020000009CA405240200C049A0A40524C3
S315000173E0000040AD0200000098A405242F003EA82D
S315000173F0A0A40524200020A802000000548705242B
S315000174000100C03958870524010000210100000050
S315000174105887052401008052030000006087052477
S31500017420030080AC748705240600409C74870524FC
S315000174300400405A0200000060870524030080AC66
S3150001744070870524010040AD0100000078870524FE
S3150001745009000018010000007887052408000018BB
S315000174600500000074870524DA2422A8488705242C
S3150001747000004083408705240C0040837087052463
S315000174800C00007B70870524040000100600000034
S315000174907487052403008041488705240000408342
S315000174A04087052403004083708705240200007B82
S315000174B0708705240700001074870524020000ADBB
S315000174C00100000040870524090040A401000000D6
S315000174D0408705240C0040A40200000054870524BF
S315000174E000000021448705240000408C02000000B2
S315000174F05487052401000021448705240100408C9E
S3150001750013000000408705240C0040A44087052491
S31500017510BF000060488705242600006048870524CF
S31500017520030040944C8705242003007068870524D6
S315000175300300C020448705240100C09C6087052400
S3150001754001008010788705240700404158870524EB
S31500017550CC000058748705249A2412A87487052440
S315000175600300804140870524080040837087052475
S315000175700500007B7087052404000010748705242C
S31500017580020000AD70870524010000847C87052474
S315000175900100408C38870524010080100900000095
S315000175A09CA405240100C049A4A40524010000846B
S315000175B000A505241900C09B94A405240100801090
S315000175C014A405240100006394A405240100008C81
S315000175D094A40524020000ADACA4052400004029B2
S315000175E010A505240100402919222008F1212008AF
S315000175F00000000000000000000000000000000084
S315000176000000000000000000000000000000000073
S315000176100000000000000000000000000000000063
S315000176200000000000000000000000000000000053
S315000176300000000000000000000000000000000043
S315000176400000000000000000000000000000000033
S315000176500000000000000000000000000000000023
S315000176600000000000000000000000000000000013
S315000176700000000000000000000000000000000003
S3150001768000000000000000000000000000000000F3
S3150001769000000000000000000000000000000000E3
S315000176A000000000000000000000000000000000D3
S315000176B000000000000000000000000000000000C3
S315000176C000000000000000000000000000000000B3
S315000176D000000000000000000000000000000000A3
S315000176E00000000000000000000000000000000093
S315000176F00000000000000000000000000000000083
S315000177000000000000000000000000000000000072
S315000177100000000000000000000000000000000062
S315000177200000000000000000000000000000000052
S315000177300000000000000000000000000000000042
S315000177400000000000000000000000000000000032
S315000177500000000000000000000000000000000022
S315000177600000000000000000000000000000000012
S315000177700000000000000000000000000000000002
S3150001778000000000000000000000000000000000F2
S3150001779000000000000000000000000000000000E2
S315000177A000000000000000000000000000000000D2
S315000177B000000000000000000000000000000000C2
S315000177C000000000000000000000000000000000B2
S315000177D000000000000000000000000000000000A2
S315000177E00000000000000000000000000000000092
S315000177F00000000000000000000000000000000082
S315000178000000000000000000000000000000000071
S315000178100000000000000000000000000000000061
S315000178200000000000000000000000000000000051
S315000178300000000000000000000000000000000041
S315000178400000000000000000000000000000000031
S315000178500000000000000000000000000000000021
S315000178600000000000000000000000000000000011
S315000178700000000000000000000000000000000001
S3150001788000000000000000000000000000000000F1
S3150001789000000000000000000000000000000000E1
S315000178A000000000000000000000000000000000D1
S315000178B000000000000000000000000000000000C1
S315000178C000000000000000000000000000000000B1
S315000178D000000000000000000000000000000000A1
S315000178E00000000000000000000000000000000091
S315000178F00000000000000000000000000000000081
S315000179000000000000000000000000000000000070
S315000179100000000000000000000000000000000060
S315000179200000000000000000000000000000000050
S315000179300000000000000000000000000000000040
S315000179400000000000000000000000000000000030
S315000179500000000000000000000000000000000020
S315000179600000000000000000000000000000000010
S315000179700000000000000000000000000000000000
S3150001798000000000000000000000000000000000F0
S3150001799000000000000000000000000000000000E0
S315000179A000000000000000000000000000000000D0
S315000179B000000000000000000000000000000000C0
S315000179C000000000000000000000000000000000B0
S315000179D000000000000000000000000000000000A0
S315000179E00000000000000000000000000000000090
S315000179F00000000000000000000000000000000080
S31500017A00000000000000000000000000000000006F
S31500017A10000000000000000000000000000000005F
S31500017A20000000000000000000000000000000004F
S31500017A30000000000000000000000000000000003F
S31500017A40000000000000000000000000000000002F
S31500017A50000000000000000000000000000000001F
S31500017A60000000000000000000000000000000000F
S31500017A7000000000000000000000000000000000FF
S31500017A8000000000000000000000000000000000EF
S31500017A9000000000000000000000000000000000DF
S31500017AA000000000000000000000000000000000CF
S31500017AB000000000000000000000000000000000BF
S31500017AC000000000000000000000000000000000AF
S31500017AD0000000000000000000000000000000009F
S31500017AE0000000000000000000000000000000008F
S31500017AF0000000000000000000000000000000007F
S31500017B00000000000000000000000000000000006E
S31500017B10000000000000000000000000000000005E
S31500017B20000000000000000000000000000000004E
S31500017B30000000000000000000000000000000003E
S31500017B40000000000000000000000000000000002E
S31500017B50000000000000000000000000000000001E
S31500017B60000000000000000000000000000000000E
S50317B72E
S70500000000FA
