:020000040820D2
:10200000086C0000694020081D4020081D40200881
:102010001D4020081D4020081D4020080000000031
:10202000000000000000000000000000413A20080D
:102030001D40200800000000D13A20085729200840
:102040001D4020081D4020081D4020081D4020087C
:102050001D4020081D4020081D4020081D4020086C
:102060001D4020081D40200889050000196F200828
:10207000C54D20081D4020081D4020081D40200897
:10208000194B20081D402008B5B7200859B8200872
:102090001D4020084DB720084D9B20081D402008FA
:1020A0001D4020081D4020081D4020081D4020081C
:1020B0001D4020081D402008086C00001D4020081D
:1020C00069402008E10400001D4020081D40200850
:1020D0001D4020081D402008AD4D2008B94D2008A6
:1020E000993F20081D4020081D402008AD10AD106C
:1020F0000D4B20081D4020081D402008014B2008E2
:102100001D4020081D4020081DB7200835B72008B5
:102110005DB6200875B620088DB62008A5B6200843
:10212000BDB62008D5B62008EDB6200805B72008B2
:102130001D4020081D4020081D4020081D4020088B
:102140001D4020081D4020081D4020081D4020087B
:102150001D4020081D4020081D4020081D4020086B
:102160001D4020081D4020081D40200800000000E0
:10217000000000000000000000000000000000005F
:102180000348044B834202D0034B03B11847704706
:10219000D0160000D0160000000000000548064BD5
:1021A0001B1AD90F01EBA301491002D0034B03B155
:1021B00018477047D0160000D0160000000000003D
:1021C00010B5064C237843B9FFF7DAFF044B13B17F
:1021D0000448AFF300800123237010BDD016000027
:1021E000000000006806210808B5054B1BB1054931
:1021F0000548AFF30080BDE80840FFF7CFBF00BF40
:1022000000000000D41600006806210807B500F0A1
:102210003FF80F480BF0F4FC03220021012000F0EE
:102220004EFE0C4B186018B90B480BF0E9FCFEE7AA
:1022300000230522CDE90023084909484FF4007224
:102240000DF046FD03B05DF804EB00F0E5B800BF0B
:1022500068FD2008EC16000076FD200899FD200896
:10226000B525200808B5084B1B7883420BD10129FE
:1022700009D1064B187802F0ABFE00F003F9BDE877
:10228000084000F043B808BDE6FE2008EBFE200839
:1022900010B51A481A4C0BF0B3FC0D200BF052FC91
:1022A000002009F0DBFE0120212820701ED92E20FD
:1022B00009F0BEFE0022012310462E2109F0D4FDB4
:1022C000002210460F4C2E2109F04EFE0123C4F8C7
:1022D000E432D4F8E4120C48C9B20BF021FC0D2012
:1022E0000BF030FC0023C4F8E43210BD092801D003
:1022F00009F02CFC20780130C0B2D5E7A0FD200801
:102300001000000000001346BDFD2008064AD2F868
:10231000E43283F00103C2F8E432044B00BF013B16
:10232000FCD103480BF06CBC00001346C0304600E3
:10233000D2FD200808B500F0FFFAFFF767FF00F0B4
:1023400008FB002008BD0000054A064913889BB21F
:10235000C8541388013303F07F031380704700BF14
:102360003E180000BC170000C30737B525D5164836
:102370000BF046FC154B1B780BBB1548154D0BF0AD
:102380003FFC432415F8010B013CFFF7DDFF14F07F
:10239000FF04F7D1002301930F4B01A9186800F047
:1023A00004FF019B4BB14FF0E0234FF08052C3F884
:1023B000042DBFF34F8FBFF36F8F03B030BD0748BD
:1023C0000BF01EFCE6E700BFDFFD20081100000057
:1023D000F2FD200879170000EC16000007FE200827
:1023E0000A4B0B4A1988138889B29BB299420BD0C9
:1023F000138808499BB2CB5C03701388013303F048
:102400007F03138001207047002070473E180000B2
:102410003C180000BC17000010B512480BF0F0FB90
:102420001149022009F090FA10B110480BF0E8FBB6
:102430000D4C0F492068002209F0D2FA10B10D4866
:102440000BF06EFB0C49206809F054FB002002F0F1
:1024500051FB0A4A0023137082F84430084A137073
:1024600010BD00BF19FE20084018000039FE2008EA
:10247000F002000045FE200869232008F116000044
:102480001100000007480849084A006808B54323BE
:1024900009F006FB014620B1BDE8084004480BF0F6
:1024A0003FBB08BD40180000361700007917000038
:1024B0005AFE200830B5044693B00146432201A8D5
:1024C0000BF03EFD6178237894F842004B400DF10B
:1024D00005040022D5B2A94204D81B1A584258411B
:1024E00013B030BD14F8015F01326B40F2E7000019
:1024F00070B5054690B000243C22214601A8009406
:102500000BF05EFC6A780A4EA91C68460BF018FDB9
:102510006A78E3B29A4201D810B070BD40336B4480
:10252000304613F8401C0BF0FBFA0134F0E700BF13
:102530006FFE200838B51B4C05461B480BF060FBAE
:102540002378032B08D8DFE803F002081622B62D03
:1025500002D165700123237038BD0DB90023FAE75D
:10256000002384F844300223A5702370BDE838406E
:102570000E480BF045BB94F84420531CDBB22244B8
:102580003F2B84F84430D570E6D90323E3E70848AD
:1025900084F84350FFF78EFF0028DFD00448FFF790
:1025A000A7FFDBE7F116000086FE20089AFE200850
:1025B000F216000007B5114E114C124D30684FF065
:1025C000FF3100F0EDFE0128F8D123786BB90DF151
:1025D0000700FFF705FF0028F0D09DF80700FFF780
:1025E000A9FF09480BF00CFBF1E700232B702370C7
:1025F000FFF748FF05480BF003FBDFE7EC16000090
:1026000011000000F0160000ABFE2008CAFE2008F2
:1026100008B501F035FD02F097F807F0B5F901F0C3
:102620007FFB01F05FFEBDE8084000F0A1B900F0BB
:10263000C9B908B500F008F8BDE8084000F00AB8CC
:1026400000F0ACB870477047014802F0C3BB00BF50
:10265000E6FE2008014802F0A2BC00BFEBFE200805
:10266000EFF3108072B6704710B962B6BFF36F8F88
:102670007047EFF311800C2383F31188704780F3C8
:102680001188BFF36F8F704730B50E4C41612368DE
:102690008BB9206083600DE0891A9A6841611D46FC
:1026A0006AB113465A698A42F6D935B1A860521AFE
:1026B00083605A6130BD0025F4E72060F7E7986039
:1026C0008260F7E75418000038B507F0CDF9094CDF
:1026D000094B1A6823680025C31A2AB123B151692E
:1026E000994203D3C91A5161206038BD55615B1A04
:1026F0009268F2E7501800005418000038B5154DE4
:102700002B682BB35B69A3B1134A146802201C44E5
:1027100007F0B4F9204607F0BBF910492A680023F6
:102720000B7022B1D08880070AD501230B700020DE
:1027300038BD022007F0A2F9022007F0FDF9ECE70E
:102740009268002AF3D050690344012BEAD9EEE7DE
:102750002220EDE754180000501800004C1800002B
:102760000D490B6898B100229BB1834203D1836865
:1027700022B90B6003E01A469B68F5E79360836813
:102780001BB15A6941690A445A61002070472220EE
:1027900070470220704700BF5418000070B5154EF6
:1027A000FFF767FF34780546FCB9134B1C60134BE9
:1027B0001C60134B1C6007F011F9012007F05EF953
:1027C00007F0E2F90F4B0246186020B92846FFF7E0
:1027D00056FF232070BD23460B4840F2E7310AF034
:1027E0003DFA0A4B1860012333702846FFF747FF74
:1027F0000020EFE74D1800005418000050180000AA
:102800005C1800005818000018FCFFFF4818000072
:10281000C2072DE9F843044607D5444A136801333B
:102820001360FFF751FFFFF769FFA3077CD5FFF7A0
:1028300020FF0546FFF748FF4FF000083C4F464693
:102840003C680CB16369A3B13A4B0022012E1A70A7
:1028500003D118F0020F18BF1E70FFF74FFF222898
:1028600002D1022007F052F92846BDE8F843FFF7ED
:1028700006BF23465A693AB91A792179914288BF2D
:102880001C469B68002BF5D12846FFF7F8FE25690A
:10289000DDB107F0E9F8A269A0EB02084FEAE8739E
:1028A000A84573F1000311DB23691344A361E368B6
:1028B00013B1216820469847B4F80680FFF7D9FE87
:1028C00001360546FFF700FFBAE7A846FFF7D1FE3D
:1028D00081462046FFF744FF4846FFF7D0FE2369B4
:1028E000002BE4D0A38BB5EB080533B1E28B134486
:1028F0009BB2B3F57A7F0FD2E383FFF7BAFE294686
:1029000080462046FFF7C0FEA36922691344A361F5
:102910004046FFF7B4FECAE7A3F57A73E383A369E1
:10292000013B013DA361E8E7BDE8F8835C180000C6
:10293000541800004418000008B5FFF769FEFFF7BF
:1029400078FEFFF77DFEFFF77DFEBDE80840FFF74C
:102950007ABEFFF76CBE08B54FF0E0231B690DF09F
:10296000CFF9012803D0BDE8084001F0E3B808BD65
:10297000EFF3058373B9EFF31082094B12B9EFF34C
:10298000118212B11A68022A04D0186828B90122EB
:102990001A6070476FF0050070474FF0FF307047C6
:1029A0005025000008B50DF0ABF938B1022804D06D
:1029B000034B1868431E5842584108BD0320FCE7EA
:1029C0005025000010B5EFF30583ABB9EFF310828B
:1029D0000C4B12B9EFF3118212B11A68022A0BD014
:1029E0001A68012A0BD1084A0024D47702221A60FF
:1029F0000DF072F9204610BD6FF00500FBE74FF0B7
:102A0000FF30F8E75025000000ED00E038B505463E
:102A1000EFF3058313B10024204638BDEFF3108394
:102A200013B9EFF311831BB11C4B1B68022BF2D0BF
:102A30002DB36B681A07EED4D5E9021203F0010337
:102A400071B14F2AE7D993B1042000F000FB04468E
:102A50000028E0D0296800F081FD44F00104DBE7A4
:102A6000002AD8D1ABB1042000F025FBEFE701200C
:102A700000F0EDFA04460028CDD0296806E00120D8
:102A800000F019FB04460028C5D0294600F066FD79
:102A9000C2E7012000F00FFBECE700BF502500006B
:102AA000034610B520F001000C4603F00102EFF3DD
:102AB0000581E9B9EFF3108111B9EFF3118119B173
:102AC0000E490968022913D0012B14D9214662B19D
:102AD00000F023FD012801D1002010BD002C14BFFF
:102AE0006FF001006FF00200F7E700F059FCF1E72A
:102AF0006FF00500F1E76FF00300EEE750250000EE
:102B0000024608B520F0010002F00103EFF3058151
:102B1000C9B9EFF3108111B9EFF3118119B10D4962
:102B2000096802290FD0012A10D93BB100F0A4FA9C
:102B300001280CBF00206FF0020008BD1A4619469C
:102B400000F0C9F9F4E76FF00500F6E76FF0030055
:102B5000F3E700BF50250000034B0360034B0B60FD
:102B60004FF4807313607047D8240000D820000011
:102B7000034B0360034B0B604FF40073136070470B
:102B8000602000006018000000F108034FF0FF32E1
:102B9000C0E9022343600361002303607047002300
:102BA0000361704743684B609A688A60516099601E
:102BB0000368086101330360704730B50C68631C1B
:102BC0000AD103695A684A6091608B605960036852
:102BD00008610133036030BD00F1080213465268FA
:102BE0001568A542FAD9EDE7D0E9011203698A60B8
:102BF00051605968814208BF5A60002202611A6818
:102C0000013A1A601868704710B5044600F02AFFB0
:102C1000A46B00F047FFB4FA84F0400910BD70B512
:102C20001646026C856B044642B906689EB98068F8
:102C30000DF092F8A6600135A56370BD6EB94068CD
:102C40000BF07EF96368226C1344A26863609342C0
:102C500024BF236863600020EDE7C0680BF070F9C3
:102C6000226CE36851429B1A2268E36093423EBFA4
:102C7000A3685B18E360022EEDD10DB1013DEAE7D8
:102C80002846D8E7034610B41A6C08466AB1DC68D7
:102C9000996814448C4228BF1968DC6028BFD96049
:102CA000D9685DF8044B0BF04BB95DF8044B7047E5
:102CB00070B5044600F0D6FE94F8455004F12406A1
:102CC0006DB2002D14DCFF2384F8453000F0EAFEDD
:102CD00000F0C8FE94F8445004F110066DB2002DC7
:102CE00012DCFF2384F84430BDE8704000F0DABE07
:102CF000636A002BE7D030460DF00AF808B10DF0FA
:102D00001FF8013D6DB2DCE72369002BE9D03046A6
:102D10000CF0FEFF08B10DF013F8013D6DB2DEE7D7
:102D200038B50D46044640B94FF0140383F31188BB
:102D3000BFF36F8FBFF34F8FFEE700F093FED4E930
:102D40000F31226862604B43D0185B1A1A44A060AE
:102D5000FF230020A063E26084F8443084F845300B
:102D6000A5B9236973B104F110000CF0D1FF48B18B
:102D70004FF0E0234FF08052C3F8042DBFF34F8F84
:102D8000BFF36F8F00F08EFE012038BD04F11000FC
:102D9000FFF7FAFE04F12400FFF7F6FEF2E7F8B5BC
:102DA000064617460D46C9B14843B0FBF1F39E42B3
:102DB00008D04FF0140383F31188BFF36F8FBFF374
:102DC0004F8FFEE710F1510F19D94FF0140383F321
:102DD0001188BFF36F8FBFF34F8FFEE7502000F0D5
:102DE00085FF88B180F8465004462060C4E90F652D
:102DF00001212046FFF794FF84F84C7005E0503025
:102E000000F074FF044610B900242046F8BD0023EA
:102E100080F846305030E8E737B50D461C4640B9DB
:102E20004FF0140383F31188BFF36F8FBFF34F8FFD
:102E3000FEE743B94FF0140383F31188BFF36F8F9C
:102E4000BFF34F8FFEE74AB191BB4FF0140383F3FA
:102E50001188BFF36F8FBFF34F8FFEE741B14FF083
:102E6000140383F31188BFF36F8FBFF34F8FFEE717
:102E700050230193019B502B08D04FF0140383F390
:102E80001188BFF36F8FBFF34F8FFEE7019B224680
:102E90000121C4E90F0584F8461022602046FFF79F
:102EA0003FFF9DF8183084F84C30204603B030BD09
:102EB00050230193019B502BDFD1019BE8E740B9E0
:102EC0004FF0140383F31188BFF36F8FBFF34F8F5D
:102ED000FEE7FFF764BFF0B585B00E4601921D46D0
:102EE000044640B94FF0140383F31188BFF36F8F8A
:102EF000BFF34F8FFEE751B9036C43B14FF014039A
:102F000083F31188BFF36F8FBFF34F8FFEE7022D5E
:102F10000BD1E36B012B08D04FF0140383F311881E
:102F2000BFF36F8FBFF34F8FFEE70CF0E9FE08B9D8
:102F3000019B03BB00F096FDA26BE36B9A4223D288
:102F40002A4631462046FFF76AFE636A1BB104F148
:102F500024000CF0DDFE48B14FF0E0234FF080522A
:102F6000C3F8042DBFF34F8FBFF36F8F00F09AFDAE
:102F7000012005B0F0BD4FF0140383F31188BFF3B7
:102F80006F8FBFF34F8FFEE7022DD9D000231F466E
:102F900037E013B902A80CF0C7FE00F083FD0CF077
:102FA000DFFE00F05FFD94F84430FF2B08BF84F88B
:102FB000447094F84530FF2B08BF84F8457000F04A
:102FC00071FD01A902A80CF0B7FE002839D100F06C
:102FD00049FDA26BE36B9A421AD100F063FD01999F
:102FE00004F110000CF088FE2046FFF761FE0CF0A3
:102FF00097FED8B100F036FDA36BE26B9A429FD8E2
:103000000123019A002AC4D100F04CFD0020B0E752
:1030100000F048FD2046FFF74BFE0CF081FE00F06B
:1030200021FDA26BE36B9A42EAD289E74FF0E023DD
:103030004FF08052C3F8042DBFF34F8FBFF36F8F53
:10304000EDE72046FFF734FE0CF06AFEDEE713B52D
:1030500000220B46009011460120FFF7DDFE0446DA
:1030600038B1002383600360C3601A461946FFF736
:1030700032FF204602B010BD38B5044640B94FF0CB
:10308000140383F31188BFF36F8FBFF34F8FFEE7F5
:1030900085680CF059FE85420BD1E368013BE36083
:1030A0000BB1012038BD1A4619462046FFF713FF21
:1030B000F7E70020F6E710B5024600210120FFF7F0
:1030C0006EFE044638B1002383600360C3601A4675
:1030D0001946FFF700FF204610BD2DE9F843894649
:1030E00017461E46044640B94FF0140383F3118877
:1030F000BFF36F8FBFF34F8FFEE751B9036C43B13E
:103100004FF0140383F31188BFF36F8FBFF34F8F1A
:10311000FEE7022E0BD1E36B012B08D04FF0140316
:1031200083F31188BFF36F8FBFF34F8FFEE700F07B
:10313000AFFDEFF311884FF0140383F31188BFF351
:103140006F8FBFF34F8FA26BE36B9A4201D3022EB6
:1031500029D194F84550A36B6DB2324649462046BA
:10316000FFF75DFD6B1C0ED1636A3BB104F12400D7
:103170000CF0CEFD10B10FB101233B60012088F3AC
:103180001188BDE8F8837F2D08D14FF0140383F335
:103190001188BFF36F8FBFF34F8FFEE701356DB21C
:1031A00084F84550EAE70020E9E770B50D4604468B
:1031B00040B94FF0140383F31188BFF36F8FBFF34F
:1031C0004F8FFEE7036C43B14FF0140383F3118874
:1031D000BFF36F8FBFF34F8FFEE7036853B9836868
:1031E00043B14FF0140383F31188BFF36F8FBFF324
:1031F0004F8FFEE700F04CFDEFF311864FF0140304
:1032000083F31188BFF36F8FBFF34F8FA26BE36B14
:10321000934224D994F845100132FF294BB2A2639E
:103220000DD1636A3BB104F124000CF071FD10B1C3
:103230000DB101232B60012086F3118870BD7F2B17
:1032400008D14FF0140383F31188BFF36F8FBFF3DE
:103250004F8FFEE701335BB284F84530EBE7002087
:10326000EAE7F0B585B00E460192044640B94FF04A
:10327000140383F31188BFF36F8FBFF34F8FFEE703
:1032800051B9036C43B14FF0140383F31188BFF3BA
:103290006F8FBFF34F8FFEE70CF032FD50B9019BEB
:1032A00043B14FF0140383F31188BFF36F8FBFF363
:1032B0004F8FFEE700F0D6FBA56BDDB1314620460F
:1032C000013DFFF7DFFCA563236973B104F1100032
:1032D0000CF01EFD48B14FF0E0234FF08052C3F8D0
:1032E000042DBFF34F8FBFF36F8F00F0DBFB012086
:1032F00005B0F0BD019B1BB900F0D4FB0020F7E73F
:1033000002A80CF011FD2F4600F0CCFB0CF028FDBC
:1033100000F0A8FB94F84430FF2B08BF84F84470F9
:1033200094F84530FF2B08BF84F8457000F0BAFBD5
:1033300001A902A80CF000FD38BB2046FFF764FC91
:10334000E8B1019904F124000CF0D6FC2046FFF707
:10335000AFFC0CF0E5FC48B94FF0E0234FF0805291
:10336000C3F8042DBFF34F8FBFF36F8F00F07AFBCC
:10337000A56B002DA2D1019B002BC5D1BCE7204637
:10338000FFF796FC0CF0CCFCF0E72046FFF790FC32
:103390000CF0C6FC2046FFF737FC0028E6D0ADE76E
:1033A000F0B585B00446019140B94FF0140383F3A2
:1033B0001188BFF36F8FBFF34F8FFEE7056C45B1E8
:1033C0004FF0140383F31188BFF36F8FBFF34F8F58
:1033D000FEE70CF095FC064620B32E46002700F0D1
:1033E00041FBA36B53B3013BA363236813B90CF0F8
:1033F0009FFCA060236973B104F110000CF088FCFD
:1034000048B14FF0E0234FF08052C3F8042DBFF3D2
:103410004F8FBFF36F8F00F045FB012005B0F0BD6B
:103420003546DBE7019B002BFAD04FF0140383F302
:103430001188BFF36F8FBFF34F8FFEE7019B53B926
:10344000002D66D04FF0140383F31188BFF36F8F04
:10345000BFF34F8FFEE716B902A80CF065FC00F031
:1034600021FB0CF07DFC00F0FDFA94F84430FF2BBA
:1034700008BF84F8447094F84530FF2B08BF84F8E7
:10348000457000F00FFB01A902A80CF055FC50BBE1
:103490002046FFF7B9FB00B323683BB900F0E2FA1E
:1034A000A0680CF021FC054600F0FCFA019904F13B
:1034B00024000CF021FC2046FFF7FAFB0CF030FC56
:1034C00048B94FF0E0234FF08052C3F8042DBFF30A
:1034D0004F8FBFF36F8F012681E72046FFF7E8FB90
:1034E0000CF01EFCF7E72046FFF7E2FB0CF018FC9F
:1034F0002046FFF789FB0028EDD065B100F0B2FA55
:10350000616A19B1236B1968C1F13801A0680CF028
:10351000DBFB00F0C7FA002080E770B50D460446DB
:1035200040B94FF0140383F31188BFF36F8FBFF3DB
:103530004F8FFEE786680CF007FC864204D1E368F3
:103540000133E360012070BD29462046FFF728FFC4
:103550000028F8D0E3680133E360F4E730B5074AA8
:10356000002352F8335002EBC3041DB942F8331064
:10357000606030BD0133082BF3D1FAE75425000019
:1035800070B504460D46164600F06CFA94F84430C7
:10359000FF2B04BF002384F8443094F84530FF2B00
:1035A00004BF002384F8453000F07CFAA36B2BB9EC
:1035B0003246294604F124000CF0A6FB2046BDE863
:1035C0007040FFF775BB0000914208B54160006193
:1035D0000AD8D21A83699A420DD2084B011D186885
:1035E000FFF7EBFA002008BD9A4201D2994202D2BD
:1035F000034B011DF3E70120F5E700BF402B00005E
:10360000442B0000F7B5114C00F02CFA2568BDB929
:103610000F4F104E3846FFF7B7FA3046FFF7B4FAAF
:103620000D4B0E4A1F600E4B10211E6005200D4BE6
:103630000095FFF7F1FB206010B10B49FFF78EFFFB
:1036400003B0BDE8F04000F02DBA00BF3C2B0000F5
:103650005C2B0000482B0000442B0000E42A0000F3
:10366000402B0000942A0000F3FE200810B588B01B
:10367000FFF7C8FF124B1B68B3B1002407AA06A9C5
:1036800005A8CDE90544FFF773FA059B0293069B55
:10369000019337230093079A0A490B4823460CF0FD
:1036A0003BFB0A4B186040B94FF0140383F31188B9
:1036B000BFF36F8FBFF34F8FFEE7012008B010BD3F
:1036C0003C2B0000F8FE2008CD372008382B0000E6
:1036D0007FB5164604461A4640B94FF0140383F3EB
:1036E0001188BFF36F8FBFF34F8FFEE70D4D286832
:1036F00080B10529CDE9001602940DDC0CF000FB29
:103700000023022808BF089A286818BF1A4669468D
:10371000FFF7E1FB04B070BD00236946FFF7DDFC55
:10372000F8E700BF3C2B00002DE9F347DFF8988055
:1037300006460CF0DDFAD8F800308342054609D978
:103740001F4F3B681A686AB91E4A116839601360D6
:10375000012300E0002328463360C8F8005002B07F
:10376000BDE8F087DB68DC68D3F8009004F1040A58
:103770005046FFF739FA236A2046984794F82830D4
:103780005B07DED5A3694B44994506D23868636070
:1037900024615146FFF711FAD3E7002300934A460C
:1037A00019462046FFF794FF0028CAD14FF01403B2
:1037B00083F31188BFF36F8FBFF34F8FFEE700BF16
:1037C000442B0000402B0000342B00002DE9F04377
:1037D0006E4D6F4E89B02B68D3F80080B8F1000FA2
:1037E00035D0DB68D3F8008000240CF0B9FA04A8C7
:1037F000FFF79AFF049B8146002B69D1002C4CD126
:10380000404550D30CF08CFA2B68DB68DF68381D1C
:10381000FFF7EAF997F8283058071AD5B9694346EF
:103820004A4641443846FFF7CFFEB0B100942346E4
:10383000424621463846FFF74BFF70B94FF014035C
:1038400083F31188BFF36F8FBFF34F8FFEE701241F
:10385000CBE723F0010387F828303B6A38469847C6
:103860003068002204A9FFF7FCFC0028B3D0049BB9
:103870000698002B2FDB069C6369002B32D103A82E
:10388000FFF752FF049B0246092BE9D8DFE803F05B
:103890002E2E2E575E762E2E575E3E4B1B681C68D2
:1038A000B4FA84F4640930682246A8EB0901FFF7F2
:1038B00067FE0CF035FA0028D2D14FF0E0234FF02C
:1038C0008052C3F8042DBFF34F8FBFF36F8FC7E74C
:1038D0000CF026FAC4E7059B07999847049B002B38
:1038E000BEDBC8E7201DFFF77FF9C8E794F8283052
:1038F000A16943F0010384F82830059B2046194450
:10390000FFF762FE0028ABD0236A2046984794F860
:1039100028305907A4D5A269059900230A440093C9
:1039200019462046FFF7D4FE002899D14FF0140322
:1039300083F31188BFF36F8FBFF34F8FFEE794F8C7
:10394000283023F0010384F8283089E794F82830E0
:1039500043F0010384F828300599A16141B94FF083
:10396000140383F31188BFF36F8FBFF34F8FFEE70C
:10397000034601442046FFF727FE71E794F82830FC
:103980009A07DED4204600F0BDF969E7442B000019
:103990003C2B0000402B000008480068006880F3C2
:1039A00008884FF0000080F3148862B661B6BFF358
:1039B0004F8FBFF36F8F00DF00BF000008ED00E006
:1039C000DFF80C00016841F47001016070470000ED
:1039D00088ED00E082B0002301930D4B1B6801339A
:1039E00008D04FF0140383F31188BFF36F8FBFF338
:1039F0004F8FFEE74FF0140383F31188BFF36F8FEF
:103A0000BFF34F8F019B002BFCD002B0704700BF6B
:103A1000180000004FF0807340F8043C074B40F85A
:103A20000C3C21F001016FF0020340F8081C40F843
:103A3000202C40F8243C4438704700BFD53920087A
:103A4000074B19680868B0E8F04F80F30988BFF3A6
:103A50006F8F4FF0000080F311887047AFF3008044
:103A6000902A00004FF0140383F31188BFF36F8F87
:103A7000BFF34F8F0A4A13680133012B13600ED135
:103A80004FF0E023D3F8043DDBB243B14FF0140311
:103A900083F31188BFF36F8FBFF34F8FFEE770473B
:103AA00018000000084A136843B94FF0140383F369
:103AB0001188BFF36F8FBFF34F8FFEE7013B136099
:103AC0000BB983F311887047180000000000000054
:103AD000EFF30980BFF36F8F154B1A681EF0100FBC
:103AE00008BF20ED108A20E9F04F10602DE9090091
:103AF0004FF0140080F31188BFF34F8FBFF36F8F27
:103B00000CF0EEF84FF0000080F3118809BC196842
:103B10000868B0E8F04F1EF0100F08BFB0EC108A34
:103B200080F30988BFF36F8F704700BFAFF3008049
:103B3000902A000008B54FF0140383F31188BFF3F7
:103B40006F8FBFF34F8F0CF003F928B14FF0E023D4
:103B50004FF08052C3F8042D002383F3118808BD71
:103B60004FF0E022002313619361054B4FF47A710B
:103B70001B68B3FBF1F3013B5361072313617047EB
:103B8000D82B00004FF0E02337B5D3F8001D3A4A98
:103B9000914208D14FF0140383F31188BFF36F8F64
:103BA000BFF34F8FFEE7D3F8002D344B9A4208D174
:103BB0004FF0140383F31188BFF36F8FBFF34F8F60
:103BC000FEE72F4B1A78D2B20192FF221A701B78AF
:103BD0002C4ADBB28DF803309DF8033003F0140358
:103BE0001370294A0723136000219DF80300000683
:103BF00003F1FF340CD411B1012B136011D04FF03D
:103C0000140383F31188BFF36F8FBFF34F8FFEE769
:103C10009DF803305B00DBB28DF8033001212346B1
:103C2000E3E74FF480731360019B154A4FF0E024E3
:103C3000DBB21370D4F8203D43F47C03C4F8203D7C
:103C4000D4F8203D43F07C43C4F8203DFFF788FFC3
:103C50000E4B00251D60FFF7B3FED4F8343F43F050
:103C60004043C4F8343FFFF797FE0CF039F8FFF7F4
:103C7000B1FE284603B030BD71C20F4170C20F4182
:103C800000E400E0742B0000702B0000180000001E
:103C9000EFF305830F2B0ED9114A9B5C114A127862
:103CA0009A4208D94FF0140383F31188BFF36F8F42
:103CB000BFF34F8FFEE74FF0E0230B4AD3F80C3DE4
:103CC000126803F4E063934208D94FF0140383F3BE
:103CD0001188BFF36F8FBFF34F8FFEE7704700BFB0
:103CE000F0E300E0742B0000702B000010B50446D8
:103CF0000CF036F8204609F029F904460CF010F8CB
:103D0000204610BD10B5044640B10CF029F82046FD
:103D100009F024F9BDE810400CF002B810BD000015
:103D200070B5134C134D23685E6C0023194628466A
:103D30000222B04723681E68002319460222284643
:103D4000B04723680C4DD3F8C0300520984723684E
:103D50005E6C0023194628460A22B04723681C6877
:103D600000232846A4460A22BDE870401946604751
:103D70000001300000C004240000134630B5114B90
:103D800093F85830013BDBB2FD2B8FB018D80E4DA5
:103D90000FCD6C460FC40FCD0FC40FCD0FC495E8E7
:103DA000030084E80300094C6846D4F844370CF05B
:103DB0005BFC05F05FFFD4F8443700200FB030BD46
:103DC0000120FBE700021F0858021F08008005249D
:103DD000134B0168D3F84437F0B50127013900D2FD
:103DE000F0BDD0F808C04668CCF38455C5EBDC6262
:103DF000346801320023013A0CD203FA05F203EAD7
:103E00000C03C3F3150324EA0202AB4013433360EF
:103E10000830E3E707FA02FE43EA0E03EBE700BFD0
:103E20000080052408B51848FFF7D2FF1748FFF7B0
:103E3000CFFF06F015FA06F027FA06F031FA06F081
:103E400043FA06F04DFA1248FFF7C2FF1148FFF798
:103E5000BFFF1148FFF7BCFF1048FFF7B9FF10483C
:103E6000FFF7B6FF0F48FFF7B3FF0F48FFF7B0FFAC
:103E70000E48FFF7ADFF0E48FFF7AAFFBDE8084068
:103E80000C48FFF7A5BF00BF7C160000E01500003E
:103E90001C120000E8120000DC120000FC120000FE
:103EA000BC110000B0110000A4110000F8110000C6
:103EB000401200003412000010B5254CFFF7B2FF8D
:103EC00094F8040600F00100FFF758FF4FF4C023F8
:103ED000C4F86C34D4F840311E4843F40023C4F8CD
:103EE0004031D4F8403143F00103C4F84031D4F8F4
:103EF000403143F00203C4F84031FFF769FF16492F
:103F00001648D1F8103543F00203C1F81035636943
:103F100023F400336361636943F480336361D0F851
:103F20004027D0F87837C2F34342023A23F4F073C3
:103F300043EA4213C0F87837D1F8943443F40023AD
:103F4000C1F89434236943F46013236110BD00BFAA
:103F5000008004240814000000A00524008005242B
:103F600008B550B10748FFF733FF0748FFF730FFA8
:103F70000648BDE80840FFF72BBF0548FFF728FFBC
:103F80000448F6E750140000F8140000EC14000098
:103F9000C4140000701400000B48D0F800D05DF885
:103FA00004EB5DF804CB5DF804BB5DF804AB5DF891
:103FB000049B5DF8048B80BC40BC20BC10BC08BCDA
:103FC00004BC02BC01BC7047842B0000114AD2F82B
:103FD000103623F48073C2F810360F4B596B41F042
:103FE00001015963596B41F0020159630423C2F87E
:103FF000383482B000238DF807309DF80730092B44
:1040000001D902B0704700BF9DF807300133DBB221
:10401000F1E700BF0080042400840424FEE7FEE7EB
:10402000054B064A06498B4200D3704752F8040BF1
:1040300043F8040BF7E700BF100000008C082108CC
:10404000D0160000064B0748DA1C121AC11E22F0D7
:104050000302994288BF0022002109F0B1BE00BFCF
:10406000083C0000D016000008B5FFF7D9FFFFF7A5
:10407000E9FF00F0B3F8BDE80840FEF75BB90000C7
:1040800038B5374B374A1A60374B384A93F80636FB
:10409000374C03F00F030F2B15BF364B4FF0006367
:1040A000D3F89312D3F837140CBF11601160324A61
:1040B0000CBFD3F83634D3F89232136005F05AFFB0
:1040C00005F05AFF2D4BDB694FF08061D3F880304B
:1040D0004FF08C409847E369022060F30E33E361B0
:1040E000274BDA696FF30202DA6105F0BFFF1E4B5E
:1040F0001A6A042161F302021A621A6A1207FCD5D5
:10410000A369022262F38403A361A3691B04FCD5A3
:104110001C4B1D4D5A6E6FF341025A665A6E6FF377
:1041200000025A66FFF752FF184B19480D4A1861F2
:104130004FF4FA44D86117485C6200211C624FF4C6
:104140000044C3E90022C3E90B05C3E90F229960CB
:104150005961DA609C625A635864996138BD00BF46
:10416000D82B0000005A620200800424802B00003B
:104170000081042400001F087C2B00000001300097
:104180000086042400840424002D3101882B0000C3
:1041900000B4C4040048E8014FF0E02384B0D3F831
:1041A000402F0192D3F8442F02920199094A91427B
:1041B0000DD10299084A914209D1D3F8882D039272
:1041C000039A42F470020392039AC3F8882D04B054
:1041D000704700BF210011101100001113B500231A
:1041E000009301932F4BD3F810250092009A009270
:1041F0002D4A116821F00F01116011681160D3F888
:104200009C1421F46071C3F89C14D3F80417019135
:104210000199C3F80415D3F8001701910199C3F867
:104220000015D3F8101541F01C01C3F81015D2F891
:10423000024014F48074FAD11C48436943F480337B
:104240004361436964F351434361FFF7A5FF184B92
:104250004FF080725A60174BC0F84031164B5A68C5
:1042600064F3C3025A60036A0E4A43F48033036264
:10427000036A43F400330362D2F8943443F4002316
:10428000C2F89434036943F4601303610B4B1A685A
:1042900042F400221A601A6842F480221A6002B0C6
:1042A00010BD00BF00A005240000052400800424E8
:1042B000000030410300080000810424008404242D
:1042C00020F04040012802D0022805D07047034A60
:1042D0001368013313607047014AF9E7E02B0000CF
:1042E000DC2B000010B5124CE3689847A368114816
:1042F0009847236902209847A46A01211520A04706
:1043000001211620A0474FF4E1310120A0470A4CBB
:10431000206810B9FEF77AFB2060084B4FF48052FA
:10432000C3F88020BFF34F8FBFF36F8F10BD00BF66
:1043300078002108C1422008E42B000000E100E0E1
:1043400013B5094C00238DF804302360074B01217D
:104350009B6901A8984723681BB19DF8040002B02F
:1043600010BD00F035FDF6E7DC2B000078002108D9
:1043700013B5094C8DF8070000232360074B01217A
:104380005B690DF10700984723680BB102B010BDBF
:1043900000F01EFDF8E700BFE02B000078002108C8
:1043A00003681B780022202B04D0093B042B01D981
:1043B000D0B270470368591C01605B780132F2E7A4
:1043C0000120704708B509F05DFD162303604FF02A
:1043D000FF3008BD08B509F055FD16230360FEE760
:1043E00070B50D461446FEF7DDFA022805D10C4BD8
:1043F0004FF0FF311868FEF753FB2E46731BA342A4
:1044000009DBFEF7CFFA022803D1054B1868FEF747
:1044100077FB204670BD16F8010BFFF7A9FFEDE70B
:10442000E42B00004FF0FF3070474FF400534B6017
:104430000020704701207047002070470FB42DE91D
:10444000F0438BB012AB002453F8046B01938DF84A
:104450001040FFF775FF0D288DF81000F7D00A28DF
:10446000F5D0002425460134142C2ED0FFF768FF28
:1044700004F128036B440D2803F8180C01D00A2816
:10448000F0D105F128030DEB0305002305F8163CD8
:1044900004AB03939DF81030019F0296002B00F0AF
:1044A0004E810025029B1B78002B3BD0DDF80C9041
:1044B00099F80060002E35D002A8FFF771FF04467E
:1044C00038B103A8FFF76CFFECE700238DF8243028
:1044D000DEE7029A1346517813F8010B0293252860
:1044E00001D1252907D18E421CD109F101030232E5
:1044F00003930292D6E726462046A0461A7806F095
:104500007C01002A67D100B10293002967D109E03C
:10451000692A51D01ED8632A53D011D8392A07D816
:104520002F2A35D8E8B20BB0BDE8F04304B070478D
:10453000582AF7D146F0200601334FF0100833E037
:10454000642AEFD146F4005646F0200601334FF0BE
:104550000A0829E06F3AD1B20929E3D8092AE1D83B
:1045600001A151F822F000BFAD45200825452008E3
:104570002545200825452008D14520082545200847
:1045800049452008254520082545200835452008AF
:10459000002CC7D10A211A78303A01FB042413F801
:1045A000012F303A092AF6D90120A7E746F0200664
:1045B00001334FF00808F7E746F02006013388463C
:1045C000F2E7012C46F0040638BF01240133EBE783
:1045D00046F00806FAE700299AD000B10293002CB1
:1045E00008BF632408291BD0202940D0042999D171
:1045F00057F8042B4946144400200E780B4601312D
:104600000EB938B94EE702F8016B94424FF0010041
:10461000F3D10B46994503933FF444AF013541E78D
:1046200003A8FFF7BDFEDDF80CC057F8042B664663
:1046300014440021307810F0DF0F334606F10106F4
:1046400001D161B92EE7A0F1090EBEF1040FF8D92E
:1046500002F8010BA2424FF00101EBD133469C4519
:1046600003933FF41FAF374B00221A70D6E703A81D
:10467000FFF796FE039BB8F1000F10D0B8F1100FB2
:1046800017D11A78302A14D15A7802F0DF02582A4A
:104690000FD102330393023C4FF0100809E01A785F
:1046A000302A16D15A7802F0DF02582AF1D04FF0A2
:1046B0000808039B1A782B2A0ED02D2A0FD101331C
:1046C0000393013C4FF0FF31039A002014448446C9
:1046D00014E04FF00A08ECE701330393013C012199
:1046E000F2E7A9F14103052B02D910B3039220E0B0
:1046F000A9F1370315E00CFB083C012092F800906B
:104700009646B9F1000FF0D0A242EED0A9F13003E5
:10471000DBB2092B06D9A9F16103052BE1D8A9F178
:104720005703DBB2984502F10102E4D808B1CDF895
:104730000CE057F8043B0CFB01F119606EE74FF0F9
:10474000FF35EFE6E82B0000044802231421C218CD
:1047500001334B2B82F80013F9D1704700E100E0E0
:10476000064B1868002382B262F30F03000C60F35B
:104770001F4382B0184602B0704700BF7400210882
:104780000E207047014803F04BBA00BF24002108F7
:10479000014803F045BA00BFD4FF2008014803F0E8
:1047A0003FBA00BF84FF200807B50023034A0093E7
:1047B00003F02CF803B05DF804FB00BFD4FF200821
:1047C00037B5044602200D4600F0A2FCE2B2132ADF
:1047D0000346084A02D11178A52908D01278009220
:1047E0002946054A204603F011F803B030BD6FF0AA
:1047F0000600FAE71C0000002400210837B5044633
:1048000009200D4600F084FCE2B2132A0346084A50
:1048100002D11178A52908D0127800922946054ABC
:10482000204602F0F3FF03B030BD6FF00600FAE758
:104830001C00000084FF2008014802F0DDBF00BF1B
:1048400024002108014802F0D7BF00BFD4FF200890
:10485000014802F0D1BF00BF84FF20081FB5064BFE
:104860001B680293054B0193054B0093054B02F027
:10487000B5FE05B05DF804FBD8300000642D0000E3
:104880002C000000240021081FB5064B1B68029372
:10489000054B0193054B0093054B02F09FFE05B0BD
:1048A0005DF804FBD8300000642D00002C000000EF
:1048B000D4FF20081FB5064B1B680293054B0193DC
:1048C000054B0093054B02F089FE05B05DF804FB33
:1048D000D4300000742C00002000000084FF200869
:1048E00007B5064B064A1B680193064B0093064B1F
:1048F00003F06CFB03B05DF804FB00BFD830000090
:1049000024002108642D00002C00000007B5064B90
:10491000064A1B680193064B0093064B03F056FBB7
:1049200003B05DF804FB00BFD8300000D4FF2008BE
:10493000642D00002C00000007B5064B064A1B68DA
:104940000193064B0093064B03F040FB03B05DF868
:1049500004FB00BFD430000084FF2008742C00004A
:104960002000000007B5064B064A1B680193064B62
:104970000093064B03F066FA03B05DF804FB00BF3A
:10498000D830000024002108642D00002C00000015
:1049900007B5064B064A1B680193064B0093064B6E
:1049A00003F050FA03B05DF804FB00BFD8300000FC
:1049B000D4FF2008642D00002C00000007B5064B32
:1049C000064A1B680193064B0093064B03F03AFA24
:1049D00003B05DF804FB00BFD430000084FF200862
:1049E000742C000020000000014902F06DBD00BFE2
:1049F00024002108014902F067BD00BFD4FF200850
:104A0000014902F061BD00BF84FF2008014902484E
:104A100002F03ABD2C0000002400210801490248A0
:104A200002F032BD2C000000D4FF2008034B0449E3
:104A300004484FF480029A6402F026BD00840424E6
:104A40002000000084FF200807B5074B074910220B
:104A50009A60074B0193074B0093074A074B02F0FC
:104A60006FFB03B05DF804FB0084042424002108DC
:104A70005C300000D83000002C00000000FC020078
:104A800007B5074B074910229A60074B0193074B64
:104A90000093074A074B02F053FB03B05DF804FB99
:104AA00000840424D4FF20085C300000D8300000CB
:104AB0002C00000000FC020007B5084B08494FF429
:104AC00080025A64074B0193074B0093074A084B37
:104AD00002F036FB03B05DF804FB00BF0084042441
:104AE00084FF2008E42F0000D430000020000000E4
:104AF000001C0624014B1870704700BF1C0000000A
:104B0000014803F09DB800BF24002108014803F0CC
:104B100097B800BFD4FF2008014803F091B800BF48
:104B200084FF2008012808D1094BC9B2D3F8F0202E
:104B300061F30702C3F8F0207047022802D1054B49
:104B4000C9B2F3E70328F7D1034BC9B2EEE700BFC0
:104B5000000002440000014500080424012809D196
:104B60000A4B9A696FF303029A61DA696FF30302E1
:104B7000DA6170470228FCD1054B9A69012161F383
:104B800003029A61DA6961F30302F1E7000002446B
:104B900000000145012804D1074BD87900F001003D
:104BA0007047022801D1054BF7E7032801D1044BD8
:104BB000F3E70020704700BF682C0000402C000085
:104BC000182C000070477047064B1868002382B20B
:104BD00062F30F03000C60F31F4382B0184602B06B
:104BE000704700BFEC002108014B1868704700BFF8
:104BF00038000000014804F081BD00BF380000000B
:104C0000014904F039BD00BF38000000014804F03C
:104C100011BD00BF3800000037B504460B200D461B
:104C200000F076FA064B1B680193064B0093024690
:104C3000054B2946204604F08DF803B030BD00BF77
:104C4000D43000002000000038000000014804F0CB
:104C50007DB800BF38000000014804F074B800BF00
:104C6000380000007FB5104BD3E90354B2F5806FD4
:104C70002E883ABF02F1FF33C3F3090340F2FF333A
:104C800063F30D162E80258863F30D15074B2580E1
:104C90001B680293064B0193064B0093024B04F0F2
:104CA00019F804B070BD00BF38000000D430000017
:104CB000742C0000200000000D4B1A69B1F5806FC4
:104CC00013B538BF01F1FF33148834BFC3F30903B0
:104CD00040F2FF3363F30D14064B14801B680193FD
:104CE000054B0093024A054B03F056FF02B010BD7E
:104CF00038000000D4300000742C000020000000B8
:104D00000D4BDA68B1F5806F13B538BF01F1FF3391
:104D1000148834BFC3F3090340F2FF3363F30D1467
:104D2000064B14801B680193054B0093024A054B08
:104D300003F084FE02B010BD38000000D430000043
:104D4000742C000020000000024B034A1B6803493A
:104D500003F0CCBDD430000020000000380000007B
:104D6000034B044904484FF400129A6403F06EBDEB
:104D700000840424200000003800000007B5064B22
:104D80000193064B0093064A064B074903F0CEFCFD
:104D900003B05DF804FB00BFE42F0000D430000036
:104DA00020000000001C062438000000014803F029
:104DB00095BB00BFC0000000014803F08FBB00BFDF
:104DC0007C000000014803F089BB00BF38000000F0
:104DD000FFF7F8BF7FB5264E03788DF80D308DF8BC
:104DE000093033784278234D8DF80C200121044698
:104DF0008DF80E108DF80820B3B1039806F042FB31
:104E000003462860A8B962782079052A13D1217851
:104E1000194B1A4A43F8214006F0ACFBA278184916
:104E200001238B54337004E006F0CEFB2860002889
:104E3000E3D004B070BD042A10D1124D124A297873
:104E400042F8214000930246104B1148415C02A8F1
:104E500006F034FA2B7801332B70DFE70D4D0E4A44
:104E6000297842F82140009302460C4B0C48EDE7AC
:104E7000883100008C3100006C310000594F20084F
:104E8000843100008631000074310000494F200851
:104E900004010000873100007C310000394F2008F8
:104EA0000C01000010B5044629B1042912D0BDE858
:104EB000104007F0EDB94B2804D90D4840F2DB1142
:104EC00006F09CFE240104F18C4404F598146068FB
:104ED000C0B210BD0B2804D905484FF4EF7106F09D
:104EE0008DFE240104F1105404F59824EFE700BF6F
:104EF000F000210870B5044641780078FFF7D2FF32
:104F000043B2002561782078DEB2FFF7CBFF43B2D1
:104F1000B342F6D10135B5F5FA7FF3D10549A27850
:104F200020788A5C934214BF01210021FDF79AF991
:104F300070BD00BF84310000024B53F82000FFF722
:104F4000D9BF00BF7C310000024B53F82000FFF7AF
:104F5000D1BF00BF74310000024B53F82000FFF7AF
:104F6000C9BF00BF6C3100000278052A15D843780C
:104F700022B93A2B34BF002021207047511E01294D
:104F800005D9032A05D0042A05D0062BF2E7102BF9
:104F9000F0E70A2BEEE70C2BECE72120704713B566
:104FA000837804468BB9012006F03AFA63788DF8CD
:104FB000043023788DF8053000238DF806300198F1
:104FC00002B0BDE8104006F05DBA0020ECE700003A
:104FD00037B5831E5D425D4104468DF80500AD0086
:104FE00001A88DF80450FFF7BFFF80B98DB94B2C95
:104FF00004D90B4840F24A2106F000FE240104F1D6
:105000008C4404F59814636883F00103636003B073
:1050100030BD044A536A83F001035362F7E700BFCF
:10502000F000210800C00424354BDFED366AD3F8C8
:10503000102242F04002C3F8102207EE900AD3F883
:105040001022F4EEE67A42F01002F1EE10FA07EECA
:10505000101A82B0C3F8102206DCF0EE086AB4EE33
:10506000E67AF1EE10FA08D5D3F8102242F02002C9
:10507000C3F81022002002B070479FED237AF4EEAF
:10508000C77AF1EE10FA10D5D3F810226FF30302AD
:10509000C3F81022D3F810226FF38612C3F810223F
:1050A000D3F810226FF30412E2E777EEC77ADFED50
:1050B000176A134A87EEA67AF7EE007A77EE277A18
:1050C000FCEEE77ACDED017A9DF80430F6EE007A39
:1050D00077EE277A07EE103AB8EE477AB4EEE77A21
:1050E000F1EE10FAC2BFFCEEE77ACDED017A9DF841
:1050F0000430D2F8101263F30301C2F81012B9E7BA
:105100000038042433333340CDCCCC3F0AD7A33D01
:10511000D0B50E2800F27C82DFE810F00F005A00B4
:105120009500D00004010F0141017101810190013E
:10513000B701DC010702320254024FF08C43DB69F5
:1051400003F00703042B41D8DFE803F0033A3437B8
:105150003D00844B9A6C013A052A37D8DFE802F00B
:10516000032224222628586C4FF08C43DC69DB692B
:10517000C4F3C30413F0005F60D094B107F03AFAAF
:10518000064620460F4607F035FA774B002207F017
:10519000F5F802460B463046394607F0CFFB07F0DC
:1051A0003DFDD0BDD86ADFE7D86BDDE7186BDBE7E4
:1051B000586BD9E76B4BD869D6E76A4B5869D3E788
:1051C000684B9868D0E7674BD868CDE70020CBE7FD
:1051D0004FF08C43DB69C3F3C213042B2CD8DFE8F8
:1051E00003F003251F2228005E4B9A6C013A052A22
:1051F00022D8DFE802F0030D0F0D1113586C4FF0A9
:105200008C43DC69DB69C4F3832413F0804FB3E77C
:10521000D86AF4E7D86BF2E7186BF0E7586BEEE763
:10522000504BD869EBE74F4B5869E8E74D4B98680E
:10523000E5E74C4BD868E2E70020E0E7002CB0D06F
:10524000B0FBF4F0ADE74FF08C439B69C3F3C2337E
:10525000052B31D8DFE803F0032124272A2D414B09
:105260009A6C013A052A27D8DFE802F0030F110FE4
:105270001315586C4FF08C439B69C3F3C32213F48E
:10528000F04F8ED0B0FBF2F08BE7D86AF2E7D86B24
:10529000F0E7186BEEE7586BECE7324B9868E9E7FC
:1052A000304B1869E6E72F4B5869E3E72D4BD86977
:1052B000E0E72C4BD868DDE70020DBE74FF08C43BC
:1052C0009B6AC3F34243032B2AD8DFE803F0022092
:1052D0002326244B9A6C013A052A21D8DFE802F0F4
:1052E000030F110F1315586C4FF08C439A6AC2F3D9
:1052F000055312F07C7F3FF454AF5B004CE0D86A5A
:10530000F2E7D86BF0E7186BEEE7586BECE7154B5C
:105310005869E9E7134B9868E6E7124BD868E3E76A
:105320000020E1E74FF08C42936903F00703032B61
:1053300025D8DFE803F0081B1E214FF08C42D36F05
:10534000C3F34223F3E7074BD86A91699369D269A3
:105350008C05C3F3C503C2F3007212D5B2B9DBB931
:105360001FE700BF882B00000000E03F824BD86998
:10537000EBE7814B5869E8E77F4B9868E5E7002049
:10538000E3E71AB9002BB8D140080AE7D9077FF53F
:1053900008AF022B7FF605AFB0FBF3F001E74FF04B
:1053A0008C439B69C3F30263042B00F23181DFE875
:1053B00013F0DF0005001D00200023006E4B9A6CE7
:1053C000013A052A00F22481DFE812F00600080005
:1053D0000B0008000D00F700586CE2E6664BD86A37
:1053E000DFE6D86BDDE6644B186BDAE6624B986853
:1053F000D7E6614BD869D4E65F4B5869D1E64FF0E8
:105400008C42936913F4802F5B4B0CBF58699868EA
:10541000936992691202C3F3C343B3D59FE74FF078
:105420008C439A6A12F4806F534A0CBF9069D0681B
:105430009A6AC2F3C52312F4FC3F5CE74F4A9369B2
:105440001B0F062B1FD8DFE803F0040C0F121518F2
:105450001B00494B58689369C3F3464213F47E0F0F
:105460000FE7454B186AF6E7434B586AF3E7424BA0
:10547000986AF0E7404BD86AEDE73F4B186BEAE7D4
:105480003D4BD868E7E70020E5E73C4AD369C3F322
:105490004303052B1CD8DFE803F0030C0F1215188B
:1054A000354B5868D369C3F34713002B7FF425AFFE
:1054B00077E6314B186AF5E72F4B586AF2E72E4B27
:1054C000986AEFE72C4BD86AECE72B4B186BE9E7AF
:1054D0000020E7E7294A136AC3F34303072B22D8C6
:1054E000DFE803F0040C0F1215181B1E224B58683E
:1054F000136AC3F3421213F0E00FC2E61E4B186AA0
:10550000F6E71D4B586AF3E71B4B986AF0E71A4B16
:10551000D86AEDE7184B186BEAE7174BD868E7E74E
:10552000154B586BE4E70020E2E7144B1B6BC3F309
:105530004303062B6CD801A252F823F059552008DA
:105540005F552008655520086B552008DD5320085D
:10555000E753200871552008074B586821E6064B91
:10556000186A1EE6044B586A1BE6034B986A18E655
:10557000014BD86815E600BF882B000000140424F6
:10558000244B5B6BC3F34303082B41D801A252F8B1
:1055900023F000BF595520085F55200865552008A5
:1055A0006B552008DD532008E7532008715520086B
:1055B000B9552008BF552008174B586BF1E5164B1D
:1055C0009869EEE5134AD36AC3F34303062B1DD84B
:1055D000DFE803F0040A0D10131619000E4B58688B
:1055E000D36AC3F34713BAE60B4B186AF8E70A4BC2
:1055F000586AF5E7084B986AF2E7074BD86AEFE775
:10560000054B186BECE7044BD868E9E70020E7E7A7
:105610000020C6E500140424882B0000024B1B6800
:10562000D3F8BC30184700BF00013000024B1B68A4
:10563000D3F8CC30184700BF00013000024B1B6884
:10564000D3F8EC30184700BF00013000024B0121B5
:105650009B69C0B2184700BFB0310000FFF7F6BF2A
:105660001346054A126810B4546C0A46A446002139
:105670005DF8044B604700BF00013000034B1B6A1C
:1056800002469B6A02480121184700BF0001300012
:1056900000140424104B114A1B7F82B0012BADF87B
:1056A00004000F4BC0B24FF400610DD9116020B956
:1056B000D3F808220A43C3F808225A68002042F0AF
:1056C00001025A6002B0704711600028F5D1D3F88A
:1056D000082242F40062EEE7B031000000E100E091
:1056E000003804242DE9F04F224B234893F81CE0A6
:1056F000224B1A7800231C4602F59875D9B28E45C4
:105700000CD8DFF880800023A8F5107902F5907C92
:10571000DAB2964509D80020BDE8F08F30F81510B0
:105720008C4238BF0C460133E8E743B929F81C30F6
:105730000133EDE7B5F820B0594489B20AE00027FB
:105740001FFA83FABEB2B442F2D900220C4D1046C1
:1057500035F8021FA14203D2B142EBD1013292B21D
:10576000013080B25045F3D30137002AEAD128F83E
:105770001360DDE7B0310000D0310000AC31000033
:105780000E34000010340000012800D17047C30718
:1057900001D44008F8E70020704703460120834207
:1057A00008DC00EBD072A3EB6203B3EBA00FB8BF31
:1057B000400870474000F2E707EE100ADFED087A74
:1057C000084837EE277AF7EE006AC6EE877AFCEED5
:1057D000E77A17EE903A834228BF0346184670478F
:1057E00095BFD633404B4C0084B0F0B506AC84E88E
:1057F0000E00DFED957A002123AC0DF16B050A4612
:105800000B46CEB2B04200F2AF80002B00F0A38076
:10581000B0EE007AF4EEC77AF1EE10FAB0EE047A48
:1058200005DBF4EEC77AF1EE10FA00F1DF80F4EE5A
:10583000C77AF1EE10FAB0EE087A05DBF4EEC77A1B
:10584000F1EE10FA00F1D880F4EEC77AF1EE10FA1A
:10585000B1EE007A05DBF4EEC77AF1EE10FA00F152
:10586000CE80F4EEC77AF1EE10FAB1EE047A05DBE1
:10587000F4EEC77AF1EE10FA00F1C480F4EEC77AC4
:10588000F1EE10FA07DBB1EE087AF4EEC77AF1EE2A
:1058900010FA00F1BA80B1EE0C7AF4EEC77AF1EEAC
:1058A00010FAB2EE007A05DBF4EEC77AF1EE10FAE8
:1058B00000F1AE80F4EEC77AF1EE10FAB2EE027AA1
:1058C00005DBF4EEC77AF1EE10FA00F1A480F4EEF5
:1058D000C77AF1EE10FA06DBB2EE047AF4EEC77A7C
:1058E000F1EE10FA6FD4B2EE087AF4EEC77AF1EE68
:1058F00010FA06DBB2EE0C7AF4EEC77AF1EE10FA8B
:105900006ED4B3EE017AF4EEC77AF1EE10FA06DB4C
:10591000B3EE027AF4EEC77AF1EE10FA63D4B3EE86
:10592000097AF4EEC77AF1EE10FA06DBB3EE0A7AE2
:10593000F4EEC77AF1EE10FA70D9B3EE0B7AF4EE0A
:10594000C77AF1EE10FA06DB9FED407AF4EEC77AE3
:10595000F1EE10FA74D9DFED3E7A9FED3E7A002A1F
:1059600018BFF0EE477A65E015F8016FA6F1140C48
:10597000BCF1020F2F7C0FD894ED007AB4EEE77AD9
:10598000F1EE10FA03DD0133DBB2F0EE477A0D2FB2
:1059900016D00131043434E7A7F10A0CBCF1020F30
:1059A0000CD894ED007AB4EEE77AF1EE10FA03DD4C
:1059B0000133DBB2F0EE477A182EE9E7182EE6D174
:1059C0000132D2B2E5E7DFED247A9AB39FED217A76
:1059D000F4EEC77AF1EE10FA23D5F0EE477A29E01B
:1059E000DFED1E7AF1E7DFED1E7AEEE7DFED1D7ADF
:1059F000BAB1DFED187A1DE0DFED1B7AF8E7DFEDD5
:105A00001B7AF5E7DFED1A7AF2E7DFED1A7AEFE7B6
:105A1000DFED197AECE7DFED197AE9E7DFED187AC7
:105A200042B19FED0B7AF4EE477AF1EE10FA48BFDF
:105A3000F0EE477ABDE8F04017EE900A04B07047E8
:105A4000DFED107AECE700BF0000000000004C42E0
:105A500095BFD6338BE16A36ACC5A735EFE608367D
:105A60009F9D42362E5A823301A90C3437F859349F
:105A70002439EC3434580F35AD186335883E8A35F7
:105A8000B1B49D36F2DD1C3770B50D46164604469E
:105A9000D0B9FFF7D3FDAA4807222146FFF7E0FD62
:105AA000002D40F0AA81012E00F09F810B2C1DD00B
:105AB0000C2C40F0F5800520FFF7C0FDA048072220
:105AC0000521FFF7CDFD98E0012818D10220FFF74E
:105AD000B5FD9B4807220221FFF7C2FD002D76D1BC
:105AE000012E00F082810B2C40F0DA800320FFF7BA
:105AF000A5FD072203219248FFF7B2FD96E0022898
:105B00000ED10420FFF79AFD072204218C48FFF7ED
:105B1000A7FD002D00F06681012D40F0778155E151
:105B2000032805D10620FFF789FD07220621EDE7AE
:105B3000042805D10820FFF781FD07220821E5E7A9
:105B4000052805D10A20FFF779FD07220A21DDE7A4
:105B500006280CD17B4B20225A601920FFF766FDE6
:105B60001920FFF75BFD78480E221921B4E70728BA
:105B70001ED1744B20225A601B20FFF757FD1B20BB
:105B8000FFF74CFD0E221B216F48FFF769FD002D2A
:105B900000F02881012D40F0D980012E00F01981FC
:105BA0000C2C21D10520FFF749FD07220521A2E792
:105BB000082840F0FD80634B20225A601D20FFF72B
:105BC00035FD1D20FFF72AFD0E221D21DCE70B2CE1
:105BD0001ED0012D40F01A81012E00F0FA800C2C0D
:105BE000E0D00D2C00F0C1800E2C50D00F2C6FD0C7
:105BF000102C75D12EE0022D40D0032D52D1012E54
:105C000059D00E2C70D00F2C62D0102C30D121E046
:105C10000320FFF713FD4A4807220321FFF720FD69
:105C2000022D2BD0032D03D1012E44D0002070BDB6
:105C3000042D00F0A480052DDAD1012E40F0A380C0
:105C40000720FFF7FBFC07223D481146FFF708FD40
:105C5000102C5ED13B4B20225A601A20FFF7E6FC45
:105C60001A20FFF7DBFC38480E221A21FFF7F8FC58
:105C7000112C50D0072D5CD1012E88E0012ED5D1FA
:105C800069E0012E67D00D2C0FD00E2CBBD109205E
:105C9000FFF7D4FC2A4807220921FFF7E1FCCAE7F5
:105CA0000D2C62D00E2C68D1F1E70B20FFF7C6FC5B
:105CB00007220B211FE70B20FFF7C0FC204807221B
:105CC0000B21FFF7CDFC8FE70E2CE0D00F2CB2D1CB
:105CD0000720FFF7B3FC072219481146FFF7C0FC65
:105CE000062DC5D1012E4FE00920FFF7A7FC0722A2
:105CF000092100E70920FFF7A1FC1148072209212B
:105D0000FFF7AEFC7FE70720FFF798FC072211465C
:105D1000F1E6112C0DD10B4B20225A601C20FFF70D
:105D200085FC1C20FFF77AFC07480E221C21FFF798
:105D300097FC122C2FD0082D7FF478AF012E28E08D
:105D400000C004240000304100001346022D7FF4FF
:105D500054AF012E99D10520FFF770FC2E48072281
:105D60000521FFF77DFC0D2CAED10B20FFF766FC63
:105D7000294807220B21FFF773FC042DA6D1012E21
:105D8000B8D00F2CBFD0102C3FF464AF112CC2D070
:105D9000122C7FF44BAF214B20225A601E20FFF7BC
:105DA00045FC1E20FFF73AFC1D480E221E21A3E6EB
:105DB0000A287FF475AE0120FFF740FC1648072241
:105DC0000121FFF74DFC012D7FF415AF012E7FF46B
:105DD0002DAF0320FFF732FC0F4807220321FFF706
:105DE0003FFC65E6012E7FF421AF0120FFF726FC82
:105DF000094807220121FFF733FC0B2C3FF408AFC1
:105E0000012D3FF4E9AE0C2C3FF455AE022D3FF4CA
:105E100038AF0D2CA9D0F0E600C0042400003041BA
:105E2000000013462DE9F0410F29BDF81850BDF8C8
:105E30001C609DF820809DF824E055D845EA0604B2
:105E4000B4F5806F50D22B4C01F1100701F1400CDA
:105E500044F8273001F150079A4244F8212024F8F1
:105E60001C5024F8176041D0B8F1000F17D001F191
:105E7000300802EB4502C0F8D42144F8282045EA56
:105E8000C12242F40048C0F8D881D0F8D881C0F8C7
:105E9000D821D0F8D82144F82C8044F82720BEF12E
:105EA000000F02D10020BDE8F08101F1600205EB96
:105EB00046052B44C0F8D43144F82230CB0203F518
:105EC0008063334343F40042C0F8D82101F17002EB
:105ED000D0F8D85144F822508031C0F8D831D0F8E9
:105EE000D83144F82130DDE70120DCE742F202102E
:105EF000D9E700BFD03100000F2910B528D892B1E2
:105F0000144A01F1300452F82440C0F8D44101F1A0
:105F1000400452F82440C0F8D84101F1500452F82E
:105F20002420C0F8D8218BB10A4B01F1600253F84C
:105F30002220C0F8D42101F17002803153F82220D0
:105F400053F82130C0F8D821C0F8D831002010BD56
:105F50000120FCE7D031000010B5274B27485A68D4
:105F60005A6842F001025A60D3F8082242F4806273
:105F7000C3F8082203F5B4331A68026852BBD3F899
:105F8000402442F46752C3F840241D4AD2F802303C
:105F9000DC05FBD41B4BD3F80427D107FBD5D3F882
:105FA0000427D207FBD4D3F84824174C174B216899
:105FB0001A60930803F4F8530B43910001F07C013D
:105FC00012020B4302F47832134343F0810323603F
:105FD000012303600C4B1A680A4BC3F84424084A97
:105FE000D2F8023013F48073FAD1034A516863F394
:105FF0000001516010BD00BF00380424A031000032
:106000000000052400A00524A8310000A4310000F0
:106010000F29024610B54FF001000CD8D2F8CC4140
:1060200000FA01F32343D2F8CC119BB263F30F01C2
:10603000C2F8CC11002010BD0F29024610B54FF058
:1060400001000DD8D2F8CC4100FA01F343EA144321
:10605000D2F8CC119BB263F31F41C2F8CC110020DF
:1060600010BD30B50F299DF80C402CD81F2A2AD816
:106070000F2B28D8012C26D845686D060FD50901AD
:1060800034B14518AC6B44EA835343F08063AB638F
:1060900001448B6B43EA42438B63002030BD5CB10B
:1060A000D0F8081241F40071C0F80812D0F80812B4
:1060B00063F34811C0F80812D0F8083262F3040301
:1060C000C0F80832E9E70120E8E7000029B9D0F874
:1060D000083261F3CB23C0F80832064B5B68DB075C
:1060E00041BF43686FF300034360002058BF4FF087
:1060F000FF30704700380424C1B2024882B002B0B9
:10610000FFF7E4BF003804240F2915D80D4B5A6857
:10611000520603D4D3F8DC31002B0FDAD0F8DC219F
:1061200001238B401343D0F8DC219BB263F30F02B1
:10613000C0F8DC2100207047012070474FF4045064
:10614000704700BF00380424B1F5007F14D2B2F5C7
:10615000806F11D243686FF38A234360C36861F391
:106160001843C360C36862F30903C360436843F420
:106170008063436000207047012070470F2925D8B5
:10618000012A05D1436A6FF3D75343620020704759
:10619000022A0BD1436A6FF300034362436A6FF331
:1061A00004134362436A6FF3C303EEE7084BD3F86B
:1061B000DC31002BEADA436A0122C3F3CF138A40B1
:1061C00023EA0201436A61F3D613DEE70120704738
:1061D000003804240F2903464FF0010014D81A6A2E
:1061E00000FA01F189B2186AC2F30F220A4362F37E
:1061F000172018621A6AC2F30F2222EA0102196AF2
:1062000062F31721196200207047000008B510B131
:1062100001280ED008BD4FF4006003F0E7FE104BDC
:106220004FF000725A640F4A137843F00103137061
:10623000F0E74FF4006003F0F3FE0A4A13786FF3BF
:1062400000031370DBB2002BE4D1074B07481B6A35
:106250000221DB6B9847024B4FF000729A64D9E73A
:1062600000840424003500000001300000140424E0
:1062700084B0F0B52DED028B83B00AAC84E80F003A
:106280005A4D709B0F9CAB61594B9DF8BD61BDF899
:106290001C112E77621E9A4280F0A4800FAA01235F
:1062A0009E420AD8012E40F081809DF8BC3183B116
:1062B000012911D942F2061071E0174652F8040F75
:1062C0003F68B84200F28E80002800F08B800133D6
:1062D000E6E7B1F5806FEDD20020FFF797FF0420CD
:1062E000FFF7CCF9434B44485A686FF38A225A604F
:1062F000DA686FF31842DA60DA68042161F30902A0
:10630000DA605A683D4942F480625A60FEF78CFEBA
:10631000FFF722FE012E16BF7443A4006400B4F5FB
:10632000FA4F46D20220FFF7A9F94FF4FA436B6007
:1063300003F0F4FF288103F0E5FF288203F0F4FF67
:10634000C0F30D0307EE103A9FED2D8AB8EEC77A21
:10635000830BC7EE086A07EE903AF8EEE77A77EE1D
:10636000A67AC5ED037A03F0D3FFC0F30D0307EE61
:10637000103AB8EEC77A830BC7EE086A01A807EE99
:10638000903AF8EEE77A002377EEA67A0193C5ED0E
:10639000057A04F0E7FC003818BF0120404203B042
:1063A000BDEC028BBDE8F04004B07047731E0F2BAC
:1063B0007FE7144BA4F5FA449C4204D80420FFF76D
:1063C0005DF9114BB3E7114BDC6914F0080407D1F8
:1063D000022004F0FFF82046FFF750F90C4BA6E727
:1063E0000C4BA4E742F20410D9E700BFB031000023
:1063F000A02526000038042433333340CDCC4C4054
:1064000000007A4400B80B000048E80100000812C0
:10641000005A6202002D310184B070B52DED028B5F
:1064200082B008AC84E80F00574C9DF820206E998C
:10643000A16108A901EB820154484969544E9DF8B5
:10644000B531327001398142237780F09A80012B77
:106450007AD108AB03EB4202B2F8F4309DF8B421D4
:1064600022B1012B05D942F2061066E0B3F5806F28
:10647000F9D20020FFF7CAFE0420FFF7FFF8454BD2
:1064800045495A6845486FF38A225A60DA686FF3C3
:106490001842DA60DA68042565F30902DA605A689E
:1064A00042F480625A60FEF7BFFDFFF755FD337876
:1064B00008AA02EB830342F228325B69934246D872
:1064C0000220FFF7DBF84FF4FA43636003F026FF86
:1064D000208103F017FF208203F026FFC0F30D0395
:1064E00007EE103A9FED2E8AB8EEC77A830BC7EEFF
:1064F000086A07EE903AF8EEE77A77EEA67AC4EDEE
:10650000037A03F005FFC0F30D0307EE103AB8EE6F
:10651000C77A830BC7EE086A01A807EE903AF8EE37
:10652000E77A002377EEA67A0193C4ED057A04F0AA
:1065300019FC003818BF0120404202B0BDEC028BAC
:10654000BDE8704004B07047013B0F2B8AE7154A45
:10655000A3F50C53293B93420BD82846FFF78EF83E
:10656000114BDA6A114B9A4201D1104BADE7104B37
:10657000ABE7104BDB691B07F9D4022004F02AF8C3
:10658000EBE742F20410D8E7B0310000A025260066
:10659000AC31000000380424CDCC4C4033333340C0
:1065A00000007A44D6110C00882B00000048E80156
:1065B000002D31010000081213B50D4BADF8040099
:1065C0004FF40062C3F88020BFF34F8FBFF36F8F8B
:1065D00003220121002004F099FC044628B901207F
:1065E000FFF714FE204602B010BD4FF0FF30FAE76F
:1065F00000E100E04368064A61F349234360D2F8B2
:10660000403443EA4143C2F840340020704700BFA1
:1066100000A0052484B02DE9F04F2DED048BEDB0E2
:106620007AAC84E80F009DF87D3362934FF4C47216
:1066300001237DA9684669939DF87C53DFF894A3F4
:1066400007F07EFC94E80E006298FFF7CDF808EEA4
:10665000900AFFF7B1F8DAF8048007EE900A07EE27
:10666000108AF8EE677AB8EE477AB7EE008A88EEBD
:10667000079A88EE277AC7EE097A17EE900A05F096
:10668000DBFF09F04DFA06F0C9FAC8EE897A84B248
:1066900017EE900A05F0D0FF09F042FA06F0BEFAB4
:1066A00086B2B44208BF01347F9F08BFA4B2002D58
:1066B00065D1B8FBF4F3AAF80060AAF80240DFF84D
:1066C00018A363930DF5FC7B5146AAF25E284FF0A8
:1066D0000209629AEBB29A4200F2C880B74DDFF825
:1066E000F4B2FEF7FFFF224631462846FFF72CFDA5
:1066F00001212846FFF77EFF6B68B14E43F000632F
:106700006B606B6843F040036B606B686FF3410331
:106710006B603323C5F8E4316B6843F004036B60AE
:10672000D5F8DC3143F00043C5F8DC310DF2DA2353
:10673000659306F18103A6AF06F13E0A66930DF557
:10674000F47800246791629AE3B29A4200F2D7800B
:106750009C4B6A9300229C4B6B9369A9104604F0F2
:1067600039FB10B1452840F0258169996AAA0020BB
:1067700004F09EFB003818BF0120404269E020462B
:1067800005F048FFB8FBF7F780463846894605F024
:1067900031FF02460B464046494606F017FA0028EC
:1067A0005ED1AAF80060AAF802402246314683482A
:1067B000FFF7CAFC01218148FFF71CFF7F4B5A6895
:1067C00042F000625A605A686FF386125A606A1E7D
:1067D000012A5A684FF0000194BF42F0020265F3AB
:1067E00041025A60C3F8E4115A6842F004025A6048
:1067F000D3F8DC2161F3DF72C3F8DC219DF8E921D5
:106800009DF83C029DF84C125AB1D3F8084262F34D
:106810004924C3F80842D3F8084261F34814C3F886
:106820000842664CD4F8083260F30403C4F8083216
:10683000FFF72AF92A4600212046FFF79FFCBAF805
:106840000220DAF80430B3FBF2F3604A0020C2F809
:1068500080326DB0BDEC048BBDE8F04F04B07047E2
:10686000BAB2AAF80060AAF802209FE79DBB639B1A
:10687000B3FBF7F39BB2012B8CBFA8F86032A8F8EA
:106880006092629B012B08D04A881046FEF77CFF7D
:1068900018B91046FEF781FF4880DFED4D7A524669
:1068A00000231FFA85FC32F8020F07EE100AB8EE3B
:1068B000477A0133C8EE076A9BB2634577EEA67A42
:1068C000F1D9F4EEC87AF1EE10FA0DDC013502319F
:1068D0000BF1040BFDE6DBE90032B3FBF2F20B88AF
:1068E00013FB02F34B80CCE75246002332F8020F31
:1068F00001339BB2400063451080F7D9E6E798F872
:10690000549098F86430649318F8013F63930093AF
:106910004A462146649B2846FFF7A3FB36F8021F30
:10692000328C012A08D0A30003F1105303F587230A
:10693000A3F83811C3F8782121462846FFF7E4FB75
:10694000DDE963214846FFF79FF821462846FFF717
:1069500073FB659B33F8029F6593679BCDE90099B4
:10696000CDE902332146D7F8A4307A6E2846FFF7E6
:1069700059FA21462846FFF74BFB002221462846BC
:10698000FFF7FCFBBBF80220DBF80430B3FBF2F3AB
:10699000328CB3FBF2F34AF8043F57F8043FA6F8F1
:1069A000D090CAF85030669B639A03F8012F0134E7
:1069B0006693C8E64FF0FF304BE700BF0038042471
:1069C0000E3400004D5620085D562008D0310000DE
:1069D00000000000B03100002E34000084B02DE92A
:1069E000F04F2DED048BEBB078AC84E80F0021461E
:1069F0009DF87533DFF810A311F80C8B62934FF4F8
:106A0000C4720123684667939DF874638AF8008016
:106A100007F096FA94E80E006298B44DFEF7E4FE93
:106A200008EE900AFEF7C8FED5F804B007EE900A0B
:106A300007EE10BAF8EE677AB8EE477AB7EE008A3A
:106A400088EE079A88EE277AC7EE097A17EE900A41
:106A500005F0F2FD09F064F806F0E0F8C8EE897A76
:106A600084B217EE900A05F0E7FD09F059F806F038
:106A7000D5F887B2BC4204BF0134A4B2002E55D170
:106A8000BBFBF4F378AA649308F1040302EB8303DD
:106A900097492F806C800DF5F8796593629AF3B26F
:106AA0009A4200F2C180934EFEF71CFE2246394600
:106AB0003046FFF749FB01213046FFF79BFD736825
:106AC0008D4C43F000637360736843F04003736060
:106AD00073686FF3410373603323C6F8E43173685E
:106AE00043F004037360D6F8DC3143F00043C6F88A
:106AF000DC310027629AFBB29A4200F207817F4B99
:106B0000689300227E4B699367A9104604F062F9EE
:106B100010B1452840F07B81679968AA002004F0F5
:106B2000C7F9003818BF0120404271E078AB03EB91
:106B300088082046D8F81430BBFBF3FB05F06AFD4B
:106B400080465846894605F055FD02460B464046AC
:106B5000494606F03BF8002861D12F806C80224620
:106B600039466448FFF7F0FA01216248FFF742FD19
:106B7000604B5A6842F000625A605A686FF386129E
:106B80005A60721E012A5A684FF0000194BF42F009
:106B9000020266F341025A60C3F8E4115A6842F0F7
:106BA00004025A60D3F8DC2161F3DF72C3F8DC2100
:106BB0009AF8002002F5F0726A4492F8540092F8B4
:106BC000641052785AB1D3F8084262F34924C3F8EA
:106BD0000842D3F8084261F34814C3F80842454F0D
:106BE000D7F8083260F30403C7F80832FEF74CFF09
:106BF0009AF80040324621463846FFF7BFFAA034E3
:106C00006A886B68B3FBF2F33B4A42F824300020F9
:106C10006BB0BDEC048BBDE8F04F04B070471FFAB9
:106C20008BF22F806A809BE708F59873DFF8C8B075
:106C30006393002E50D1659B649A5B68B2FBF3F3BB
:106C40009BB2639A012B98BF02232BF81230629BF0
:106C5000012B08D04A881046FEF796FD18B9104659
:106C6000FEF79BFD488078AB03EB4803B0B2B3F866
:106C7000F430012B01BF08F598723BF812309B08E5
:106C80002BF81230639B3BF8133007EE903AF8EE86
:106C9000677A002288EE277ADFED1A7A01321FFA2E
:106CA00082FC844577EE877AF8D9F4EEC87AF1EE63
:106CB00010FA0CDD002201321FFA82FC5B008445D1
:106CC0009BB2F8D90C4808F5987220F812300136BA
:106CD000023109F10409E1E6D9E90032B3FBF2F22D
:106CE0000B8813FB02F34B80B1E700BFB03100000B
:106CF0002E34000000380424D03100004D56200806
:106D00005D56200800000000AC3100009AF8001029
:106D1000639101F5F0736B44304693F8548093F817
:106D2000649093F801B0CDF800B04B464246FFF7AF
:106D300098F9639901F5907334F8130001F598738D
:106D400034F81320012A08D08B0003F1105303F507
:106D50008723A3F83801C3F878213046FFF7D4F928
:106D60005A4649464046FEF78FFE9AF80080304664
:106D70004146FFF761F978AB03EB480378AAB3F813
:106D8000F43002EB88000122CDE90222CDE9003384
:106D90004146D0F85431D0F814213046FFF742F87C
:106DA0009AF8008030464146FFF732F9414600220A
:106DB0003046FFF7E3F908F1A00269886B68B3FB7E
:106DC000F1F308F59871013734F81110B3FBF1F3C2
:106DD00044F8223078AA02EB480208F5C473B2F8EE
:106DE000F42024F8132078AA02EB880208F1B403F7
:106DF000D2F8B42044F8232008F5F07204EB08031D
:106E00000DEB020898F8012083F8C02272E64FF0DB
:106E1000FF30FDE6D0F8E03143F00103C0F8E03187
:106E2000002070472DE9F341374B9A6A0192019A8D
:106E300016020DD5426A1502C2F3C05008D45A6A30
:106E400042F400025A62314B9B690421984718E0D2
:106E5000019BDC0709D52C4A136A43F00103136236
:106E60002A4B05219B690020F0E7019C14F08074F7
:106E70000BD02548012100F095F8254B02201B6816
:106E80009847002002B0BDE8F0811F4B5A685006B9
:106E900003D4D3F8DC31002B24DA1E4D1A4E1B4FDD
:106EA000019BE21DD340D90717D521463046FFF795
:106EB00091F92B785FFA84F8B3FA83F252094146CC
:106EC0003046FFF719F8BB6913B1002140469847D7
:106ED0002B78B3FA83F35B092B700134102C05F186
:106EE0000105DDD1084B5A689207CAD4D3F8DC11EA
:106EF000C90FC6D15A6842F004025A600198034B88
:106F0000C0B29B69A2E700BF00380424B031000082
:106F100004350000903100000148FFF783BF00BF37
:106F200000380424030548BF20F40060174B58BF05
:106F300040F40060D1B11A8A93ED057A821A07EE07
:106F4000902AF8EEE77A67EE877AFDEEE77A17EE99
:106F5000903A18B2B0F5805F11DA002812DDB0F572
:106F6000006F10DBA0F5006000B270471A8993ED46
:106F7000037A821A07EE902AF8EEE77AE3E740F602
:106F8000FF70EFE7002000F50060EDE7B031000092
:106F9000406921B11146C0F30B00FFF7C3BFC0F336
:106FA0000B007047436A01291DBF43F0020343628F
:106FB000436A43F0807318BF43F004034362002028
:106FC00070472DE9F04F92F806C092F802A053786E
:106FD000D5781679577992F807E092F8088092F8F8
:106FE000099092F80AB0D47A127802B35B0643EAA9
:106FF0004B7343EA8A5343EA495343EA085343EA4B
:107000004E4343EA0C4343EA47330901026843EA2B
:10701000C62301F1105143EA852301F5872142F08F
:10702000004243EA44230260CB63BDE8F08F02686C
:107030006CF3C712026002686AF34F3202600268A2
:1070400063F313420260036865F34103036003685E
:1070500066F383030360036867F306130360036842
:107060006EF30A230360036868F3CB2303600368AD
:1070700069F30C33036003686BF314530360036814
:1070800064F300030360D0E710B4034C2468646C1D
:10709000A4465DF8044B604700013000024B1B68BA
:1070A000D3F8B830184700BF00013000024B1B680E
:1070B000D3F8C030184700BF00013000024B1B68F6
:1070C000D3F8C830184700BF00013000024B1B68DE
:1070D000D3F8E830184700BF00013000072806D970
:1070E000102834BF02230423024A1370704701237F
:1070F000FAE700BF0E35000038B590F8343003F0E1
:10710000FD03012B044616D1006805699DB9E26AAA
:10711000937113680BB9012038BD084A821A504296
:107120005041C00740F004009847E36A9A79002A6A
:10713000F1D09D71EFE70020EEE700BF00080424C6
:1071400073B5CB6ADE7916F001060C464FF00005E8
:1071500040F093819E809E7118601C22206B314606
:1071600006F02EFE94F834305A1E012A00F23881BF
:10717000E368587840280CD94038C0B2FFF7A6FF22
:10718000E36895485A78403A0623D2B23146FFF771
:107190007BFFE16891488B784A780978FFF774FFA4
:1071A000E368D87808B1FFF781FFE3685878FFF704
:1071B00085FFE3685878A0F11903052B01D8FFF784
:1071C0006DFF23693BB3587840280CD94038C0B2D2
:1071D000FFF77CFF236980485A78403A0623D2B2F1
:1071E0000021FFF751FF21697C488B784A780978A4
:1071F000FFF74AFF2369D87808B1FFF757FF2369E3
:107200005878FFF75BFF23695878A0F11903052B25
:1072100001D8FFF743FF63693BB3587840280CD986
:107220004038C0B2FFF752FF63696B485A78403A62
:107230000623D2B20021FFF727FF616967488B78E8
:107240004A780978FFF720FF6369D87808B1FFF71B
:107250002DFF63695878FFF731FF63695878A0F113
:107260001903052B01D8FFF719FFA3693BB3587821
:1072700040280CD94038C0B2FFF728FFA369564810
:107280005A78403A0623D2B20021FFF7FDFEA169E9
:1072900052488B784A780978FFF7F6FEA369D878C8
:1072A00008B1FFF703FFA3695878FFF707FFA36949
:1072B0005878A0F11903052B01D8FFF7EFFEE36919
:1072C0003BB3587840280CD94038C0B2FFF7FEFED7
:1072D000E36941485A78403A0623D2B20021FFF7C9
:1072E000D3FEE1693D488B784A780978FFF7CCFEF8
:1072F000E369D87808B1FFF7D9FEE3695878FFF75A
:10730000DDFEE3695878A0F11903052B01D8FFF7DA
:10731000C5FE6368587840280CD94038C0B2FFF7E2
:10732000D5FE63682C485A78403A0623D2B2002131
:10733000FFF7AAFE616829488B784A780978FFF739
:10734000A3FE6368D87808B1FFF7B0FE6368587889
:10735000FFF7B4FE63685878A0F11903052B01D834
:10736000FFF79CFEA368587840280CD94038C0B27B
:10737000FFF7ACFEA36818485A78403A0623D2B209
:107380000021FFF781FEA16814488B784A780978BC
:10739000FFF77AFEA368D87808B1FFF787FEA368E5
:1073A0005878FFF78BFEA3685878A0F11903052BD6
:1073B00001D8FFF773FE636A13B9A36A002B59D093
:1073C000002301A8019303F0CDFC002852D04FF018
:1073D000FF3002B070BD00BF00C00424000013469F
:1073E000032BE8D1E3685878FFF770FEE168244882
:1073F0008B784A780978FFF747FE236903B15D78F7
:10740000636903B15D78A36903B15D7804238DF8E6
:10741000043000238DF8063004F0D6F80028D6D1C9
:107420008DF80550019804F02DF80028CFD1154BA8
:107430001D702D0105F1105505F5982501236B6090
:107440006B68012BFCD163685878FFF73FFE6168D9
:107450000B484A788B780978FFF716FEA3685878AE
:10746000FFF734FEA16806488B784A780978FFF761
:107470000BFEA0E7E36A0122DA710020A9E700BF52
:1074800000C004240C3500000268002310B593608E
:10749000C26AD3710446D0E9093003B980B1017FD3
:1074A00003220131002003F031FD50B9A36A197F96
:1074B0000322013103F02AFD003818BF01204042A9
:1074C00010BD4FF0FF30FBE738B50C4620B1022865
:1074D00034D06FF0030038BD91F92030002B0DDB64
:1074E0005A09012103F01F03994002F12003384A91
:1074F00042F82310BFF34F8FBFF36F8F2268002332
:107500009360E26A9380937194F92030002B09DB39
:107510005A09012103F01F03994002F160032C4A2C
:1075200042F823101C22206B002106F049FCE26A7D
:10753000D37923F00203D3710020CCE7CB6ADB7947
:10754000DA0741D59B07F7D491F83410012923D1EC
:10755000204B94F83820DB694FF08C40D3F8A850CA
:10756000E36BA847E36A00229A809A71DA7942F0C5
:107570000202DA7194F92030002BDDDB03F01F01E9
:107580005B099B0003F1604303F5614301228A40DC
:10759000C3F880211A60CFE7022909D10D4BDB69BE
:1075A0000122D3F8E43003214FF08C409847D9E70B
:1075B0000329D7D1074B94F839201B6A06485D6927
:1075C000A38F0121A847CDE74FF0FF3083E700BF2D
:1075D00000E100E000013000001404242DE9F04136
:1075E00088468AB017461C460646002800F0F280FE
:1075F000002900F0EF80002A00F0EC80DB6ADA79E5
:10760000520740F1D6801B79002B40F0E6802046DF
:10761000FFF772FD0546002840F0E280E36A012290
:107620009A809871236BC3E90186C3E9030023683C
:10763000196860F3092119609A6094F83420616A2E
:107640001E6802F0FD02012A1AD1C6F30446002981
:1076500040F0A580A16A002957D13046FFF73EFDD2
:10766000614B226B1B787B43136094F83430032BFF
:1076700000F0A4802268D36A43F01F03D3628CE039
:1076800006F00F060029E5D0072E00D90125DA6C97
:10769000DFF858C142F00102DA645A6D00206FF33E
:1076A00003025A658DF827000A7F01320092603389
:1076B0000A68CDF804C0CDE903380323CDE90535C8
:1076C0004FF48173ADF824304B69DFF824C1CDF855
:1076D00008C06946CDE907578DF8263003F07AFBDC
:1076E00008B1452865D1009901AA002003F0E0FB0C
:1076F00000285ED1009903AA03F04CFC002858D161
:10770000636A197F013103F07FFDA16A002941D02E
:10771000072E4CD90F2E8CBF022501252368334E2E
:10772000DA6C42F00202DA641A6D012060F303029F
:1077300000201A658DF827000A7F013200920A683E
:1077400001962B4E0296266B6033B6680396CDE900
:1077500004350323CDE9063540F20113ADF824309A
:107760004B69089769468DF8263003F033FB08B162
:1077700045281ED1009901AA002003F099FBC0B949
:10778000009903AA03F006FC98B9A36A197F013196
:1077900003F03AFD002003F053FD00200BE0072E1C
:1077A0007FF675AF0F2E7FF671AF02256FE70025CC
:1077B000B4E74FF0FF300AB0BDE8F0810D4B1B7805
:1077C0001B0103F1105303F5982359605A68002AEE
:1077D000FCD14FE76FF00400EDE76FF00100EAE73E
:1077E0006FF00300E7E700BF0E350000C54B20082F
:1077F000C74B20080C350000C36ADB79024613F042
:1078000004001CBF136BD868704700002DE9F341DA
:107810001446984AE56A9DF820E095F807C082F87A
:1078200000E01CF0020F064604D14FF0FF3002B01A
:10783000BDE8F0812768904A9742C0B211D1012873
:1078400000F0D881142814D1BB6C01931C22206B4A
:10785000019B002106F0B4FAE36A00221A710020AD
:10786000E5E7864A974202D0854A9742EAD1022844
:10787000E6E72A79002A40F0C081BA6013283AD896
:10788000DFE810F014001D002F00BE01BE0139001A
:107890003900390039003900390039003900390020
:1078A0003900390027007B0080008300AB682CF092
:1078B000040C23F0FF03AB6085F807C0CFE7AA688C
:1078C00022F0FF0242F001024CF0040CAA6085F89D
:1078D00007C0B3FBF1F07B69C0B260F30F037B61BB
:1078E00009E0AB6823F0FF0343F002034CF0040C03
:1078F000AB6085F807C0AB68DAB2012A0ED106F496
:10790000C012B2F5801F00F0F58000F29980002AC5
:1079100000F0A080B2F5002F00F0A180E26A936829
:10792000D9B2022913D123F4001316F4001F936077
:1079300040F08D8023695B784BB963695B7833B91C
:10794000A3695B781BB9E3695B78002B7FD006F4F1
:10795000E063B3F5407F00F03A8100F2DE80B3F5DA
:10796000807F00F02181B3F5007F00F02681002B9D
:1079700000F0DE806FF0070059E77A6992B2B3FB3E
:10798000F2F054E7236B198369E7AB68D8B201289A
:107990007FF44BAF03F4C01359BBB3F5801F11D173
:1079A00094F8342002F0FD03012B06D13A6903FA62
:1079B0000EF322EA03033B6151E7022A7FF44FAF43
:1079C00039614CE7BEF1030F05D8DFE80EF0020C79
:1079D0000E1023695A782B4B1B685C6801232A48D8
:1079E0000021A0473BE76369F4E7A369F2E7E36995
:1079F000F0E7B3F5801F0FD194F8342002F0FD03B7
:107A0000012B04D13A6903FA0EF31343D3E7022A98
:107A10007FF425AF386122E7BEF1030F05D8DFE818
:107A20000EF002090B0D23695A78164B1B685C682F
:107A30000023D4E76369F7E7A369F5E7E369F3E7B0
:107A4000B2F5C01F7FF46AAF23F4C013AB606FF0D0
:107A50000A00ECE63A6123F4C013AB605EE723F45E
:107A6000C013AB60BEF1030FF1D8DFE80EF00F3D9D
:107A70003F4100BF0D3500000000014500000244F9
:107A80000008042400013000000013462369D87860
:107A90005D7808B1FFF70AFB002DD8D0402D07D93B
:107AA000A5F140025B480623D2B20021FFF7ECFAB1
:107AB000594F5A48002319462A46FFF7E5FA3B6812
:107AC0005648D3F80080002319462A46C0473B6831
:107AD00052485F682A4601230021B847E26A93684A
:107AE00043F40023936019E76369D0E7A369CEE705
:107AF000E369CCE7226923F4C013AB6052784AB93A
:107B00006269527832B9A26952781AB9E269527838
:107B1000002A9CD043F480139FE7B3F5806F5BD0BD
:107B2000B3F5A06F7FF426AF236802211A6856E0F0
:107B30002268116863F3C7111160116863F386113D
:107B4000116094F8342002F0FD02C6F30533012AD7
:107B5000A3F1040146D11C2955D821680868013BCE
:107B600063F3144016F4802608604FD12368196827
:107B700066F3CB211960196866F3565119601968CC
:107B800066F305111960996966F303019961D96972
:107B900066F30301D961012ADA6A0CBF22F03F02C1
:107BA00022F01F02DA625AE623681A686FF3C712DE
:107BB0001A601A6842F0400207E023681A6842F02F
:107BC00080021A601A686FF386121A60B9E7236898
:107BD0001A6842F08002EBE723681A68012161F31A
:107BE0000512F2E70C290ED821680868013B63F3FF
:107BF0000300B7E76FF0030019E66FF0010016E627
:107C00006FF0060013E66FF0080010E66FF0090051
:107C10000DE600BF00C00424000130000000134640
:107C2000C26A5379117990795B0001F0010103F088
:107C3000020380000B4300F004001843704700006B
:107C4000F7B50268136B916A0446906C019013F0CB
:107C50000E0F01980BD0936B0093D36B0093136CB2
:107C60000093009BE36A01225A71022024E00D0771
:107C700040F18980D80640F18680216B4868002851
:107C80007FD0CB680D68AB42EFD26A4D2D78012DC5
:107C90003FD192F860205D1CCD60C254236BD9683F
:107CA0001A6891425ED32268D36A23F01003D3622C
:107CB000E36A00221A710120E36A1A68002A60D080
:107CC00023685D498B4200F0B08001F57F018B4253
:107CD00000F0AD805949591A4B424B415B0040EAD4
:107CE0008370904794F83430032B0BD1544B1B789E
:107CF0001B0103F1105303F5982301225A605A68BF
:107D0000012AFCD1E36A1A79002A3AD000221A71BA
:107D100037E0022D0BD1126E5D1CCD60C254236B77
:107D2000D96858684D1CDD60120A4254B6E7042D2C
:107D3000B4D1126E5D1CCD60C254236BD9685868F3
:107D40004D1CDD60130A4354236BD96858684D1CE1
:107D5000DD60130C4354236BD96858684D1CDD60FB
:107D6000120EE2E794F8342002F0FD02012A08D155
:107D70009B6833B92368A5221A662268936ADF07D5
:107D8000FCD403B0F0BD4E07FBD5DD07F9D5216B60
:107D90008D68002DF5D00B6908688342BFF465AF8C
:107DA0002448007801281ED1581C0861EB5C82F839
:107DB000603094F8343003F0FD03012B03D12268C6
:107DC000936AD807FCD4236B1A691B689A42D8D3EC
:107DD0002368DA6A22F00102DA621B68C3F3012326
:107DE000012BCED164E7022809D15E1C0E61E85C4C
:107DF00002330B61AB5D40EA03231366D9E7042825
:107E0000D7D15E1C0E61981CEF5C086115F806C0A6
:107E1000DE1C0E61285C043300040B61AB5D40EA9C
:107E20000C20384340EA0363E7E7002357E70123C8
:107E300055E700BF0E35000000000244000804248E
:107E40000C350000F0B55C4B154600228BB00E4699
:107E50001A600746002800F0A680002900F0A380E1
:107E6000EB6ADA79520703D44FF0FF300BB0F0BD64
:107E70001B79002B40F09A802846FFF73DF9034616
:107E8000002840F09680EA6A0121918090712A6B67
:107E90002C68C2E90107C2E90300226861F30922E4
:107EA0002260A16095F83420A96A02F0FD02012A3F
:107EB00016D12268C2F30442104600295FD1FFF7B1
:107EC0000DF93E4B2A6B1B787343136095F83430E1
:107ED000032B5BD02A68D36A43F00303D3624CE0E0
:107EE000236803F00F0318460029E8D0072B94BF3E
:107EF00000230123E26CDFF8CCC042F00202E2640E
:107F0000226D012060F3030222650A7F6034013292
:107F100000920A68CDF804C0CDE904430324CDE9FA
:107F2000064340F20113DFF8A0C0ADF824304B69DE
:107F3000089600206946CDE902C78DF827008DF824
:107F4000263002F047FF08B145288DD1009901AADB
:107F5000002002F0ADFF002886D1009903AA03F0AB
:107F600019F8044600287FF47FAFAB6A197F01310E
:107F700003F04AF9204603F063F9002076E7072A68
:107F8000B8D90F2A8CBF02230123B3E70C4B1B780F
:107F90001B0103F1105303F5982300225A605A681D
:107FA000002AFCD196E76FF004005FE76FF0010054
:107FB0005CE76FF0030059E7083500000E3500005C
:107FC0000C350000C54B2008C74B20082DE9F041B7
:107FD000904B144600228AB00F461A608046002853
:107FE00000F00F81002900F00C81E36ADA79520772
:107FF00040F1F3801B79002B40F006812046FFF70B
:108000007BF80246002840F00281E36A0121987162
:108010009980236BC3E90180C3E9030023681868D2
:10802000022666F309201860996094F83400616AAA
:108030001D6800F0FD00012823D1C5F3044549BBAC
:10804000A66A002E69D12846FFF748F8724B226BCA
:108050001B787B43136094F83410032940F0C280EE
:108060006E4B1B781B0103F1105303F598235E60E0
:108070005A68002AFCD12368DA6A42F01C02DA62EC
:10808000B7E005F00F050029DAD0072D40F2A080F7
:10809000012604E0072D40F29B800F2DF8D9DA6C01
:1080A000DFF880C142F00102DA645A6D00206FF3FC
:1080B00003025A658DF827000A7F0132009260336F
:1080C0000A68CDF804C0CDE903380323CDE90536AD
:1080D0004FF48173ADF824304B69DFF84CC1CDF813
:1080E00008C06946CDE907678DF8263002F072FEB8
:1080F00008B1452871D1009901AA002002F0D8FEEC
:1081000000286AD1009903AA02F044FF002864D134
:10811000636A197F013103F077F894F8343003F083
:10812000FD03012B4FD1A66A002E4CD0072D51D94B
:108130000F2D8CBF4FF002084FF001082568EB6C43
:1081400043F00203EB642B6D012262F303032B6502
:108150001C22002103A805F033FE337F3049013390
:108160000093304B326801932F4B02932F4BDB6906
:10817000089713F0080F274B18BF0B4603930323F0
:10818000CDE9063840F20113ADF8243073698DF85B
:108190002630603569460020CDE9045802F01AFE09
:1081A00008B1452819D1009901AA002002F080FEEB
:1081B00098B9009903AA02F0EDFE70B9A36A197F7D
:1081C000013103F021F8002003F03AF8002006E026
:1081D000164664E74FF00008B0E74FF0FF300AB0F2
:1081E000BDE8F0812368DA6A012942F01C02DA62F4
:1081F000ECD1A52283F860202268936ADB07FCD4C7
:10820000E4E76FF00400EAE76FF00100E7E76FF0E2
:108210000300E4E7083500000E3500000C350000CF
:1082200020030624C54B2008C74B20080000081275
:10823000054B9A689107FCD45A689207F9D4DA6919
:10824000002AF6D1704700BF008C0424064B1A6A3E
:1082500061F397421A621A6A60F34C221A621A6A30
:108260009204FCD5704700BF00800424024B012219
:10827000C3F80421704700BF008C0424074B5A68E0
:10828000012A0AD102221A61DA699207FCD401227A
:10829000C3F804229A60FFF7CBBF7047008C042418
:1082A00010B5094CFFF7C4FF6368012B03D1FFF73A
:1082B000E5FFFFF7BDFF054A936843F48033936001
:1082C0000378E36010BD00BF008C0424000030413F
:1082D00010B101281CD070474A680B7812B112788F
:1082E00043EAC2034A7843EA42038A6812B1127829
:1082F00043EA82138A7843EA8203CA6812B1127889
:1083000043EA4223104A9364936D002BFCD17047DB
:108310004A680B7812B1127843EAC2034A7843EAFA
:1083200042038A6812B1127843EA82138A7843EAD8
:108330008203CA6812B1127843EA4223024A936662
:10834000936F002BFCD17047008C042410B10128DE
:1083500004D07047034BC3F844117047014BC3F876
:1083600064117047008C042410B1012804D07047B8
:10837000034BC3F844127047014BC3F864127047B3
:10838000008C042410B1012804D07047034BC3F8BB
:1083900040127047014BC3F860127047008C0424F0
:1083A00018B1012804D000207047034B186C7047A7
:1083B000014B186E704700BF008C042418B10128CF
:1083C0000BD00020704711B1012903D07047074B33
:1083D000D86C7047054B186D704721B10129F0D159
:1083E000024B186F7047014BD86E7047008C042405
:1083F00010B101280CD070470B4B29B1012905D0D1
:108400009A6D002AFCD17047DA64F9E71A65F7E73C
:10841000054B29B1012905D09A6F002AFCD170477C
:10842000DA66F9E71A67F7E7008C0424044B4FF487
:1084300080625A60034B4FF480021A60704700BF9D
:108440000000081200E100E0094B4FF48002C3F87D
:108450008020BFF34F8FBFF36F8F064B4FF48062C6
:108460009A601A60044AD36B43F48063D363704705
:1084700000E100E0000008120081042410B4034C65
:108480002468646CA4465DF8044B6047000130002A
:10849000024B1B68D3F8B830184700BF000130000A
:1084A000024B1B68D3F8C030184700BF00013000F2
:1084B000024B1B68D3F8C830184700BF00013000DA
:1084C000024B1B68D3F8E830184700BF00013000AA
:1084D000014BDB685B69184700013000F0B5436869
:1084E00085B00024B3F1884F0194054602940394AB
:1084F0000BD0774A934208D0764A934200F0D1805D
:10850000754C181B4442444164009A680192019AD8
:1085100002F00602062A4FEA84742CD15B690293AA
:10852000029B990710D56A6913686BB101215171DB
:10853000202098476B6993F82820032A04D193F8E8
:1085400026300BB144F01004029B5A0707D56A6924
:10855000136823B1012111724FF400709847029BF8
:108560001B0740F1A0806A69136823B10121D17112
:108570004FF480709847019B9E071DD56B691E695B
:1085800010201A6A6968964209D09F690138BF5C59
:108590000F6002F101021A62F3D196420CD14A68CF
:1085A00022F002024A60002283F826201B681BB1D9
:1085B00044F0010420469847019B580738D56B6961
:1085C0001A68002A34D06A685169C90725D511682C
:1085D0005A69DB69D1546B69DA69D96801328A4218
:1085E000DA611AD169684A6822F001024A6093F898
:1085F0002820023A0021012A197164D893F8272013
:1086000083F82710022A5ED0032A59D0012A01D10B
:1086100044F001041B68204698476B691A683AB118
:10862000D969DB68994203D044F040042046904762
:10863000019B1A074AD16B689B6903936B78DB0631
:1086400008D5039BDF0705D56B6944F480641B687C
:10865000204698476B785E0608D5039B980705D59A
:108660006B6944F400641B6820469847AB78D907CF
:1086700008D5039B5A0705D56B6944F400541B6861
:108680002046984795F90130002B1FDA039B1B0702
:108690001CD56B691B6844F4805005B0BDE8F04000
:1086A0001847012431E7029BDF067FF564AF6A6952
:1086B0001368002B3FF45FAF01219171802059E7CF
:1086C00044F00404A6E744F00204A3E705B0F0BDBB
:1086D00000010044000002450018042430B504469F
:1086E0000AB3B0F5E10F1ED853688025DD6089001C
:1086F000B1FBF0F1D3F8C0006FF30500C3F8C00080
:10870000002018605860D860DD60C1F387151D60D7
:10871000C1F3873501F03F015D60C3F8C010D86038
:108720005369DC6230BD40F20160FBE72DE9F7439D
:108730004E69DDF8289096F8295015F001050C4691
:10874000174698466ED1C6E90005357286F8265060
:1087500086F824504B68B3F1884F02D0354A9342D3
:1087600012D1354B10229A60344BA26BDB69019217
:1087700094F834200092D3F8A45094F83C200023BD
:1087800001214FF08C40A84762682D4B9A4215D1C9
:1087900003F15F4303F5213310229A60274BA26B4C
:1087A000DB69019294F834200092D3F8A45094F835
:1087B0003C20012319464FF08C40A8476268214BAA
:1087C0009A4210D103F5D8434FF400125A641B4B60
:1087D000228F1B6A0092DD6994F83C2094F83530B2
:1087E00019480121A847E3680BB92369B3B165684B
:1087F000B5F1884F08D00F4B9D4205D0104B9D42DC
:1088000002D0104B9D4211D10C4BDB684A461D68CB
:108810000B9B41463846A847C9F80000636901220E
:1088200083F82920002003B0BDE8F0834FF0FF302B
:10883000F9E700BF00010044008404240001300077
:1088400000000245001804240014042438B54368CD
:10885000B3F1884F04460D4602D01F4A934207D118
:108860001E4BDB690021D3F8E8304FF08C4098476D
:1088700062681B4B9A4207D1184BDB690121D3F880
:10888000E8304FF08C4098476268164B9A4205D109
:10889000124B15481B6A0821DB6B9847E3680BB93C
:1088A00023698BB16368B3F1884F08D00A4A9342B9
:1088B00005D00B4A934202D00A4A934209D1074B92
:1088C000DB6828465B6898476369002083F82900C5
:1088D00038BD4FF0FF30FBE70001004400013000DD
:1088E00000000245001804240014042470B50C464E
:1088F00015461E4620B1022872D06FF0030070BDED
:1089000091F9080000280CDB4309474900F01F00DB
:1089100020330122824041F82320BFF34F8FBFF361
:108920006F8FE06862696368B0B192F826209AB1EF
:10893000B3F1884F0BD03D4A934208D03C4A934252
:1089400005D03C4A934202D04FF0FF30D7E7007980
:1089500032462946FFF7BCFDD4E90402636890B1B2
:10896000127982B1B3F1884F08D0304A934205D0D2
:108970002F4A934202D02F4A9342E5D100793246E2
:108980002946FFF7A5FD63682B4AB3F1884F05D050
:1089900026498B4202D026498B421DD11023D36039
:1089A00094F90830002B09DB5A09012103F01F0359
:1089B000994002F160031C4A42F8231063690022C7
:1089C0005A601A7283F8262093F8292022F00202B6
:1089D00083F82920002092E74FF400139364DFE727
:1089E0004A6992F82930D907AED513F00203F1D1C4
:1089F00061684B605360137282F826304FF4407305
:108A0000138594F90830002BE4DB03F01F015B09A8
:108A10009B0003F1604303F5614301228A40C3F8E0
:108A200080211A60D6E700BF00E100E000010044A9
:108A30000000024500180424008404242DE9F04FAE
:108A40008FB00DF11C0A06460D46904600211C22EF
:108A50005046DDF864901F4605F0B2F9002E00F094
:108A60008D80002D00F08A80D8F8142092F82930EB
:108A7000580704D44FF0FF300FB0BDE8F08F92F8E4
:108A80002630002B7DD1012482F82640D8F80CE056
:108A900013629661D8F804301561BEF1000F59D009
:108AA000B3F1884F099450D0374A93424DD0374A9A
:108AB00093424CD0364A9342DCD122460324CDE97E
:108AC0000C4201210B91DEF80000DEF808C007918E
:108AD0009EF80410BEF800E0CEF3091E6EF30D10F0
:108AE00000F0070BBBF1020F01BFBA6894686BF38B
:108AF00002049460274C0EF101029542E26838BFEF
:108B000005F1FF3ED2F808B0189ACDF8149038BF9E
:108B1000CEF3090E6EF30D10CDE903C2CDE9010AC3
:108B2000009532463846D8470130A3D0D8F80C001B
:108B3000E3680079DB6839464A469847E368494666
:108B40001B6938469847002096E71922B7E71B2291
:108B50000224B4E7596989060ED45A6842F0020229
:108B60005A60F0E74C1C1462715C19600138F4D053
:108B7000116AA942F6D1F0E71020F9E76FF004007E
:108B80007AE76FF0010077E700010044000002453A
:108B900000180424000130002DE9F04F8FB09846F2
:108BA00007AB81460F461846164600211C22DDF809
:108BB00064A005F005F90346B9F1000F7BD0002F42
:108BC00079D0726992F82910490704D44FF0FF3028
:108BD0000FB0BDE8F08F117901296FD00025012475
:108BE000546015723069D760C2F81490D56172680C
:108BF00000285BD0B2F1884FCDE9085451D03149FB
:108C00008A424ED030498A424DD030498A42DDD125
:108C10000324B0F800B0D0F800C0D0F808E0CBF3DF
:108C2000091BCDE90C456BF30D1C01210B9107913C
:108C30000CF007050021022D0A91017901BFD8F837
:108C40000800846865F302048460214C0BF1010084
:108C50008742E06838BF07F1FF3B85681898CDF878
:108C600014A038BFCBF3090B6BF30D1CCDE903E067
:108C7000CDE901C300974B464046A8470130A5D037
:108C80003069E3680079DB6852464146984796F8B8
:108C9000403023B9E36851461B694046984700209D
:108CA00096E71825B5E71A250224B2E7536843F082
:108CB00001035360F3E76FF0040089E76FF00100F0
:108CC00086E700BF000100440000024500180424AC
:108CD000000130002DE9F3470746DDE90AA8DDF879
:108CE0003090084616461D461FB311B30AB35B69A0
:108CF00093F82920520723D595F84040F4B12A78FB
:108D000012F0060F1CD0032283F827203146CDE94C
:108D1000008953462A46FFF73FFF60B953462A466B
:108D200031463846CDE90A8902B0BDE8F047FFF781
:108D300085BE6FF0040002B0BDE8F0872046FAE778
:108D40004FF0FF30F7E74369186A70474369D86905
:108D5000704700002DE9F0471C465B69924693F886
:108D6000292080469007DDE90867894640F148845C
:108D70005FFA88F5A5F11501052900F26481DFE8A5
:108D800011F006005A00C200DB00FB002901B9F116
:108D9000000F4BD06368B3F1884F05D0874A9342E8
:108DA00002D0874A934228D1E36958783F280CD9EA
:108DB0004038C0B2FFF784FBE36982485A78403AF2
:108DC0000623D2B20021FFF759FBE369D87808B136
:108DD000FFF766FBE3695878A0F11903052B01D86A
:108DE000FFF756FBE3695878FFF762FBE1697648C5
:108DF0008B784A780978FFF741FB6268734B9A4297
:108E00000AD1E3695878FFF75BFBE1696D488B781D
:108E10004A780978FFF732FB626992F8293043F00B
:108E2000080382F829300020BDE8F08722F008020C
:108E300083F82920F7E7B9F1000F61D06368B3F137
:108E4000884F05D05D4A934202D05D4A93423AD1A1
:108E5000236A58783F2816D95D4B1B68403801219A
:108E6000D3F8F030C0B29847236A58784038C0B27F
:108E7000FFF726FB236A53485A78403A0623D2B2BA
:108E80000021FFF7FBFA236AD87808B1FFF708FB47
:108E9000236A5878A0F11903052B01D8FFF7F8FAD7
:108EA0004B4B226A1B685078D3F8D4300121984785
:108EB000236A5878FFF7FCFA216A43488B784A788E
:108EC0000978FFF7DBFA6268404B9A4212D1404BB7
:108ED000226A1B685078D3F8F03001219847236A42
:108EE0005878FFF7EDFA216A36488B784A78097886
:108EF000FFF7C4FA626992F8293043F0100390E753
:108F000022F0100294E7B9F1000F0DD093F826205B
:108F1000002A40F078836168CA6842F04002CA6063
:108F2000012283F826207EE76168CA6822F04002A9
:108F3000CA6083F8269076E76068E568426822F0A8
:108F400002024260052282609DB193F8263083B10F
:108F5000B0F1884F08D0194B984205D0184B984271
:108F600002D01A4B984204D128793A463146FFF78D
:108F7000AFFA63690022D4E76068426822F0010218
:108F800042602269032181609AB11B798BB1B0F1F3
:108F9000884F08D0094B984205D0094B984202D01F
:108FA0000A4B984205D1E3683A4618793146FFF7F3
:108FB0008FFA636900221A7135E700BF000100448F
:108FC0000000024500C004240000134600180424D9
:108FD000000130006268E068516821F003015160CF
:108FE00098B193F8263083B1B2F1884F08D0784B0E
:108FF0009A4205D0774B9A4202D0774B9A4204D1DD
:1090000000793A463146FFF763FA2069A0B16369F7
:109010001B798BB16368B3F1884F08D06C4A9342D7
:1090200005D06C4A934202D06B4A934204D1007936
:109030003A463146FFF74CFA636807229A60636943
:1090400000221A716DE76A1E132A00F2DF82DFE840
:1090500012F05F0014007100AD00C9003101DD02A3
:10906000DD02DD02DD02DD02DD02DD02DD02DD0208
:109070003701170031013A01310194F8403013B93A
:109080006FF00600D0E66268514B9A42F8D123781F
:1090900099073DD5A36958783F280CD94038C0B20C
:1090A000FFF70EFAA3694D485A78403A0623D2B228
:1090B0000021FFF7E3F9A369D87808B1FFF7F0F9C9
:1090C000A3695878A0F11903052B01D8FFF7E0F93F
:1090D000A3695878FFF7ECF9A16941488B784A7881
:1090E0000978FFF7CBF963689A6D42F001029A653F
:1090F0009A6D42F002029A6594F841109A6D002927
:1091000051D042F010029A659A6D42F020029A65A1
:1091100008F4E066B6F5A06F00F0EE8000F2D780AC
:10912000002E00F0EC80B6F5807F00F0EA806FF052
:10913000080079E66268264B9A42A1D123785A0743
:109140009ED5A36958783F280CD94038C0B2FFF7A4
:10915000B7F9A36921485A78403A0623D2B20021D0
:10916000FFF78CF9A369D87808B1FFF799F9A369DB
:109170005878A0F11903052B01D8FFF789F9A369E5
:109180005878FFF795F9A16915488B784A780978DE
:10919000FFF774F963689A6D42F001029A659A6D5F
:1091A0006FF34102A7E761F30412ACE721780B07E4
:1091B000AED563681A6C42F001021A641A6C8F070C
:1091C0004CBF6FF3410242F002021A64A0E700BFF5
:1091D00000010044000002450018042400C00424DB
:1091E000000013466368B3F1884F03D09C4A934252
:1091F0007FF446AF2378DE067FF542AFE36A587806
:109200003F280CD94038C0B2FFF75AF9E36A9548B5
:109210005A78403A0623D2B20021FFF72FF9E36AC9
:10922000D87808B1FFF73CF9E36A5878A0F1190340
:10923000052B01D8FFF72CF9E36A5878FFF738F9C6
:10924000E16A89488B784A780978FFF717F9236B28
:1092500058783F280CD94038C0B2FFF731F9236B5A
:1092600080485A78403A0623D2B20021FFF706F927
:10927000236BD87808B1FFF713F9236B5878A0F166
:109280001903052B01D8FFF703F9236B5878FFF773
:109290000FF9216B74488B784A780978FFF7EEF85C
:1092A0002378D8067FF5ECAE6268136943F040037B
:1092B00013612DE7257815F020053FF429AFDFE68F
:1092C00083F82490AFE5257815F04005F5E7B6F56D
:1092D000C06F18D0B6F5E06F7FF429AF00260227E3
:1092E00008F44053B3F5805F10D0B3F5005F1BD096
:1092F00073B16FF0090097E500260027F0E7032718
:10930000EEE70926F9E700260127E9E747F0180705
:1093100008F44043B3F5804F09D0B3F5004F06D0B1
:109320003BB16FF00A007FE547F00807F0E747F030
:10933000040708F44032B2F5003F636800F0E880AB
:1093400009D8002A00F03181B2F5803F00F0928008
:109350006FF00B0068E5B2F5403FF9D1627802F09A
:109360001802182A74D1B3F1884F05D03C4A9342B1
:1093700002D03E4A934251D1636A58783F280CD9B3
:109380004038C0B2FFF79CF8636A36485A78403AD2
:109390000623D2B20021FFF771F8636AD87808B1CA
:1093A000FFF77EF8636A5878A0F11903052B01D8FE
:1093B000FFF76EF8636A5878FFF77AF8616A2A480F
:1093C0008B784A780978FFF759F8A36A58783F28CC
:1093D0000CD94038C0B2FFF773F8A36A21485A7815
:1093E000403A0623D2B20021FFF748F8A36AD878A2
:1093F00008B1FFF755F8A36A5878A0F11903052BB7
:1094000001D8FFF745F8A36A5878FFF751F8A16A29
:1094100015488B784A780978FFF730F86268144B62
:109420009A4215D1A36A5878FFF74AF8A16A0D4805
:109430004A788B780978FFF721F8636A5878FFF744
:109440003FF8616A07488B784A780978FFF716F881
:10945000238803F4C073B3F5C07F54D078E700BF0E
:109460000001004400C0042400001346000002452F
:10947000001804246278110740D5B3F1884F05D055
:10948000674A934202D0674A934228D1A36A587828
:109490003F280CD94038C0B2FFF712F8A36A6248DF
:1094A0005A78403A0623D2B20021FEF7E7FFA36ABA
:1094B000D87808B1FEF7F4FFA36A5878A0F1190331
:1094C000052B01D8FEF7E4FFA36A5878FEF7F0FFFA
:1094D000A16A56488B784A780978FEF7CFFF626810
:1094E000534B9A420AD1A36A5878FEF7E9FFA16A62
:1094F0004D488B784A780978FEF7C0FF94F9003020
:10950000002BBFF625AF6268136943F022034BE0DE
:109510006278D20640D5B3F1884F05D0404A9342D5
:1095200002D0404A934228D1636A58783F280CD928
:109530004038C0B2FEF7C4FF636A3B485A78403AED
:109540000623D2B20021FEF799FF636AD87808B1EA
:10955000FEF7A6FF636A5878A0F11903052B01D81E
:10956000FEF796FF636A5878FEF7A2FF616A2F48FC
:109570008B784A780978FEF781FF62682C4B9A4213
:109580000AD1636A5878FEF79BFF616A27488B7897
:109590004A780978FEF772FF6378DB077FF5D8AE6B
:1095A0006268136943F020031361AB1E012B05D8D9
:1095B00018F4802F2DD118F4002F2DD1D4F8048069
:1095C000D8F8103023F01003C8F810302246514666
:1095D0004846FFF783F86369012183F82850C8F8EB
:1095E0000810C8F80C70C8F8CC60D8F8AC2061F34B
:1095F000C402C8F8AC2093F8292042F0040217E412
:109600004FF0FF3010E46FF001000DE46FF0030045
:109610000AE46FF00C0007E46FF00D0004E400BFF3
:10962000000100440000024500C00424000013466D
:109630000018042442694368107A5969137981F04B
:1096400080015B00C1F3C01103F002030B435179A9
:10965000C90001F008010B439179090101F01001E3
:109660000B43D179490101F0200180010B4300F047
:1096700040001843704700004B6993F829305B079E
:1096800033D54B68002B33D040B94A7812072FD519
:109690001A6922F002021A6100207047012806D1DF
:1096A0004A78100724D51A6942F00202F3E702282B
:1096B0000CD1B3F1884F02D00F4A934218D14A78A7
:1096C000910615D51A6922F00102E4E70328E3D1D7
:1096D000B3F1884F02D0084A934209D14A789206E2
:1096E00006D51A6942F00102D5E74FF0FF30704706
:1096F0006FF00300704700BF00010044426830B5BE
:10970000044612B3436993F8293013F004001DD0C6
:1097100065789269A07815F0100318BFC2F30013A2
:1097200015F0400118BFC2F3401110F0010018BF3E
:10973000C2F380102C060DD5C2F3C01243EA4103D8
:1097400043EA820343EAC00030BD104602460146A8
:109750000346F3E70022F1E741F20273984221D079
:1097600011DC41F2045398421CD005DCF8B1012809
:109770000CBF21200120704741F2017398420CBFB9
:1097800011200120704742F2041398420CD042F29B
:10979000061398420AD042F2031398420CBF2120CC
:1097A0000120704721207047282070472B207047E8
:1097B000014BDB695B6E184700013000014BDB6930
:1097C0009B6B184700013000014BDB695B6A18474F
:1097D000000130003E4B994270B50C4615460AD93F
:1097E0003C4B4FF400125A623B4B10229A615A6C68
:1097F00042F010025A6401283FD0022855D048BBDD
:10980000364EF3690121A4220846D3F8EC3098477C
:10981000334B9C60FFF7D8FF324B9D42324B02BF67
:109820005A6822F440425A604FF45942A3F860202B
:10983000F3692A469B6821464FF08C40984750B9FF
:109840002A4B9C420BD82A4B4FF40032DA664FF475
:109850008022DA660020BDE87040FFF77DBF254B0F
:109860009C42F7D9224BDA6E9203F3D44FF4802254
:109870009A664FF400329A66ECE7194B5C61FFF789
:1098800097FF194B4FF45942A3F8A020134BDB6903
:109890002A469B6D21464FF08C4098470028DAD12C
:1098A000592CD0D95A2CDDD1D4E70D4B9C61FFF750
:1098B00085FF0D4B4FF45942A3F8E020074BDB69BD
:1098C0002A46DB6B21464FF08C409847C3E700BF28
:1098D000FF0D27070000282000800046000130000F
:1098E000882B0000005A6202008018467F4A5D05FE
:1098F00000840424BF8C6C05052870B505460E460F
:1099000037D81D4B99420DD81C4A536A23F40013D3
:1099100053621B4B9A6922F010029A615A6C22F032
:1099200010025A64002211464FF08C4000F00CFDEA
:109930000446FFF711FF0246E0B9DDB1042D13D153
:10994000104A31460120FFF745FF04B22046FFF7D9
:1099500003FF024670B929464FF08C4000F0F4FC3A
:10996000BDE87040FFF7F8BE022DEFD1054A314641
:10997000E9E72122104670BDFF0D270700002820CF
:1099800000800046005A620213B503214FF08C405C
:1099900000F0BAFD032000F01DFE0C490220FFF785
:1099A000ABFF0B4A0B490120FFF714FF0A4B0122C2
:1099B000DB690092D3F8A04000231A4602214FF041
:1099C0008C40A047002002B010BD00BF0095BA0A2D
:1099D000005A6202006889090001300010B50024B5
:1099E00086B0012321460820ADF808308DF80430F8
:1099F000CDE903448DF800408DF80A400594FEF748
:109A000025FC6846FEF74CFC01AB02A920460393F7
:109A10008DF80840FEF75CFC0F212046FEF7A4FC01
:109A20000F212046FEF7AEFCFEF720FC0B4B9C619D
:109A3000DA695207FCD40A4A4FF480615160094A3E
:109A40004FF480011160182182F8161301221A6167
:109A5000DA69002AFCD106B010BD00BF008C0424D6
:109A60000000081200E100E0014B9869704700BF58
:109A7000008C042400210846FEF7A0BC00F0010180
:109A8000830748BF41F002010020FEF75FBC0000E1
:109A90002DE9F0410446F8F7E3FD1A4D0746D5F8E5
:109AA0001880FFF7E7FF06460020FEF779FC8307E2
:109AB00005D4A6EB0803042B01D8464514D1A969A7
:109AC000B4F1FF3F28BF0134C1F103032344072B46
:109AD00098BFCC1C00210846621EFEF789FC0220BC
:109AE000FFF7CCFFFEF7A2FC3846F8F7BDFD064AAB
:109AF00013782BB1AB6C43F00103AB6400231370FC
:109B0000BDE8F081008C042414010000830700F0FC
:109B1000010109D5064B01221A70064A936C23F005
:109B2000010341F0020193640020FEF71DBC00BF59
:109B300014010000008C0424830742BF024B022260
:109B4000C3F84021704700BF008C042438B5FEF7ED
:109B50007BFCF8F78EFD04460020FEF721FC83070E
:109B600000F0010548BF45F0020500F003010020A8
:109B7000FEF708FC2846F8F74BFE2046F8F77FFD75
:109B8000BDE83840FEF752BC4FF40040704700007B
:109B9000044B4FF48072DA63034B4FF400629A6017
:109BA000704700BF008104240000081208B5284B4C
:109BB0004FF400621A60274AD2F88C3743F400430E
:109BC00043F08003C2F88C37D2F88C375B06FBD5A4
:109BD000D2F88C27204BDFED216A9FED216A2149C5
:109BE00002F03F021A601A68262A84BF26221A60F1
:109BF0001D4A9268EAB11D48C2F315020260D3ED16
:109C0000007A90ED007AF8EE677AB8EE477A77EE50
:109C1000A67A37EE267A67EE867AC7EE876AC1EDB6
:109C2000006AFFF7B5FF0A4B4FF400625A600868FC
:109C300008BDD3ED007AF8EE677A77EEA67ADFED0D
:109C40000C6A67EE867A87EEA67A81ED007AE8E7FD
:109C50000000081200A005241835000089410B42BD
:109C600033335340103500001C120000143500003F
:109C7000C4A08342F0B5A24CA24BA2680578A24EC4
:109C800002EA0301027802F001020A439F49A2603E
:109C90008A6802EA0304427802F00102920042EA72
:109CA000951222438A600A69457802EA0304027821
:109CB000C2F344022243964C0A61A26802EA0301FD
:109CC000827802F00302520142EAD5020A43914926
:109CD000A2608A6884781A4042EA94028E4C8A60B4
:109CE000A268C1781A4001F01F011143A160B26857
:109CF000047902EA030504F03F04C278640044EAF0
:109D0000D214C2F3411242EA84022A43B260834E63
:109D10004579B26802EA0304027905F07F059209E9
:109D200042EA850222437E4DB260AA6802EA030439
:109D3000C27902F00F0222437A4CAA60A268C57968
:109D4000067A1A4042EA1512774DA260AA6802EA22
:109D50000304427C02F07F022243AA60734DAA688A
:109D600002EA0304027A02F07F022243AA60704DE5
:109D7000AA6802EA0304427A02F01F02520042EA91
:109D8000D61222436B4EAA60B268857A02EA0304B7
:109D9000C27A520042EAD512057B05F0010542EA7B
:109DA00045222243644DB260AA68467A02EA03045F
:109DB000827A02F07F02D20042EA56122243AA605F
:109DC0005E4D5F4EAA6802EA0304B0F80D202243FC
:109DD000AA60B268457D02EA0304027D05F00F0522
:109DE00042EA05222243574DB260AA68564E02EA63
:109DF0000304427DC2F302122243AA60B268C57D09
:109E0000477902EA0304827D05F00F0542EA052244
:109E10002243B2604D4EC57DB26802EA0304027E61
:109E2000120142EA1512457E05F00F0542EA05329D
:109E30002243474DB260AA68467E02EA0304827E4E
:109E4000120142EA16122243AA60424DAA6802EAAF
:109E50000304B0F81B202243AA603F4DAA6802EA1F
:109E600003048279560802F00102520042EAD71236
:109E700042EA86022243847CAA60457C90F82460F2
:109E800004F00F02520052EAD512344D1EBFA968E9
:109E900019401143A960324D1A4AAB6803EA020126
:109EA000437F03F00F030B43AB602E4DAB6803EA17
:109EB0000201837FC3F383030B43AB602A4DAB687E
:109EC00003EA020190F8253003F007035B0043EA40
:109ED000D6130B43AB60254DAB6803EA0201C37C8C
:109EE00003F003035B0043EAD4130B432049AB6048
:109EF0008B681A40837CC3F3021313438B60F0BD5D
:109F0000FC1200000000C0FF84120000E8120000F4
:109F1000D0120000B8120000AC120000681200005D
:109F20004012000034120000C41200002812000089
:109F30001C1200001012000014130000F8110000A1
:109F40000412000074110000EC110000E011000088
:109F5000D4110000C81100004C120000A012000033
:109F6000BC110000B0110000A41100008C11000011
:109F700098110000F9F7A0BFF0B5194D194C2B88C6
:109F8000E5B004F11001002600274FF4C2726846C4
:109F9000ADF88431CDE9626703F0D2FF94E80F0099
:109FA00000F00EFD62A800F0C9FD2B78687843EA46
:109FB000002000F073FEDDE9624532463B46204654
:109FC000294602F021FE48B1074B002220462946CF
:109FD00002F006FE10B10020F9F7C2FF65B0F0BD37
:109FE000CC0200003801000000004E4010B50A4AC3
:109FF0000A4BD2F80815D3F80240E405FBD440EA36
:10A000005110C2F80805D3F80220D205FBD4024B48
:10A01000D3F8083510BD00BF00A0052400000524BA
:10A0200010F4405F0F4B0BD0D3F8042522F48012BC
:10A03000C3F80425D3F8042522F40012C3F804253C
:10A04000D3F80825084BD3F80210C905FBD4C04348
:10A0500000EA5210034AC2F80805D3F80220D205DC
:10A06000FBD4704700A00524000005240D4A0E49CA
:10A07000D2F81035013823F0030310B5C0B2C2F88E
:10A080001035D1F80230DC05FBD4D2F8104501239D
:10A0900083402343C2F81035D1F80230DB05FBD4EE
:10A0A00010BD00BF00A005240000052430B58BB012
:10A0B000002301930293039304930593069307935C
:10A0C000089309938DF802308DF8033010B9012000
:10A0D0000BB030BD019A50F822200292029A002A59
:10A0E000F5D001930121019C029A944201D30020F2
:10A0F000EEE7019A00EBC20252680392019A013224
:10A1000050F832200492049AC2F384528DF803204E
:10A11000049AD20E8DF802209DF802209DF803408B
:10A12000121B01320592059A162AD0D8039A12689A
:10A1300007929DF80320D2B2069208930993069CD9
:10A14000079A01FA04F422EA04020792099A089C89
:10A1500001FA02F222430892069A01320692099A03
:10A16000013209929DF80320059D069C2A44A242D3
:10A17000E5D8089C049A22400492049A9DF8035062
:10A18000079CAA4022430492039A049C1460019AFB
:10A1900001320192A7E730B58BB0002301930293FF
:10A1A00003930493059306930793089309938DF8FB
:10A1B00002308DF80330039A10B901200BB030BD86
:10A1C000019A50F822200292029A002AF5D00193B7
:10A1D0000121019C029A944201D30698EEE7019A6C
:10A1E000013250F832200692069AC2F384528DF85A
:10A1F0000320069AD20E8DF802209DF802209DF8C9
:10A200000340121B01320492049A162AD5D89DF8F5
:10A210000320D2B2059208930993099A089C01FA87
:10A2200002F222430892059A01320592099A0132FC
:10A2300009929DF80320049D059C2A44A242ECD873
:10A24000089C069A22400692069A9DF80350079CA5
:10A25000AA4022430692019A01320192B9E7000016
:10A26000064B074A996C0748DA620229D96C08BF85
:10A270001A60022908BF5A60FFF718BF882B000038
:10A280000048E801D0120000024B034A03485A6319
:10A29000FFF70CBF882B00000048E801B81200004F
:10A2A000064B074A996C07481A630529D96C08BF01
:10A2B0001A60052908BF5A60FFF7F8BE882B000016
:10A2C000002D310128120000034B04484FF4FA42DC
:10A2D0001A62FFF7EBBE00BF882B0000AC12000033
:10A2E000034B04484FF4FA425A62FFF7DFBE00BF47
:10A2F000882B00004C1200000148FFF74CBF00BF44
:10A30000041200000148FFF746BF00BFEC11000037
:10A310000148FFF740BF00BFE01100000148FFF710
:10A320003ABF00BFD41100000148FFF734BF00BF9F
:10A33000C81100000148FFF72EBF00BFF811000050
:10A3400001B108477047000010B5002852D03E2ADE
:10A3500050D82B4BDB689C0748BF5208052949D8C9
:10A36000DFE801F003481B26313C836A6FF30303E7
:10A370008362244B1B6824490B60846DE405FCD583
:10A38000846A62F30914846212B1B3FBF2F30B60C6
:10A390001C4B0A68DA60002010BD836D9B062BD52C
:10A3A000836A022161F303038362164B9B68E2E731
:10A3B000836D5C0620D5836A032161F30303836206
:10A3C000104B1B69D7E7836D190715D5836A0421E4
:10A3D00061F3030383620B4B5B69CCE70B4B5B6A56
:10A3E0005B0709D5836A052161F303038362054B8B
:10A3F0009B6BC0E70120CFE741F20170CCE700BFC3
:10A4000000860424882B0000D82B000000140424AC
:10A4100007B50B46114606281ED8DFE800F00421D8
:10A42000333B47586400364A106A40025EBF106AE8
:10A4300040F48000106213B90A20FFF781FF314B0E
:10A44000D3F81C2122F08012C3F81C21D3F81C2160
:10A4500042F00122C3F81C21002003B05DF804FB88
:10A46000274A106A800207D4106A40F480101062F4
:10A47000106A40F400101062002BEDD10A20FFF7A3
:10A480005FFFE9E71E4A106AC002F5D4106A40F483
:10A490008010F0E71A4A106A00035EBF106A40F4A9
:10A4A00000201062002BD7D10220E8E7144B1A6A73
:10A4B0005203D1D41A6A42F480221A624FF4FA701D
:10A4C0000191FFF73DFF019940F2DC50D7E70C4ABC
:10A4D000106A80035EBF106A40F400301062002BE7
:10A4E000BAD1FA20CBE7064A106AC0035EBF106AF1
:10A4F00040F480301062002BAED19620BFE700BF41
:10A50000008104240080042410B50446002858D09B
:10A510000139052955D8DFE801F003131D2734451B
:10A52000294BD969012262F30201D961274B9A6450
:10A530005B6C264A1360A36D002BFCDA002010BD73
:10A54000214BD969022262F30201D9611F4B9A643F
:10A55000DB6AEEE71C4BD969032262F30201D96181
:10A560001A4B9A64DB6BE4E7194B40229A83164B33
:10A57000D969042262F30201D961144B9A641B6CFD
:10A58000D7E7114B1A6AD2025EBF1A6A42F48012F0
:10A590001A62D969052262F30201D9610B4B9A64F0
:10A5A0001B6BC6E7012100220846FFF731FF064B6F
:10A5B000D969062262F30201D961044B9A645B6B8C
:10A5C000B7E70120BBE700BF00810424882B00000F
:10A5D00000801341013808B5052850D8DFE800F0A5
:10A5E00003101A243140274BD969012262F312412A
:10A5F000D961254BDA645B6C234A0020536008BDA7
:10A60000204BD969022262F31241D9611E4BDA64F0
:10A61000DB6AF1E71B4BD969032262F31241D9616E
:10A62000194BDA64DB6BE7E7184B40229A83154B32
:10A63000D969042262F31241D961134BDA641B6CAD
:10A64000DAE7002201210220FFF7E2FE0D4BD96973
:10A65000052262F31241D9610B4BDA641B6BCBE725
:10A66000012100220846FFF7D3FE064BD9690622D6
:10A6700062F31241D961044BDA645B6BBCE70120E1
:10A68000BDE700BF00810424882B00000080134137
:10A6900041F20273984221D011DC41F204539842F6
:10A6A0001CD005DCF8B101280CBF21200120704727
:10A6B00041F2017398420CBF11200120704742F211
:10A6C000041398420CD042F2061398420AD042F288
:10A6D000031398420CBF21200120704721207047AE
:10A6E000282070472B2070470378012B06D8437829
:10A6F000013B0F2B94BF0020212070472120704781
:10A70000174B1B78012B0CBF03780023C21852781B
:10A71000012A22D800EB83004369D3B1114A934246
:10A7200019D8D0F81431104A934207D9D0F85401FF
:10A730000E4B98428CBF212000207047B3F53D3F5F
:10A740000BD8D0F85431B3F53E3F34BF0020212060
:10A7500070472D207047282070472120704700BF88
:10A760001C350000A0252600FFFF0524001B062441
:10A7700011B1042900D07047014B1B68184700BF76
:10A780002035000084B000B52DED028BE7B00DF54B
:10A79000D47C8CE80F003F4B9DF83D139DEDD08A93
:10A7A0001970CFA8FFF7A0FF002858D16AA8FFF7BB
:10A7B000A7FF002853D1012908BF9DF8A8019DF8E3
:10A7C0003C236AAB03EB4000012AB0F8F43003D11C
:10A7D000012B4BD02B2042E0013B9BB240F2FE30DC
:10A7E0008342F7D8002A41D101293FD92A4B6293ED
:10A7F0004FF4C272BDF83C33ADF884316EA968469F
:10A8000003F09EFB6AAB0FCBFBF732FDFFF740FF77
:10A8100028BB00236593FFF7C9F965909DED657A24
:10A82000DFED1E7AB4EEE77AF1EE10FA02D51C489D
:10A83000FFF73CFCDFED1B7A6599B4EEE78AF1EE99
:10A8400010FA24D4DFED187AB4EEE78AF1EE10FAAC
:10A850001DDC18EE100AFAF7E7FBFFF719FF67B0E7
:10A86000BDEC028B5DF804EB04B070470A4B6293B9
:10A870006EA9BDF83C33ADF884314FF4C27268461E
:10A8800003F05EFB6AAB0FCBFBF7C6FDBEE72120F2
:10A89000E5E700BF1C35000071A720089A99194010
:10A8A0005C1400006666E63F6666664084B000B5EC
:10A8B000E3B00DF5C87C8CE80F00C9A8FFF714FFC2
:10A8C000D0B964A8FFF71CFFB0B99DF82423BDF8E8
:10A8D0002433B2B99DF82523012A12D94FF4C2724C
:10A8E00068A96846ADF8843103F02AFB64AB0FCB4E
:10A8F000FBF790FEFFF7CCFE63B05DF804EB04B00D
:10A90000704768A94FF4C2726846ADF8843103F00D
:10A9100017FB64AB0FCBFCF761F8EBE7034620B104
:10A92000044A106818B91360704722207047042049
:10A93000704700BF2035000008B50348FCF76AFAED
:10A94000BDE80840FFF7A4BE0038042407B5ADF801
:10A95000040001A8FFF7C8FE20B90198FAF79AFE93
:10A96000FFF796FE03B05DF804FB07B5ADF80400F1
:10A9700001A8FFF7B9FE20B90198FBF7BDFBFFF76F
:10A9800087FE03B05DF804FB07B5ADF8040001A82D
:10A99000FFF7AAFE20B90198FBF70EFEFFF778FE3D
:10A9A000024B00221A6003B05DF804FB2035000062
:10A9B000042902BF014B01221A7070472C35000098
:10A9C00084B000B5E5B00DF5CC7C8CE80F009DF8A7
:10A9D0002C33012B3BD19DF82D33013B0F2B36D867
:10A9E0009DF89931002B32D11E4B6B9A9A4234D884
:10A9F000BDF88C32012B32D11B4B62934FF4C272E3
:10AA0000BDF82C33ADF884316AA9684603F098FA92
:10AA100066AB0FCBFFF7B6FED0B9BDF82C33ADF85F
:10AA200084314FF4C2726AA9684603F089FA66ABB2
:10AA30000FCBFFF73BFF58B90C48FFF76FFF38B952
:10AA4000CB9865B05DF804EB04B0FFF77FBF212021
:10AA500065B05DF804EB04B070472820F8E72B20C0
:10AA6000F6E700BF404B4C003D0A2740B1A9200843
:10AA700084B000B5E3B00DF5C87C8CE80F0014235A
:10AA80008DF8E4310E4A0F4B0F4881930021FCF7FB
:10AA900098FA0E4B68A91B88ADF884314FF4C27246
:10AAA000684603F04DFA64AB0FCBFFF7FFFE0038AA
:10AAB00018BF012063B05DF804EB04B0704700BF1D
:10AAC0001501000000004C42143A0424CC0200009E
:10AAD000012801D1FFF730BF38B9054BD3F8E02189
:10AAE00060F30002C3F8E02170472120704700BFE7
:10AAF0000038042484B000B5E3B00DF5C87C8CE8C0
:10AB00000F00172301208DF8E431FFF7E1FF68B94A
:10AB1000094B4FF4C2721B88ADF8843168A96846AE
:10AB200003F00EFA64AB0FCBFFF7C0FE63B05DF825
:10AB300004EB04B0704700BFCC0200002DE9F043E5
:10AB40002DED028B0646E3B0002800F092804A4DBE
:10AB50004FF4C27205F11001684603F0F1F995E86F
:10AB60000F00FFF785FF2F460446002873D1434BA3
:10AB70001A7862B118706A7841480121FCF708FA26
:10AB800007EE900A3F4BF8EEE77AC3ED007A3E49B4
:10AB90004FF4C272684603F0D3F997E80F00FFF74D
:10ABA000A9FF0446002856D1DFF8D490374F4FF064
:10ABB0000A086A7800214846FCF7EAF907EE900A8D
:10ABC00008F1FF38F8EEE77A18F0FF08C7ED007AD1
:10ABD000EFD1020545D520F400631B041B0C07EEE2
:10ABE000903AF8EEE77AC7ED007AFFF797FB08EEA8
:10ABF000100AFFF781FB08EE900AFFF79BFB214B41
:10AC000097ED007AD3ED007ADFED216AB8EE488A3D
:10AC1000C0F5707037EE487A77EEC87A0130C7EE2B
:10AC2000275A07EE900AF8EEE77AF8EE688A87EE80
:10AC3000A67A88EEA66AF0EE477A45EE867ADFEDD0
:10AC4000156A9FED157A17EEA67A17EE100A01F035
:10AC5000F3FCC6E90001204663B0BDEC028BBDE801
:10AC6000F08340F400631BB207EE903AF8EE677A87
:10AC7000B9E72224EFE700BF380100002C350000BF
:10AC80000038042424350000480100002835000065
:10AC900000007A4400009B430080884307B5134BB3
:10ACA000ADF804001B6A12489B6A042201219847F0
:10ACB0009DF80430012B16D19DF80530013B0F2B78
:10ACC00011D80C4B5B68DB0705D4019803B05DF825
:10ACD00004EBFFF759BE0198FFF747FE0028F4D0B8
:10ACE00003B05DF804FB2120FAE700BF000130004B
:10ACF0000014042400380424014BDB681B69184746
:10AD0000000130000346012B084602D0022B08D078
:10AD10007047074B182202FB01339B683BB10021AF
:10AD20001847034B182202FB0133DB68F6E7704734
:10AD3000503600000346012B084602D0022B08D0F3
:10AD40007047074B182202FB01339B683BB100217F
:10AD50001847034B182202FB0133DB68F6E7704704
:10AD600030350000F8B50468012C054622D8124E93
:10AD700056F8242042B1536810498B4204D0104940
:10AD80008B4201D01120F8BD0E4B0F49DB680F48F4
:10AD90001F680F4B51F8241053F8243050F824004A
:10ADA000B8472B6846F8240056F82330002BE9D02A
:10ADB0000020E8E72120E6E7403A000000000344D5
:10ADC0000080072400013000D0020000E0020000F3
:10ADD000E80200002DE9F04129B1012803D80B68F1
:10ADE00018B9202B0AD9212028E00C2BFBD8012AE6
:10ADF000F9D82C4C64681CBB11201FE0012AF2D842
:10AE0000284C2468002CF7D0BBBB4FF0200C264DFB
:10AE1000264C0023AE46A0465E1CC0B9277927BB4E
:10AE20001824634308EB03040E60C4E90200012503
:10AE300048F8032025710B6883B30020BDE8F0813A
:10AE400013B11948013B1AE04FF00C0CDFE72F79E2
:10AE50005FB9182043430EEB030001240E60C0E9E4
:10AE600002774EF803200471E5E7B445334605F157
:10AE7000180504F11804CFD1DDE70C48013B182573
:10AE80006B43C41824795CB9C2500B68013B05FBC5
:10AE900003030122C3E902441A71CEE74620CDE73D
:10AEA0004520CBE7403A0000303500005036000026
:10AEB000012810B503D811B118B9202909D92120CA
:10AEC00016E00C29FBD8C2B10D4B5B688BB9112081
:10AED0000EE092B10A4B1B68002BF8D01068094BAA
:10AEE0000139182404FB013398605268DA600020AD
:10AEF00010BD1068044B0139F3E72220F8E700BFCA
:10AF0000403A00005036000030350000012830B5CE
:10AF100036D8002934D0E8B9202931D8531E022B65
:10AF20002ED8194B53F8203063B302F00203D20736
:10AF300021D54C1E182578B9144A05FB04229060CF
:10AF400033B1124B0139182202FB01310023CB60CF
:10AF5000002030BD0C29E0E70D4A05FB042200204B
:10AF60009060002BF4D00A4B1822013902FB013308
:10AF70000022DA60ECE7002BEAD00028E1D0F2E70B
:10AF80002120E6E71120E4E7403A000050360000B7
:10AF9000303500002DE9F04F012897B005460C46EA
:10AFA000164600F21A81002900F01781002840F0AF
:10AFB0000281202900F21181D6F814C0BCF1000FE3
:10AFC00000F00B8133680893002B00F00481736854
:10AFD0000993002B00F0FF80D6F80CA0BAF1030F04
:10AFE00000F2FB80B3680A93032B00F2F680777EB1
:10AFF00007F0FD03012B40F0F080327E022A00F2C0
:10B00000EC80B07E072800F2E88033690793022BBA
:10B0100000F2E380744B53F825300B93002B00F0C3
:10B02000DE80013C1823002D40F0C780DFF8BCE132
:10B0300063430EEB030898F80480B8F1000F00F0AA
:10B04000D080B7F1010818BF4FF00108CDF840805B
:10B050005EF8033003F1FF3EDEF1000343EB0E0325
:10B0600002F1FF3E5FFA8EFEBEF1020F0F9300F178
:10B07000FF33DBB235BF4FF0010E4FF0000E002161
:10B080000A21CDF84CE0072B4FF0000E28BF704688
:10B09000012F14BF4FF003084FF00108BCF5806F7B
:10B0A00038BF0CF1FF33CDE91404CDE911EE0D9159
:10B0B00034BFC3F3090340F2FF331827002D7FD1BB
:10B0C0004A48DFF838E107FB0400C0E90428484A91
:10B0D000484F52F825200C92002268F302026FF3C9
:10B0E000C30263F30D1257F8250002F0070BBBF102
:10B0F000020F01BFD0F80880D8F808906BF302095E
:10B10000C8F8089003F10108C445DFF8F480D8F8C6
:10B110000C1038BF0CF1FF33D1F808900D99CDF821
:10B1200000C038BFC3F309031B0143EA8133079909
:10B130004FEA016B0BF0407B43EA0B0B0A9B9B062B
:10B1400003F04063090701F040514BEA03030B434E
:10B1500043EA8A7302F00F021A430B9B05930C9B80
:10B16000E4B2CDE903E30FABCDE901232146DDE9EC
:10B170000823C847367EDEB9DFF86C90D8F80C306B
:10B1800059F82520DB6857F825102046984759F8CC
:10B19000251057F82500FFF7AFFD1F2C18D859F8D8
:10B1A00025305A6801235169A3400B43536130464F
:10B1B00017B0BDE8F08F0C29FCE6DFF83CE037E77C
:10B1C0000D48DFF840E007FB0400C0E904287EE7F3
:10B1D00040F20130ECE72220EAE72120E8E71120E5
:10B1E000E6E74820E4E700BF403A000050360000A0
:10B1F000D8020000E00200003035000005AD200854
:10B200000001300035AD2008012813D891B160B994
:10B2100020290FD8094B1B6873B101395A68C9B28C
:10B2200001238B409362002070470C2902D8034B06
:10B230005B68F1E72120704711207047403A000019
:10B24000012808B50CD8084B53F8201051B1074B12
:10B2500053F82000FFF750FD003818BF012008BD4B
:10B260002120FCE71120FAE7403A0000E00200004C
:10B27000034BC0001A580AB107221A50704700BF8A
:10B28000041213460278052A15D8437822B93A2BBE
:10B2900034BF002021207047511E012905D9032AFF
:10B2A00005D0042A05D0062BF2E7102BF0E70A2B75
:10B2B000EEE70C2BECE72120704700002DE9F84366
:10B2C0000C46904699460646002865D0002B63D070
:10B2D0000F2A03D921273846BDE8F883FFF7D2FFAC
:10B2E00007460028F7D13378032B1DD8082CF1D856
:10B2F0002A4951F824300BB10427ECE7284A1019E9
:10B30000155D037A90F90800002836DA254A03F023
:10B310000F03AD00EDB2D55441F824904346717847
:10B320003078224600F078FC3378042B14D1072CB7
:10B33000D0D81D4B53F82420002ADDD11B4A4FF4EE
:10B3400080211160482182F8121343F8249041466D
:10B350007278E0B200F0A6FE3378052BBBD1042C46
:10B36000B8D8134B53F82420002AC5D1E1B2404687
:10B3700043F8249000F0B2FFADE7012003F01F0274
:10B3800090404FEA531C094A42F82C00AD001A4481
:10B39000EDB282F80053BFE722279CE78C3A000009
:10B3A000FD01210814ED00E0643A000000E100E036
:10B3B000483A0000F8B50E461746054678B1FFF743
:10B3C00061FF044648B90F2E0BD8012F09D86978C0
:10B3D00028783B46324600F047FD2046F8BD22243F
:10B3E000FBE72124F9E7392808B503D800F020FE4F
:10B3F000002008BD2120FCE7222808B503D800F072
:10B40000A5FB002008BD2120FCE708B5A0F1190329
:10B41000052B03D800F0B0FB002008BD2120FCE77D
:10B42000012808B503D800F019FE002008BD21202E
:10B43000FCE7012808B503D800F0ACFB002008BDEC
:10B440002120FCE70B2808B503D800F0B9FE002046
:10B4500008BD2120FCE7052808B505D8072903D831
:10B4600000F0C2FE002008BD2120FCE7052808B539
:10B4700005D8012903D800F0D3FE002008BD212003
:10B48000FCE7000073B5C4B2032C01903DD801A8BD
:10B49000FFF7F8FE60BB304B9DF8055003EB04133B
:10B4A0002601585D60B309282AD0C4B9A5F1190353
:10B4B000052B22D8FFF7A9FFD0B92846FFF793FF45
:10B4C000B0B90022114601A8FFF774FF80B99DF8BA
:10B4D00006202946204600F047FD002008E0012C08
:10B4E00008D1A5F10903052B04D8FFF78EFF48B159
:10B4F00002B070BDFFF780FFF9E7FFF77DFFDBE7E4
:10B50000002CDAD0A819C0B2D8E7042C0ED19DF8CF
:10B510000550124B585DFFF76FFF0028E8D1284611
:10B52000FFF790FF0028E3D10246CBE7052CD4D1EA
:10B530009DF8054001212046FFF798FF0028D7D14C
:10B5400001462046FFF787FF0028D1D19DF806105D
:10B55000204600F081FEC0E7B1012108A5012108C5
:10B56000102808B503D800F01FFB002008BD2120DB
:10B57000FCE7000070B56AB1094E56F821405CB98D
:10B580000F280BD8042909D846F8212000F0A6FE80
:10B59000204670BD2220FCE70420FAE72120F8E7CE
:10B5A000483A00000F2808B503D800F013FB00202C
:10B5B00008BD2120FCE7012808B503D800F014FBE2
:10B5C000002008BD2120FCE71E4B70B500211E4D58
:10B5D00019610C4608460131FFF74AFE082945F873
:10B5E000044BF7D1194D0020FFF723FF01202C60F9
:10B5F000FFF71FFF6C600024154D2646E0B20134B2
:10B60000FFF7AEFF052C45F8046BF7D10024114E6F
:10B61000254620460134FFF7C5FF082C46F8045B99
:10B62000F7D10D4C0020FFF7C6FF01202560FFF782
:10B63000C2FF0020656000F011FD012000F00EFD4A
:10B64000002070BD000008128C3A0000843A00000F
:10B65000483A0000643A00005C3A000010B500204F
:10B66000FFF706FE024BBDE810401B68002018479C
:10B670008C3A000010B50120FFF7FAFD024BBDE83F
:10B6800010405B68012018478C3A000010B502207A
:10B69000FFF7EEFD024BBDE810409B680220184703
:10B6A0008C3A000010B50320FFF7E2FD024BBDE825
:10B6B0001040DB68032018478C3A000010B50420C6
:10B6C000FFF7D6FD024BBDE810401B690420184768
:10B6D0008C3A000010B50520FFF7CAFD024BBDE80B
:10B6E00010405B69052018478C3A000010B5062011
:10B6F000FFF7BEFD024BBDE810409B6906201847CE
:10B700008C3A000010B50720FFF7B2FD024BBDE8F0
:10B710001040DB69072018478C3A000010B5002064
:10B7200000F038FA024BBDE810401B6800201847B3
:10B73000843A000010B5012000F02CFA024BBDE85D
:10B7400010405B6801201847843A000010B500F0F3
:10B7500031FAC00702D5012000F026FA00F02AFADB
:10B7600010F0020403D0022000F01EFA012400F0C1
:10B7700021FA410703D5042000F016FA022400F054
:10B7800019FA020703D5082000F00EFA032400F08E
:10B7900011FAC30603D5102000F006FA0424044B66
:10B7A00053F824301BB12046BDE81040184710BDA7
:10B7B000483A000010B5002000F004FA012802D138
:10B7C000002000F007FA012000F0FCF901280446EF
:10B7D0003ED100F0FFF9022000F0F4F9012803D176
:10B7E000022000F0F7F90224032000F0EBF9012811
:10B7F00003D1032000F0EEF90324042000F0E2F965
:10B80000012803D1042000F0E5F90424052000F00C
:10B81000D9F9012803D1052000F0DCF90524062020
:10B8200000F0D0F9012803D1062000F0D3F9062456
:10B83000072000F0C7F9012803D1072000F0CAF95A
:10B840000724044B204653F82430BDE81040184725
:10B850000024C0E7643A000010B50021042000F085
:10B8600083FC012802D1002000F0BEF90121042050
:10B8700000F07AFC0128044608D100F0B5F9044B29
:10B88000204653F82430BDE8104018470024F6E75E
:10B890005C3A000070B5850F14D0012D14D0022D34
:10B8A0000A4B18BF002320F04044012C03D15B6AEF
:10B8B000002113209847064B204653F82530BDE859
:10B8C00070401847034BEEE7034BECE700FF2008FE
:10B8D000AC3A000058FF20082CFF20080B300B2842
:10B8E0009ABF024B185C0120704700BF0D0221086F
:10B8F000064B984207D0064B984204D0054BC31A1A
:10B900005842584170470120704700BF58FF200837
:10B910002CFF200800FF2008084B984202D101208C
:10B92000F9F71CB9064B984201D10220F8E7054B04
:10B93000984201D10320F3E7704700BF58FF200869
:10B940002CFF200800FF2008012838B504460D46CA
:10B9500023D11D4B1C792046F9F71CF9012822D070
:10B96000032C24D8012C26D0022C26D0032C174CD3
:10B9700018BF00241DB32C60A36815489847FFF733
:10B98000ADFF88B92046FFF7B3FFD0B1236902208D
:10B990009847BDE83840FFF7A1BF022809D0F9F762
:10B9A000F9F8012801D1042038BD032CDED901208B
:10B9B000FAE7084BCEE7084CDCE7084CDAE7222030
:10B9C000F2E72120F0E700BF0403000000FF200899
:10B9D00095B82008F002000058FF20082CFF20082E
:10B9E000284A904270B506460D4624D0264B984210
:10B9F00023D0002942D0002840D03046FFF778FFFE
:10BA000000283DD0E868214B984239D8AC68B4F59D
:10BA1000A06F35D82B78191F0C2931D869680329F4
:10BA20000DD11B4988422BD844EA033444F48014D6
:10BA300044F001040AE0174DDFE7174DDDE71FD89A
:10BA4000022944EA0334F1D144F002049642296900
:10BA50000AD10120F9F766F8736AE9682046984729
:10BA6000BDE87040FFF73ABF074B9E4201D102206C
:10BA7000F0E70A4B9E42EFD10320EBE7222070BD96
:10BA80002120FCE758FF20082CFF2008005A620202
:10BA9000404B4C0004030000F002000000FF2008AF
:10BAA000F8B5044616461F460D46E9B1E2B1D8B1D5
:10BAB000FFF71EFFD0B1CFB10D4B9C420BD12046FA
:10BAC000FFF72AFFE3693A46314628469847BDE822
:10BAD000F840FFF703BF636A012113209847FFF77F
:10BAE000FDFE0028EBD0F8BD2220FCE72120FAE77C
:10BAF0002CFF200808B50246C8B1C1B1FFF7F8FE17
:10BB0000B8B10E4B9A420ED00D4B9A420DD00D4B50
:10BB1000D31A5A425A4152000B4B53F8220050B9E3
:10BB200043F8221008BD0022F6E70122F4E72220A4
:10BB3000F8E72120F6E70420F4E700BF58FF2008CB
:10BB40002CFF200800FF2008AC3A00001528094A05
:10BB50004FF0010307D9D2F81816163883400B436B
:10BB6000C2F818367047D2F8101683400B43C2F85B
:10BB70001036704700003041A0F11903052B06D89C
:10BB8000034A0C38516C012383400B4353647047C4
:10BB900000800046034BC0001A5842F001021A50C0
:10BBA000704700BF44121346014B40009860704735
:10BBB00000000812024BD868C0F34400704700BF71
:10BBC00000000812024BC000185800F00100704736
:10BBD00004D20424034BC0001A5842F001021A5048
:10BBE000704700BF04D20424034BC0001A5842F02F
:10BBF00001021A50704700BF44D2042408B50A4617
:10BC00000146044801F08CFFBDE808400D2001F01A
:10BC100099BF00BF190221082DE9F04180460D4669
:10BC200016461F4603287FD8DFE800F002172628B3
:10BC30004B297DD940483F21FFF7E0FF0F2F1FD947
:10BC40003D484021FFF7DAFF082E1FD93A4841212D
:10BC5000FFF7D4FF0F2D1DD918E03B2968D93648CE
:10BC60003F21FFF7CBFF0F2FEED933484021FFF7DD
:10BC7000C5FF082EEED9E9E72B29EFE71B29D8E706
:10BC8000082E03D92C484121FFF7B8FF4FEA1518B9
:10BC900005F00F0506F51072284C54F8323068F3A1
:10BCA0000D3344F8323054F8323065F30B2344F846
:10BCB000323054F8323017F0080114BF43F0080353
:10BCC00061F3C30344F8323054F8323017F0040102
:10BCD0000CBF61F3820343F0040344F83230174B86
:10BCE00053F8321017F001000CBF60F3000141F06F
:10BCF000010143F83210114917F0020315BF51F842
:10BD0000323051F8320043F0020363F3410014BFB4
:10BD100041F8323041F8320051F832306FF30413F9
:10BD200041F83230BDE8F08103483F21FFF766FF5C
:10BD30000F2F9ED999E700BF3F022108000013464C
:10BD4000052838B505460C460AD920484FF49B71A2
:10BD5000FFF754FF1D484FF49F71FFF74FFF2EE090
:10BD600003280ED9042828D10B2904D9174840F2FA
:10BD70003B11FFF743FF240104F1105404F598240C
:10BD80000EE080B94B2904D910484FF49C71FFF79D
:10BD900035FF04EB0514240104F18C4404F59814D8
:10BDA0000123636038BD012801D13B29EBE702285C
:10BDB00001D12B29E7E71B29E5E70529CAD8044B60
:10BDC000A4001A5942F020021A51EBE7F0002108B2
:10BDD0001C860424052838B505460C460AD9204897
:10BDE0004FF4CE71FFF70AFF1D484FF4D271FFF7F1
:10BDF00005FF2EE003280ED9042828D10B2904D9E9
:10BE0000174840F2A111FFF7F9FE240104F1105484
:10BE100004F598240EE080B94B2904D910484FF45A
:10BE2000CF71FFF7EBFE04EB0514240104F18C4401
:10BE300004F598140023636038BD012801D13B2923
:10BE4000EBE7022801D12B29E7E71B29E5E70529C4
:10BE5000CAD8044BA4001A596FF345121A51EBE7E4
:10BE6000F00021081C860424012BF8B506460C4678
:10BE7000154617D939487E21FFF7C0FE002D37D06F
:10BE800021463046FFF75CFF042E05F00F014DD12F
:10BE90000A2D3BD8324A2301D05861F38500D05097
:10BEA00075B3F8BD82B102F00F07002BE8D1FFF7A0
:10BEB00091FF042E34D10A2D28D8294B24011A5978
:10BEC00067F385021A51ECE7042815BF04EB001252
:10BED00023492449220118BF1201885865F38500BF
:10BEE00088506BB921463046BDE8F840FFF772BF75
:10BEF000042E2DD11A4A2301D15865F38501D15062
:10BF000021463046BDE8F840FFF71ABF13488A21A2
:10BF1000FFF774FE124B24011A5965F38502D1E72D
:10BF20000F2D0DD80F4B04EB0614C7E70F2D07D8C4
:10BF300004EB06140B4B24011A5961F38502C1E787
:10BF400006488F21FFF75AFE04EB0614054BE2E783
:10BF500004EB0613034A1B01CEE700BF3F02210892
:10BF600000C00424000013460528F8B505460C4619
:10BF7000164602F0010719D92948D821FFF73EFEDD
:10BF8000012E19D92648D921FFF738FE052C03D9EF
:10BF90002348E321FFF732FEE4212148FFF72EFE7C
:10BFA000204BA4001A5967F3041223E0012A07D892
:10BFB000032815D904280BD0052CF1D9E321ECE78F
:10BFC0001748D921FFF71AFE032D09D9042DDDD119
:10BFD0000B2C03D91248DF21FFF710FE124B05E0AE
:10BFE00055B94B2C10D8114B04EB051424011A59E8
:10BFF00067F300021A51F8BD012D0AD13B2C8CBF0A
:10C0000000230123002BEED10548DB21FFF7F6FDCD
:10C01000E9E7022D01D12B2CF1E71B2CE2E700BF51
:10C020003F0221081C86042400C00424000013469B
:10C030003F2810B5044604D9064840F21B11FFF70B
:10C04000DDFD054800EB8400036843F01003036046
:10C0500010BD00BF3F02210800400046012808B57E
:10C060000ED90E4840F28911FFF7C8FD0C4B1A6833
:10C0700042F480421A601A6842F480121A600BE09F
:10C080000028F3D14FF08C431A6942F480321A61D0
:10C090009A6842F400129A6008BD00BF3F0221086E
:10C0A000001404240C2A70B505460E46144604D923
:10C0B0002B484FF43D71FFF7A1FD0F2E04D92848FE
:10C0C00040F2F521FFF79AFD0C2D04D9244840F2E7
:10C0D000F621FFF793FD05F51070224B53F8302041
:10C0E0006FF30D3243F8302053F8302064F30B2205
:10C0F00043F8302053F8302016F0080114BF42F006
:10C10000080261F3C30243F8302053F8302016F0E0
:10C11000040114BF42F0040261F3820243F83020AC
:10C12000104B53F8302016F0010114BF42F0010209
:10C1300061F3000243F830200A4B53F8302016F028
:10C14000020114BF42F0020261F3410243F83020C1
:10C1500053F830206FF3041243F8302070BD00BF55
:10C160003F02210800C00424052870B506460D468C
:10C1700001F5127411D9114840F24B31FFF73EFD21
:10C18000012D04D90D484FF45371FFF737FDE3003B
:10C1900003F18C4303F598130DE0012904D90748F6
:10C1A0004FF45371FFF72AFD042EF0D1E30003F1A1
:10C1B000105303F59823586870BD00BF3F02210853
:10C1C0000C2810B5044604D9054840F27B31FFF72E
:10C1D00015FD044B01209A68A0401043986010BDE3
:10C1E0003F02210800A00424052838B504460D4666
:10C1F00004D909484FF47871FFF700FD0A2D04D9DE
:10C20000054840F2E131FFF7F9FC044BA4001A594C
:10C2100065F302021A5138BD3F0221081C8604242E
:10C22000052838B504460D4604D9094840F2EE31D8
:10C23000FFF7E4FC012D04D9054840F2EF31FFF788
:10C24000DDFC044BA4001A5965F3C3021A5138BD32
:10C250003F0221081C860424052838B504460D46F3
:10C2600004D9094840F2FF31FFF7C8FC012D04D979
:10C2700005484FF48061FFF7C1FC044BA4001A5934
:10C2800065F304121A5138BD3F0221081C860424AC
:10C29000052810B5044604D9054840F24641FFF789
:10C2A000ADFC044B5869E04000F0010010BD00BF38
:10C2B0003F02210800000812102810B5044604D9D6
:10C2C00004484FF49061FFF799FC034B64005C60F5
:10C2D00010BD00BF3F022108000008120F2870B5F2
:10C2E00005460E4604D91F4840F2AD41FFF786FCD3
:10C2F000082E04D91B4840F2AE41FFF77FFC012411
:10C30000B440E6B23046FFF7D7FF174B1A6915F075
:10C31000040F14BF3243B2431A61134B220219694E
:10C3200092B215F0080F14BF0A4321EA02021A6103
:10C330000D4B2204196902F47F0215F0020F14BF9D
:10C340000A4321EA02021A61074B1A69240615F012
:10C35000010F14BF2243A2431A61044B4FF4001291
:10C360001A6070BD3F0221080000081200E100E0E1
:10C3700081F0004102E000BF83F0004330B54FEA96
:10C3800041044FEA430594EA050F08BF90EA020F03
:10C390001FBF54EA000C55EA020C7FEA645C7FEA96
:10C3A000655C00F0E2804FEA5454D4EB5555B8BFB9
:10C3B0006D420CDD2C4480EA020281EA030382EA2A
:10C3C000000083EA010180EA020281EA0303362DBC
:10C3D00088BF30BD11F0004F4FEA01314FF4801C8F
:10C3E0004CEA113102D0404261EB410113F0004FA1
:10C3F0004FEA03334CEA133302D0524263EB430358
:10C4000094EA050F00F0A780A4F10104D5F1200EF5
:10C410000DDB02FA0EFC22FA05F2801841F1000150
:10C4200003FA0EF2801843FA05F359410EE0A5F124
:10C4300020050EF1200E012A03FA0EFC28BF4CF055
:10C44000020C43FA05F3C01851EBE37101F000450B
:10C4500007D54FF0000EDCF1000C7EEB00006EEB18
:10C460000101B1F5801F1BD3B1F5001F0CD34908A2
:10C470005FEA30004FEA3C0C04F101044FEA4452F9
:10C4800012F5800F80F09A80BCF1004F08BF5FEA80
:10C49000500C50F1000041EB045141EA050130BD60
:10C4A0005FEA4C0C404141EB0101013C28BFB1F572
:10C4B000801FE9D291F0000F04BF01460020B1FABD
:10C4C00081F308BF2033A3F10B03B3F120020CDA90
:10C4D0000C3208DD02F1140CC2F10C0201FA0CF06E
:10C4E00021FA02F10CE002F11402D8BFC2F1200CD3
:10C4F00001FA02F120FA0CFCDCBF41EA0C01904089
:10C50000E41AA2BF01EB0451294330BD6FEA0404D1
:10C510001F3C1CDA0C340EDC04F11404C4F12002BC
:10C5200020FA04F001FA02F340EA030021FA04F3CE
:10C5300045EA030130BDC4F10C04C4F1200220FA25
:10C5400002F001FA04F340EA0300294630BD21FA63
:10C5500004F0294630BD94F0000F83F4801306BF29
:10C5600081F480110134013D4EE77FEA645C18BF1D
:10C570007FEA655C29D094EA050F08BF90EA020FB4
:10C5800005D054EA000C04BF1946104630BD91EAAC
:10C59000030F1EBF0021002030BD5FEA545C05D1AF
:10C5A0004000494128BF41F0004130BD14F58004EE
:10C5B0003CBF01F5801130BD01F0004545F0FE4162
:10C5C00041F470014FF0000030BD7FEA645C1ABF97
:10C5D000194610467FEA655C1CBF0B46024650EACE
:10C5E000013406BF52EA033591EA030F41F40021FA
:10C5F00030BD00BF90F0000F04BF0021704730B580
:10C600004FF4806404F132044FF000054FF0000154
:10C6100050E700BF90F0000F04BF0021704730B515
:10C620004FF4806404F1320410F0004548BF4042EA
:10C630004FF000013EE700BF42004FEAE2014FEA3F
:10C6400031014FEA02701FBF12F07F4393F07F4F1A
:10C6500081F06051704732F07F4208BF704793F01D
:10C660007F4F04BF41F40021704730B54FF4607430
:10C6700001F0004521F000411CE700BF50EA010233
:10C6800008BF704730B54FF000050AE050EA0102DC
:10C6900008BF704730B511F0004502D5404261EB4C
:10C6A00041014FF4806404F132045FEA915C3FF48D
:10C6B000D8AE4FF003025FEADC0C18BF03325FEA2A
:10C6C000DC0C18BF033202EBDC02C2F1200300FADB
:10C6D00003FC20FA02F001FA03FE40EA0E0021FA00
:10C6E00002F11444BDE600BF70B54FF0FF0C4CF4EE
:10C6F000E06C1CEA11541DBF1CEA135594EA0C0FA0
:10C7000095EA0C0F00F0DEF82C4481EA030621EADA
:10C710004C5123EA4C5350EA013518BF52EA033515
:10C7200041F4801143F4801338D0A0FB02CE4FF0C7
:10C730000005E1FB02E506F00042E0FB03E54FF0F7
:10C740000006E1FB03569CF0000F18BF4EF0010EEF
:10C75000A4F1FF04B6F5007F64F5407404D25FEAEB
:10C760004E0E6D4146EB060642EAC62141EA55519E
:10C770004FEAC52040EA5E504FEACE2EB4F1FD0CE0
:10C7800088BFBCF5E06F1ED8BEF1004F08BF5FEA5E
:10C79000500E50F1000041EB045170BD06F0004610
:10C7A00046EA010140EA020081EA0301B4EB5C04BD
:10C7B000C2BFD4EB0C0541EA045170BD41F48011B5
:10C7C0004FF0000E013C00F3AB8014F1360FDEBFDA
:10C7D000002001F0004170BDC4F10004203C35DAB6
:10C7E0000C341BDC04F11404C4F1200500FA05F339
:10C7F00020FA04F001FA05F240EA020001F00042DA
:10C8000021F0004110EBD37021FA04F642EB06014F
:10C810005EEA430E08BF20EAD37070BDC4F10C0479
:10C82000C4F1200500FA04F320FA05F001FA04F23D
:10C8300040EA020001F0004110EBD37041F1000129
:10C840005EEA430E08BF20EAD37070BDC4F1200534
:10C8500000FA05F24EEA020E20FA04F301FA05F29C
:10C8600043EA020321FA04F001F0004121FA04F244
:10C8700020EA020000EBD3705EEA430E08BF20EA14
:10C88000D37070BD94F0000F0FD101F0004640004E
:10C8900041EB010111F4801F08BF013CF7D041EAD0
:10C8A000060195F0000F18BF704703F000465200D4
:10C8B00043EB030313F4801F08BF013DF7D043EAA5
:10C8C0000603704794EA0C0F0CEA135518BF95EA5B
:10C8D0000C0F0CD050EA410618BF52EA4306D1D1E2
:10C8E00081EA030101F000414FF0000070BD50EA01
:10C8F000410606BF1046194652EA430619D094EA8B
:10C900000C0F02D150EA013613D195EA0C0F05D174
:10C9100052EA03361CBF104619460AD181EA0301C8
:10C9200001F0004141F0FE4141F470014FF0000080
:10C9300070BD41F0FE4141F4780170BD70B54FF01B
:10C94000FF0C4CF4E06C1CEA11541DBF1CEA13559B
:10C9500094EA0C0F95EA0C0F00F0A7F8A4EB05047D
:10C9600081EA030E52EA03354FEA013100F0888074
:10C970004FEA03334FF0805545EA131343EA12633D
:10C980004FEA022245EA111545EA10654FEA0026F2
:10C990000EF000419D4208BF964244F1FD0404F5AB
:10C9A000407402D25B084FEA3202B61A65EB030507
:10C9B0005B084FEA32024FF480104FF4002CB6EBC4
:10C9C000020E75EB030E22BFB61A754640EA0C0044
:10C9D0005B084FEA3202B6EB020E75EB030E22BF84
:10C9E000B61A754640EA5C005B084FEA3202B6EBC5
:10C9F000020E75EB030E22BFB61A754640EA9C0084
:10CA00005B084FEA3202B6EB020E75EB030E22BF53
:10CA1000B61A754640EADC0055EA060E18D04FEA11
:10CA2000051545EA16754FEA06164FEAC30343EAB1
:10CA300052734FEAC2025FEA1C1CC0D111F4801F7E
:10CA40000BD141EA00014FF000004FF0004CB6E777
:10CA500011F4801F04BF01430020B4F1FD0C88BF16
:10CA6000BCF5E06F3FF6AFAEB5EB030C04BFB6EB21
:10CA7000020C5FEA500C50F1000041EB045170BD14
:10CA80000EF0004E4EEA113114EB5C04C2BFD4EB41
:10CA90000C0541EA045170BD41F480114FF0000EC5
:10CAA000013C90E645EA060E8DE60CEA135594EA41
:10CAB0000C0F08BF95EA0C0F3FF43BAF94EA0C0F44
:10CAC0000AD150EA01347FF434AF95EA0C0F7FF4B9
:10CAD00025AF104619462CE795EA0C0F06D152EA0D
:10CAE00003353FF4FDAE1046194622E750EA4106F1
:10CAF00018BF52EA43067FF4C5AE50EA41047FF402
:10CB00000DAF52EA43057FF4EBAE12E74FF0FF3C66
:10CB100006E000BF4FF0010C02E000BF4FF0010C37
:10CB20004DF804CD4FEA410C7FEA6C5C4FEA430CB0
:10CB300018BF7FEA6C5C1BD001B050EA410C0CBFFF
:10CB400052EA430C91EA030F02BF90EA020F002061
:10CB5000704710F1000F91EA030F58BF994208BFC8
:10CB600090422CBFD8176FEAE37040F00100704785
:10CB70004FEA410C7FEA6C5C02D150EA013C07D1DC
:10CB80004FEA430C7FEA6C5CD6D152EA033CD3D027
:10CB90005DF8040B704700BF8446104662468C4621
:10CBA0001946634600E000BF01B5FFF7B7FF002854
:10CBB00048BF10F1000F01BD4DF808EDFFF7F4FF7D
:10CBC0000CBF012000205DF808FB00BF4DF808ED08
:10CBD000FFF7EAFF34BF012000205DF808FB00BF2B
:10CBE0004DF808EDFFF7E0FF94BF012000205DF84D
:10CBF00008FB00BF4DF808EDFFF7CEFF94BF012002
:10CC000000205DF808FB00BF4DF808EDFFF7C4FFFA
:10CC100034BF012000205DF808FB00BF4A0011D29C
:10CC200012F5001211D20DD56FF47873B3EB625286
:10CC30000ED44FEAC12343F0004343EA505323FA92
:10CC400002F070474FF00000704750EA013002D107
:10CC50004FF0FF3070474FF00000704753B94AB9AA
:10CC6000002908BF00281CBF4FF0FF314FF0FF30F4
:10CC700000F06AB9ADF1080C6DE904CE00F006F8D9
:10CC8000DDF804E0DDE9022304B070472DE9F04748
:10CC9000089D0C46002B4ED194468C458646B2FA30
:10CCA00082F262D94AB1C2F12003914020FA03F323
:10CCB0000CFA02FC194300FA02FE4FEA1C471FFA65
:10CCC0008CF6B1FBF7F44FEA1E4307FB141143EA5D
:10CCD000014304FB06F199420AD91CEB030304F15A
:10CCE000FF3080F01381994240F21081023C63448E
:10CCF000591A1FFA8EF3B1FBF7F007FB101143EA44
:10CD0000014300FB06F69E420AD91CEB030300F127
:10CD1000FF3180F0FD809E4240F2FA806344023889
:10CD20009B1B40EA044000211DB1D3400022C5E90D
:10CD30000032BDE8F0878B4205D90DB1C5E900018D
:10CD400000210846F5E7B3FA83F1002946D1A34252
:10CD500002D39042C0F0F180861A64EB03030120F5
:10CD6000002DE6D0C5E90063E3E7002A40F091809A
:10CD7000A1EB0C044FEA1C481FFA8CF70121B4FB0D
:10CD8000F8F64FEA1E4308FB164443EA044307FB48
:10CD900006F0984208D91CEB030306F1FF3402D2D7
:10CDA000984200F2CE8026461C1A1FFA8EF3B4FB7E
:10CDB000F8F008FB104443EA044300FB07F79F42E6
:10CDC00008D91CEB030300F1FF3402D29F4200F2AA
:10CDD000B1802046DB1B40EA0640A5E7C1F12006F2
:10CDE0008B4022FA06F71F4320FA06FC04FA01F3EF
:10CDF00043EA0C03F44000FA01F8380C4FEA1349F7
:10CE0000B4FBF0FE1FFA87FC00FB1E4449EA044411
:10CE10000EFB0CF9A14502FA01F20AD93C190EF1F8
:10CE2000FF3A80F08580A14540F28280AEF1020E8B
:10CE30003C44A4EB09041FFA83F9B4FBF0F300FBB4
:10CE4000134449EA044403FB0CFCA44507D93C19EC
:10CE500003F1FF3068D2A44566D9023B3C4443EA63
:10CE60000E40A0FB0293A4EB0C049C42CE469C46D1
:10CE700052D34FD055B1B8EB0E0364EB0C0404FA57
:10CE800006F6CB40CC401E43C5E900640021BDE856
:10CE9000F087C2F1200320FA03F10CFA02FC24FA15
:10CEA00003F394400C434FEA1C4800FA02FE1FFAB9
:10CEB0008CF7B3FBF8F008FB1031230C43EA014375
:10CEC00000FB07F1994208D91CEB030300F1FF3680
:10CED0002CD299422AD9023863445B1AA4B2B3FB1C
:10CEE000F8F108FB113344EA034401FB07F3A342C2
:10CEF00008D91CEB040401F1FF3613D2A34211D967
:10CF000002396444E41A41EA004138E70446EFE696
:10CF1000084605E7C845ADD2B9EB020E63EB070C36
:10CF20000138A7E73146EDE7034698E73046D4E7F6
:10CF3000D6467EE7634402384CE706462346084659
:10CF40000EE7023E63442FE7704700BF024B0146E5
:10CF5000186800F02DB800BF24030000024B014602
:10CF6000186801F0B7BE00BF2403000070B50F4E73
:10CF70000C463168054611B900F062FF3060214669
:10CF8000284600F05DFF431C03D14FF0FF342046DC
:10CF900070BDC41C24F00304A042F8D0211A284616
:10CFA00000F04EFF0130F2D1EFE700BFB83A0000C9
:10CFB0002DE9F041CD1C25F0030508350C2D38BFB7
:10CFC0000C25002D064601DBA94204D90C23336051
:10CFD0000020BDE8F081314F00F062F83B681C464C
:10CFE00044BB29463046FFF7C1FF431C044650D1DD
:10CFF0003C682146002941D1002C44D023683046AA
:10D0000004EB030800F01CFF80453CD121686D1A39
:10D0100029463046FFF7AAFF013034D023682B445D
:10D0200023603B68002B36D05A68A24229D10022E7
:10D030005A600EE02268521B1DD40B2A16D96119C2
:10D04000A342256018BF5960636808BF3960625108
:10D050004B60304600F02AF804F10B00231D20F04D
:10D060000700C21AB5D01B1AA350B2E7A3426268E8
:10D07000DED13A60EDE723466468B1E70C464968C3
:10D08000B8E71346CEE70C233360304600F00EF8C5
:10D090009EE70560DDE75B60FFDE00BFBC3A000095
:10D0A000014800F0F6BE00BF003C0000014800F05F
:10D0B000F1BE00BF003C00002DE9F04F89B0DDE972
:10D0C0001598002B1D461446BCBF03F100431446BF
:10D0D00028F0200A149AB6BF1D4600232D23BAF16A
:10D0E000460FDDE9126B137005D0BAF1450F00D180
:10D0F0000136022300E0032307AA049206AACDE921
:10D100000292CDE9003622462B4600F0B9FFB8F175
:10D11000670F074619D11BF0010F0ED007EB060869
:10D120000022002320462946FFF746FD08B1CDF82E
:10D130001C803022079B434521D3079B179ADB1B9A
:10D140003846136009B0BDE8F08FB8F1470FE2D060
:10D15000BAF1460F00EB0608E2D10378302B0AD172
:10D160000022002320462946FFF726FD18B9C6F104
:10D170000106C9F80060D9F800309844D0E7591C7E
:10D1800007911A70D6E7F7B50029BABF49422D2397
:10D190002B2309290270437029DD0DF107031D4679
:10D1A0000A271A46B1FBF7F607FB1614303402F8CB
:10D1B000014C0C46632C03F1FF333146F1DC303176
:10D1C000941E03F8011C411C2346AB420AD30DF107
:10D1D00009039B1AAC4288BF002302330344181A88
:10D1E00003B0F0BD13F8016B01F8016FEDE73023D8
:10D1F00030318370C170031DF1E700002DE9F04F5D
:10D2000091B00C46DDF8688016461F46054600F0D2
:10D21000DFFD03680893184600F0A0FE00230E937C
:10D22000D8F800300990073323F0070303F1080210
:10D2300094F818A0D4F800B0C8F80020D3E9008909
:10D2400029F000430B93CDF82880C4E91289DDE969
:10D250000A019C4B4FF0FF3202F0DEFC70BBDDE9AF
:10D260000A01984B4FF0FF32FFF7BAFC30BB0022A7
:10D27000002340464946FFF7A9FC10B12D2384F84E
:10D280004330914A914BBAF1470F94BF904698466C
:10D29000032323612BF0040323604FF00009009760
:10D2A00033460FAA2146284600F0DEF9013040F04F
:10D2B00099804FF0FF3011B0BDE8F08F42464B46E9
:10D2C0004046494602F0A8FC40B14B46002BBCBF8B
:10D2D0002D2384F843307E4A7E4BD4E763685A1C82
:10D2E00029D1062363604BF48063002223600692F9
:10D2F0000EAACDE904A20DAA03920DF13302CDE9E5
:10D3000001326368009342464B462846FFF7D4FE3D
:10D31000BAF1670F0D99804615D1CB1C3BDB6368D2
:10D32000994238DC0E9B994255DB23682161D8076E
:10D3300045D54B1C42E00AF0DF02472AD3D1002B2F
:10D34000D1D10123CEE7BAF1470F07D1C81C25DBA5
:10D3500063688B4222DB4FF0670AE3E7BAF1650F9F
:10D360001FD80139524604F150000D91FFF70BFF11
:10D370000E9A1318012A8146236102DC2268D20723
:10D3800001D5013323619DF83330002B87D02D2345
:10D3900084F8433083E74FF0650AE2E74FF0450A2F
:10D3A000DFE7BAF1660FBDD1002963680BDD2161AB
:10D3B00013B92268D00702D501330B442361A1655C
:10D3C0004FF00009DFE713B92268D20701D5023315
:10D3D000F4E70123F2E70029D4BFC1F102020122E0
:10D3E0001344EBE723685A0507D4236942463146C4
:10D3F0002846B84701302BD15BE7BAF1650F40F200
:10D40000DC80D4E9120100220023FFF7D5FB0028BD
:10D4100033D0314A012331462846B84701303FF422
:10D4200048AFDDE90D38434502DB2368D8070FD547
:10D43000DDE9082331462846B84701303FF439AFCB
:10D440004FF0000908F1FF3804F11A0AC84509DC59
:10D4500023689B0700F10281E0680F9B9842B8BFE8
:10D46000184628E70123524631462846B84701307E
:10D470003FF41FAF09F10109E8E70D9B002B38DCF1
:10D48000154A012331462846B84701303FF411AF11
:10D49000DDE90D3959EA030302D12368D907D7D54D
:10D4A000DDE9082331462846B84701303FF401AF93
:10D4B0004FF0000A04F11A0B0D9B5B4253450DDC43
:10D4C0004B4693E7FFFFEF7FF4022108F8022108A3
:10D4D000FC022108000321080403210801235A4605
:10D4E00031462846B84701303FF4E3AE0AF1010A5D
:10D4F000E2E7A36DDDF838A05345A8BF5346002BE3
:10D50000994636DC4FF0000B29EAE97904F11A025A
:10D51000A36D0A93A3EB09035B4531DC0D9B9A4590
:10D520003ADC2368DA0737D40D9BAAEB03090A9B80
:10D53000AAEB03039945A8BF9946B9F1000F33DC64
:10D540004FF0000829EAE97904F11A0B0D9BAAEBC8
:10D550000303A3EB090343457FF77AAF01235A4640
:10D5600031462846B84701303FF4A3AE08F1010820
:10D57000ECE7424631462846B8470130C2D198E62A
:10D580000123314628460A92B84701303FF491AE54
:10D590000A9A0BF1010BBBE7DDE908233146284667
:10D5A000B8470130C0D184E60A9A4B46424431461E
:10D5B0002846B8470130C3D17BE6DDF838A0BAF180
:10D5C000010F01DCDB0736D50123424631462846F0
:10D5D000B84701303FF46DAEDDE9082331462846F7
:10D5E000B84701303FF465AED4E9120100220023B0
:10D5F0000AF1FF3AFFF7E0FAC0B9534608F1010219
:10D6000031462846B84701300CD152E601235A462C
:10D6100031462846B84701303FF44BAE08F10108C7
:10D62000D045F3DB4B4604F15002E0E64FF0000832
:10D6300004F11A0BF4E701234246E1E701234A46CD
:10D6400031462846B84701303FF433AE08F10108AF
:10D65000E3680F995B1A4345F0DCFDE64FF00008E4
:10D6600004F11909F4E700BF2DE9F0471646984682
:10D670008A680B69DDF820909342B8BF1346336087
:10D6800091F8432007460C460AB101333360236802
:10D69000990642BF336802333360256815F00605EA
:10D6A00006D104F1190AE36832689B1AAB4226DC02
:10D6B00094F843302268003B18BF012392062BD414
:10D6C00004F1430241463846C84701301ED0236862
:10D6D000226903F00603042B02BFE5683368ED1AE4
:10D6E000A3680CBF25EAE57500259342C4BF9B1AC9
:10D6F000ED1800261A34B5421AD1002008E00123A3
:10D70000524641463846C847013003D14FF0FF30FA
:10D71000BDE8F0870135C6E7E1185A1C302081F8D2
:10D720004300224494F8451082F843100233C7E7BF
:10D730000123224641463846C8470130E6D001362B
:10D74000D9E700002DE9FF470F7E0C9E782F914608
:10D7500080460C469A4601F1430207D8622F0AD848
:10D76000002F00F0DD80582F00F0C38004F1420646
:10D7700084F842703AE0A7F16303152BF6D801A1B3
:10D7800051F823F0DDD72008F1D720086DD7200805
:10D790006DD720086DD720086DD72008F1D7200855
:10D7A0006DD720086DD720086DD720086DD72008C9
:10D7B00007D920087FD82008BFD820086DD72008B7
:10D7C0006DD7200829D920086DD720087FD82008D8
:10D7D0006DD720086DD72008C7D8200833681A1DD8
:10D7E0001B68326004F1420684F842300123A8E04D
:10D7F00031682368081D30601E0601D50D6803E0FE
:10D800005D06FBD5B1F900506168002D78DA2D2056
:10D81000002984F84300A1602DDA5E486D420A2396
:10D820001646B5FBF3F103FB1157C75D06F8017D02
:10D830002F46BB420D46F4D9082B0BD12368DF07D6
:10D8400008D5236961689942DEBF302306F8013CA0
:10D8500006F1FF36921B2261CDF800A04B4603AAC9
:10D8600021464046FFF700FF01306FD14FF0FF30F7
:10D8700004B0BDE8F08723F004032360CDE72168FE
:10D880003368080653F8045B02D4490648BFADB2BA
:10D890006F2F4048336014BF0A230823002184F807
:10D8A00043106668A660002EBADB216821F00401EF
:10D8B0002160002DB4D1002EB2D11646BCE72368FA
:10D8C00043F0200323603448782784F845702368A8
:10D8D00031681F0651F8045B02D45F0648BFADB241
:10D8E0003160D90744BF43F0200323601DB11023EA
:10D8F000D4E72848E9E7236823F020032360F6E70C
:10D9000024480A23CDE7336825686169181D306013
:10D910002E061B6801D5196002E06806FBD5198048
:10D9200000232361164697E733681A1D32601E688C
:10D9300062680021304600F0B3FA08B1801B6060D5
:10D9400063682361002384F8433085E72369324606
:10D9500049464046D047013088D023689B0714D4FD
:10D96000E068039B9842B8BF184681E7012332461E
:10D9700049464046D04701303FF478AF0135E3686F
:10D9800003995B1AAB42F1DCEAE7002504F11906C2
:10D99000F5E700BF0603210817032108002310B58F
:10D9A0000446C0E90033C0E90433836081814366E3
:10D9B000C2818361194608225C3000F001FA0D4BE8
:10D9C00063620D4BA3620D4BE3620D4B23630D4B62
:10D9D00024629C4206D003F16802944202D0D03304
:10D9E0009C4205D104F15800BDE8104000F050BA47
:10D9F00010BD00BF11DC200833DC20086BDC2008E0
:10DA00008FDC2008C03A0000024A0349034800F0B6
:10DA100069B800BF1803000001F8200828030000BF
:10DA200041680C4B994210B5044601D001F0E8FE64
:10DA3000A168094B994202D0204601F0E1FEE1685D
:10DA4000064B994204D02046BDE8104001F0D8BEF4
:10DA500010BD00BFC03A0000283B0000903B000012
:10DA600010B50B4B0B4C0C4A1A60204600220421C7
:10DA7000FFF794FF04F1680001220921FFF78EFFF0
:10DA800004F1D0000222BDE810401221FFF786BF4A
:10DA9000F83B0000C03A000009DA2008014800F015
:10DAA000F8B900BF013C0000014800F0F3B900BF25
:10DAB000013C000010B50446FFF7F0FF236A1BB1DC
:10DAC000BDE81040FFF7F0BF044B2362044B1B6816
:10DAD000002BF5D1FFF7C4FFF2E700BF21DA2008E1
:10DAE000F83B00002DE9F843074688461446002617
:10DAF000D4E90195B9F1010905D52468002CF7D1C5
:10DB00003046BDE8F883AB89012B07D9B5F90E3053
:10DB1000013303D029463846C04706436835E9E754
:10DB20000FB407B5064904AB086853F8042B8168A5
:10DB3000019301F0C9FC03B05DF804EB04B0704739
:10DB400024030000024B01461868826801F0E2BE1F
:10DB500024030000036A70B5846805460E460BB9BD
:10DB6000FFF7A8FF636EDB0705D4A389980502D4ED
:10DB7000A06D00F08EF9A389190702D52369002B47
:10DB800035D12146284600F0C5F880B34FF0FF3567
:10DB9000636EDA0705D4A3899B0502D4A06D00F05B
:10DBA00079F9284670BD002B15DB23685A1C2260CA
:10DBB0001970A36816F8011F013BA3600029F2D178
:10DBC000002B16DA22460A21284600F064F80130BC
:10DBD000DCD00A25DCE7A2699A4201DC0A29E4D1FB
:10DBE0002246284600F057F80130E2D1CEE7013E48
:10DBF000DFE723685A1C22600A221A70E9E7000056
:10DC0000024B01461868FFF7A5BF00BF24030000C0
:10DC100010B50C46B1F90E1000F000F90028ABBFAA
:10DC2000636DA3891B1823F48053ACBF6365A38184
:10DC300010BD2DE9F0411F468B89DB0505460C46DA
:10DC4000164605D5B1F90E100223002200F0D4F8D3
:10DC5000A389B4F90E1023F48053A38132463B46C6
:10DC60002846BDE8F04100F0FBB810B50C46B1F90C
:10DC70000E1000F0C1F8431CA38915BF606523F4A2
:10DC8000805343F48053A38118BFA38110BDB1F921
:10DC90000E1000F0A1B8F8B50E461446054618B1AE
:10DCA000036A0BB9FFF706FFA369A360A3891A07EC
:10DCB00001D5236943B92146284600F02BF818B155
:10DCC0004FF0FF373846F8BD23682269981A636918
:10DCD000F6B28342374605DC2146284601F090FD26
:10DCE0000028EDD1A368013BA36023685A1C226081
:10DCF0001E706269431C9A4204D0A389DB07E1D5F8
:10DD00000A2EDFD12146284601F07AFD0028D9D01D
:10DD1000D6E7000038B5294B054618680C4618B1FF
:10DD2000036A0BB9FFF7C6FEB4F90C30190722D409
:10DD3000DA0607D409222A6043F04003A3814FF09A
:10DD4000FF3033E0580712D5616B41B104F1440351
:10DD5000994202D0284600F0BDFF00236363A389E7
:10DD600023F02403A3810023636023692360A38934
:10DD700043F00803A38123694BB9A38903F42073FB
:10DD8000B3F5007F03D02146284601F087FDB4F9A2
:10DD90000C3013F001020AD00022A26062695242E4
:10DDA000A261226942B913F08000C5D138BD99073C
:10DDB00058BF6269A260F4E70020F7E7240300007F
:10DDC00002440346934200D1704703F8011BF9E770
:10DDD000004870476404000038B5064D002304462F
:10DDE00008462B60F6F71EFB431C02D12B6803B1DB
:10DDF000236038BDFC3B000038B5074D044608469B
:10DE0000114600222A601A46F6F716FB431C02D17F
:10DE10002B6803B1236038BDFC3B000038B5074DCB
:10DE200004460846114600222A601A46F6F706FB09
:10DE3000431C02D12B6803B1236038BDFC3B0000BA
:10DE400038B5064D0023044608462B6001F022FF3A
:10DE5000431C02D12B6803B1236038BDFC3B00009A
:10DE600038B5074D04460846114600222A601A4676
:10DE7000F6F7B6FA431C02D12B6803B1236038BD14
:10DE8000FC3B0000014B1868704700BF24030000F2
:10DE9000704770477047000000000000000000005D
:10DEA00001F0FF01102A2BDB10F0070F08D010F84B
:10DEB000013B013A8B422DD010F0070F42B3F6D14F
:10DEC000F0B441EA012141EA014122F007047FF068
:10DED00000070023F0E80256083C85EA010586EABF
:10DEE000010685FA47F5A3FA87F586FA47F6A5FAFB
:10DEF00087F68EB9EED1F0BC01F0FF0102F0070207
:10DF000032B110F8013B013A83EA010313B1F8D1B1
:10DF10000020704701387047002D06BF3546033892
:10DF2000073815F0010F07D1013015F4807F02BFCB
:10DF3000013015F4C03F0130F0BC0138704700BF1C
:10DF40000A44914200F1FF3300D1704710B511F837
:10DF5000014B03F8014F9142F9D110BD034613F86C
:10DF6000012B002AFBD1181A013870472DE9F74F11
:10DF700003690C69A34207467EDB013C01F11408EA
:10DF8000A30000F11405009305EB8403019358F8F6
:10DF9000243055F8242001339A4208EB8409B2FB5F
:10DFA000F3F62ED34FF0000AC446AE46D3465CF8D3
:10DFB000043B98B206FB00A0020C1B0C06FB0323DB
:10DFC000DEF8002080B292B2121A5A44DEF8000045
:10DFD0004FEA134A9BB2C3EB224303EB104392B2C6
:10DFE00042EA0342E1454EF8042B4FEA234BDED2CE
:10DFF000009BEB582BB9019B043B9D421A462FD343
:10E000003C61384601F02EF9002825DB2946002026
:10E0100058F8042BD1F800C01FFA82FE1FFA8CF3C7
:10E02000A3EB0E030344120CC2EB234202EB1C428F
:10E030009BB243EA0243C14541F8043B4FEA224008
:10E04000E6D255F8242005EB840322B9043B9D4217
:10E050001A460BD33C610136304603B0BDE8F08F61
:10E060001268043B002ACBD1013CC6E71268043B8E
:10E07000002AEFD1013CEAE70020EEE700000000B3
:10E080002DE9F04FC76997B014461D46CDE9044508
:10E09000239E83467FB91020FEF758FF0246CBF837
:10E0A0001C0020B9A64BEF21A64801F089FCC0E96D
:10E0B00001770760C760DBF81C30196859B15A68EE
:10E0C0004A60012393408B60584600F08DFEDBF8D8
:10E0D0001C3000221A602B1EB9BF23F000430593A9
:10E0E00000233360059F984BBCBF01223260BB43C5
:10E0F00019D1229A42F20F731360C7F3130323431B
:10E1000000F0DE85249B53B9904B21E0904B08939F
:10E110000833249A1360089817B0BDE8F08F8B4B32
:10E1200008930333F5E79DED047B002251EC170BB8
:10E1300000238DED0C7BFEF73FFD804650B1229A07
:10E1400001231360249B13B1249A824B1360824BEA
:10E150000893E0E714AB019315AB00935846DDE953
:10E160000C2301F02FF9C7F30A560390002E79D043
:10E170000D9BCDF84C80C3F31303DDE90C0143F094
:10E180007F5343F44013A6F2FF3619460022734B27
:10E19000FEF7F2F864A3D3E90023FEF7A5FA64A31F
:10E1A000D3E90023FEF7EAF8044630460D46FEF7B1
:10E1B00031FA61A3D3E90023FEF796FA02460B4633
:10E1C00020462946FEF7DAF804460D4601F03AFDEE
:10E1D00000220746002320462946FEF7F7FC40B1FF
:10E1E0003846FEF717FA22462B46FEF7E5FC00B943
:10E1F000013F162F53D85A4B03EBC703D3E9002333
:10E20000DDE90C01FEF7E2FC00284AD0013F0023C3
:10E210001293149B9B1B5A1E45BFC3F10103099324
:10E22000002300230A9254BF09930A93002F3ADB7C
:10E230000A9B0F973B440A9300230B93209B092BC7
:10E2400067D8052BC4BF043B2093209BA3F1020396
:10E25000CCBF00240124032B00F28680DFE803F00A
:10E260002B383657DDE914631E4406F23243202B67
:10E27000C1BFC3F140039F4006F2124324FA03F3E7
:10E28000D6BFC3F1200347EA030004FA03F0FEF708
:10E29000B1F90122A1F1F873013E139275E7012350
:10E2A000B6E71290B5E7099BDB1B09937B420B9302
:10E2B00000230F93C2E700230E93219B002B56DC13
:10E2C0000123069399461A4621920CE00123F3E7B5
:10E2D00000230E93219BFB1803F1010906934B4683
:10E2E000012BB8BF0123DBF81C000021042202F13E
:10E2F00014059D423FD94160584600F035FD089015
:10E3000000283BD1174B024640F2AF11CCE6012367
:10E31000DFE70124002320930E944FF0FF33069390
:10E32000994600221223CFE761436F63A787D23F4C
:10E33000B3C8608B288AC63FFB799F501344D33FF4
:10E34000350321084C0321080000F07F3103210828
:10E350002803210805032108040321080000F83FD1
:10E3600048042108A503210801230E93D5E7219B2A
:10E3700006939946B7E701315200B8E7DBF81C3045
:10E38000089A1A60B9F10E0F6FD8002C6DD0002FCB
:10E3900036DDA14B07F00F0203EBC20393ED007BC8
:10E3A000F8058DED107B4FEA271417D59B4BDDE95F
:10E3B0000C01D3E90823FEF7C1FACDE9040104F00A
:10E3C0000F044FF00308954D5CB9DDE91023DDE93A
:10E3D0000401FEF7B3FACDE904012BE04FF0020887
:10E3E000F1E7E10709D5DDE91001D5E90023FEF7E2
:10E3F0007BF9CDE9100108F1010864100835E3E765
:10E4000000F007817C42844B844D04F00F0203EB43
:10E41000C203D3E90023DDE90C01FEF765F9CDE97C
:10E420000401241100234FF00208002C40F0E58085
:10E43000002BD0D1129BDDE90445002B00F04B816D
:10E44000774B002220462946FEF7C0FB002800F04B
:10E450004281B9F1000F00F03E81069B002B00F3D2
:10E46000E380DDE90C34CDE90434159B002B02DB9D
:10E470000E2F40F341820E9A002A40F066820B9CD8
:10E48000DDF824800025B8F1000F0DD00A9B002B89
:10E490000ADD4345099AA8BF4346D21A09920A9A4F
:10E4A000A8EB0308D31A0A930B9B0BB30E9B002B0C
:10E4B00000F0A582002C00F0A08229462246584692
:10E4C00000F00AFE039A01460546584600F05AFD40
:10E4D00003990646584600F087FC0B9B1B1B0B93C9
:10E4E00000F090820B9A3146584600F0F5FD0390FB
:10E4F0000121584600F030FD0F9B0446002B00F030
:10E5000083821A460146584600F0E6FD209B012B07
:10E51000044603DC049B002B00F07B820026236969
:10E5200004EB8303186900F0C7FC0F96C0F12000CC
:10E530000A9B184410F01F0000F09082C0F12003E5
:10E54000042B40F38082099BC0F11C000344099313
:10E550000A9B034480440A93099B002B05DD039921
:10E560001A46584600F012FE03900A9B002B05DD68
:10E5700021461A46584600F009FE0446129B002B1D
:10E5800000F075820398214600F06CFE002880F2AE
:10E590006E82002303990A22584600F047FC0E9B26
:10E5A00003907E1E002B00F05B82002329460A2286
:10E5B000584600F03BFC069B002B054603DC209BE5
:10E5C000022B00F35D82B8F1000F05DD29464246BB
:10E5D000584600F0DBFD05460F9B002B00F0CF8274
:10E5E0006968584600F0C0FB0746002840F07E826C
:10E5F0000C4B024640F2EF2156E5E20706D5D5E97D
:10E600000023FEF771F808F10108012364100835B2
:10E610000BE74FF002080DE7480421082004210809
:10E620000000F03FA50321082046AD4B00222946FB
:10E63000FEF75AF8CDE90401069C7E1E08F1010898
:10E640004046FDF7E7FFDDE90423FEF74DF8A54B53
:10E650000022FDF793FEA1F15073CDE91001119353
:10E66000002C3BD1DDE904019F4B0022FDF784FE25
:10E6700002460B46CDE90423DDE91023FEF7C4FA78
:10E68000002840F05781DDE9102101F10043DDE968
:10E690000401FEF79BFA00283FF4E3AE0024254670
:10E6A000219BDDF820A0DE434FF0000821465846AC
:10E6B00000F09AFB002D00F0A980B8F1000F05D002
:10E6C000A84503D04146584600F08EFB29465846DF
:10E6D00000F08AFB9AE03E464C46B1E7834B03EBE1
:10E6E000C40353E90201089B1C440E9B002B4AD033
:10E6F00002460B4600207E49FEF720F9DDE9102393
:10E70000FDF73AFECDE91001DDF820A0DDE90401B6
:10E7100001F098FA0546FDF77DFF02460B46DDE95C
:10E720000401FDF729FE3035CDE9040102460B4610
:10E730000AF8015BDDE91001FEF766FA002865D1F1
:10E74000DDE904236B490020FDF716FE02460B4667
:10E75000DDE91001FEF758FA002840F00D81A245CE
:10E7600000F0EA80DDE910015D4B0022FDF7BCFFFF
:10E770005B4BCDE910010022DDE90401FDF7B4FF98
:10E78000CDE90401C2E7DDE91023FDF7ADFFCDE9D6
:10E790001001DDF820A0A046DDE9040101F052FAE5
:10E7A0000546FDF737FF02460B46DDE90401FDF79C
:10E7B000E3FD30350AF8015B02460B46A245CDE980
:10E7C00004234FF0000223D1494BDDE91001FDF78E
:10E7D000D5FD02460B46DDE90401FEF715FA0028D7
:10E7E00040F0CA80DDE9102341490020FDF7C4FD57
:10E7F00002460B46DDE90401FEF7E8F970B1C246B6
:10E8000008F1FF381AF8013C302BF8D0374655E0B4
:10E81000334BFDF769FFCDE90401BDE7DDE90C34B9
:10E82000CDE90434159B002BFFF629AE0E2F3FF7E0
:10E8300026AE2E4B03EBC70393ED007B219B002BF1
:10E840008DED067B02DAB9F1000F64D0DDE90445F5
:10E85000DDF820A0DDE9062320462946FEF76EF804
:10E8600001F0F0F90646FDF7D5FEDDE90623FDF7D8
:10E870003BFF02460B462046294606F13004FDF7D1
:10E880007BFD0AF8014B089CAAEB0404A145024653
:10E890000B4640F08280FDF771FDDDE9062304465A
:10E8A0000D46FEF7B1F9002865D1DDE906232046C3
:10E8B0002946FEF781F908B1F3075CD4039958465D
:10E8C00000F092FA00238AF80030229B01371F6083
:10E8D000249B002B3FF41FACC3F800A01BE400BF37
:10E8E0000000244000001C4000001440480421089F
:10E8F0000000E03F0000F03FA24B03EBC70393EDA5
:10E90000007B219B002B8DED067B9FDAB9F1000F78
:10E910009CDC7FF4C3AE9C4B0022DDE90601FDF7D1
:10E92000E3FEDDE90423FEF765F9044600287FF4E1
:10E93000B5AE3E462546B4E0DDE90C34CDE90434FD
:10E94000159B002B01DB0E2FD6DD209A012A36DC29
:10E95000139A82B303F233430B9CDDF82480099AA7
:10E960001A4409920A9A01211A4458460A9200F060
:10E97000F3FA054687E53E4653469A4613F8012DBD
:10E98000392A06D1089A9A42F7D1089930220136DD
:10E990000A701A7801321A7038E77C4B0022FDF7B2
:10E9A000A3FE0022002304460D46FEF705F90028C9
:10E9B0003FF450AF82E7149BC3F13603CCE70B9BC7
:10E9C00009F1FF34A34208DBB9F1000FA3EB040403
:10E9D0000EDBDDF824804B46C1E70B9B0F9A0B94AE
:10E9E000E31A1A44DDF824800F924B460024B6E760
:10E9F000099BA3EB09080023B1E7039E72E50B9A7C
:10EA0000039971E5039673E5209B012B17DC049BAA
:10EA1000ABB9059BC3F313039BB9059B23F00046D9
:10EA2000360D360536B1099B013309930A9B013334
:10EA30000A9301260F9B002B7FF471AD0F960120E6
:10EA400076E50026F6E73FF487AD099A1C331A44B1
:10EA500009920A9A1A4498440A927DE50346F4E71B
:10EA6000069B002B2BDC209B022B09DC27E0B9F155
:10EA7000000F1DDC209B022B1ADDCDF818903E46BE
:10EA8000069B002B7FF40CAE21460522584600F071
:10EA9000CDF901460446039800F0E4FB00287FF717
:10EAA000FFADDDF820A031230AF8013B0136FBE57C
:10EAB0000E9BCDF818903E46002B7FF484AD089F46
:10EAC00003982146FFF752FA00F1300907F8019B3D
:10EAD000089B069AFB1A9A4240F3CB8003990023C5
:10EAE0000A22584600F0A2F90390E9E72A690232A7
:10EAF000920005F10C010C30FFF722FA0122394691
:10EB0000584600F043FB089B089A03F1010A069B54
:10EB100013440A93049B03F00103A8460B93054694
:10EB20000AF1FF33214603980693FFF71FFA414687
:10EB3000099000F13009039800F094FB2A46214621
:10EB40000746584600F0AAFBC268014602B3584681
:10EB500000F04AF9002F3ADA03990122584600F0F2
:10EB600015FB2146039000F07DFB002803DC29D132
:10EB700019F0010F26D0B9F1390F1DD132E0284626
:10EB8000C1E700BF480421080000144000002440F1
:10EB90000E90039800F066FB0E990C90584600F01A
:10EBA00023F90C9A5ABB209B53B90B9B43B9B9F17B
:10EBB000390F17D0002F05DD099B03F1310901E062
:10EBC000002F2ADADDF818A00AF8019B6EE5209BD9
:10EBD0003B4304D1049B03F00103002BBCD0B9F1EB
:10EBE000390F36D1069F392307F8013BBA46013F5A
:10EBF0001AF8013C392B5BD001333B7056E5002FEE
:10EC000006DB209B3B4306D1049B03F0010313B9B1
:10EC1000002AA1DCD6E7002AE1DC0A9B0AF8019C65
:10EC2000534557462FD0039900230A22584600F037
:10EC3000FDF8A84503904FF000034FF00A0241464B
:10EC400058460BD100F0F2F8804605460AF1010A59
:10EC500066E7DDF818A009F10109B5E700F0E6F86C
:10EC60002946804600230A22584600F0DFF8054670
:10EC7000ECE7069B002BC8BF1F46089BD8BF0127A7
:10EC80001F444FF0000803990122584600F07EFA15
:10EC90002146039000F0E6FA0028A7DC02D119F023
:10ECA000010FA3D1BA4617F8013D302BFAD0FDE48D
:10ECB000089BBB429AD1089A312301361370F5E4C0
:10ECC000249B002B7FF422AA014BFFF741BA00BF1F
:10ECD0002803210838B50546002941D051F8043CE5
:10ECE0000C1F002BB8BFE418FEF7DAF91D4A1368B1
:10ECF00033B9636014602846BDE83840FEF7D6B9E2
:10ED0000A34208D9206821188B4201BF19685B68AB
:10ED100009182160EDE71A465B680BB1A342FAD9E6
:10ED200011685018A0420BD120680144501883424A
:10ED30001160E0D118685B68536008441060DAE73E
:10ED400002D90C232B60D6E7206821188B4204BF20
:10ED500019685B68636004BF091821605460CAE7E2
:10ED600038BD00BFBC3A000070B5C66904460D4608
:10ED700076B91020FEF7EAF80246E06120B9184B98
:10ED800018486B2100F01CFEC0E901660660C660F1
:10ED9000E669F36883B1E369DB6853F82500B8B925
:10EDA000012101FA05F6721D9200204600F026FEB0
:10EDB00060B1C0E901560EE021220421204600F096
:10EDC0001DFEE369F060DB68002BE4D1002070BD1C
:10EDD000026843F825200023C0E90333F7E700BFAA
:10EDE00035032108B603210870B5C66905460C46EF
:10EDF00076B91020FEF7AAF80246E86120B9094B5F
:10EE000009488F2100F0DCFDC0E901660660C6609C
:10EE10003CB1EB696268DB6853F82210216043F86B
:10EE2000224070BD35032108B60321082DE9F041C9
:10EE30000D6907460C461E4601F1140C0020DCF853
:10EE4000003099B202FB01611E0C0B0C02FB063371
:10EE500089B2013001EB034185424CF8041B4FEAB3
:10EE60001346ECDC0EB3A368AB4219DC616838468C
:10EE70000131FFF779FF804628B902460C4B0D4857
:10EE8000BA2100F09DFD2269023204F10C019200CA
:10EE90000C30FFF755F821463846FFF7A5FF4446EA
:10EEA00004EB850301355E6125612046BDE8F081F4
:10EEB000A5032108B6032108B0F5803F034636BFFD
:10EEC000030400201020B3F1807F3CBF1B020830F8
:10EED000B3F1805F3CBF1B010430B3F1804F03D31B
:10EEE000002B0ADB013070479B0001D502307047D0
:10EEF0005B0001D50330704720207047036802464D
:10EF000013F007000BD0D90721D4980749BF5B083D
:10EF10009B08012013605CBF13600220704799B208
:10EF200009B91B0C1020D9B209B908301B0A1907FE
:10EF300004BF1B090430990704BF9B080230D9079E
:10EF400003D45B0800F1010003D013607047002078
:10EF5000704720207047000010B50C460121FFF7D4
:10EF600003FF024628B9054B054840F2451100F061
:10EF700027FD01234461036110BD00BFA5032108E3
:10EF8000B60321082DE9F04F14460A6923699A4215
:10EF9000A8BF23460F46A4BF0C461F46D4F810A0B6
:10EFA000D7F81090A36861680AEB0906B34285B0F0
:10EFB000B8BF0131FFF7D8FE30B90246444B45488F
:10EFC0004FF4B17100F0FCFC00F1140505EB86086C
:10EFD0002B460022434521D307F1140104F114020A
:10EFE00002EB8A0201EB89030293131B153B23F00A
:10EFF0000303043304F11507BA4238BF0423019315
:10F00000029B03918B420CD8002E03DD58F8043D7F
:10F01000002B5BD0066105B0BDE8F08F43F8042BF0
:10F02000D8E7B1F800A0BAF1000F24D004F1140E13
:10F03000A9464FF0000C5EF8047BD9F800301FFAA7
:10F0400087FB9BB20AFB0B334FEA174BD9F80070D2
:10F0500063444FEA174C0AFB0BC707EB13479BB2FD
:10F0600043EA0743724549F8043B4FEA174CE2D89C
:10F07000019B45F803C0039BB3F802900431B9F13A
:10F08000000F21D02B6804F1140CAE464FF0000A9B
:10F09000BCF800B0BEF8027009FB0B7757449BB276
:10F0A00043EA07434EF8043B5CF8043B4FEA134A3B
:10F0B000BEF8003009FB0A3303EB174362454FEA01
:10F0C000134AE5D8019FEB51043599E7013E9BE7D0
:10F0D000A5032108B60321082DE9F843154612F0CF
:10F0E000030207460E4607D0254C013A002354F888
:10F0F0002220FFF79BFE0646AD103DD0FC697CB98F
:10F100001020FDF723FF0246F86128B91D4B1E4869
:10F1100040F2B31100F054FCC0E901440460C46043
:10F12000D7F81C80D8F808404CB940F27121384615
:10F13000FFF712FF0023C8F80800044603604FF0F1
:10F140000009EB070AD5314622463846FFF71AFF79
:10F15000314680463846FFF747FE46466D100BD0D5
:10F16000206838B9224621463846FFF70BFF206059
:10F17000C0F800900446E4E73046BDE8F88300BFDD
:10F180001004210835032108B60321082DE9F047B2
:10F190000C464968236903EB6218A3680746914649
:10F1A0004FEA621A08F10106B3420BDB3846FFF75B
:10F1B000DBFD054648B90246284B29484FF4EF715C
:10F1C00000F0FEFB01315B00EEE7002300F11401CB
:10F1D00000F110021846534533DB20692AEAEA7A27
:10F1E00004F1140319F01F0901EB8A0103EB800CF1
:10F1F0002BD0C9F1200E8A460022186800FA09F0C7
:10F2000010434AF8040B53F8042B9C4522FA0EF2E3
:10F21000F3D8ACEB0403153B23F00303043304F1F0
:10F220001500844538BF0423CA500AB108F102060C
:10F23000013E38462E612146FFF7D6FD2846BDE83F
:10F24000F08742F8040F0133C5E7043953F8042B63
:10F2500041F8042F9C45F9D8EAE700BFA50321082F
:10F26000B60321080A6903460069801A30B50ED139
:10F270001433143103EB820401EB820154F8045D72
:10F2800051F8042D954203D005D24FF0FF3030BD28
:10F29000A342F3D3FBE70120F9E700002DE9F74F84
:10F2A00089460646114648461446FFF7DBFF051E11
:10F2B00012D129463046FFF757FD024628B93F4B89
:10F2C00040F237213E4800F07BFB0123C0E90435C2
:10F2D000104603B0BDE8F08FBCBF4B46A146304698
:10F2E000D9F80410BABF1C4601250025FFF73CFDE4
:10F2F000024618B9314B40F24521E3E7D9F81070C6
:10F300002669C56009F1100309F1140504F1140E12
:10F3100000F1140B05EB87080EEB86060193D94626
:10F320004FF0000C019B5EF8040B53F804AF0193FF
:10F330001FFA8AF3194683B2CB1A000C6344C0EB60
:10F340001A4000EB23409BB243EA0043764549F85C
:10F35000043B4FEA204CE5D8331B153B23F0030355
:10F3600015340433A64238BF04231D445B441E46B3
:10F370002C4644450ED308F10301491B21F003013B
:10F38000033DA84538BF00210B4453F8041D91B13B
:10F3900017619DE754F8041BE646080C1CFA81FC33
:10F3A000714400EB2C4089B241EA004146F8041B4D
:10F3B0004FEA204CDDE7013FE7E700BFA503210846
:10F3C000B60321082DE973430121089E9046994612
:10F3D000FFF7CAFC044630B90246244B244840F2E9
:10F3E0000F3100F0EDFAC9F30A55C9F313030DB15B
:10F3F00043F480130193B8F1000324D068460093CE
:10F40000FFF77CFDDDE90012D8B1C0F1200302FA5C
:10F4100003F30B43C24063610192019BA361002B84
:10F420000CBF012202222261ADB1A5F23345054491
:10F430003560C0F13500099B1860204602B0BDE878
:10F4400070836161E9E701A8FFF758FD019B6361E3
:10F4500020300122E7E704EB8203A0F23240306063
:10F460001869FFF729FDC0EB4210E4E7A503210866
:10F47000B60321089368013B002B10B4936008DAAF
:10F480009469A34201DB0A2903D15DF8044BFEF71E
:10F4900002BC1368581C1060197008465DF8044BD4
:10F4A0007047F8B506460F461446D518AC4201D150
:10F4B000002007E014F8011B3A463046FFF7DAFF58
:10F4C000431CF3D1F8BD00002DE9F04F0D469DB06F
:10F4D00014469846064618B1036A0BB9FEF7EAFAD5
:10F4E0006B6ED90705D4AB899A0502D4A86DFEF7D7
:10F4F000D0FCAB891B0701D52B699BB92946304647
:10F50000FEF708FC70B16B6EDC0704D54FF0FF30DE
:10F510001DB0BDE8F08FAB899805F7D4A86DFEF754
:10F52000B9FCF3E70023099320238DF82930CDF8A7
:10F530000C803023DFF8AC818DF82A304FF00109C0
:10F5400023469A4613F8012B0AB1252AF9D1BAEBC2
:10F55000040B0BD05B46224629463046FFF7A1FF3D
:10F56000013000F0A780099A5A4409929AF80030B5
:10F57000002B00F09F8000234FF0FF32CDE90523E0
:10F580000AF1010A049307938DF853301A935446F5
:10F59000052214F8011B5348FEF782FC049AD8B9DF
:10F5A000D10644BF20238DF85330130744BF2B23CB
:10F5B0008DF853309AF800302A2B15D0079A54460C
:10F5C00000204FF00A0C214611F8013B303B092B7B
:10F5D0004BD9B0B1079214E0A0EB080309FA03F38A
:10F5E00013430493A246D2E7039B191D1B680391A2
:10F5F000002BBBBF5B4242F0020207930793B8BFE8
:10F60000049223782E2B0AD163782A2B32D1039BC4
:10F610001A1D1B68039243EAE37302340593DFF873
:10F62000D4A0217803225046FEF73AFC38B1049B5F
:10F63000A0EB0A004022824013430134049314F8E3
:10F64000011B29488DF828100622FEF729FC002806
:10F650003FD0264B1BBB039B073323F00703083324
:10F660000393099B3B4409936AE70CFB02320C4667
:10F670000120A8E700230134059319464FF00A0C36
:10F68000204610F8012B303A092A03D9002BC6D0A6
:10F690000591C4E70CFB012104460123F0E703AB0D
:10F6A00000932A46124B04A93046FDF7A7FD0746F2
:10F6B000781CD6D16B6ED90705D4AB899A0502D4D4
:10F6C000A86DFEF7E7FBAB895B063FF51FAF099816
:10F6D0001EE703AB00932A46054B04A93046FEF70C
:10F6E00031F8E4E7100521081A052108FDD12008AA
:10F6F000A3F4200816052108B1F90C202DE9F041EA
:10F70000170705460C4656D44B68002B02DC0B6CE1
:10F71000002B3DDDE66A002E3AD0002312F4805221
:10F720002F68216A2B6025D0626DA389580705D503
:10F730006368D21A636B0BB1236CD21A216AE66A32
:10F7400000232846B047411C24D00023636023696E
:10F750002360A389DA0400D56065616B2F60B9B1BD
:10F7600004F14403994202D02846FFF7B3FA00237C
:10F7700063630DE001232846B047461C0246D4D1FE
:10F780002B68002BD1D01D2B01D0162B2BD12F6035
:10F7900000202FE02A68B4F90C3042B11D2A01D0B4
:10F7A000162A22D10023636023692360D5E76260B3
:10F7B00022692260CEE70F69002FE9D093070E6817
:10F7C00008BF4B690F6018BF0023A6EB07088B60CA
:10F7D000B8F1000FDCDD216AA66A43463A462846A6
:10F7E000B047002808DCB4F90C3043F04003A38193
:10F7F0004FF0FF30BDE8F0810744A8EB0008E7E7D1
:10F8000038B50B6905460C4613B90025284638BDA6
:10F8100018B1036A0BB9FEF74DF9B4F90C30002B9F
:10F82000F3D0626ED00704D4990502D4A06DFEF720
:10F8300030FB28462146FFF75FFF636EDA07054677
:10F84000E4D4A3899B05E1D4A06DFEF723FBDDE79B
:10F8500070B50C46B1F90E10002996B015461E463B
:10F860000DDAA38913F0800F4FF0000114BF40237D
:10F870004FF48063002031602B6016B070BD6A4683
:10F8800000F07CF80028ECDB019901F47041A1F54F
:10F890000053594259414FF48063EBE78B89F7B528
:10F8A0009D0706460C4607D504F1470323602361F4
:10F8B0000123636103B0F0BD01AB6A46FFF7C8FFE7
:10F8C000009F054639463046FDF772FB48B9B4F94A
:10F8D0000C309A05EED423F0030343F00203A38116
:10F8E000E2E7A389206043F08003A381019BC4E980
:10F8F00004075BB1B4F90E10304600F051F828B19E
:10F90000A38923F0030343F00103A381A3891D43CB
:10F91000A581CFE770B50D461446064618B1036AB7
:10F920000BB9FEF7C7F8636ED80705D4A38999050C
:10F9300002D4A06DFEF7ADFAA368013B002BA360D3
:10F9400005DAA269934212DBEBB20A2B0FD02368CF
:10F950005A1C22601D70EDB2636EDA0705D4A389CC
:10F960009B0502D4A06DFEF795FA284670BD294686
:10F9700022463046FEF78FF90546EDE738B5074DCC
:10F9800000230446084611462B60F4F74EFD431C45
:10F9900002D12B6803B1236038BD00BFFC3B0000DF
:10F9A00038B5064D0023044608462B60F4F742FDA7
:10F9B000431C02D12B6803B1236038BDFC3B00001F
:10F9C0001FB514461A46094B1B680546D86854B93A
:10F9D000074B1C46CDE9013400912B46054900F048
:10F9E00041F800F051F8044BF4E700BF2403000095
:10F9F0003E022108380521082B05210870B5A1FB1E
:10FA000002543CB92946FDF7D3FA064628B9002628
:10FA1000304670BD0C220260F9E72A462146FEF707
:10FA2000CFF9F5E782B001B901A942B14BB1137822
:10FA30000B601278101E18BF012002B070471046EC
:10FA4000FBE76FF00100F8E70346084641B1FF2AE3
:10FA500004D98A221A604FF0FF3070470A700120E3
:10FA6000704700000EB403B5014603AB054853F8D8
:10FA7000042B00680193FFF727FD02B05DF804EB4B
:10FA800003B070472403000008B5062000F02CF8EE
:10FA90000120F4F79FFC1F2938B505460C4604D910
:10FAA000162303604FF0FF3038BDC26B12B152F81D
:10FAB00021304BB9284600F031F82246014628464D
:10FAC000BDE8384000F018B8012B0AD0591C03D10A
:10FAD000162303600120E7E7002142F824102046A6
:10FAE00098470020E0E70000024B01461868FFF746
:10FAF000D2BF00BF2403000038B5074D00230446E1
:10FB0000084611462B60F4F75DFC431C02D12B68BC
:10FB100003B1236038BD00BFFC3B0000F4F750BCCC
:10FB2000C1F30A5C2DE9F041ACF2FF35132D02461A
:10FB30000B460C46064634DC002D20DBDFF8D48073
:10FB400048FA05F801EA080C5CEA000C0F462DD0D3
:10FB50002DA3D3E90023FCF711FC00220023FDF7BD
:10FB600053F840B1002C03DD4FF480132B411F44A8
:10FB700027EA0804002621463046BDE8F08122A38A
:10FB8000D3E90023FCF7FAFB00220023FDF73CF841
:10FB90000028F0D0002C33DB344300D01C4C00266E
:10FBA000E9E7332D06DDB5F5806F26D010461946FE
:10FBB000BDE8F081ACF2134C4FF0FF3727FA0CF799
:10FBC0003842F3D010A3D3E90023FCF7D7FB00227F
:10FBD0000023FDF719F80028CDD0002C334609DDAD
:10FBE000142D06D0C5F134050122AA4013449E42CB
:10FBF00000D9013423EA0706BDE7FCF7BFFBD7E7CE
:10FC000000264FF00044B6E79C7500883CE4377E40
:10FC10000000F03FFFFF0F004FEA410C7FEA6C5CF1
:10FC200002D150EA013C0AD14FEA430C7FEA6C5CF6
:10FC300002D152EA033C02D14FF0000070474FF06E
:10FC4000010070474FEA410212F5001215D211D59A
:10FC50006FF47873B3EB625212D94FEAC12343F0C9
:10FC6000004343EA505311F0004F23FA02F018BF4B
:10FC7000404270474FF00000704750EA013005D114
:10FC800011F0004008BF6FF0004070474FF00000D7
:10FC9000704700BF044A05491368002B08BF0B4694
:10FCA0001844106018467047043C0000086C0000BF
:10FCB000F8B500BFF8BC08BC9E467047F8B500BF59
:10FCC000F8BC08BC9E4670475FF800F0FD0F0000CE
:10FCD0005FF800F0890900005FF800F0E509000016
:10FCE0005FF800F0A50C00005FF800F0FD0E0000CA
:10FCF0005FF800F0850A00005FF800F02D0D0000AD
:10FD00005FF800F0DD0E00005FF800F0610D00000C
:10FD10005FF800F09D0D00005FF800F01909000089
:10FD20005FF800F0BD0B00005FF800F01D0E000052
:10FD30005FF800F0991000005FF800F0350E000049
:10FD40005FF800F0C50E00005FF800F0D10E000073
:10FD50005FF800F0910A00005FF800F0790F0000F2
:10FD60005FF800F0750A000048656C6C6F20576FF3
:10FD7000726C64210D004661696C656420746F20AB
:10FD80006372656174652053504920525820736531
:10FD90006D6170686F72650D005350495F52580075
:10FDA0000D0A204D345F4750494F5F50494E207433
:10FDB00065737420737461727473200D00676574C9
:10FDC0005F70696E5F6F7574707574203D20256477
:10FDD0000A004750494F20746F67676C650D0053E8
:10FDE0005049207472616E7366657220646F6E652F
:10FDF0000D0049535220696E204D4F44455F5245D6
:10FE000043454956450D0049535220696E204D4FD8
:10FE100044455F53454E440D00496E697469616CF9
:10FE200069617A652053504920534C4156452066FC
:10FE3000726F6D205353490D00496E6974204661FD
:10FE4000696C65640053657420436F6E6669672052
:10FE50004661696C65640D5C6E00524543454956C8
:10FE600045204661696C656420256C640D0A004478
:10FE700061746120726563656976656420697320C9
:10FE80002530780D0A0072656163686564207278B8
:10FE90005F68616E646C65720D004C454E47544856
:10FEA0002072656365697665640D0046756E6374DE
:10FEB000696F6E20666F722068616E646C696E6730
:10FEC00020524543454956450D0046756E63746999
:10FED0006F6E20666F722068616E646C696E672059
:10FEE00053454E440D00020500000C020400494435
:10FEF0004C4500546D725100546D7220537663006E
:10FF00006147200881472008B94A20082D4A200867
:10FF1000014A2008BD49200839492008B548200871
:10FF200051482008FD4720089D47200861472008C8
:10FF300081472008814A20081D4A2008F5492008E9
:10FF4000914920080D492008894820084548200883
:10FF5000A9472008914720086147200881472008C9
:10FF6000494A20080D4A2008E94920086549200827
:10FF7000E14820085D48200839482008C14720088A
:10FF80008547200800080424D0FF2008CCFF200863
:10FF9000C8FF2008C4FF2008000000000000000087
:10FFA0000000000010000000000000000000000041
:10FFB000182C0000FC2B00000300000003000000D0
:10FFC00000000000000A010000080100000201001A
:10FFD0000001010000000145200021081C0021084B
:10FFE0001800210814002108000000000000000093
:10FFF000000000002C0000000000000000000000D5
:020000040821D1
:10000000402C0000242C000002000000030400002B
:100010000000000000190800001A0800001C080079
:10002000001B080000000244700021086C00210839
:1000300068002108640021080000000000000000A2
:10004000000000002F000000000000000000000081
:10005000682C00004C2C000001000000030400008C
:10006000000000000009030400080303000C03075C
:10007000000B030600020002C94B2008E94B2008D0
:100080007D4D2008614D2008494D2008014D200874
:10009000B94C2008654C2008594C20084D4C2008CC
:1000A000194C20080D4C2008014C2008F54B200865
:1000B000000A08000001030000090300000B030010
:1000C000000A0605000B06060006060100070602E8
:1000D000002F020B0030020C00090204000602018E
:1000E000001D0200001E02000008020302020A02B4
:1000F000633A5C75736572735C666C6F72696E2EC1
:100100006D6F74615C73696D706C69636974797328
:10011000747564696F5C73646B735C73696D706C28
:1001200069636974795F73646B5C657874656E7319
:10013000696F6E5C77697365636F6E6E6563745C1F
:10014000636F6D706F6E656E74735C646576696302
:10015000655C73696C6162735C73693931785C6D7D
:1001600063755C647269766572735C756E696669E5
:1001700065645F7065726970686572616C5F6472F6
:1001800069766572735C696E635C736C5F73693901
:1001900031785F7065726970686572616C5F6770F5
:1001A000696F2E6800161718191A1B1C1D1E1F20B8
:1001B0002100000000000001020304050607000002
:1001C00008000000000000000000191A1B1C1D1E82
:1001D0000909090900000000000000000000000AF1
:1001E0000B0C0D0E0F10111213141500000000005F
:1001F00000161718191A1B1C1D1E1F202134353616
:100200003738393A3B3435363738393A3B212828A4
:10021000262401210F0704010041737365727420C5
:100220006661696C65643A2066696C652025732097
:100230006F6E206C696E6520256C75200D0A004379
:100240003A2F55736572732F666C6F72696E2E6DDF
:100250006F74612F53696D706C696369747953743D
:100260007564696F2F53444B732F73696D706C699C
:10027000636974795F73646B2F657874656E7369F5
:100280006F6E2F77697365636F6E6E6563742F632E
:100290006F6D706F6E656E74732F646576696365DC
:1002A0002F73696C6162732F73693931782F6D63B5
:1002B000752F647269766572732F756E69666965EC
:1002C000645F7065726970686572616C5F647269A1
:1002D000766572732F7372632F736C5F7369393134
:1002E000785F7065726970686572616C5F6770696C
:1002F0006F2E6300494E4600696E66004E414E0007
:100300006E616E0030003031323334353637383973
:100310004142434445460030313233343536373874
:100320003961626364656600496E66696E697479F5
:10033000004E614E005245454E54206D616C6C6F0D
:100340006320737563636565646564002F6461741D
:10035000612F6A656E6B696E732F776F726B737046
:100360006163652F474E552D746F6F6C63686169CB
:100370006E2F61726D2D31322F7372632F6E657720
:100380006C69622D63796777696E2F6E65776C692A
:10039000622F6C6962632F7374646C69622F64747A
:1003A0006F612E630042616C6C6F632073756363D1
:1003B0006565646564002F646174612F6A656E6BA6
:1003C000696E732F776F726B73706163652F474E21
:1003D000552D746F6F6C636861696E2F61726D2D3E
:1003E00031322F7372632F6E65776C69622D63797A
:1003F0006777696E2F6E65776C69622F6C696263CF
:100400002F7374646C69622F6D707265632E630064
:1004100005000000190000007D0000000000000041
:100420000080E03779C34143176E05B5B5B89346F0
:10043000F5F93FE9034F384D321D30F94877825ABC
:100440003CBF737FDD4F1575000000000000F03FDA
:10045000000000000000244000000000000059409F
:100460000000000000408F40000000000088C340F2
:1004700000000000006AF8400000000080842E4167
:1004800000000000D01263410000000084D79741B3
:100490000000000065CDCD41000000205FA00242B9
:1004A000000000E876483742000000A2941A6D422E
:1004B000000040E59C30A2420000901EC4BCD64221
:1004C00000003426F56B0C430080E03779C34143CC
:1004D00000A0D8855734764300C84E676DC1AB4342
:1004E000003D9160E458E143408CB5781DAF154460
:1004F00050EFE2D6E41A4B4492D54D06CFF080443B
:10050000F64AE1C7022DB544B49DD9794378EA444F
:10051000232D302B2000686C4C00656667454647EC
:10052000004300504F534958002E002C2066756E32
:100530006374696F6E3A2000617373657274696FDA
:100540006E2022257322206661696C65643A2066FC
:10055000696C6520222573222C206C696E6520252C
:1005600064257325730A00002020202020202020ED
:100570002028282828282020202020202020202053
:100580002020202020202020881010101010101073
:1005900010101010101010100404040404040404BB
:1005A000040410101010101010414141414141014C
:1005B000010101010101010101010101010101012B
:1005C000010101101010101010424242424242023A
:1005D00002020202020202020202020202020202FB
:1005E00002020210101010200000000000000000A5
:1005F00000000000000000000000000000000000FB
:1006000000000000000000000000000000000000EA
:1006100000000000000000000000000000000000DA
:1006200000000000000000000000000000000000CA
:1006300000000000000000000000000000000000BA
:1006400000000000000000000000000000000000AA
:10065000000000000000000000000000000000009A
:08066000000000000000000092
:100668007F490278D1F80035F0B502F001024478EC
:10067800877CC57CDFF8E8E123F4802343EA8243E2
:10068800C1F80035427F017804F001039B0012F0A5
:100698000F0643EA91134FEAC3431FBFC7F3021C77
:1006A80043EA8C2305F0030C4FEA4C0C1CBF4CEAC0
:1006B800D71C43EACC13DEF89CC42CF4601C08BF9A
:1006C80043F410632CF4FC5C43EA0C0CCEF89CC495
:1006D800DFF8A0C1ACF80030C3F3C21CC3F3822317
:1006E800042B98BF0133BCF1000F00F0B080BCF1BF
:1006F800010F00F0AF80ACF1020EBEF1020F01D87D
:100708000CF1010C9B0243EACC13DFF86CC1ACF886
:100718000030534BD3F8ACC4C1F344012CF01F0C88
:1007280041EA0C01C3F8AC14D3F8101421F4FE1CF0
:10073800817801F00301490141EAD4014CEA813191
:10074800C3F81014D3F80414847821F4FC11A40815
:1007580041EAC431C3F80414D3F80814447C07F000
:100768000F077F0047EAD41721F4F81141EA07413F
:10077800C3F80814D3F80C1484793A4F640821F4A8
:10078800FE1141EA8431C3F80C14D3F83814C47943
:1007980021F4F03104F00F0441EA4431C3F838146D
:1007A800D3F81414047A21F4FE1104F07F0441EA0A
:1007B8008431C3F81414C37A847AD7F808155B0017
:1007C80043EAD413047B21F47F7104F0010421F07F
:1007D800030143EA44230B432349C7F80835234C54
:1007E800D1F834740123C1F83434D4F8103A23F022
:1007F8000F0343EA1513C4F8103AC1F8347466B30A
:1008080002F00F0252041A4990F82440D1F84037F8
:1008180023F4F0131A43C1F84027D1F87C27837FCB
:1008280022F00F02C3F383031343C1F87C3790F817
:100838002530D1F8482703F007035B0022F4F03293
:1008480043EAD41342EA4333C1F84837F0BD4FF0C6
:10085800020C57E74FF0000C54E74FF4C012D2E7F0
:1008680000A005240080042400100424003004247F
:0C08780000800524782B0000762B000087
:0808840008C4FF7F0100000021
:10088C000102000037000000AAAAAAAAA5000000D5
:10089C00008007240A000000001C0624000003440A
:1008AC002100000000FC02000906000000180424CE
:1008BC000C0000000000000000000000DC30000014
:1008CC0000000000BC002108B8002108B400210879
:1008DC00B000210800000000000000000000000033
:1008EC00000000000000000000000000891F000054
:1008FC00000002452700000000000000000000007E
:10090C000C31000000000000CC002108C8002108B8
:10091C00C4002108C00021080000000000000000F5
:10092C0000000000010000000000000000000000BA
:10093C009FFF1F0000000044260000000000000084
:10094C00000000003C310000E8002108E400210810
:10095C00E0002108D8002108DC002108D40021087F
:10096C00D000210800000000010000000000000081
:10097C000000000000010203040506070001020349
:10098C00040506070100010400010000000001003D
:10099C000100020300010000000001010000000042
:1009AC00000000000000000000000000000000003B
:1009BC0000000000000000000000000028230000E0
:1009CC00000000000000000000000000000000001B
:1009DC00000000000000000000000000000000000B
:1009EC0000000000000000000000000000000000FB
:1009FC0000000000000000000000000000000000EB
:100A0C0000000000000000000000000000000000DA
:100A1C0000000000000000000000000000000000CA
:100A2C0000000000000000000000000000000000BA
:100A3C0000000000000000000000000000000000AA
:100A4C00000000000000000000000000000000009A
:100A5C00000000000000000000000000000000008A
:100A6C00000000000000000000000000000000007A
:100A7C00000000000000000000000000000000006A
:100A8C00000000000000000000000000000000005A
:100A9C000000000000000000000000000100000049
:100AAC00000000000000000000000000000000003A
:100ABC00000000000000000000000000000000002A
:100ACC00000000000000000000000000000000001A
:100ADC00000000000000000000000000000000000A
:100AEC0000000000000000000000000000000000FA
:100AFC0000000000000000000000000000000000EA
:100B0C0000000000000000000000000000000000D9
:100B1C0000000000000000000000000000000000C9
:100B2C0000000000000000000000000000000000B9
:100B3C0000000000000000000000000001010000A7
:100B4C0000FC0200001C0624642D0000742C000024
:100B5C002C00000020000000C839000050390000B3
:100B6C00080000000200000000000000000000006F
:100B7C000000000008000000010000000000000060
:100B8C0080969800000000000000000003000000A8
:100B9C00C03A00002803000000000000C03A00002A
:100BAC00283B0000903B000000000000000000000B
:100BBC000000000000000000000000000000000029
:100BCC000000000000000000000000000000000019
:100BDC000000000000000000000000000000000009
:100BEC0000000000430000000000000000000000B6
:100BFC0000000000000000000000000000000000E9
:100C0C000000000043000000000000000000000095
:100C1C0000000000000000000000000000000000C8
:100C2C000000000043000000000000000000000075
:100C3C0000000000000000000000000000000000A8
:100C4C000000000043000000000000000000000055
:100C5C000000000000000000000000000000000088
:100C6C000000000043000000000000000000000035
:100C7C000000000000000000000000000000000068
:100C8C000000000043000000000000000000000015
:100C9C000000000000000000000000000000000048
:100CAC0000000000430000000000000000000000F5
:100CBC000000000000000000000000000000000028
:100CCC000000000049FA200825FA20080000000066
:100CDC0067052108290521083E0221083E0221084A
:100CEC003E0221083E0221083E0221083E02210854
:100CFC003E0221083E0221083E022108FFFFFFFFB1
:100D0C00FFFFFFFFFFFFFFFFFFFF0000010041534C
:100D1C0043494900000000000000000000000000F2
:100D2C000000000000000000000000000000415323
:100D3C0043494900000000000000000000000000D2
:100D4C000000000000000000000000000000000097
:100D5C0038B5234B0222C3F88420BFF34F8FBFF367
:100D6C006F8F204BD3F80028D30735D401231946B5
:100D7C00202B01D11C4606E001FA03F4144203F1C6
:100D8C00010027D0DCB2184B03EB04139A68C2F3B2
:100D9C008162032A22D09B689B0F032B1ED0134B1E
:100DAC00142202FB0433D3E90253ED1A18BF0125B8
:100DBC000F4B0E4ADB680C49DB690E4898472DB186
:100DCC00084A01235169A3400B435361044B02228F
:100DDC005A6038BD0346CBE70024D4E70025E7E78B
:100DEC0000E100E00000034400FC0200642D000060
:100DFC00000130002C00000038B5244B4FF4806209
:100E0C00C3F88020BFF34F8FBFF36F8F204BD3F805
:100E1C000028D30736D4012319460C2B01D11C46CC
:100E2C0006E001FA03F4144203F1010028D0DCB20D
:100E3C00184B03EB04139A68C2F38162032A23D084
:100E4C009B689B0F032B1FD0134B142202FB043304
:100E5C00D3E90253ED1A18BF0125104B0E4ADB687B
:100E6C000C49DB690E4898472DB1094A0123516999
:100E7C00A3400B435361054B4FF480621A6038BD9D
:100E8C000346CAE70024D3E70025E6E700E100E0CB
:100E9C0000800724001C0624742C00000001300084
:100EAC00200000002DE9F041044600F051FD304BCC
:100EBC00304E1A68304F01321A603568002D4BD114
:100ECC0034601B68012B1FD1B8464046013500F039
:100EDC0043FD382D08F11408F7D1DFF8C480274DF5
:100EEC00404600F039FD284600F036FD244800F05D
:100EFC0033FD244800F030FD234800F02DFD234B3A
:100F0C00C3F80080224B1D60224A13680133136022
:100F1C00214AA3641168E36A14208B4200FB03701E
:100F2C0004F1040188BF136000F01AFD00F0F8FC16
:100F3C001A4B1B6873B13368DA6AE36A9A4209D2B6
:100F4C004FF0E0234FF08052C3F8042DBFF34F8FC6
:100F5C00BFF36F8FBDE8F081104B1A68E36A002A6B
:100F6C00D2D13268D26A9A4298BF3460CCE700BFC3
:100F7C00B8250000902A000030260000082600004A
:100F8C00EC250000D8250000C02500000426000038
:100F9C00002600009C250000B0250000AC250000B8
:100FAC001C260000F8B5174B174D1C682B6806461D
:100FBC002868002283F8722004300F4600F0E0FC11
:100FCC00731C07D137B129681048BDE8F8400431CB
:100FDC0000F0C6BC2B68A4195C6007D30C4B1868D6
:100FEC002968BDE8F840043100F0CEBC094B186804
:100FFC002968043100F0C8FC074B1A68A24288BF6C
:10100C001C60F8BDB4250000902A0000C02500002B
:10101C00002600000426000098250000064A1368EC
:10102C001968064B19B94FF0FF321A6070471268F5
:10103C00D2681268F9E700BF04260000982500006A
:10104C0010B590F8713004463BB9006B00F090FC81
:10105C002046BDE8104000F08BBC012BF9D0022BD0
:10106C0008D04FF0140383F31188BFF36F8FBFF3D5
:10107C004F8FFEE710BD000080B5134C134F144D7D
:10108C00236873B9134B1B68012BF8D94FF0E0237D
:10109C004FF08052C3F8042DBFF34F8FBFF36F8F07
:1010AC00EDE700F055FCFB68DE68301D00F068FCD5
:1010BC002B68013B2B602368013B236000F030FC64
:1010CC003046FFF7BDFFDBE7D4250000D825000034
:1010DC00B8250000302600002DE9F047DDE9098431
:1010EC004FEA82094A4606460D46206BA5211F464B
:1010FC0000F01AFC236BA9F104094B4423F00709F7
:10110C00C4F84490002D3CD06B1E04F133020E3514
:10111C0013F8011F02F8011F09B1AB42F8D10023EB
:10112C0084F84230089D372D28BF37254FF0000A30
:10113C00E5622565201DC4F854A000F0FDFBC5F147
:10114C00380504F1180000F0F7FB14225146246115
:10115C00A561646204F1580000F0E6FBC4F86CA0D1
:10116C0084F870A084F872A03A463146484600F0E4
:10117C0003FC2060B8F1000F01D0C8F80040BDE8B6
:10118C00F08784F83450CDE770B586B0DDE90B54A8
:10119C0045B94FF0140383F31188BFF36F8FBFF37E
:1011AC004F8FFEE744B94FF0140383F31188BFF35C
:1011BC006F8FBFF34F8FFEE778260596059E782E2E
:1011CC0008D04FF0140383F31188BFF36F8FBFF374
:1011DC004F8FFEE72563022584F8715004AD01950D
:1011EC000A9D02940095059EFFF776FF2046FFF7B7
:1011FC0059FE049806B070BD2DE9F043074685B042
:10120C00900088461646994600F0AEFB054620B97C
:10121C004FF0FF3005B0BDE8F083782000F0A4FB60
:10122C00044698B1002380F871300D9B056301933F
:10123C000C9B0290009332464B4641463846FFF7D2
:10124C004BFF2046FFF72EFE0120E3E7284600F077
:10125C008FFBDDE710B588B0002407AA06A905A806
:10126C00CDE9054400F064FB059B0293069B079AAD
:10127C0016491748CDE900432346FFF785FFA8B16F
:10128C0000F05EFB012815D14FF0140383F3118895
:10129C00BFF36F8FBFF34F8F0E4B4FF0FF321A60BF
:1012AC000D4B18600D4B1C6000F04EFB0C4B1B687B
:1012BC0008B010BD0130F9D14FF0140383F311883D
:1012CC00BFF36F8FBFF34F8FFEE700BFEEFE20081A
:1012DC000908000098250000AC250000B42500008A
:1012EC0014000000024A136801331360704700BFFA
:1012FC0094250000014B1868704700BFB42500000E
:10130C003F4B1B682DE9F74F002B72D13D4B1C68EE
:10131C0001341C60BCB93C4B1A68126842B14FF0E6
:10132C00140383F31188BFF36F8FBFF34F8FFEE766
:10133C00364A1968106818601160354A1368013311
:10134C001360FFF76BFE334D334E2B68334F9C42CB
:10135C004FF0000B12D23A68D26A14214A43B258A9
:10136C00022A2F4A126828BF4FF0010B002A18BF1F
:10137C004FF0010B584603B0BDE8F08FDFF88890B2
:10138C00DFF8A4A0D9F8002012681AB94FF0FF3288
:10139C002A60E0E7D9F80020D268D2F80C80D8F89F
:1013AC0004108C4201D22960D5E708F104031846D9
:1013BC00019300F0E5FAD8F8281019B108F11800DB
:1013CC0000F0DEFAD8F82C00DAF80010142388426A
:1013DC0088BFCAF80000019903FB006000F0C0FA56
:1013EC003868D8F82C10C26A914228BF4FF0010B14
:1013FC00C8E70C4A1368013313604FF0000BB9E7D0
:10140C0094250000B42500000426000000260000EE
:10141C00A02500009825000030260000902A00002E
:10142C00A4250000A8250000B02500002DE9F041FE
:10143C00304C236843B94FF0140383F31188BFF386
:10144C006F8FBFF34F8FFEE700F082FA2368013BEA
:10145C00236024682CB1002400F062FA2046BDE819
:10146C00F081254B1B68002BF5D0244D244EDFF862
:10147C00A0801DE0EB68DC68271D04F1180000F06B
:10148C007FFA384600F07CFAE36A32681420934203
:10149C0000FB0380394688BF336000F061FA194BBA
:1014AC00E26A1B68DB6A9A4202D3174B01221A606C
:1014BC002B68002BDED10CB1FFF7B0FD134D2C685F
:1014CC0044B1114E0127FFF71BFF00B13760013CFF
:1014DC00F9D12C600C4B1B68002BBCD04FF0E023D7
:1014EC004FF08052C3F8042DBFF34F8FBFF36F8FB3
:1014FC000124B1E794250000B8250000EC2500007C
:10150C00B0250000902A0000A4250000A8250000AA
:10151C00302600001B4B1A681B4BF0B512B1012290
:10152C001A60F0BD19481A60194E0368194F3268D9
:10153C005A6719493A684FF0140C0CFB02F3CC189B
:10154C00CD589DB1656808336D6865600B449D424C
:10155C0004BF6B686360142303FB02114B68DB68E8
:10156C0003603A6003685B6F3360DAE742B94FF0AF
:10157C00140383F31188BFF36F8FBFF34F8FFEE714
:10158C00013ADAE794250000A4250000902A000017
:10159C00BC250000B02500003026000010B50C461C
:1015AC0040B94FF0140383F31188BFF36F8FBFF36F
:1015BC004F8FFEE7054B1968183100F0E5F920460E
:1015CC000121BDE81040FFF7EDBC00BF902A0000E0
:1015DC0038B50D46144640B94FF0140383F3118807
:1015EC00BFF36F8FBFF34F8FFEE7074B19681831AE
:1015FC0000F0B6F9002C21460CBF28464FF0FF3006
:10160C00BDE83840FFF7CEBC902A000038B5C3685F
:10161C00DC6844B94FF0140383F31188BFF36F8F68
:10162C00BFF34F8FFEE704F11805284600F0A8F928
:10163C00104B1B68DBB9251D284600F0A1F90E4A9A
:10164C00E36A11688B4288BF13600C4A1420294648
:10165C0000FB032000F084F9094BE26A1B68DB6A8B
:10166C009A4283BF074B01201860002038BD064802
:10167C002946EFE794250000B02500003026000035
:10168C00902A0000A4250000EC250000034B1B68E9
:10169C000360034B1B684360704700BFA02500002C
:1016AC00B425000070B50D46044640B94FF0140344
:1016BC0083F31188BFF36F8FBFF34F8FFEE741B9F0
:1016CC004FF0140383F31188BFF36F8FBFF34F8F69
:1016DC00FEE700F03DF9144B62681968134B18686B
:1016EC0090F8720040B11B68002283F8722001242C
:1016FC0000F016F9204670BD2B68581C12D00C480F
:10170C0026680068864204D08A4202D800232B60E7
:10171C00EDE7881A8342F9D95B1A13442B602046F3
:10172C00FFF7B4FF0024E3E7B4250000902A000083
:10173C00A0250000014B01221A607047A42500006F
:10174C00014B1868704700BF902A0000054B1B68BE
:10175C0033B1054B1868B0FA80F04009400070476F
:10176C0001207047AC25000094250000F8B5044614
:10177C0038B31A4DC36A2A68D26A934226D2826958
:10178C00174E002AA1BF2A68D26AC2F138028261C0
:10179C00142202FB036342699A4213D1071D384697
:1017AC0000F0EEF82B680F4ADB6A1168E362142034
:1017BC008B4200FB0360394688BF136000F0D0F801
:1017CC000120F8BD2B68DB6AC362F9E72B68006D5A
:1017DC00DB6A98422CBF00200120F2E7902A00001F
:1017EC0030260000B025000038B508B9002038BDFF
:1017FC001B4B1C68844208D04FF0140383F31188F0
:10180C00BFF36F8FBFF34F8FFEE7636D43B94FF09C
:10181C00140383F31188BFF36F8FBFF34F8FFEE771
:10182C00E16A226D013B91426365DFD0002BDDD173
:10183C00251D284600F0A4F8236DE362C3F138029D
:10184C00A261084A11688B4288BF1360064A1420B3
:10185C0000FB0320294600F083F80120C7E700BFF6
:10186C00902A0000B02500003026000070B5044618
:10187C00002841D0426D42B94FF0140383F3118814
:10188C00BFF36F8FBFF34F8FFEE7036D994238BFE5
:10189C001946C36A8B422FD0012A2DD1174A1268E0
:1018AC00824208D14FF0140383F31188BFF36F8F7A
:1018BC00BFF34F8FFEE78269114DC162002A4FF0D2
:1018CC00140202FB03534269A4BFC1F138018161C8
:1018DC009A4211D1061D304600F052F8094AE36ACB
:1018EC00116814208B4200FB03503146BDE8704058
:1018FC0088BF136000F034B870BD00BF902A0000A0
:10190C0030260000B0250000044B1A681AB1196883
:10191C004A6D01324A651868704700BF902A000072
:10192C005FF800F0A53A20085FF800F0C1DD200850
:10193C005FF800F0592B20085FF800F09F2B20086F
:10194C005FF800F06D3620085FF800F0853B20084A
:10195C005FF800F0653A20085FF800F0892B20084A
:10196C005FF800F0A52B20085FF800F0ED3C200894
:10197C005FF800F0053D20085FF800F0153A2008EC
:10198C005FF800F0E92B20085FF800F0BB2B200873
:10199C000100000004A40524000000420100000026
:1019AC00ACA405240000402901000000ACA40524CF
:1019BC00010040290100000004A505240000C020FE
:1019CC0001000000C4A405241F0000200100000039
:1019DC009CA405240100C049010000009CA405241E
:1019EC000000806201000000A4A40524000080A473
:1019FC0001000000A4A40524000080A40100000044
:101A0C009CA405240100C049010000009CA40524ED
:101A1C00000080620100000048870524000040831C
:101A2C00010000007C870524000000180100000064
:101A3C00408705240C0040A401000000CCA4052420
:101A4C000080007801000000C8A405246400005840
:101A5C0001000000C4A405240080007801000000EF
:101A6C00C0A405246400005801000000E0A4052473
:101A7C00D903005001000000DCA40524BF04005869
:101A8C0001000000D8A405240E010048010000004C
:101A9C0038A40524000000280100000014A405242B
:101AAC00270080A30100000038A405240300408314
:101ABC000100000038A4052403004083030000004B
:101ACC000CA405245A0080A30CA405240200401089
:101ADC000CA4052400000000030000000CA4052445
:101AEC005A0080A30CA40524030040100CA4052468
:101AFC0000000000030000000CA405245A0080A381
:101B0C000CA40524000040100CA4052400000000C7
:101B1C000100000008A40524150000A40100000029
:101B2C0008A40524070000A40100000004A4052457
:101B3C002000C0A30100000010A40524380080A3DD
:101B4C000100000010A405245A0080A3010000002D
:101B5C0000A505240000805A020000009CA4052466
:101B6C000300C0ACACA40524100000200100000050
:101B7C0000A505240300809C01000000D4A40524CA
:101B8C000100007801000000D0A40524F2000080C0
:101B9C000100000058870524030080590100000053
:101BAC00588705240C0000280100000040870524FC
:101BBC000C0040A40100000000A405240000000853
:101BCC000100000000A40524560583A001000000BC
:101BDC0038A40524070040A40100000038A4052403
:101BEC000F0040A40100000038A40524070040A405
:101BFC000100000038A405240F0040A401000000DF
:101C0C009CA4052400000021010000009CA40524D4
:101C1C0001000021010000009CA405240000C01854
:101C2C00010000009CA405240100C0180200000063
:101C3C0094A405240100009494A40524020000AD92
:101C4C00010000009CA4052400000010010000000D
:101C5C0000A505240300809C0100000000A50524BC
:101C6C000000809C02000000A4A40524000080A4B5
:101C7C00A4A405240000008402000000A4A40524F0
:101C8C00000080A4A4A4052401000084010000002D
:101C9C00A4A40524010080A401000000A4A4052430
:101CAC00020080A40300000098A40524F80040A3BF
:101CBC00A0A4052410008051A0A40524010040AD6F
:101CCC0001000000A0A40524000040AD02000000AB
:101CDC009CA405240000C049A0A40524000040AD2C
:101CEC0005000000A0A40524000040AD9CA4052420
:101CFC000200806298A40524F80040A3A0A4052447
:101D0C0010008051A0A40524010040AD0200000089
:101D1C0098A40524F00040A3A0A40524010040AD24
:101D2C00020000009CA405240200C049A0A40524C4
:101D3C00000040AD0200000098A405242F003EA82E
:101D4C00A0A40524200020A802000000548705242C
:101D5C000100C03958870524010000210100000052
:101D6C005887052401008052030000006087052479
:101D7C00030080AC748705240600409C74870524FE
:101D8C000400405A0200000060870524030080AC68
:101D9C0070870524010040AD010000007887052400
:101DAC0009000018010000007887052408000018BD
:101DBC000500000074870524DA2422A8488705242E
:101DCC0000004083408705240C0040837087052465
:101DDC000C00007B70870524040000100600000036
:101DEC007487052403008041488705240000408344
:101DFC004087052403004083708705240200007B84
:101E0C00708705240700001074870524020000ADBC
:101E1C000100000040870524090040A401000000D7
:101E2C00408705240C0040A40200000054870524C0
:101E3C0000000021448705240000408C02000000B3
:101E4C005487052401000021448705240100408C9F
:101E5C0013000000408705240C0040A44087052493
:101E6C00BF000060488705242600006048870524D1
:101E7C00030040944C8705242003007068870524D8
:101E8C000300C020448705240100C09C6087052402
:101E9C0001008010788705240700404158870524ED
:101EAC00CC000058748705249A2412A87487052442
:101EBC000300804140870524080040837087052477
:101ECC000500007B7087052404000010748705242E
:101EDC00020000AD70870524010000847C87052476
:101EEC000100408C38870524010080100900000097
:101EFC009CA405240100C049A4A40524010000846D
:101F0C0000A505241900C09B94A405240100801091
:101F1C0014A405240100006394A405240100008C82
:101F2C0094A40524020000ADACA4052400004029B3
:101F3C0010A5052401004029E9212008C121200811
:101F4C000000000000000000000000000000000085
:101F5C000000000000000000000000000000000075
:101F6C000000000000000000000000000000000065
:101F7C000000000000000000000000000000000055
:101F8C000000000000000000000000000000000045
:101F9C000000000000000000000000000000000035
:101FAC000000000000000000000000000000000025
:101FBC000000000000000000000000000000000015
:101FCC000000000000000000000000000000000005
:101FDC0000000000000000000000000000000000F5
:101FEC0000000000000000000000000000000000E5
:101FFC0000000000000000000000000000000000D5
:10200C0000000000000000000000000000000000C4
:10201C0000000000000000000000000000000000B4
:10202C0000000000000000000000000000000000A4
:10203C000000000000000000000000000000000094
:10204C000000000000000000000000000000000084
:10205C000000000000000000000000000000000074
:10206C000000000000000000000000000000000064
:10207C000000000000000000000000000000000054
:10208C000000000000000000000000000000000044
:10209C000000000000000000000000000000000034
:1020AC000000000000000000000000000000000024
:1020BC000000000000000000000000000000000014
:1020CC000000000000000000000000000000000004
:1020DC0000000000000000000000000000000000F4
:1020EC0000000000000000000000000000000000E4
:1020FC0000000000000000000000000000000000D4
:10210C0000000000000000000000000000000000C3
:10211C0000000000000000000000000000000000B3
:10212C0000000000000000000000000000000000A3
:10213C000000000000000000000000000000000093
:10214C000000000000000000000000000000000083
:10215C000000000000000000000000000000000073
:10216C000000000000000000000000000000000063
:10217C000000000000000000000000000000000053
:10218C000000000000000000000000000000000043
:10219C000000000000000000000000000000000033
:1021AC000000000000000000000000000000000023
:1021BC000000000000000000000000000000000013
:1021CC000000000000000000000000000000000003
:1021DC0000000000000000000000000000000000F3
:1021EC0000000000000000000000000000000000E3
:1021FC0000000000000000000000000000000000D3
:10220C0000000000000000000000000000000000C2
:10221C0000000000000000000000000000000000B2
:10222C0000000000000000000000000000000000A2
:10223C000000000000000000000000000000000092
:10224C000000000000000000000000000000000082
:10225C000000000000000000000000000000000072
:10226C000000000000000000000000000000000062
:10227C000000000000000000000000000000000052
:10228C000000000000000000000000000000000042
:10229C000000000000000000000000000000000032
:1022AC000000000000000000000000000000000022
:1022BC000000000000000000000000000000000012
:1022CC000000000000000000000000000000000002
:1022DC0000000000000000000000000000000000F2
:1022EC0000000000000000000000000000000000E2
:1022FC0000000000000000000000000000000000D2
:10230C0000000000000000000000000000000000C1
:10231C0000000000000000000000000000000000B1
:10232C0000000000000000000000000000000000A1
:10233C000000000000000000000000000000000091
:10234C000000000000000000000000000000000081
:10235C000000000000000000000000000000000071
:10236C000000000000000000000000000000000061
:10237C000000000000000000000000000000000051
:10238C000000000000000000000000000000000041
:10239C000000000000000000000000000000000031
:1023AC000000000000000000000000000000000021
:1023BC000000000000000000000000000000000011
:1023CC000000000000000000000000000000000001
:1023DC0000000000000000000000000000000000F1
:1023EC0000000000000000000000000000000000E1
:1023FC0000000000000000000000000000000000D1
:10240C0000000000000000000000000000000000C0
:10241C0000000000000000000000000000000000B0
:10242C0000000000000000000000000000000000A0
:10243C000000000000000000000000000000000090
:10244C000000000000000000000000000000000080
:10245C000000000000000000000000000000000070
:10246C000000000000000000000000000000000060
:10247C000000000000000000000000000000000050
:10248C000000000000000000000000000000000040
:10249C000000000000000000000000000000000030
:1024AC000000000000000000000000000000000020
:1024BC000000000000000000000000000000000010
:040000050820401F70
:00000001FF
