S01A000073693931785F68656C6C6F5F776F726C645F322E73333791
S31508202000086C0000694020081D4020081D40200853
S315082020101D4020081D4020081D4020080000000003
S31508202020000000000000000000000000413A2008DF
S315082020301D40200800000000D13A20085729200812
S315082020401D4020081D4020081D4020081D4020084E
S315082020501D4020081D4020081D4020081D4020083E
S315082020601D4020081D40200889050000196F2008FA
S31508202070C54D20081D4020081D4020081D40200869
S31508202080194B20081D402008B5B7200859B8200844
S315082020901D4020084DB720084D9B20081D402008CC
S315082020A01D4020081D4020081D4020081D402008EE
S315082020B01D4020081D402008086C00001D402008EF
S315082020C069402008E10400001D4020081D40200822
S315082020D01D4020081D402008AD4D2008B94D200878
S315082020E0993F20081D4020081D402008AD10AD103E
S315082020F00D4B20081D4020081D402008014B2008B4
S315082021001D4020081D4020081DB7200835B7200887
S315082021105DB6200875B620088DB62008A5B6200815
S31508202120BDB62008D5B62008EDB6200805B7200884
S315082021301D4020081D4020081D4020081D4020085D
S315082021401D4020081D4020081D4020081D4020084D
S315082021501D4020081D4020081D4020081D4020083D
S315082021601D4020081D4020081D40200800000000B2
S315082021700000000000000000000000000000000031
S315082021800348044B834202D0034B03B118477047D8
S31508202190D0160000D0160000000000000548064BA7
S315082021A01B1AD90F01EBA301491002D0034B03B127
S315082021B018477047D0160000D0160000000000000F
S315082021C010B5064C237843B9FFF7DAFF044B13B151
S315082021D00448AFF300800123237010BDD0160000F9
S315082021E0000000006806210808B5054B1BB1054903
S315082021F00548AFF30080BDE80840FFF7CFBF00BF12
S3150820220000000000D41600006806210807B500F073
S315082022103FF80F480BF0F4FC03220021012000F0C0
S315082022204EFE0C4B186018B90B480BF0E9FCFEE77C
S3150820223000230522CDE90023084909484FF40072F6
S315082022400DF046FD03B05DF804EB00F0E5B800BFDD
S3150820225068FD2008EC16000076FD200899FD200868
S31508202260B525200808B5084B1B7883420BD10129D0
S3150820227009D1064B187802F0ABFE00F003F9BDE849
S31508202280084000F043B808BDE6FE2008EBFE20080B
S3150820229010B51A481A4C0BF0B3FC0D200BF052FC63
S315082022A0002009F0DBFE0120212820701ED92E20CF
S315082022B009F0BEFE0022012310462E2109F0D4FD86
S315082022C0002210460F4C2E2109F04EFE0123C4F899
S315082022D0E432D4F8E4120C48C9B20BF021FC0D20E4
S315082022E00BF030FC0023C4F8E43210BD092801D0D5
S315082022F009F02CFC20780130C0B2D5E7A0FD2008D3
S315082023001000000000001346BDFD2008064AD2F83A
S31508202310E43283F00103C2F8E432044B00BF013BE8
S31508202320FCD103480BF06CBC00001346C0304600B5
S31508202330D2FD200808B500F0FFFAFFF767FF00F086
S3150820234008FB002008BD0000054A064913889BB2F1
S31508202350C8541388013303F07F031380704700BFE6
S315082023603E180000BC170000C30737B525D5164808
S315082023700BF046FC154B1B780BBB1548154D0BF07F
S315082023803FFC432415F8010B013CFFF7DDFF14F051
S31508202390FF04F7D1002301930F4B01A9186800F019
S315082023A004FF019B4BB14FF0E0234FF08052C3F856
S315082023B0042DBFF34F8FBFF36F8F03B030BD07488F
S315082023C00BF01EFCE6E700BFDFFD20081100000029
S315082023D0F2FD200879170000EC16000007FE2008F9
S315082023E00A4B0B4A1988138889B29BB299420BD09B
S315082023F0138808499BB2CB5C03701388013303F01A
S315082024007F03138001207047002070473E18000084
S315082024103C180000BC17000010B512480BF0F0FB62
S315082024201149022009F090FA10B110480BF0E8FB88
S315082024300D4C0F492068002209F0D2FA10B10D4838
S315082024400BF06EFB0C49206809F054FB002002F0C3
S3150820245051FB0A4A0023137082F84430084A137045
S3150820246010BD00BF19FE20084018000039FE2008BC
S31508202470F002000045FE200869232008F116000016
S315082024801100000007480849084A006808B5432390
S3150820249009F006FB014620B1BDE8084004480BF0C8
S315082024A03FBB08BD4018000036170000791700000A
S315082024B05AFE200830B5044693B00146432201A8A7
S315082024C00BF03EFD6178237894F842004B400DF1DD
S315082024D005040022D5B2A94204D81B1A58425841ED
S315082024E013B030BD14F8015F01326B40F2E70000EB
S315082024F070B5054690B000243C22214601A80094D8
S315082025000BF05EFC6A780A4EA91C68460BF018FD8B
S315082025106A78E3B29A4201D810B070BD40336B4452
S31508202520304613F8401C0BF0FBFA0134F0E700BFE5
S315082025306FFE200838B51B4C05461B480BF060FB80
S315082025402378032B08D8DFE803F002081622B62DD5
S3150820255002D165700123237038BD0DB90023FAE72F
S31508202560002384F844300223A5702370BDE8384040
S315082025700E480BF045BB94F84420531CDBB222448A
S315082025803F2B84F84430D570E6D90323E3E708487F
S3150820259084F84350FFF78EFF0028DFD00448FFF762
S315082025A0A7FFDBE7F116000086FE20089AFE200822
S315082025B0F216000007B5114E114C124D30684FF037
S315082025C0FF3100F0EDFE0128F8D123786BB90DF123
S315082025D00700FFF705FF0028F0D09DF80700FFF752
S315082025E0A9FF09480BF00CFBF1E700232B70237099
S315082025F0FFF748FF05480BF003FBDFE7EC16000062
S3150820260011000000F0160000ABFE2008CAFE2008C4
S3150820261008B501F035FD02F097F807F0B5F901F095
S315082026207FFB01F05FFEBDE8084000F0A1B900F08D
S31508202630C9B908B500F008F8BDE8084000F00AB89E
S3150820264000F0ACB870477047014802F0C3BB00BF22
S31508202650E6FE2008014802F0A2BC00BFEBFE2008D7
S31508202660EFF3108072B6704710B962B6BFF36F8F5A
S315082026707047EFF311800C2383F31188704780F39A
S315082026801188BFF36F8F704730B50E4C41612368B0
S315082026908BB9206083600DE0891A9A6841611D46CE
S315082026A06AB113465A698A42F6D935B1A860521AD0
S315082026B083605A6130BD0025F4E72060F7E798600B
S315082026C08260F7E75418000038B507F0CDF9094CB1
S315082026D0094B1A6823680025C31A2AB123B1516900
S315082026E0994203D3C91A5161206038BD55615B1AD6
S315082026F09268F2E7501800005418000038B5154DB6
S315082027002B682BB35B69A3B1134A146802201C44B7
S3150820271007F0B4F9204607F0BBF910492A680023C8
S315082027200B7022B1D08880070AD501230B700020B0
S3150820273038BD022007F0A2F9022007F0FDF9ECE7E0
S315082027409268002AF3D050690344012BEAD9EEE7B0
S315082027502220EDE754180000501800004C180000FD
S315082027600D490B6898B100229BB1834203D1836837
S3150820277022B90B6003E01A469B68F5E793608368E5
S315082027801BB15A6941690A445A61002070472220C0
S3150820279070470220704700BF5418000070B5154EC8
S315082027A0FFF767FF34780546FCB9134B1C60134BBB
S315082027B01C60134B1C6007F011F9012007F05EF925
S315082027C007F0E2F90F4B0246186020B92846FFF7B2
S315082027D056FF232070BD23460B4840F2E7310AF006
S315082027E03DFA0A4B1860012333702846FFF747FF46
S315082027F00020EFE74D18000054180000501800007C
S315082028005C1800005818000018FCFFFF4818000044
S31508202810C2072DE9F843044607D5444A136801330D
S315082028201360FFF751FFFFF769FFA3077CD5FFF772
S3150820283020FF0546FFF748FF4FF000083C4F464665
S315082028403C680CB16369A3B13A4B0022012E1A7079
S3150820285003D118F0020F18BF1E70FFF74FFF22286A
S3150820286002D1022007F052F92846BDE8F843FFF7BF
S3150820287006BF23465A693AB91A792179914288BFFF
S315082028801C469B68002BF5D12846FFF7F8FE2569DC
S31508202890DDB107F0E9F8A269A0EB02084FEAE87370
S315082028A0A84573F1000311DB23691344A361E36888
S315082028B013B1216820469847B4F80680FFF7D9FE59
S315082028C001360546FFF700FFBAE7A846FFF7D1FE0F
S315082028D081462046FFF744FF4846FFF7D0FE236986
S315082028E0002BE4D0A38BB5EB080533B1E28B134458
S315082028F09BB2B3F57A7F0FD2E383FFF7BAFE294658
S3150820290080462046FFF7C0FEA36922691344A361C7
S315082029104046FFF7B4FECAE7A3F57A73E383A369B3
S31508202920013B013DA361E8E7BDE8F8835C18000098
S31508202930541800004418000008B5FFF769FEFFF791
S3150820294078FEFFF77DFEFFF77DFEBDE80840FFF71E
S315082029507ABEFFF76CBE08B54FF0E0231B690DF071
S31508202960CFF9012803D0BDE8084001F0E3B808BD37
S31508202970EFF3058373B9EFF31082094B12B9EFF31E
S31508202980118212B11A68022A04D0186828B90122BD
S315082029901A6070476FF0050070474FF0FF30704798
S315082029A05025000008B50DF0ABF938B1022804D03F
S315082029B0034B1868431E5842584108BD0320FCE7BC
S315082029C05025000010B5EFF30583ABB9EFF310825D
S315082029D00C4B12B9EFF3118212B11A68022A0BD0E6
S315082029E01A68012A0BD1084A0024D47702221A60D1
S315082029F00DF072F9204610BD6FF00500FBE74FF089
S31508202A00FF30F8E75025000000ED00E038B5054610
S31508202A10EFF3058313B10024204638BDEFF3108366
S31508202A2013B9EFF311831BB11C4B1B68022BF2D091
S31508202A302DB36B681A07EED4D5E9021203F0010309
S31508202A4071B14F2AE7D993B1042000F000FB044660
S31508202A500028E0D0296800F081FD44F00104DBE776
S31508202A60002AD8D1ABB1042000F025FBEFE70120DE
S31508202A7000F0EDFA04460028CDD0296806E00120AA
S31508202A8000F019FB04460028C5D0294600F066FD4B
S31508202A90C2E7012000F00FFBECE700BF502500003D
S31508202AA0034610B520F001000C4603F00102EFF3AF
S31508202AB00581E9B9EFF3108111B9EFF3118119B145
S31508202AC00E490968022913D0012B14D9214662B16F
S31508202AD000F023FD012801D1002010BD002C14BFD1
S31508202AE06FF001006FF00200F7E700F059FCF1E7FC
S31508202AF06FF00500F1E76FF00300EEE750250000C0
S31508202B00024608B520F0010002F00103EFF3058123
S31508202B10C9B9EFF3108111B9EFF3118119B10D4934
S31508202B20096802290FD0012A10D93BB100F0A4FA6E
S31508202B3001280CBF00206FF0020008BD1A4619466E
S31508202B4000F0C9F9F4E76FF00500F6E76FF0030027
S31508202B50F3E700BF50250000034B0360034B0B60CF
S31508202B604FF4807313607047D8240000D8200000E3
S31508202B70034B0360034B0B604FF4007313607047DD
S31508202B80602000006018000000F108034FF0FF32B3
S31508202B90C0E90223436003610023036070470023D2
S31508202BA00361704743684B609A688A6051609960F0
S31508202BB00368086101330360704730B50C68631CED
S31508202BC00AD103695A684A6091608B605960036824
S31508202BD008610133036030BD00F1080213465268CC
S31508202BE01568A542FAD9EDE7D0E9011203698A608A
S31508202BF051605968814208BF5A60002202611A68EA
S31508202C00013A1A601868704710B5044600F02AFF82
S31508202C10A46B00F047FFB4FA84F0400910BD70B5E4
S31508202C201646026C856B044642B906689EB98068CA
S31508202C300DF092F8A6600135A56370BD6EB940689F
S31508202C400BF07EF96368226C1344A2686360934292
S31508202C5024BF236863600020EDE7C0680BF070F995
S31508202C60226CE36851429B1A2268E36093423EBF76
S31508202C70A3685B18E360022EEDD10DB1013DEAE7AA
S31508202C802846D8E7034610B41A6C08466AB1DC68A9
S31508202C90996814448C4228BF1968DC6028BFD9601B
S31508202CA0D9685DF8044B0BF04BB95DF8044B7047B7
S31508202CB070B5044600F0D6FE94F8455004F1240673
S31508202CC06DB2002D14DCFF2384F8453000F0EAFEAF
S31508202CD000F0C8FE94F8445004F110066DB2002D99
S31508202CE012DCFF2384F84430BDE8704000F0DABED9
S31508202CF0636A002BE7D030460DF00AF808B10DF0CC
S31508202D001FF8013D6DB2DCE72369002BE9D0304678
S31508202D100CF0FEFF08B10DF013F8013D6DB2DEE7A9
S31508202D2038B50D46044640B94FF0140383F311888D
S31508202D30BFF36F8FBFF34F8FFEE700F093FED4E902
S31508202D400F31226862604B43D0185B1A1A44A06080
S31508202D50FF230020A063E26084F8443084F84530DD
S31508202D60A5B9236973B104F110000CF0D1FF48B15D
S31508202D704FF0E0234FF08052C3F8042DBFF34F8F56
S31508202D80BFF36F8F00F08EFE012038BD04F11000CE
S31508202D90FFF7FAFE04F12400FFF7F6FEF2E7F8B58E
S31508202DA0064617460D46C9B14843B0FBF1F39E4285
S31508202DB008D04FF0140383F31188BFF36F8FBFF346
S31508202DC04F8FFEE710F1510F19D94FF0140383F3F3
S31508202DD01188BFF36F8FBFF34F8FFEE7502000F0A7
S31508202DE085FF88B180F8465004462060C4E90F65FF
S31508202DF001212046FFF794FF84F84C7005E05030F7
S31508202E0000F074FF044610B900242046F8BD0023BC
S31508202E1080F846305030E8E737B50D461C4640B9AD
S31508202E204FF0140383F31188BFF36F8FBFF34F8FCF
S31508202E30FEE743B94FF0140383F31188BFF36F8F6E
S31508202E40BFF34F8FFEE74AB191BB4FF0140383F3CC
S31508202E501188BFF36F8FBFF34F8FFEE741B14FF055
S31508202E60140383F31188BFF36F8FBFF34F8FFEE7E9
S31508202E7050230193019B502B08D04FF0140383F362
S31508202E801188BFF36F8FBFF34F8FFEE7019B224652
S31508202E900121C4E90F0584F8461022602046FFF771
S31508202EA03FFF9DF8183084F84C30204603B030BDDB
S31508202EB050230193019B502BDFD1019BE8E740B9B2
S31508202EC04FF0140383F31188BFF36F8FBFF34F8F2F
S31508202ED0FEE7FFF764BFF0B585B00E4601921D46A2
S31508202EE0044640B94FF0140383F31188BFF36F8F5C
S31508202EF0BFF34F8FFEE751B9036C43B14FF014036C
S31508202F0083F31188BFF36F8FBFF34F8FFEE7022D30
S31508202F100BD1E36B012B08D04FF0140383F31188F0
S31508202F20BFF36F8FBFF34F8FFEE70CF0E9FE08B9AA
S31508202F30019B03BB00F096FDA26BE36B9A4223D25A
S31508202F402A4631462046FFF76AFE636A1BB104F11A
S31508202F5024000CF0DDFE48B14FF0E0234FF08052FC
S31508202F60C3F8042DBFF34F8FBFF36F8F00F09AFD80
S31508202F70012005B0F0BD4FF0140383F31188BFF389
S31508202F806F8FBFF34F8FFEE7022DD9D000231F4640
S31508202F9037E013B902A80CF0C7FE00F083FD0CF049
S31508202FA0DFFE00F05FFD94F84430FF2B08BF84F85D
S31508202FB0447094F84530FF2B08BF84F8457000F01C
S31508202FC071FD01A902A80CF0B7FE002839D100F03E
S31508202FD049FDA26BE36B9A421AD100F063FD019971
S31508202FE004F110000CF088FE2046FFF761FE0CF075
S31508202FF097FED8B100F036FDA36BE26B9A429FD8B4
S315082030000123019A002AC4D100F04CFD0020B0E724
S3150820301000F048FD2046FFF74BFE0CF081FE00F03D
S3150820302021FDA26BE36B9A42EAD289E74FF0E023AF
S315082030304FF08052C3F8042DBFF34F8FBFF36F8F25
S31508203040EDE72046FFF734FE0CF06AFEDEE713B5FF
S3150820305000220B46009011460120FFF7DDFE0446AC
S3150820306038B1002383600360C3601A461946FFF708
S3150820307032FF204602B010BD38B5044640B94FF09D
S31508203080140383F31188BFF36F8FBFF34F8FFEE7C7
S3150820309085680CF059FE85420BD1E368013BE36055
S315082030A00BB1012038BD1A4619462046FFF713FFF3
S315082030B0F7E70020F6E710B5024600210120FFF7C2
S315082030C06EFE044638B1002383600360C3601A4647
S315082030D01946FFF700FF204610BD2DE9F84389461B
S315082030E017461E46044640B94FF0140383F3118849
S315082030F0BFF36F8FBFF34F8FFEE751B9036C43B110
S315082031004FF0140383F31188BFF36F8FBFF34F8FEC
S31508203110FEE7022E0BD1E36B012B08D04FF01403E8
S3150820312083F31188BFF36F8FBFF34F8FFEE700F04D
S31508203130AFFDEFF311884FF0140383F31188BFF323
S315082031406F8FBFF34F8FA26BE36B9A4201D3022E88
S3150820315029D194F84550A36B6DB23246494620468C
S31508203160FFF75DFD6B1C0ED1636A3BB104F12400A9
S315082031700CF0CEFD10B10FB101233B60012088F37E
S315082031801188BDE8F8837F2D08D14FF0140383F307
S315082031901188BFF36F8FBFF34F8FFEE701356DB2EE
S315082031A084F84550EAE70020E9E770B50D4604465D
S315082031B040B94FF0140383F31188BFF36F8FBFF321
S315082031C04F8FFEE7036C43B14FF0140383F3118846
S315082031D0BFF36F8FBFF34F8FFEE7036853B983683A
S315082031E043B14FF0140383F31188BFF36F8FBFF3F6
S315082031F04F8FFEE700F04CFDEFF311864FF01403D6
S3150820320083F31188BFF36F8FBFF34F8FA26BE36BE6
S31508203210934224D994F845100132FF294BB2A26370
S315082032200DD1636A3BB104F124000CF071FD10B195
S315082032300DB101232B60012086F3118870BD7F2BE9
S3150820324008D14FF0140383F31188BFF36F8FBFF3B0
S315082032504F8FFEE701335BB284F84530EBE7002059
S31508203260EAE7F0B585B00E460192044640B94FF01C
S31508203270140383F31188BFF36F8FBFF34F8FFEE7D5
S3150820328051B9036C43B14FF0140383F31188BFF38C
S315082032906F8FBFF34F8FFEE70CF032FD50B9019BBD
S315082032A043B14FF0140383F31188BFF36F8FBFF335
S315082032B04F8FFEE700F0D6FBA56BDDB131462046E1
S315082032C0013DFFF7DFFCA563236973B104F1100004
S315082032D00CF01EFD48B14FF0E0234FF08052C3F8A2
S315082032E0042DBFF34F8FBFF36F8F00F0DBFB012058
S315082032F005B0F0BD019B1BB900F0D4FB0020F7E711
S3150820330002A80CF011FD2F4600F0CCFB0CF028FD8E
S3150820331000F0A8FB94F84430FF2B08BF84F84470CB
S3150820332094F84530FF2B08BF84F8457000F0BAFBA7
S3150820333001A902A80CF000FD38BB2046FFF764FC63
S31508203340E8B1019904F124000CF0D6FC2046FFF7D9
S31508203350AFFC0CF0E5FC48B94FF0E0234FF0805263
S31508203360C3F8042DBFF34F8FBFF36F8F00F07AFB9E
S31508203370A56B002DA2D1019B002BC5D1BCE7204609
S31508203380FFF796FC0CF0CCFCF0E72046FFF790FC04
S315082033900CF0C6FC2046FFF737FC0028E6D0ADE740
S315082033A0F0B585B00446019140B94FF0140383F374
S315082033B01188BFF36F8FBFF34F8FFEE7056C45B1BA
S315082033C04FF0140383F31188BFF36F8FBFF34F8F2A
S315082033D0FEE70CF095FC064620B32E46002700F0A3
S315082033E041FBA36B53B3013BA363236813B90CF0CA
S315082033F09FFCA060236973B104F110000CF088FCCF
S3150820340048B14FF0E0234FF08052C3F8042DBFF3A4
S315082034104F8FBFF36F8F00F045FB012005B0F0BD3D
S315082034203546DBE7019B002BFAD04FF0140383F3D4
S315082034301188BFF36F8FBFF34F8FFEE7019B53B9F8
S31508203440002D66D04FF0140383F31188BFF36F8FD6
S31508203450BFF34F8FFEE716B902A80CF065FC00F003
S3150820346021FB0CF07DFC00F0FDFA94F84430FF2B8C
S3150820347008BF84F8447094F84530FF2B08BF84F8B9
S31508203480457000F00FFB01A902A80CF055FC50BBB3
S315082034902046FFF7B9FB00B323683BB900F0E2FAF0
S315082034A0A0680CF021FC054600F0FCFA019904F10D
S315082034B024000CF021FC2046FFF7FAFB0CF030FC28
S315082034C048B94FF0E0234FF08052C3F8042DBFF3DC
S315082034D04F8FBFF36F8F012681E72046FFF7E8FB62
S315082034E00CF01EFCF7E72046FFF7E2FB0CF018FC71
S315082034F02046FFF789FB0028EDD065B100F0B2FA27
S31508203500616A19B1236B1968C1F13801A0680CF0FA
S31508203510DBFB00F0C7FA002080E770B50D460446AD
S3150820352040B94FF0140383F31188BFF36F8FBFF3AD
S315082035304F8FFEE786680CF007FC864204D1E368C5
S315082035400133E360012070BD29462046FFF728FF96
S315082035500028F8D0E3680133E360F4E730B5074A7A
S31508203560002352F8335002EBC3041DB942F8331036
S31508203570606030BD0133082BF3D1FAE754250000EB
S3150820358070B504460D46164600F06CFA94F8443099
S31508203590FF2B04BF002384F8443094F84530FF2BD2
S315082035A004BF002384F8453000F07CFAA36B2BB9BE
S315082035B03246294604F124000CF0A6FB2046BDE835
S315082035C07040FFF775BB0000914208B54160006165
S315082035D00AD8D21A83699A420DD2084B011D186857
S315082035E0FFF7EBFA002008BD9A4201D2994202D28F
S315082035F0034B011DF3E70120F5E700BF402B000030
S31508203600442B0000F7B5114C00F02CFA2568BDB9FB
S315082036100F4F104E3846FFF7B7FA3046FFF7B4FA81
S315082036200D4B0E4A1F600E4B10211E6005200D4BB8
S315082036300095FFF7F1FB206010B10B49FFF78EFFCD
S3150820364003B0BDE8F04000F02DBA00BF3C2B0000C7
S315082036505C2B0000482B0000442B0000E42A0000C5
S31508203660402B0000942A0000F3FE200810B588B0ED
S31508203670FFF7C8FF124B1B68B3B1002407AA06A997
S3150820368005A8CDE90544FFF773FA059B0293069B27
S31508203690019337230093079A0A490B4823460CF0CF
S315082036A03BFB0A4B186040B94FF0140383F311888B
S315082036B0BFF36F8FBFF34F8FFEE7012008B010BD11
S315082036C03C2B0000F8FE2008CD372008382B0000B8
S315082036D07FB5164604461A4640B94FF0140383F3BD
S315082036E01188BFF36F8FBFF34F8FFEE70D4D286804
S315082036F080B10529CDE9001602940DDC0CF000FBFB
S315082037000023022808BF089A286818BF1A4669465F
S31508203710FFF7E1FB04B070BD00236946FFF7DDFC27
S31508203720F8E700BF3C2B00002DE9F347DFF8988027
S3150820373006460CF0DDFAD8F800308342054609D94A
S315082037401F4F3B681A686AB91E4A116839601360A8
S31508203750012300E0002328463360C8F8005002B051
S31508203760BDE8F087DB68DC68D3F8009004F1040A2A
S315082037705046FFF739FA236A2046984794F82830A6
S315082037805B07DED5A3694B44994506D23868636042
S3150820379024615146FFF711FAD3E7002300934A46DE
S315082037A019462046FFF794FF0028CAD14FF0140384
S315082037B083F31188BFF36F8FBFF34F8FFEE700BFE8
S315082037C0442B0000402B0000342B00002DE9F04349
S315082037D06E4D6F4E89B02B68D3F80080B8F1000F74
S315082037E035D0DB68D3F8008000240CF0B9FA04A899
S315082037F0FFF79AFF049B8146002B69D1002C4CD1F8
S31508203800404550D30CF08CFA2B68DB68DF68381DEE
S31508203810FFF7EAF997F8283058071AD5B9694346C1
S315082038204A4641443846FFF7CFFEB0B100942346B6
S31508203830424621463846FFF74BFF70B94FF014032E
S3150820384083F31188BFF36F8FBFF34F8FFEE70124F1
S31508203850CBE723F0010387F828303B6A3846984798
S315082038603068002204A9FFF7FCFC0028B3D0049B8B
S315082038700698002B2FDB069C6369002B32D103A800
S31508203880FFF752FF049B0246092BE9D8DFE803F02D
S315082038902E2E2E575E762E2E575E3E4B1B681C68A4
S315082038A0B4FA84F4640930682246A8EB0901FFF7C4
S315082038B067FE0CF035FA0028D2D14FF0E0234FF0FE
S315082038C08052C3F8042DBFF34F8FBFF36F8FC7E71E
S315082038D00CF026FAC4E7059B07999847049B002B0A
S315082038E0BEDBC8E7201DFFF77FF9C8E794F8283024
S315082038F0A16943F0010384F82830059B2046194422
S31508203900FFF762FE0028ABD0236A2046984794F832
S3150820391028305907A4D5A269059900230A4400939B
S3150820392019462046FFF7D4FE002899D14FF01403F4
S3150820393083F31188BFF36F8FBFF34F8FFEE794F899
S31508203940283023F0010384F8283089E794F82830B2
S3150820395043F0010384F828300599A16141B94FF055
S31508203960140383F31188BFF36F8FBFF34F8FFEE7DE
S31508203970034601442046FFF727FE71E794F82830CE
S315082039809A07DED4204600F0BDF969E7442B0000EB
S315082039903C2B0000402B000008480068006880F394
S315082039A008884FF0000080F3148862B661B6BFF32A
S315082039B04F8FBFF36F8F00DF00BF000008ED00E0D8
S315082039C0DFF80C00016841F47001016070470000BF
S315082039D088ED00E082B0002301930D4B1B6801336C
S315082039E008D04FF0140383F31188BFF36F8FBFF30A
S315082039F04F8FFEE74FF0140383F31188BFF36F8FC1
S31508203A00BFF34F8F019B002BFCD002B0704700BF3D
S31508203A10180000004FF0807340F8043C074B40F82C
S31508203A200C3C21F001016FF0020340F8081C40F815
S31508203A30202C40F8243C4438704700BFD53920084C
S31508203A40074B19680868B0E8F04F80F30988BFF378
S31508203A506F8F4FF0000080F311887047AFF3008016
S31508203A60902A00004FF0140383F31188BFF36F8F59
S31508203A70BFF34F8F0A4A13680133012B13600ED107
S31508203A804FF0E023D3F8043DDBB243B14FF01403E3
S31508203A9083F31188BFF36F8FBFF34F8FFEE770470D
S31508203AA018000000084A136843B94FF0140383F33B
S31508203AB01188BFF36F8FBFF34F8FFEE7013B13606B
S31508203AC00BB983F311887047180000000000000026
S31508203AD0EFF30980BFF36F8F154B1A681EF0100F8E
S31508203AE008BF20ED108A20E9F04F10602DE9090063
S31508203AF04FF0140080F31188BFF34F8FBFF36F8FF9
S31508203B000CF0EEF84FF0000080F3118809BC196814
S31508203B100868B0E8F04F1EF0100F08BFB0EC108A06
S31508203B2080F30988BFF36F8F704700BFAFF300801B
S31508203B30902A000008B54FF0140383F31188BFF3C9
S31508203B406F8FBFF34F8F0CF003F928B14FF0E023A6
S31508203B504FF08052C3F8042D002383F3118808BD43
S31508203B604FF0E022002313619361054B4FF47A71DD
S31508203B701B68B3FBF1F3013B5361072313617047BD
S31508203B80D82B00004FF0E02337B5D3F8001D3A4A6A
S31508203B90914208D14FF0140383F31188BFF36F8F36
S31508203BA0BFF34F8FFEE7D3F8002D344B9A4208D146
S31508203BB04FF0140383F31188BFF36F8FBFF34F8F32
S31508203BC0FEE72F4B1A78D2B20192FF221A701B7881
S31508203BD02C4ADBB28DF803309DF8033003F014032A
S31508203BE01370294A0723136000219DF80300000655
S31508203BF003F1FF340CD411B1012B136011D04FF00F
S31508203C00140383F31188BFF36F8FBFF34F8FFEE73B
S31508203C109DF803305B00DBB28DF803300121234683
S31508203C20E3E74FF480731360019B154A4FF0E024B5
S31508203C30DBB21370D4F8203D43F47C03C4F8203D4E
S31508203C40D4F8203D43F07C43C4F8203DFFF788FF95
S31508203C500E4B00251D60FFF7B3FED4F8343F43F022
S31508203C604043C4F8343FFFF797FE0CF039F8FFF7C6
S31508203C70B1FE284603B030BD71C20F4170C20F4154
S31508203C8000E400E0742B0000702B000018000000F0
S31508203C90EFF305830F2B0ED9114A9B5C114A127834
S31508203CA09A4208D94FF0140383F31188BFF36F8F14
S31508203CB0BFF34F8FFEE74FF0E0230B4AD3F80C3DB6
S31508203CC0126803F4E063934208D94FF0140383F390
S31508203CD01188BFF36F8FBFF34F8FFEE7704700BF82
S31508203CE0F0E300E0742B0000702B000010B50446AA
S31508203CF00CF036F8204609F029F904460CF010F89D
S31508203D00204610BD10B5044640B10CF029F82046CF
S31508203D1009F024F9BDE810400CF002B810BD0000E7
S31508203D2070B5134C134D23685E6C0023194628463C
S31508203D300222B04723681E68002319460222284615
S31508203D40B04723680C4DD3F8C03005209847236820
S31508203D505E6C0023194628460A22B04723681C6849
S31508203D6000232846A4460A22BDE870401946604723
S31508203D700001300000C004240000134630B5114B62
S31508203D8093F85830013BDBB2FD2B8FB018D80E4D77
S31508203D900FCD6C460FC40FCD0FC40FCD0FC495E8B9
S31508203DA0030084E80300094C6846D4F844370CF02D
S31508203DB05BFC05F05FFFD4F8443700200FB030BD18
S31508203DC00120FBE700021F0858021F08008005246F
S31508203DD0134B0168D3F84437F0B50127013900D2CF
S31508203DE0F0BDD0F808C04668CCF38455C5EBDC6234
S31508203DF0346801320023013A0CD203FA05F203EAA9
S31508203E000C03C3F3150324EA0202AB4013433360C1
S31508203E100830E3E707FA02FE43EA0E03EBE700BFA2
S31508203E200080052408B51848FFF7D2FF1748FFF782
S31508203E30CFFF06F015FA06F027FA06F031FA06F053
S31508203E4043FA06F04DFA1248FFF7C2FF1148FFF76A
S31508203E50BFFF1148FFF7BCFF1048FFF7B9FF10480E
S31508203E60FFF7B6FF0F48FFF7B3FF0F48FFF7B0FF7E
S31508203E700E48FFF7ADFF0E48FFF7AAFFBDE808403A
S31508203E800C48FFF7A5BF00BF7C160000E015000010
S31508203E901C120000E8120000DC120000FC120000D0
S31508203EA0BC110000B0110000A4110000F811000098
S31508203EB0401200003412000010B5254CFFF7B2FF5F
S31508203EC094F8040600F00100FFF758FF4FF4C023CA
S31508203ED0C4F86C34D4F840311E4843F40023C4F89F
S31508203EE04031D4F8403143F00103C4F84031D4F8C6
S31508203EF0403143F00203C4F84031FFF769FF164901
S31508203F001648D1F8103543F00203C1F81035636915
S31508203F1023F400336361636943F480336361D0F823
S31508203F204027D0F87837C2F34342023A23F4F07395
S31508203F3043EA4213C0F87837D1F8943443F400237F
S31508203F40C1F89434236943F46013236110BD00BF7C
S31508203F50008004240814000000A0052400800524FD
S31508203F6008B550B10748FFF733FF0748FFF730FF7A
S31508203F700648BDE80840FFF72BBF0548FFF728FF8E
S31508203F800448F6E750140000F8140000EC1400006A
S31508203F90C4140000701400000B48D0F800D05DF857
S31508203FA004EB5DF804CB5DF804BB5DF804AB5DF863
S31508203FB0049B5DF8048B80BC40BC20BC10BC08BCAC
S31508203FC004BC02BC01BC7047842B0000114AD2F8FD
S31508203FD0103623F48073C2F810360F4B596B41F014
S31508203FE001015963596B41F0020159630423C2F850
S31508203FF0383482B000238DF807309DF80730092B16
S3150820400001D902B0704700BF9DF807300133DBB2F3
S31508204010F1E700BF0080042400840424FEE7FEE7BD
S31508204020054B064A06498B4200D3704752F8040BC3
S3150820403043F8040BF7E700BF100000008C0821089E
S31508204040D0160000064B0748DA1C121AC11E22F0A9
S315082040500302994288BF0022002109F0B1BE00BFA1
S31508204060083C0000D016000008B5FFF7D9FFFFF777
S31508204070E9FF00F0B3F8BDE80840FEF75BB9000099
S3150820408038B5374B374A1A60374B384A93F80636CD
S31508204090374C03F00F030F2B15BF364B4FF0006339
S315082040A0D3F89312D3F837140CBF11601160324A33
S315082040B00CBFD3F83634D3F89232136005F05AFF82
S315082040C005F05AFF2D4BDB694FF08061D3F880301D
S315082040D04FF08C409847E369022060F30E33E36182
S315082040E0274BDA696FF30202DA6105F0BFFF1E4B30
S315082040F01A6A042161F302021A621A6A1207FCD5A7
S31508204100A369022262F38403A361A3691B04FCD575
S315082041101C4B1D4D5A6E6FF341025A665A6E6FF349
S3150820412000025A66FFF752FF184B19480D4A1861C4
S315082041304FF4FA44D86117485C6200211C624FF498
S315082041400044C3E90022C3E90B05C3E90F2299609D
S315082041505961DA609C625A635864996138BD00BF18
S31508204160D82B0000005A620200800424802B00000D
S315082041700081042400001F087C2B00000001300069
S315082041800086042400840424002D3101882B000095
S3150820419000B4C4040048E8014FF0E02384B0D3F803
S315082041A0402F0192D3F8442F02920199094A91424D
S315082041B00DD10299084A914209D1D3F8882D039244
S315082041C0039A42F470020392039AC3F8882D04B026
S315082041D0704700BF210011101100001113B50023EC
S315082041E0009301932F4BD3F810250092009A009242
S315082041F02D4A116821F00F01116011681160D3F85A
S315082042009C1421F46071C3F89C14D3F80417019107
S315082042100199C3F80415D3F8001701910199C3F839
S315082042200015D3F8101541F01C01C3F81015D2F863
S31508204230024014F48074FAD11C48436943F480334D
S315082042404361436964F351434361FFF7A5FF184B64
S315082042504FF080725A60174BC0F84031164B5A6897
S3150820426064F3C3025A60036A0E4A43F48033036236
S31508204270036A43F400330362D2F8943443F40023E8
S31508204280C2F89434036943F4601303610B4B1A682C
S3150820429042F400221A601A6842F480221A6002B098
S315082042A010BD00BF00A005240000052400800424BA
S315082042B000003041030008000081042400840424FF
S315082042C020F04040012802D0022805D07047034A32
S315082042D01368013313607047014AF9E7E02B0000A1
S315082042E0DC2B000010B5124CE3689847A3681148E8
S315082042F09847236902209847A46A01211520A047D8
S3150820430001211620A0474FF4E1310120A0470A4C8D
S31508204310206810B9FEF77AFB2060084B4FF48052CC
S31508204320C3F88020BFF34F8FBFF36F8F10BD00BF38
S3150820433078002108C1422008E42B000000E100E0B3
S3150820434013B5094C00238DF804302360074B01214F
S315082043509B6901A8984723681BB19DF8040002B001
S3150820436010BD00F035FDF6E7DC2B000078002108AB
S3150820437013B5094C8DF8070000232360074B01214C
S315082043805B690DF10700984723680BB102B010BD91
S3150820439000F01EFDF8E700BFE02B0000780021089A
S315082043A003681B780022202B04D0093B042B01D953
S315082043B0D0B270470368591C01605B780132F2E776
S315082043C00120704708B509F05DFD162303604FF0FC
S315082043D0FF3008BD08B509F055FD16230360FEE732
S315082043E070B50D461446FEF7DDFA022805D10C4BAA
S315082043F04FF0FF311868FEF753FB2E46731BA34276
S3150820440009DBFEF7CFFA022803D1054B1868FEF719
S3150820441077FB204670BD16F8010BFFF7A9FFEDE7DD
S31508204420E42B00004FF0FF3070474FF400534B60E9
S315082044300020704701207047002070470FB42DE9EF
S31508204440F0438BB012AB002453F8046B01938DF81C
S315082044501040FFF775FF0D288DF81000F7D00A28B1
S31508204460F5D0002425460134142C2ED0FFF768FFFA
S3150820447004F128036B440D2803F8180C01D00A28E8
S31508204480F0D105F128030DEB0305002305F8163CAA
S3150820449004AB03939DF81030019F0296002B00F081
S315082044A04E810025029B1B78002B3BD0DDF80C9013
S315082044B099F80060002E35D002A8FFF771FF044650
S315082044C038B103A8FFF76CFFECE700238DF82430FA
S315082044D0DEE7029A1346517813F8010B0293252832
S315082044E001D1252907D18E421CD109F101030232B7
S315082044F003930292D6E726462046A0461A7806F067
S315082045007C01002A67D100B10293002967D109E00E
S31508204510692A51D01ED8632A53D011D8392A07D8E8
S315082045202F2A35D8E8B20BB0BDE8F04304B070475F
S31508204530582AF7D146F0200601334FF0100833E009
S31508204540642AEFD146F4005646F0200601334FF090
S315082045500A0829E06F3AD1B20929E3D8092AE1D80D
S3150820456001A151F822F000BFAD45200825452008B5
S315082045702545200825452008D14520082545200819
S315082045804945200825452008254520083545200881
S31508204590002CC7D10A211A78303A01FB042413F8D3
S315082045A0012F303A092AF6D90120A7E746F0200636
S315082045B001334FF00808F7E746F02006013388460E
S315082045C0F2E7012C46F0040638BF01240133EBE755
S315082045D046F00806FAE700299AD000B10293002C83
S315082045E008BF632408291BD0202940D0042999D143
S315082045F057F8042B4946144400200E780B460131FF
S315082046000EB938B94EE702F8016B94424FF0010013
S31508204610F3D10B46994503933FF444AF013541E75F
S3150820462003A8FFF7BDFEDDF80CC057F8042B664635
S3150820463014440021307810F0DF0F334606F10106C6
S3150820464001D161B92EE7A0F1090EBEF1040FF8D900
S3150820465002F8010BA2424FF00101EBD133469C45EB
S3150820466003933FF41FAF374B00221A70D6E703A8EF
S31508204670FFF796FE039BB8F1000F10D0B8F1100F84
S3150820468017D11A78302A14D15A7802F0DF02582A1C
S315082046900FD102330393023C4FF0100809E01A7831
S315082046A0302A16D15A7802F0DF02582AF1D04FF074
S315082046B00808039B1A782B2A0ED02D2A0FD10133EE
S315082046C00393013C4FF0FF31039A0020144484469B
S315082046D014E04FF00A08ECE701330393013C01216B
S315082046E0F2E7A9F14103052B02D910B3039220E082
S315082046F0A9F1370315E00CFB083C012092F800903D
S315082047009646B9F1000FF0D0A242EED0A9F13003B7
S31508204710DBB2092B06D9A9F16103052BE1D8A9F14A
S315082047205703DBB2984502F10102E4D808B1CDF867
S315082047300CE057F8043B0CFB01F119606EE74FF0CB
S31508204740FF35EFE6E82B0000044802231421C2189F
S3150820475001334B2B82F80013F9D1704700E100E0B2
S31508204760064B1868002382B262F30F03000C60F32D
S315082047701F4382B0184602B0704700BF7400210854
S315082047800E207047014803F04BBA00BF24002108C9
S31508204790014803F045BA00BFD4FF2008014803F0BA
S315082047A03FBA00BF84FF200807B50023034A0093B9
S315082047B003F02CF803B05DF804FB00BFD4FF2008F3
S315082047C037B5044602200D4600F0A2FCE2B2132AB1
S315082047D00346084A02D11178A52908D012780092F2
S315082047E02946054A204603F011F803B030BD6FF07C
S315082047F00600FAE71C0000002400210837B5044605
S3150820480009200D4600F084FCE2B2132A0346084A22
S3150820481002D11178A52908D0127800922946054A8E
S31508204820204602F0F3FF03B030BD6FF00600FAE72A
S315082048301C00000084FF2008014802F0DDBF00BFED
S3150820484024002108014802F0D7BF00BFD4FF200862
S31508204850014802F0D1BF00BF84FF20081FB5064BD0
S315082048601B680293054B0193054B0093054B02F0F9
S31508204870B5FE05B05DF804FBD8300000642D0000B5
S315082048802C000000240021081FB5064B1B68029344
S31508204890054B0193054B0093054B02F09FFE05B08F
S315082048A05DF804FBD8300000642D00002C000000C1
S315082048B0D4FF20081FB5064B1B680293054B0193AE
S315082048C0054B0093054B02F089FE05B05DF804FB05
S315082048D0D4300000742C00002000000084FF20083B
S315082048E007B5064B064A1B680193064B0093064BF1
S315082048F003F06CFB03B05DF804FB00BFD830000062
S3150820490024002108642D00002C00000007B5064B62
S31508204910064A1B680193064B0093064B03F056FB89
S3150820492003B05DF804FB00BFD8300000D4FF200890
S31508204930642D00002C00000007B5064B064A1B68AC
S315082049400193064B0093064B03F040FB03B05DF83A
S3150820495004FB00BFD430000084FF2008742C00001C
S315082049602000000007B5064B064A1B680193064B34
S315082049700093064B03F066FA03B05DF804FB00BF0C
S31508204980D830000024002108642D00002C000000E7
S3150820499007B5064B064A1B680193064B0093064B40
S315082049A003F050FA03B05DF804FB00BFD8300000CE
S315082049B0D4FF2008642D00002C00000007B5064B04
S315082049C0064A1B680193064B0093064B03F03AFAF6
S315082049D003B05DF804FB00BFD430000084FF200834
S315082049E0742C000020000000014902F06DBD00BFB4
S315082049F024002108014902F067BD00BFD4FF200822
S31508204A00014902F061BD00BF84FF20080149024820
S31508204A1002F03ABD2C000000240021080149024872
S31508204A2002F032BD2C000000D4FF2008034B0449B5
S31508204A3004484FF480029A6402F026BD00840424B8
S31508204A402000000084FF200807B5074B07491022DD
S31508204A509A60074B0193074B0093074A074B02F0CE
S31508204A606FFB03B05DF804FB0084042424002108AE
S31508204A705C300000D83000002C00000000FC02004A
S31508204A8007B5074B074910229A60074B0193074B36
S31508204A900093074A074B02F053FB03B05DF804FB6B
S31508204AA000840424D4FF20085C300000D83000009D
S31508204AB02C00000000FC020007B5084B08494FF4FB
S31508204AC080025A64074B0193074B0093074A084B09
S31508204AD002F036FB03B05DF804FB00BF0084042413
S31508204AE084FF2008E42F0000D430000020000000B6
S31508204AF0001C0624014B1870704700BF1C000000DC
S31508204B00014803F09DB800BF24002108014803F09E
S31508204B1097B800BFD4FF2008014803F091B800BF1A
S31508204B2084FF2008012808D1094BC9B2D3F8F02000
S31508204B3061F30702C3F8F0207047022802D1054B1B
S31508204B40C9B2F3E70328F7D1034BC9B2EEE700BF92
S31508204B50000002440000014500080424012809D168
S31508204B600A4B9A696FF303029A61DA696FF30302B3
S31508204B70DA6170470228FCD1054B9A69012161F355
S31508204B8003029A61DA6961F30302F1E7000002443D
S31508204B9000000145012804D1074BD87900F001000F
S31508204BA07047022801D1054BF7E7032801D1044BAA
S31508204BB0F3E70020704700BF682C0000402C000057
S31508204BC0182C000070477047064B1868002382B2DD
S31508204BD062F30F03000C60F31F4382B0184602B03D
S31508204BE0704700BFEC002108014B1868704700BFCA
S31508204BF038000000014804F081BD00BF38000000DD
S31508204C00014904F039BD00BF38000000014804F00E
S31508204C1011BD00BF3800000037B504460B200D46ED
S31508204C2000F076FA064B1B680193064B0093024662
S31508204C30054B2946204604F08DF803B030BD00BF49
S31508204C40D43000002000000038000000014804F09D
S31508204C507DB800BF38000000014804F074B800BFD2
S31508204C60380000007FB5104BD3E90354B2F5806FA6
S31508204C702E883ABF02F1FF33C3F3090340F2FF330C
S31508204C8063F30D162E80258863F30D15074B2580B3
S31508204C901B680293064B0193064B0093024B04F0C4
S31508204CA019F804B070BD00BF38000000D4300000E9
S31508204CB0742C0000200000000D4B1A69B1F5806F96
S31508204CC013B538BF01F1FF33148834BFC3F3090382
S31508204CD040F2FF3363F30D14064B14801B680193CF
S31508204CE0054B0093024A054B03F056FF02B010BD50
S31508204CF038000000D4300000742C0000200000008A
S31508204D000D4BDA68B1F5806F13B538BF01F1FF3363
S31508204D10148834BFC3F3090340F2FF3363F30D1439
S31508204D20064B14801B680193054B0093024A054BDA
S31508204D3003F084FE02B010BD38000000D430000015
S31508204D40742C000020000000024B034A1B6803490C
S31508204D5003F0CCBDD430000020000000380000004D
S31508204D60034B044904484FF400129A6403F06EBDBD
S31508204D7000840424200000003800000007B5064BF4
S31508204D800193064B0093064A064B074903F0CEFCCF
S31508204D9003B05DF804FB00BFE42F0000D430000008
S31508204DA020000000001C062438000000014803F0FB
S31508204DB095BB00BFC0000000014803F08FBB00BFB1
S31508204DC07C000000014803F089BB00BF38000000C2
S31508204DD0FFF7F8BF7FB5264E03788DF80D308DF88E
S31508204DE0093033784278234D8DF80C20012104466A
S31508204DF08DF80E108DF80820B3B1039806F042FB03
S31508204E0003462860A8B962782079052A13D1217823
S31508204E10194B1A4A43F8214006F0ACFBA2781849E8
S31508204E2001238B54337004E006F0CEFB286000285B
S31508204E30E3D004B070BD042A10D1124D124A297845
S31508204E4042F8214000930246104B1148415C02A8C3
S31508204E5006F034FA2B7801332B70DFE70D4D0E4A16
S31508204E60297842F82140009302460C4B0C48EDE77E
S31508204E70883100008C3100006C310000594F200821
S31508204E80843100008631000074310000494F200823
S31508204E9004010000873100007C310000394F2008CA
S31508204EA00C01000010B5044629B1042912D0BDE82A
S31508204EB0104007F0EDB94B2804D90D4840F2DB1114
S31508204EC006F09CFE240104F18C4404F598146068CD
S31508204ED0C0B210BD0B2804D905484FF4EF7106F06F
S31508204EE08DFE240104F1105404F59824EFE700BF41
S31508204EF0F000210870B5044641780078FFF7D2FF04
S31508204F0043B2002561782078DEB2FFF7CBFF43B2A3
S31508204F10B342F6D10135B5F5FA7FF3D10549A27822
S31508204F2020788A5C934214BF01210021FDF79AF963
S31508204F3070BD00BF84310000024B53F82000FFF7F4
S31508204F40D9BF00BF7C310000024B53F82000FFF781
S31508204F50D1BF00BF74310000024B53F82000FFF781
S31508204F60C9BF00BF6C3100000278052A15D84378DE
S31508204F7022B93A2B34BF002021207047511E01291F
S31508204F8005D9032A05D0042A05D0062BF2E7102BCB
S31508204F90F0E70A2BEEE70C2BECE72120704713B538
S31508204FA0837804468BB9012006F03AFA63788DF89F
S31508204FB0043023788DF8053000238DF806300198C3
S31508204FC002B0BDE8104006F05DBA0020ECE700000C
S31508204FD037B5831E5D425D4104468DF80500AD0058
S31508204FE001A88DF80450FFF7BFFF80B98DB94B2C67
S31508204FF004D90B4840F24A2106F000FE240104F1A8
S315082050008C4404F59814636883F00103636003B045
S3150820501030BD044A536A83F001035362F7E700BFA1
S31508205020F000210800C00424354BDFED366AD3F89A
S31508205030102242F04002C3F8102207EE900AD3F855
S315082050401022F4EEE67A42F01002F1EE10FA07EE9C
S31508205050101A82B0C3F8102206DCF0EE086AB4EE05
S31508205060E67AF1EE10FA08D5D3F8102242F020029B
S31508205070C3F81022002002B070479FED237AF4EE81
S31508205080C77AF1EE10FA10D5D3F810226FF303027F
S31508205090C3F81022D3F810226FF38612C3F8102211
S315082050A0D3F810226FF30412E2E777EEC77ADFED22
S315082050B0176A134A87EEA67AF7EE007A77EE277AEA
S315082050C0FCEEE77ACDED017A9DF80430F6EE007A0B
S315082050D077EE277A07EE103AB8EE477AB4EEE77AF3
S315082050E0F1EE10FAC2BFFCEEE77ACDED017A9DF813
S315082050F00430D2F8101263F30301C2F81012B9E78C
S315082051000038042433333340CDCCCC3F0AD7A33DD3
S31508205110D0B50E2800F27C82DFE810F00F005A0086
S315082051209500D00004010F01410171018101900110
S31508205130B701DC010702320254024FF08C43DB69C7
S3150820514003F00703042B41D8DFE803F0033A34378A
S315082051503D00844B9A6C013A052A37D8DFE802F0DD
S31508205160032224222628586C4FF08C43DC69DB69FD
S31508205170C4F3C30413F0005F60D094B107F03AFA81
S31508205180064620460F4607F035FA774B002207F0E9
S31508205190F5F802460B463046394607F0CFFB07F0AE
S315082051A03DFDD0BDD86ADFE7D86BDDE7186BDBE7B6
S315082051B0586BD9E76B4BD869D6E76A4B5869D3E75A
S315082051C0684B9868D0E7674BD868CDE70020CBE7CF
S315082051D04FF08C43DB69C3F3C213042B2CD8DFE8CA
S315082051E003F003251F2228005E4B9A6C013A052AF4
S315082051F022D8DFE802F0030D0F0D1113586C4FF07B
S315082052008C43DC69DB69C4F3832413F0804FB3E74E
S31508205210D86AF4E7D86BF2E7186BF0E7586BEEE735
S31508205220504BD869EBE74F4B5869E8E74D4B9868E0
S31508205230E5E74C4BD868E2E70020E0E7002CB0D041
S31508205240B0FBF4F0ADE74FF08C439B69C3F3C23350
S31508205250052B31D8DFE803F0032124272A2D414BDB
S315082052609A6C013A052A27D8DFE802F0030F110FB6
S315082052701315586C4FF08C439B69C3F3C32213F460
S31508205280F04F8ED0B0FBF2F08BE7D86AF2E7D86BF6
S31508205290F0E7186BEEE7586BECE7324B9868E9E7CE
S315082052A0304B1869E6E72F4B5869E3E72D4BD86949
S315082052B0E0E72C4BD868DDE70020DBE74FF08C438E
S315082052C09B6AC3F34243032B2AD8DFE803F0022064
S315082052D02326244B9A6C013A052A21D8DFE802F0C6
S315082052E0030F110F1315586C4FF08C439A6AC2F3AB
S315082052F0055312F07C7F3FF454AF5B004CE0D86A2C
S31508205300F2E7D86BF0E7186BEEE7586BECE7154B2E
S315082053105869E9E7134B9868E6E7124BD868E3E73C
S315082053200020E1E74FF08C42936903F00703032B33
S3150820533025D8DFE803F0081B1E214FF08C42D36FD7
S31508205340C3F34223F3E7074BD86A91699369D26975
S315082053508C05C3F3C503C2F3007212D5B2B9DBB903
S315082053601FE700BF882B00000000E03F824BD8696A
S31508205370EBE7814B5869E8E77F4B9868E5E700201B
S31508205380E3E71AB9002BB8D140080AE7D9077FF511
S3150820539008AF022B7FF605AFB0FBF3F001E74FF01D
S315082053A08C439B69C3F30263042B00F23181DFE847
S315082053B013F0DF0005001D00200023006E4B9A6CB9
S315082053C0013A052A00F22481DFE812F006000800D7
S315082053D00B0008000D00F700586CE2E6664BD86A09
S315082053E0DFE6D86BDDE6644B186BDAE6624B986825
S315082053F0D7E6614BD869D4E65F4B5869D1E64FF0BA
S315082054008C42936913F4802F5B4B0CBF58699868BC
S31508205410936992691202C3F3C343B3D59FE74FF04A
S315082054208C439A6A12F4806F534A0CBF9069D068ED
S315082054309A6AC2F3C52312F4FC3F5CE74F4A936984
S315082054401B0F062B1FD8DFE803F0040C0F121518C4
S315082054501B00494B58689369C3F3464213F47E0FE1
S315082054600FE7454B186AF6E7434B586AF3E7424B72
S31508205470986AF0E7404BD86AEDE73F4B186BEAE7A6
S315082054803D4BD868E7E70020E5E73C4AD369C3F3F4
S315082054904303052B1CD8DFE803F0030C0F1215185D
S315082054A0354B5868D369C3F34713002B7FF425AFD0
S315082054B077E6314B186AF5E72F4B586AF2E72E4BF9
S315082054C0986AEFE72C4BD86AECE72B4B186BE9E781
S315082054D00020E7E7294A136AC3F34303072B22D898
S315082054E0DFE803F0040C0F1215181B1E224B586810
S315082054F0136AC3F3421213F0E00FC2E61E4B186A72
S31508205500F6E71D4B586AF3E71B4B986AF0E71A4BE8
S31508205510D86AEDE7184B186BEAE7174BD868E7E720
S31508205520154B586BE4E70020E2E7144B1B6BC3F3DB
S315082055304303062B6CD801A252F823F059552008AC
S315082055405F552008655520086B552008DD5320082F
S31508205550E753200871552008074B586821E6064B63
S31508205560186A1EE6044B586A1BE6034B986A18E627
S31508205570014BD86815E600BF882B000000140424C8
S31508205580244B5B6BC3F34303082B41D801A252F883
S3150820559023F000BF595520085F5520086555200877
S315082055A06B552008DD532008E7532008715520083D
S315082055B0B9552008BF552008174B586BF1E5164BEF
S315082055C09869EEE5134AD36AC3F34303062B1DD81D
S315082055D0DFE803F0040A0D10131619000E4B58685D
S315082055E0D36AC3F34713BAE60B4B186AF8E70A4B94
S315082055F0586AF5E7084B986AF2E7074BD86AEFE747
S31508205600054B186BECE7044BD868E9E70020E7E779
S315082056100020C6E500140424882B0000024B1B68D2
S31508205620D3F8BC30184700BF00013000024B1B6876
S31508205630D3F8CC30184700BF00013000024B1B6856
S31508205640D3F8EC30184700BF00013000024B012187
S315082056509B69C0B2184700BFB0310000FFF7F6BFFC
S315082056601346054A126810B4546C0A46A44600210B
S315082056705DF8044B604700BF00013000034B1B6AEE
S3150820568002469B6A02480121184700BF00013000E4
S3150820569000140424104B114A1B7F82B0012BADF84D
S315082056A004000F4BC0B24FF400610DD9116020B928
S315082056B0D3F808220A43C3F808225A68002042F081
S315082056C001025A6002B0704711600028F5D1D3F85C
S315082056D0082242F40062EEE7B031000000E100E063
S315082056E0003804242DE9F04F224B234893F81CE078
S315082056F0224B1A7800231C4602F59875D9B28E4596
S315082057000CD8DFF880800023A8F5107902F5907C64
S31508205710DAB2964509D80020BDE8F08F30F8151082
S315082057208C4238BF0C460133E8E743B929F81C30C8
S315082057300133EDE7B5F820B0594489B20AE00027CD
S315082057401FFA83FABEB2B442F2D900220C4D104693
S3150820575035F8021FA14203D2B142EBD1013292B2EF
S31508205760013080B25045F3D30137002AEAD128F810
S315082057701360DDE7B0310000D0310000AC31000005
S315082057800E34000010340000012800D17047C307EA
S3150820579001D44008F8E700207047034601208342D9
S315082057A008DC00EBD072A3EB6203B3EBA00FB8BF03
S315082057B0400870474000F2E707EE100ADFED087A46
S315082057C0084837EE277AF7EE006AC6EE877AFCEEA7
S315082057D0E77A17EE903A834228BF03461846704761
S315082057E095BFD633404B4C0084B0F0B506AC84E860
S315082057F00E00DFED957A002123AC0DF16B050A46E4
S315082058000B46CEB2B04200F2AF80002B00F0A38048
S31508205810B0EE007AF4EEC77AF1EE10FAB0EE047A1A
S3150820582005DBF4EEC77AF1EE10FA00F1DF80F4EE2C
S31508205830C77AF1EE10FAB0EE087A05DBF4EEC77AED
S31508205840F1EE10FA00F1D880F4EEC77AF1EE10FAEC
S31508205850B1EE007A05DBF4EEC77AF1EE10FA00F124
S31508205860CE80F4EEC77AF1EE10FAB1EE047A05DBB3
S31508205870F4EEC77AF1EE10FA00F1C480F4EEC77A96
S31508205880F1EE10FA07DBB1EE087AF4EEC77AF1EEFC
S3150820589010FA00F1BA80B1EE0C7AF4EEC77AF1EE7E
S315082058A010FAB2EE007A05DBF4EEC77AF1EE10FABA
S315082058B000F1AE80F4EEC77AF1EE10FAB2EE027A73
S315082058C005DBF4EEC77AF1EE10FA00F1A480F4EEC7
S315082058D0C77AF1EE10FA06DBB2EE047AF4EEC77A4E
S315082058E0F1EE10FA6FD4B2EE087AF4EEC77AF1EE3A
S315082058F010FA06DBB2EE0C7AF4EEC77AF1EE10FA5D
S315082059006ED4B3EE017AF4EEC77AF1EE10FA06DB1E
S31508205910B3EE027AF4EEC77AF1EE10FA63D4B3EE58
S31508205920097AF4EEC77AF1EE10FA06DBB3EE0A7AB4
S31508205930F4EEC77AF1EE10FA70D9B3EE0B7AF4EEDC
S31508205940C77AF1EE10FA06DB9FED407AF4EEC77AB5
S31508205950F1EE10FA74D9DFED3E7A9FED3E7A002AF1
S3150820596018BFF0EE477A65E015F8016FA6F1140C1A
S31508205970BCF1020F2F7C0FD894ED007AB4EEE77AAB
S31508205980F1EE10FA03DD0133DBB2F0EE477A0D2F84
S3150820599016D00131043434E7A7F10A0CBCF1020F02
S315082059A00CD894ED007AB4EEE77AF1EE10FA03DD1E
S315082059B00133DBB2F0EE477A182EE9E7182EE6D146
S315082059C00132D2B2E5E7DFED247A9AB39FED217A48
S315082059D0F4EEC77AF1EE10FA23D5F0EE477A29E0ED
S315082059E0DFED1E7AF1E7DFED1E7AEEE7DFED1D7AB1
S315082059F0BAB1DFED187A1DE0DFED1B7AF8E7DFEDA7
S31508205A001B7AF5E7DFED1A7AF2E7DFED1A7AEFE788
S31508205A10DFED197AECE7DFED197AE9E7DFED187A99
S31508205A2042B19FED0B7AF4EE477AF1EE10FA48BFB1
S31508205A30F0EE477ABDE8F04017EE900A04B07047BA
S31508205A40DFED107AECE700BF0000000000004C42B2
S31508205A5095BFD6338BE16A36ACC5A735EFE608364F
S31508205A609F9D42362E5A823301A90C3437F8593471
S31508205A702439EC3434580F35AD186335883E8A35C9
S31508205A80B1B49D36F2DD1C3770B50D461646044670
S31508205A90D0B9FFF7D3FDAA4807222146FFF7E0FD34
S31508205AA0002D40F0AA81012E00F09F810B2C1DD0DD
S31508205AB00C2C40F0F5800520FFF7C0FDA0480722F2
S31508205AC00521FFF7CDFD98E0012818D10220FFF720
S31508205AD0B5FD9B4807220221FFF7C2FD002D76D18E
S31508205AE0012E00F082810B2C40F0DA800320FFF78C
S31508205AF0A5FD072203219248FFF7B2FD96E002286A
S31508205B000ED10420FFF79AFD072204218C48FFF7BF
S31508205B10A7FD002D00F06681012D40F0778155E123
S31508205B20032805D10620FFF789FD07220621EDE780
S31508205B30042805D10820FFF781FD07220821E5E77B
S31508205B40052805D10A20FFF779FD07220A21DDE776
S31508205B5006280CD17B4B20225A601920FFF766FDB8
S31508205B601920FFF75BFD78480E221921B4E707288C
S31508205B701ED1744B20225A601B20FFF757FD1B208D
S31508205B80FFF74CFD0E221B216F48FFF769FD002DFC
S31508205B9000F02881012D40F0D980012E00F01981CE
S31508205BA00C2C21D10520FFF749FD07220521A2E764
S31508205BB0082840F0FD80634B20225A601D20FFF7FD
S31508205BC035FD1D20FFF72AFD0E221D21DCE70B2CB3
S31508205BD01ED0012D40F01A81012E00F0FA800C2CDF
S31508205BE0E0D00D2C00F0C1800E2C50D00F2C6FD099
S31508205BF0102C75D12EE0022D40D0032D52D1012E26
S31508205C0059D00E2C70D00F2C62D0102C30D121E018
S31508205C100320FFF713FD4A4807220321FFF720FD3B
S31508205C20022D2BD0032D03D1012E44D0002070BD88
S31508205C30042D00F0A480052DDAD1012E40F0A38092
S31508205C400720FFF7FBFC07223D481146FFF708FD12
S31508205C50102C5ED13B4B20225A601A20FFF7E6FC17
S31508205C601A20FFF7DBFC38480E221A21FFF7F8FC2A
S31508205C70112C50D0072D5CD1012E88E0012ED5D1CC
S31508205C8069E0012E67D00D2C0FD00E2CBBD1092030
S31508205C90FFF7D4FC2A4807220921FFF7E1FCCAE7C7
S31508205CA00D2C62D00E2C68D1F1E70B20FFF7C6FC2D
S31508205CB007220B211FE70B20FFF7C0FC20480722ED
S31508205CC00B21FFF7CDFC8FE70E2CE0D00F2CB2D19D
S31508205CD00720FFF7B3FC072219481146FFF7C0FC37
S31508205CE0062DC5D1012E4FE00920FFF7A7FC072274
S31508205CF0092100E70920FFF7A1FC114807220921FD
S31508205D00FFF7AEFC7FE70720FFF798FC072211462E
S31508205D10F1E6112C0DD10B4B20225A601C20FFF7DF
S31508205D2085FC1C20FFF77AFC07480E221C21FFF76A
S31508205D3097FC122C2FD0082D7FF478AF012E28E05F
S31508205D4000C004240000304100001346022D7FF4D1
S31508205D5054AF012E99D10520FFF770FC2E48072253
S31508205D600521FFF77DFC0D2CAED10B20FFF766FC35
S31508205D70294807220B21FFF773FC042DA6D1012EF3
S31508205D80B8D00F2CBFD0102C3FF464AF112CC2D042
S31508205D90122C7FF44BAF214B20225A601E20FFF78E
S31508205DA045FC1E20FFF73AFC1D480E221E21A3E6BD
S31508205DB00A287FF475AE0120FFF740FC1648072213
S31508205DC00121FFF74DFC012D7FF415AF012E7FF43D
S31508205DD02DAF0320FFF732FC0F4807220321FFF7D8
S31508205DE03FFC65E6012E7FF421AF0120FFF726FC54
S31508205DF0094807220121FFF733FC0B2C3FF408AF93
S31508205E00012D3FF4E9AE0C2C3FF455AE022D3FF49C
S31508205E1038AF0D2CA9D0F0E600C00424000030418C
S31508205E20000013462DE9F0410F29BDF81850BDF89A
S31508205E301C609DF820809DF824E055D845EA060484
S31508205E40B4F5806F50D22B4C01F1100701F1400CAC
S31508205E5044F8273001F150079A4244F8212024F8C3
S31508205E601C5024F8176041D0B8F1000F17D001F163
S31508205E70300802EB4502C0F8D42144F8282045EA28
S31508205E80C12242F40048C0F8D881D0F8D881C0F899
S31508205E90D821D0F8D82144F82C8044F82720BEF100
S31508205EA0000F02D10020BDE8F08101F1600205EB68
S31508205EB046052B44C0F8D43144F82230CB0203F5EA
S31508205EC08063334343F40042C0F8D82101F17002BD
S31508205ED0D0F8D85144F822508031C0F8D831D0F8BB
S31508205EE0D83144F82130DDE70120DCE742F2021000
S31508205EF0D9E700BFD03100000F2910B528D892B1B4
S31508205F00144A01F1300452F82440C0F8D44101F172
S31508205F10400452F82440C0F8D84101F1500452F800
S31508205F202420C0F8D8218BB10A4B01F1600253F81E
S31508205F302220C0F8D42101F17002803153F82220A2
S31508205F4053F82130C0F8D821C0F8D831002010BD28
S31508205F500120FCE7D031000010B5274B27485A68A6
S31508205F605A6842F001025A60D3F8082242F4806245
S31508205F70C3F8082203F5B4331A68026852BBD3F86B
S31508205F80402442F46752C3F840241D4AD2F802300E
S31508205F90DC05FBD41B4BD3F80427D107FBD5D3F854
S31508205FA00427D207FBD4D3F84824174C174B21686B
S31508205FB01A60930803F4F8530B43910001F07C010F
S31508205FC012020B4302F47832134343F08103236011
S31508205FD0012303600C4B1A680A4BC3F84424084A69
S31508205FE0D2F8023013F48073FAD1034A516863F366
S31508205FF00001516010BD00BF00380424A031000004
S315082060000000052400A00524A8310000A4310000C2
S315082060100F29024610B54FF001000CD8D2F8CC4112
S3150820602000FA01F32343D2F8CC119BB263F30F0194
S31508206030C2F8CC11002010BD0F29024610B54FF02A
S3150820604001000DD8D2F8CC4100FA01F343EA1443F3
S31508206050D2F8CC119BB263F31F41C2F8CC110020B1
S3150820606010BD30B50F299DF80C402CD81F2A2AD8E8
S315082060700F2B28D8012C26D845686D060FD509017F
S3150820608034B14518AC6B44EA835343F08063AB6361
S3150820609001448B6B43EA42438B63002030BD5CB1DD
S315082060A0D0F8081241F40071C0F80812D0F8081286
S315082060B063F34811C0F80812D0F8083262F30403D3
S315082060C0C0F80832E9E70120E8E7000029B9D0F846
S315082060D0083261F3CB23C0F80832064B5B68DB072E
S315082060E041BF43686FF300034360002058BF4FF059
S315082060F0FF30704700380424C1B2024882B002B08B
S31508206100FFF7E4BF003804240F2915D80D4B5A6829
S31508206110520603D4D3F8DC31002B0FDAD0F8DC2171
S3150820612001238B401343D0F8DC219BB263F30F0283
S31508206130C0F8DC2100207047012070474FF4045036
S31508206140704700BF00380424B1F5007F14D2B2F599
S31508206150806F11D243686FF38A234360C36861F363
S315082061601843C360C36862F30903C360436843F4F2
S315082061708063436000207047012070470F2925D887
S31508206180012A05D1436A6FF3D7534362002070472B
S31508206190022A0BD1436A6FF300034362436A6FF303
S315082061A004134362436A6FF3C303EEE7084BD3F83D
S315082061B0DC31002BEADA436A0122C3F3CF138A4083
S315082061C023EA0201436A61F3D613DEE7012070470A
S315082061D0003804240F2903464FF0010014D81A6A00
S315082061E000FA01F189B2186AC2F30F220A4362F350
S315082061F0172018621A6AC2F30F2222EA0102196AC4
S3150820620062F31721196200207047000008B510B103
S3150820621001280ED008BD4FF4006003F0E7FE104BAE
S315082062204FF000725A640F4A137843F00103137033
S31508206230F0E74FF4006003F0F3FE0A4A13786FF391
S3150820624000031370DBB2002BE4D1074B07481B6A07
S315082062500221DB6B9847024B4FF000729A64D9E70C
S3150820626000840424003500000001300000140424B2
S3150820627084B0F0B52DED028B83B00AAC84E80F000C
S315082062805A4D709B0F9CAB61594B9DF8BD61BDF86B
S315082062901C112E77621E9A4280F0A4800FAA012331
S315082062A09E420AD8012E40F081809DF8BC3183B1E8
S315082062B0012911D942F2061071E0174652F8040F47
S315082062C03F68B84200F28E80002800F08B800133A8
S315082062D0E6E7B1F5806FEDD20020FFF797FF04209F
S315082062E0FFF7CCF9434B44485A686FF38A225A6021
S315082062F0DA686FF31842DA60DA68042161F3090272
S31508206300DA605A683D4942F480625A60FEF78CFE8C
S31508206310FFF722FE012E16BF7443A4006400B4F5CD
S31508206320FA4F46D20220FFF7A9F94FF4FA436B60D9
S3150820633003F0F4FF288103F0E5FF288203F0F4FF39
S31508206340C0F30D0307EE103A9FED2D8AB8EEC77AF3
S31508206350830BC7EE086A07EE903AF8EEE77A77EEEF
S31508206360A67AC5ED037A03F0D3FFC0F30D0307EE33
S31508206370103AB8EEC77A830BC7EE086A01A807EE6B
S31508206380903AF8EEE77A002377EEA67A0193C5EDE0
S31508206390057A04F0E7FC003818BF0120404203B014
S315082063A0BDEC028BBDE8F04004B07047731E0F2B7E
S315082063B07FE7144BA4F5FA449C4204D80420FFF73F
S315082063C05DF9114BB3E7114BDC6914F0080407D1CA
S315082063D0022004F0FFF82046FFF750F90C4BA6E7F9
S315082063E00C4BA4E742F20410D9E700BFB0310000F5
S315082063F0A02526000038042433333340CDCC4C4026
S3150820640000007A4400B80B000048E8010000081292
S31508206410005A6202002D310184B070B52DED028B31
S3150820642082B008AC84E80F00574C9DF820206E995E
S31508206430A16108A901EB820154484969544E9DF887
S31508206440B531327001398142237780F09A80012B49
S315082064507AD108AB03EB4202B2F8F4309DF8B421A6
S3150820646022B1012B05D942F2061066E0B3F5806FFA
S31508206470F9D20020FFF7CAFE0420FFF7FFF8454BA4
S3150820648045495A6845486FF38A225A60DA686FF395
S315082064901842DA60DA68042565F30902DA605A6870
S315082064A042F480625A60FEF7BFFDFFF755FD337848
S315082064B008AA02EB830342F228325B69934246D844
S315082064C00220FFF7DBF84FF4FA43636003F026FF58
S315082064D0208103F017FF208203F026FFC0F30D0367
S315082064E007EE103A9FED2E8AB8EEC77A830BC7EED1
S315082064F0086A07EE903AF8EEE77A77EEA67AC4EDC0
S31508206500037A03F005FFC0F30D0307EE103AB8EE41
S31508206510C77A830BC7EE086A01A807EE903AF8EE09
S31508206520E77A002377EEA67A0193C4ED057A04F07C
S3150820653019FC003818BF0120404202B0BDEC028B7E
S31508206540BDE8704004B07047013B0F2B8AE7154A17
S31508206550A3F50C53293B93420BD82846FFF78EF810
S31508206560114BDA6A114B9A4201D1104BADE7104B09
S31508206570ABE7104BDB691B07F9D4022004F02AF895
S31508206580EBE742F20410D8E7B0310000A025260038
S31508206590AC31000000380424CDCC4C403333334092
S315082065A000007A44D6110C00882B00000048E80128
S315082065B0002D31010000081213B50D4BADF804006B
S315082065C04FF40062C3F88020BFF34F8FBFF36F8F5D
S315082065D003220121002004F099FC044628B9012051
S315082065E0FFF714FE204602B010BD4FF0FF30FAE741
S315082065F000E100E04368064A61F349234360D2F884
S31508206600403443EA4143C2F840340020704700BF73
S3150820661000A0052484B02DE9F04F2DED048BEDB0B4
S315082066207AAC84E80F009DF87D3362934FF4C472E8
S3150820663001237DA9684669939DF87C53DFF894A3C6
S3150820664007F07EFC94E80E006298FFF7CDF808EE76
S31508206650900AFFF7B1F8DAF8048007EE900A07EEF9
S31508206660108AF8EE677AB8EE477AB7EE008A88EE8F
S31508206670079A88EE277AC7EE097A17EE900A05F068
S31508206680DBFF09F04DFA06F0C9FAC8EE897A84B21A
S3150820669017EE900A05F0D0FF09F042FA06F0BEFA86
S315082066A086B2B44208BF01347F9F08BFA4B2002D2A
S315082066B065D1B8FBF4F3AAF80060AAF80240DFF81F
S315082066C018A363930DF5FC7B5146AAF25E284FF07A
S315082066D00209629AEBB29A4200F2C880B74DDFF8F7
S315082066E0F4B2FEF7FFFF224631462846FFF72CFD77
S315082066F001212846FFF77EFF6B68B14E43F0006301
S315082067006B606B6843F040036B606B686FF3410303
S315082067106B603323C5F8E4316B6843F004036B6080
S31508206720D5F8DC3143F00043C5F8DC310DF2DA2325
S31508206730659306F18103A6AF06F13E0A66930DF529
S31508206740F47800246791629AE3B29A4200F2D780DD
S315082067509C4B6A9300229C4B6B9369A9104604F0C4
S3150820676039FB10B1452840F0258169996AAA00208D
S3150820677004F09EFB003818BF0120404269E02046FD
S3150820678005F048FFB8FBF7F780463846894605F0F6
S3150820679031FF02460B464046494606F017FA0028BE
S315082067A05ED1AAF80060AAF80240224631468348FC
S315082067B0FFF7CAFC01218148FFF71CFF7F4B5A6867
S315082067C042F000625A605A686FF386125A606A1E4F
S315082067D0012A5A684FF0000194BF42F0020265F37D
S315082067E041025A60C3F8E4115A6842F004025A601A
S315082067F0D3F8DC2161F3DF72C3F8DC219DF8E921A7
S315082068009DF83C029DF84C125AB1D3F8084262F31F
S315082068104924C3F80842D3F8084261F34814C3F858
S315082068200842664CD4F8083260F30403C4F80832E8
S31508206830FFF72AF92A4600212046FFF79FFCBAF8D7
S315082068400220DAF80430B3FBF2F3604A0020C2F8DB
S3150820685080326DB0BDEC048BBDE8F04F04B07047B4
S31508206860BAB2AAF80060AAF802209FE79DBB639BEC
S31508206870B3FBF7F39BB2012B8CBFA8F86032A8F8BC
S315082068806092629B012B08D04A881046FEF77CFF4F
S3150820689018B91046FEF781FF4880DFED4D7A52463B
S315082068A000231FFA85FC32F8020F07EE100AB8EE0D
S315082068B0477A0133C8EE076A9BB2634577EEA67A14
S315082068C0F1D9F4EEC87AF1EE10FA0DDC0135023171
S315082068D00BF1040BFDE6DBE90032B3FBF2F20B8881
S315082068E013FB02F34B80CCE75246002332F8020F03
S315082068F001339BB2400063451080F7D9E6E798F844
S31508206900549098F86430649318F8013F6393009381
S315082069104A462146649B2846FFF7A3FB36F8021F02
S31508206920328C012A08D0A30003F1105303F58723DC
S31508206930A3F83811C3F8782121462846FFF7E4FB47
S31508206940DDE963214846FFF79FF821462846FFF7E9
S3150820695073FB659B33F8029F6593679BCDE9009986
S31508206960CDE902332146D7F8A4307A6E2846FFF7B8
S3150820697059FA21462846FFF74BFB0022214628468E
S31508206980FFF7FCFBBBF80220DBF80430B3FBF2F37D
S31508206990328CB3FBF2F34AF8043F57F8043FA6F8C3
S315082069A0D090CAF85030669B639A03F8012F0134B9
S315082069B06693C8E64FF0FF304BE700BF0038042443
S315082069C00E3400004D5620085D562008D0310000B0
S315082069D000000000B03100002E34000084B02DE9FC
S315082069E0F04F2DED048BEBB078AC84E80F002146F0
S315082069F09DF87533DFF810A311F80C8B62934FF4CA
S31508206A00C4720123684667939DF874638AF80080E8
S31508206A1007F096FA94E80E006298B44DFEF7E4FE65
S31508206A2008EE900AFEF7C8FED5F804B007EE900ADD
S31508206A3007EE10BAF8EE677AB8EE477AB7EE008A0C
S31508206A4088EE079A88EE277AC7EE097A17EE900A13
S31508206A5005F0F2FD09F064F806F0E0F8C8EE897A48
S31508206A6084B217EE900A05F0E7FD09F059F806F00A
S31508206A70D5F887B2BC4204BF0134A4B2002E55D142
S31508206A80BBFBF4F378AA649308F1040302EB8303AF
S31508206A9097492F806C800DF5F8796593629AF3B241
S31508206AA09A4200F2C180934EFEF71CFE22463946D2
S31508206AB03046FFF749FB01213046FFF79BFD7368F7
S31508206AC08D4C43F000637360736843F04003736032
S31508206AD073686FF3410373603323C6F8E431736830
S31508206AE043F004037360D6F8DC3143F00043C6F85C
S31508206AF0DC310027629AFBB29A4200F207817F4B6B
S31508206B00689300227E4B699367A9104604F062F9C0
S31508206B1010B1452840F07B81679968AA002004F0C7
S31508206B20C7F9003818BF0120404271E078AB03EB63
S31508206B3088082046D8F81430BBFBF3FB05F06AFD1D
S31508206B4080465846894605F055FD02460B4640467E
S31508206B50494606F03BF8002861D12F806C802246F2
S31508206B6039466448FFF7F0FA01216248FFF742FDEB
S31508206B70604B5A6842F000625A605A686FF3861270
S31508206B805A60721E012A5A684FF0000194BF42F0DB
S31508206B90020266F341025A60C3F8E4115A6842F0C9
S31508206BA004025A60D3F8DC2161F3DF72C3F8DC21D2
S31508206BB09AF8002002F5F0726A4492F8540092F886
S31508206BC0641052785AB1D3F8084262F34924C3F8BC
S31508206BD00842D3F8084261F34814C3F80842454FDF
S31508206BE0D7F8083260F30403C7F80832FEF74CFFDB
S31508206BF09AF80040324621463846FFF7BFFAA034B5
S31508206C006A886B68B3FBF2F33B4A42F824300020CB
S31508206C106BB0BDEC048BBDE8F04F04B070471FFA8B
S31508206C208BF22F806A809BE708F59873DFF8C8B047
S31508206C306393002E50D1659B649A5B68B2FBF3F38D
S31508206C409BB2639A012B98BF02232BF81230629BC2
S31508206C50012B08D04A881046FEF796FD18B910462B
S31508206C60FEF79BFD488078AB03EB4803B0B2B3F838
S31508206C70F430012B01BF08F598723BF812309B08B7
S31508206C802BF81230639B3BF8133007EE903AF8EE58
S31508206C90677A002288EE277ADFED1A7A01321FFA00
S31508206CA082FC844577EE877AF8D9F4EEC87AF1EE35
S31508206CB010FA0CDD002201321FFA82FC5B008445A3
S31508206CC09BB2F8D90C4808F5987220F8123001368C
S31508206CD0023109F10409E1E6D9E90032B3FBF2F2FF
S31508206CE00B8813FB02F34B80B1E700BFB0310000DD
S31508206CF02E34000000380424D03100004D562008D8
S31508206D005D56200800000000AC3100009AF80010FB
S31508206D10639101F5F0736B44304693F8548093F8E9
S31508206D20649093F801B0CDF800B04B464246FFF781
S31508206D3098F9639901F5907334F8130001F598735F
S31508206D4034F81320012A08D08B0003F1105303F5D9
S31508206D508723A3F83801C3F878213046FFF7D4F9FA
S31508206D605A4649464046FEF78FFE9AF80080304636
S31508206D704146FFF761F978AB03EB480378AAB3F8E5
S31508206D80F43002EB88000122CDE90222CDE9003356
S31508206D904146D0F85431D0F814213046FFF742F84E
S31508206DA09AF8008030464146FFF732F941460022DC
S31508206DB03046FFF7E3F908F1A00269886B68B3FB50
S31508206DC0F1F308F59871013734F81110B3FBF1F394
S31508206DD044F8223078AA02EB480208F5C473B2F8C0
S31508206DE0F42024F8132078AA02EB880208F1B403C9
S31508206DF0D2F8B42044F8232008F5F07204EB0803EF
S31508206E000DEB020898F8012083F8C02272E64FF0AD
S31508206E10FF30FDE6D0F8E03143F00103C0F8E03159
S31508206E20002070472DE9F341374B9A6A0192019A5F
S31508206E3016020DD5426A1502C2F3C05008D45A6A02
S31508206E4042F400025A62314B9B690421984718E0A4
S31508206E50019BDC0709D52C4A136A43F00103136208
S31508206E602A4B05219B690020F0E7019C14F08074C9
S31508206E700BD02548012100F095F8254B02201B68E8
S31508206E809847002002B0BDE8F0811F4B5A6850068B
S31508206E9003D4D3F8DC31002B24DA1E4D1A4E1B4FAF
S31508206EA0019BE21DD340D90717D521463046FFF767
S31508206EB091F92B785FFA84F8B3FA83F2520941469E
S31508206EC03046FFF719F8BB6913B1002140469847A9
S31508206ED02B78B3FA83F35B092B700134102C05F158
S31508206EE00105DDD1084B5A689207CAD4D3F8DC11BC
S31508206EF0C90FC6D15A6842F004025A600198034B5A
S31508206F00C0B29B69A2E700BF00380424B031000054
S31508206F1004350000903100000148FFF783BF00BF09
S31508206F2000380424030548BF20F40060174B58BFD7
S31508206F3040F40060D1B11A8A93ED057A821A07EED9
S31508206F40902AF8EEE77A67EE877AFDEEE77A17EE6B
S31508206F50903A18B2B0F5805F11DA002812DDB0F544
S31508206F60006F10DBA0F5006000B270471A8993ED18
S31508206F70037A821A07EE902AF8EEE77AE3E740F6D4
S31508206F80FF70EFE7002000F50060EDE7B031000064
S31508206F90406921B11146C0F30B00FFF7C3BFC0F308
S31508206FA00B007047436A01291DBF43F00203436261
S31508206FB0436A43F0807318BF43F0040343620020FA
S31508206FC070472DE9F04F92F806C092F802A0537840
S31508206FD0D5781679577992F807E092F8088092F8CA
S31508206FE0099092F80AB0D47A127802B35B0643EA7B
S31508206FF04B7343EA8A5343EA495343EA085343EA1D
S315082070004E4343EA0C4343EA47330901026843EAFD
S31508207010C62301F1105143EA852301F5872142F061
S31508207020004243EA44230260CB63BDE8F08F02683E
S315082070306CF3C712026002686AF34F320260026874
S3150820704063F313420260036865F341030360036830
S3150820705066F383030360036867F306130360036814
S315082070606EF30A230360036868F3CB23036003687F
S3150820707069F30C33036003686BF3145303600368E6
S3150820708064F300030360D0E710B4034C2468646CEF
S31508207090A4465DF8044B604700013000024B1B688C
S315082070A0D3F8B830184700BF00013000024B1B68E0
S315082070B0D3F8C030184700BF00013000024B1B68C8
S315082070C0D3F8C830184700BF00013000024B1B68B0
S315082070D0D3F8E830184700BF00013000072806D942
S315082070E0102834BF02230423024A13707047012351
S315082070F0FAE700BF0E35000038B590F8343003F0B3
S31508207100FD03012B044616D1006805699DB9E26A7C
S31508207110937113680BB9012038BD084A821A504268
S315082071205041C00740F004009847E36A9A79002A3C
S31508207130F1D09D71EFE70020EEE700BF0008042498
S3150820714073B5CB6ADE7916F001060C464FF00005BA
S3150820715040F093819E809E7118601C22206B3146D8
S3150820716006F02EFE94F834305A1E012A00F2388191
S31508207170E368587840280CD94038C0B2FFF7A6FFF4
S31508207180E36895485A78403A0623D2B23146FFF743
S315082071907BFFE16891488B784A780978FFF774FF76
S315082071A0E368D87808B1FFF781FFE3685878FFF7D6
S315082071B085FFE3685878A0F11903052B01D8FFF756
S315082071C06DFF23693BB3587840280CD94038C0B2A4
S315082071D0FFF77CFF236980485A78403A0623D2B2C3
S315082071E00021FFF751FF21697C488B784A78097876
S315082071F0FFF74AFF2369D87808B1FFF757FF2369B5
S315082072005878FFF75BFF23695878A0F11903052BF7
S3150820721001D8FFF743FF63693BB3587840280CD958
S315082072204038C0B2FFF752FF63696B485A78403A34
S315082072300623D2B20021FFF727FF616967488B78BA
S315082072404A780978FFF720FF6369D87808B1FFF7ED
S315082072502DFF63695878FFF731FF63695878A0F1E5
S315082072601903052B01D8FFF719FFA3693BB35878F3
S3150820727040280CD94038C0B2FFF728FFA3695648E2
S315082072805A78403A0623D2B20021FFF7FDFEA169BB
S3150820729052488B784A780978FFF7F6FEA369D8789A
S315082072A008B1FFF703FFA3695878FFF707FFA3691B
S315082072B05878A0F11903052B01D8FFF7EFFEE369EB
S315082072C03BB3587840280CD94038C0B2FFF7FEFEA9
S315082072D0E36941485A78403A0623D2B20021FFF79B
S315082072E0D3FEE1693D488B784A780978FFF7CCFECA
S315082072F0E369D87808B1FFF7D9FEE3695878FFF72C
S31508207300DDFEE3695878A0F11903052B01D8FFF7AC
S31508207310C5FE6368587840280CD94038C0B2FFF7B4
S31508207320D5FE63682C485A78403A0623D2B2002103
S31508207330FFF7AAFE616829488B784A780978FFF70B
S31508207340A3FE6368D87808B1FFF7B0FE636858785B
S31508207350FFF7B4FE63685878A0F11903052B01D806
S31508207360FFF79CFEA368587840280CD94038C0B24D
S31508207370FFF7ACFEA36818485A78403A0623D2B2DB
S315082073800021FFF781FEA16814488B784A7809788E
S31508207390FFF77AFEA368D87808B1FFF787FEA368B7
S315082073A05878FFF78BFEA3685878A0F11903052BA8
S315082073B001D8FFF773FE636A13B9A36A002B59D065
S315082073C0002301A8019303F0CDFC002852D04FF0EA
S315082073D0FF3002B070BD00BF00C004240000134671
S315082073E0032BE8D1E3685878FFF770FEE168244854
S315082073F08B784A780978FFF747FE236903B15D78C9
S31508207400636903B15D78A36903B15D7804238DF8B8
S31508207410043000238DF8063004F0D6F80028D6D19B
S315082074208DF80550019804F02DF80028CFD1154B7A
S315082074301D702D0105F1105505F5982501236B6062
S315082074406B68012BFCD163685878FFF73FFE6168AB
S315082074500B484A788B780978FFF716FEA368587880
S31508207460FFF734FEA16806488B784A780978FFF733
S315082074700BFEA0E7E36A0122DA710020A9E700BF24
S3150820748000C004240C3500000268002310B5936060
S31508207490C26AD3710446D0E9093003B980B1017FA5
S315082074A003220131002003F031FD50B9A36A197F68
S315082074B00322013103F02AFD003818BF012040427B
S315082074C010BD4FF0FF30FBE738B50C4620B1022837
S315082074D034D06FF0030038BD91F92030002B0DDB36
S315082074E05A09012103F01F03994002F12003384A63
S315082074F042F82310BFF34F8FBFF36F8F2268002304
S315082075009360E26A9380937194F92030002B09DB0B
S315082075105A09012103F01F03994002F160032C4AFE
S3150820752042F823101C22206B002106F049FCE26A4F
S31508207530D37923F00203D3710020CCE7CB6ADB7919
S31508207540DA0741D59B07F7D491F83410012923D1BE
S31508207550204B94F83820DB694FF08C40D3F8A8509C
S31508207560E36BA847E36A00229A809A71DA7942F097
S315082075700202DA7194F92030002BDDDB03F01F01BB
S315082075805B099B0003F1604303F5614301228A40AE
S31508207590C3F880211A60CFE7022909D10D4BDB6990
S315082075A00122D3F8E43003214FF08C409847D9E7DD
S315082075B00329D7D1074B94F839201B6A06485D69F9
S315082075C0A38F0121A847CDE74FF0FF3083E700BFFF
S315082075D000E100E000013000001404242DE9F04108
S315082075E088468AB017461C460646002800F0F280D0
S315082075F0002900F0EF80002A00F0EC80DB6ADA79B7
S31508207600520740F1D6801B79002B40F0E6802046B1
S31508207610FFF772FD0546002840F0E280E36A012262
S315082076209A809871236BC3E90186C3E9030023680E
S31508207630196860F3092119609A6094F83420616A00
S315082076401E6802F0FD02012A1AD1C6F30446002953
S3150820765040F0A580A16A002957D13046FFF73EFDA4
S31508207660614B226B1B787B43136094F83430032BD1
S3150820767000F0A4802268D36A43F01F03D3628CE00B
S3150820768006F00F060029E5D0072E00D90125DA6C69
S31508207690DFF858C142F00102DA645A6D00206FF310
S315082076A003025A658DF827000A7F0132009260335B
S315082076B00A68CDF804C0CDE903380323CDE905359A
S315082076C04FF48173ADF824304B69DFF824C1CDF827
S315082076D008C06946CDE907578DF8263003F07AFBAE
S315082076E008B1452865D1009901AA002003F0E0FBDE
S315082076F000285ED1009903AA03F04CFC002858D133
S31508207700636A197F013103F07FFDA16A002941D000
S31508207710072E4CD90F2E8CBF022501252368334E00
S31508207720DA6C42F00202DA641A6D012060F3030271
S3150820773000201A658DF827000A7F013200920A6810
S3150820774001962B4E0296266B6033B6680396CDE9D2
S3150820775004350323CDE9063540F20113ADF824306C
S315082077604B69089769468DF8263003F033FB08B134
S3150820777045281ED1009901AA002003F099FBC0B91B
S31508207780009903AA03F006FC98B9A36A197F013168
S3150820779003F03AFD002003F053FD00200BE0072EEE
S315082077A07FF675AF0F2E7FF671AF02256FE700259E
S315082077B0B4E74FF0FF300AB0BDE8F0810D4B1B78D7
S315082077C01B0103F1105303F5982359605A68002AC0
S315082077D0FCD14FE76FF00400EDE76FF00100EAE710
S315082077E06FF00300E7E700BF0E350000C54B200801
S315082077F0C74B20080C350000C36ADB79024613F014
S3150820780004001CBF136BD868704700002DE9F341AC
S315082078101446984AE56A9DF820E095F807C082F84C
S3150820782000E01CF0020F064604D14FF0FF3002B0EC
S31508207830BDE8F0812768904A9742C0B211D1012845
S3150820784000F0D881142814D1BB6C01931C22206B1C
S31508207850019B002106F0B4FAE36A00221A7100207F
S31508207860E5E7864A974202D0854A9742EAD1022816
S31508207870E6E72A79002A40F0C081BA6013283AD868
S31508207880DFE810F014001D002F00BE01BE013900EC
S3150820789039003900390039003900390039003900F2
S315082078A03900390027007B0080008300AB682CF064
S315082078B0040C23F0FF03AB6085F807C0CFE7AA685E
S315082078C022F0FF0242F001024CF0040CAA6085F86F
S315082078D007C0B3FBF1F07B69C0B260F30F037B618D
S315082078E009E0AB6823F0FF0343F002034CF0040CD5
S315082078F0AB6085F807C0AB68DAB2012A0ED106F468
S31508207900C012B2F5801F00F0F58000F29980002A97
S3150820791000F0A080B2F5002F00F0A180E26A9368FB
S31508207920D9B2022913D123F4001316F4001F936049
S3150820793040F08D8023695B784BB963695B7833B9EE
S31508207940A3695B781BB9E3695B78002B7FD006F4C3
S31508207950E063B3F5407F00F03A8100F2DE80B3F5AC
S31508207960807F00F02181B3F5007F00F02681002B6F
S3150820797000F0DE806FF0070059E77A6992B2B3FB10
S31508207980F2F054E7236B198369E7AB68D8B201286C
S315082079907FF44BAF03F4C01359BBB3F5801F11D145
S315082079A094F8342002F0FD03012B06D13A6903FA34
S315082079B00EF322EA03033B6151E7022A7FF44FAF15
S315082079C039614CE7BEF1030F05D8DFE80EF0020C4B
S315082079D00E1023695A782B4B1B685C6801232A48AA
S315082079E00021A0473BE76369F4E7A369F2E7E36967
S315082079F0F0E7B3F5801F0FD194F8342002F0FD0389
S31508207A00012B04D13A6903FA0EF31343D3E7022A6A
S31508207A107FF425AF386122E7BEF1030F05D8DFE8EA
S31508207A200EF002090B0D23695A78164B1B685C6801
S31508207A300023D4E76369F7E7A369F5E7E369F3E782
S31508207A40B2F5C01F7FF46AAF23F4C013AB606FF0A2
S31508207A500A00ECE63A6123F4C013AB605EE723F430
S31508207A60C013AB60BEF1030FF1D8DFE80EF00F3D6F
S31508207A703F4100BF0D3500000000014500000244CB
S31508207A800008042400013000000013462369D87832
S31508207A905D7808B1FFF70AFB002DD8D0402D07D90D
S31508207AA0A5F140025B480623D2B20021FFF7ECFA83
S31508207AB0594F5A48002319462A46FFF7E5FA3B68E4
S31508207AC05648D3F80080002319462A46C0473B6803
S31508207AD052485F682A4601230021B847E26A93681C
S31508207AE043F40023936019E76369D0E7A369CEE7D7
S31508207AF0E369CCE7226923F4C013AB6052784AB90C
S31508207B006269527832B9A26952781AB9E26952780A
S31508207B10002A9CD043F480139FE7B3F5806F5BD08F
S31508207B20B3F5A06F7FF426AF236802211A6856E0C2
S31508207B302268116863F3C7111160116863F386110F
S31508207B40116094F8342002F0FD02C6F30533012AA9
S31508207B50A3F1040146D11C2955D821680868013BA0
S31508207B6063F3144016F4802608604FD123681968F9
S31508207B7066F3CB211960196866F35651196019689E
S31508207B8066F305111960996966F303019961D96944
S31508207B9066F30301D961012ADA6A0CBF22F03F0293
S31508207BA022F01F02DA625AE623681A686FF3C712B0
S31508207BB01A601A6842F0400207E023681A6842F001
S31508207BC080021A601A686FF386121A60B9E723686A
S31508207BD01A6842F08002EBE723681A68012161F3EC
S31508207BE00512F2E70C290ED821680868013B63F3D1
S31508207BF00300B7E76FF0030019E66FF0010016E6F9
S31508207C006FF0060013E66FF0080010E66FF0090023
S31508207C100DE600BF00C00424000130000000134612
S31508207C20C26A5379117990795B0001F0010103F05A
S31508207C30020380000B4300F004001843704700003D
S31508207C40F7B50268136B916A0446906C019013F09D
S31508207C500E0F01980BD0936B0093D36B0093136C84
S31508207C600093009BE36A01225A71022024E00D0743
S31508207C7040F18980D80640F18680216B4868002823
S31508207C807FD0CB680D68AB42EFD26A4D2D78012D97
S31508207C903FD192F860205D1CCD60C254236BD96811
S31508207CA01A6891425ED32268D36A23F01003D362FE
S31508207CB0E36A00221A710120E36A1A68002A60D052
S31508207CC023685D498B4200F0B08001F57F018B4225
S31508207CD000F0AD805949591A4B424B415B0040EAA6
S31508207CE08370904794F83430032B0BD1544B1B7870
S31508207CF01B0103F1105303F5982301225A605A6891
S31508207D00012AFCD1E36A1A79002A3AD000221A718C
S31508207D1037E0022D0BD1126E5D1CCD60C254236B49
S31508207D20D96858684D1CDD60120A4254B6E7042DFE
S31508207D30B4D1126E5D1CCD60C254236BD9685868C5
S31508207D404D1CDD60130A4354236BD96858684D1CB3
S31508207D50DD60130C4354236BD96858684D1CDD60CD
S31508207D60120EE2E794F8342002F0FD02012A08D127
S31508207D709B6833B92368A5221A662268936ADF07A7
S31508207D80FCD403B0F0BD4E07FBD5DD07F9D5216B32
S31508207D908D68002DF5D00B6908688342BFF465AF5E
S31508207DA02448007801281ED1581C0861EB5C82F80B
S31508207DB0603094F8343003F0FD03012B03D1226898
S31508207DC0936AD807FCD4236B1A691B689A42D8D3BE
S31508207DD02368DA6A22F00102DA621B68C3F30123F8
S31508207DE0012BCED164E7022809D15E1C0E61E85C1E
S31508207DF002330B61AB5D40EA03231366D9E70428F7
S31508207E00D7D15E1C0E61981CEF5C086115F806C078
S31508207E10DE1C0E61285C043300040B61AB5D40EA6E
S31508207E200C20384340EA0363E7E7002357E701239A
S31508207E3055E700BF0E350000000002440008042460
S31508207E400C350000F0B55C4B154600228BB00E466B
S31508207E501A600746002800F0A680002900F0A380B3
S31508207E60EB6ADA79520703D44FF0FF300BB0F0BD36
S31508207E701B79002B40F09A802846FFF73DF90346E8
S31508207E80002840F09680EA6A0121918090712A6B39
S31508207E902C68C2E90107C2E90300226861F30922B6
S31508207EA02260A16095F83420A96A02F0FD02012A11
S31508207EB016D12268C2F30442104600295FD1FFF783
S31508207EC00DF93E4B2A6B1B787343136095F83430B3
S31508207ED0032B5BD02A68D36A43F00303D3624CE0B2
S31508207EE0236803F00F0318460029E8D0072B94BF10
S31508207EF000230123E26CDFF8CCC042F00202E264E0
S31508207F00226D012060F3030222650A7F6034013264
S31508207F1000920A68CDF804C0CDE904430324CDE9CC
S31508207F20064340F20113DFF8A0C0ADF824304B69B0
S31508207F30089600206946CDE902C78DF827008DF8F6
S31508207F40263002F047FF08B145288DD1009901AAAD
S31508207F50002002F0ADFF002886D1009903AA03F07D
S31508207F6019F8044600287FF47FAFAB6A197F0131E0
S31508207F7003F04AF9204603F063F9002076E7072A3A
S31508207F80B8D90F2A8CBF02230123B3E70C4B1B78E1
S31508207F901B0103F1105303F5982300225A605A68EF
S31508207FA0002AFCD196E76FF004005FE76FF0010026
S31508207FB05CE76FF0030059E7083500000E3500002E
S31508207FC00C350000C54B2008C74B20082DE9F04189
S31508207FD0904B144600228AB00F461A608046002825
S31508207FE000F00F81002900F00C81E36ADA79520744
S31508207FF040F1F3801B79002B40F006812046FFF7DD
S315082080007BF80246002840F00281E36A0121987134
S315082080109980236BC3E90180C3E9030023681868A4
S31508208020022666F309201860996094F83400616A7C
S315082080301D6800F0FD00012823D1C5F3044549BB7E
S31508208040A66A002E69D12846FFF748F8724B226B9C
S315082080501B787B43136094F83410032940F0C280C0
S315082080606E4B1B781B0103F1105303F598235E60B2
S315082080705A68002AFCD12368DA6A42F01C02DA62BE
S31508208080B7E005F00F050029DAD0072D40F2A080C9
S31508208090012604E0072D40F29B800F2DF8D9DA6CD3
S315082080A0DFF880C142F00102DA645A6D00206FF3CE
S315082080B003025A658DF827000A7F01320092603341
S315082080C00A68CDF804C0CDE903380323CDE905367F
S315082080D04FF48173ADF824304B69DFF84CC1CDF8E5
S315082080E008C06946CDE907678DF8263002F072FE8A
S315082080F008B1452871D1009901AA002002F0D8FEBE
S3150820810000286AD1009903AA02F044FF002864D106
S31508208110636A197F013103F077F894F8343003F055
S31508208120FD03012B4FD1A66A002E4CD0072D51D91D
S315082081300F2D8CBF4FF002084FF001082568EB6C15
S3150820814043F00203EB642B6D012262F303032B65D4
S315082081501C22002103A805F033FE337F3049013362
S315082081600093304B326801932F4B02932F4BDB69D8
S31508208170089713F0080F274B18BF0B4603930323C2
S31508208180CDE9063840F20113ADF8243073698DF82D
S315082081902630603569460020CDE9045802F01AFEDB
S315082081A008B1452819D1009901AA002002F080FEBD
S315082081B098B9009903AA02F0EDFE70B9A36A197F4F
S315082081C0013103F021F8002003F03AF8002006E0F8
S315082081D0164664E74FF00008B0E74FF0FF300AB0C4
S315082081E0BDE8F0812368DA6A012942F01C02DA62C6
S315082081F0ECD1A52283F860202268936ADB07FCD499
S31508208200E4E76FF00400EAE76FF00100E7E76FF0B4
S315082082100300E4E7083500000E3500000C350000A1
S3150820822020030624C54B2008C74B20080000081247
S31508208230054B9A689107FCD45A689207F9D4DA69EB
S31508208240002AF6D1704700BF008C0424064B1A6A10
S3150820825061F397421A621A6A60F34C221A621A6A02
S315082082609204FCD5704700BF00800424024B0122EB
S31508208270C3F80421704700BF008C0424074B5A68B2
S31508208280012A0AD102221A61DA699207FCD401224C
S31508208290C3F804229A60FFF7CBBF7047008C0424EA
S315082082A010B5094CFFF7C4FF6368012B03D1FFF70C
S315082082B0E5FFFFF7BDFF054A936843F480339360D3
S315082082C00378E36010BD00BF008C04240000304111
S315082082D010B101281CD070474A680B7812B1127861
S315082082E043EAC2034A7843EA42038A6812B11278FB
S315082082F043EA82138A7843EA8203CA6812B112785B
S3150820830043EA4223104A9364936D002BFCD17047AD
S315082083104A680B7812B1127843EAC2034A7843EACC
S3150820832042038A6812B1127843EA82138A7843EAAA
S315082083308203CA6812B1127843EA4223024A936634
S31508208340936F002BFCD17047008C042410B10128B0
S3150820835004D07047034BC3F844117047014BC3F848
S3150820836064117047008C042410B1012804D070478A
S31508208370034BC3F844127047014BC3F86412704785
S31508208380008C042410B1012804D07047034BC3F88D
S3150820839040127047014BC3F860127047008C0424C2
S315082083A018B1012804D000207047034B186C704779
S315082083B0014B186E704700BF008C042418B10128A1
S315082083C00BD00020704711B1012903D07047074B05
S315082083D0D86C7047054B186D704721B10129F0D12B
S315082083E0024B186F7047014BD86E7047008C0424D7
S315082083F010B101280CD070470B4B29B1012905D0A3
S315082084009A6D002AFCD17047DA64F9E71A65F7E70E
S31508208410054B29B1012905D09A6F002AFCD170474E
S31508208420DA66F9E71A67F7E7008C0424044B4FF459
S3150820843080625A60034B4FF480021A60704700BF6F
S315082084400000081200E100E0094B4FF48002C3F84F
S315082084508020BFF34F8FBFF36F8F064B4FF4806298
S315082084609A601A60044AD36B43F48063D3637047D7
S3150820847000E100E0000008120081042410B4034C37
S315082084802468646CA4465DF8044B604700013000FC
S31508208490024B1B68D3F8B830184700BF00013000DC
S315082084A0024B1B68D3F8C030184700BF00013000C4
S315082084B0024B1B68D3F8C830184700BF00013000AC
S315082084C0024B1B68D3F8E830184700BF000130007C
S315082084D0014BDB685B69184700013000F0B543683B
S315082084E085B00024B3F1884F01940546029403947D
S315082084F00BD0774A934208D0764A934200F0D1802F
S31508208500754C181B4442444164009A680192019AAA
S3150820851002F00602062A4FEA84742CD15B6902937C
S31508208520029B990710D56A6913686BB101215171AD
S31508208530202098476B6993F82820032A04D193F8BA
S3150820854026300BB144F01004029B5A0707D56A69F6
S31508208550136823B1012111724FF400709847029BCA
S315082085601B0740F1A0806A69136823B10121D171E4
S315082085704FF480709847019B9E071DD56B691E692D
S3150820858010201A6A6968964209D09F690138BF5C2B
S315082085900F6002F101021A62F3D196420CD14A68A1
S315082085A022F002024A60002283F826201B681BB1AB
S315082085B044F0010420469847019B580738D56B6933
S315082085C01A68002A34D06A685169C90725D51168FE
S315082085D05A69DB69D1546B69DA69D96801328A42EA
S315082085E0DA611AD169684A6822F001024A6093F86A
S315082085F02820023A0021012A197164D893F82720E5
S3150820860083F82710022A5ED0032A59D0012A01D1DD
S3150820861044F001041B68204698476B691A683AB1EA
S31508208620D969DB68994203D044F040042046904734
S31508208630019B1A074AD16B689B6903936B78DB0603
S3150820864008D5039BDF0705D56B6944F480641B684E
S31508208650204698476B785E0608D5039B980705D56C
S315082086606B6944F400641B6820469847AB78D907A1
S3150820867008D5039B5A0705D56B6944F400541B6833
S315082086802046984795F90130002B1FDA039B1B07D4
S315082086901CD56B691B6844F4805005B0BDE8F040D2
S315082086A01847012431E7029BDF067FF564AF6A6924
S315082086B01368002B3FF45FAF01219171802059E7A1
S315082086C044F00404A6E744F00204A3E705B0F0BD8D
S315082086D000010044000002450018042430B5044671
S315082086E00AB3B0F5E10F1ED853688025DD608900EE
S315082086F0B1FBF0F1D3F8C0006FF30500C3F8C00052
S31508208700002018605860D860DD60C1F387151D60A9
S31508208710C1F3873501F03F015D60C3F8C010D8600A
S315082087205369DC6230BD40F20160FBE72DE9F7436F
S315082087304E69DDF8289096F8295015F001050C4663
S31508208740174698466ED1C6E90005357286F8265032
S3150820875086F824504B68B3F1884F02D0354A9342A5
S3150820876012D1354B10229A60344BA26BDB690192E9
S3150820877094F834200092D3F8A45094F83C2000238F
S3150820878001214FF08C40A84762682D4B9A4215D19B
S3150820879003F15F4303F5213310229A60274BA26B1E
S315082087A0DB69019294F834200092D3F8A45094F807
S315082087B03C20012319464FF08C40A8476268214B7C
S315082087C09A4210D103F5D8434FF400125A641B4B32
S315082087D0228F1B6A0092DD6994F83C2094F8353084
S315082087E019480121A847E3680BB92369B3B165681D
S315082087F0B5F1884F08D00F4B9D4205D0104B9D42AE
S3150820880002D0104B9D4211D10C4BDB684A461D689D
S315082088100B9B41463846A847C9F8000063690122E0
S3150820882083F82920002003B0BDE8F0834FF0FF30FD
S31508208830F9E700BF00010044008404240001300049
S3150820884000000245001804240014042438B543689F
S31508208850B3F1884F04460D4602D01F4A934207D1EA
S315082088601E4BDB690021D3F8E8304FF08C4098473F
S3150820887062681B4B9A4207D1184BDB690121D3F852
S31508208880E8304FF08C4098476268164B9A4205D1DB
S31508208890124B15481B6A0821DB6B9847E3680BB90E
S315082088A023698BB16368B3F1884F08D00A4A93428B
S315082088B005D00B4A934202D00A4A934209D1074B64
S315082088C0DB6828465B6898476369002083F8290097
S315082088D038BD4FF0FF30FBE70001004400013000AF
S315082088E000000245001804240014042470B50C4620
S315082088F015461E4620B1022872D06FF0030070BDBF
S3150820890091F9080000280CDB4309474900F01F00AD
S3150820891020330122824041F82320BFF34F8FBFF333
S315082089206F8FE06862696368B0B192F826209AB1C1
S31508208930B3F1884F0BD03D4A934208D03C4A934224
S3150820894005D03C4A934202D04FF0FF30D7E7007952
S3150820895032462946FFF7BCFDD4E90402636890B184
S31508208960127982B1B3F1884F08D0304A934205D0A4
S315082089702F4A934202D02F4A9342E5D100793246B4
S315082089802946FFF7A5FD63682B4AB3F1884F05D022
S3150820899026498B4202D026498B421DD11023D3600B
S315082089A094F90830002B09DB5A09012103F01F032B
S315082089B0994002F160031C4A42F823106369002299
S315082089C05A601A7283F8262093F8292022F0020288
S315082089D083F82920002092E74FF400139364DFE7F9
S315082089E04A6992F82930D907AED513F00203F1D196
S315082089F061684B605360137282F826304FF44073D7
S31508208A00138594F90830002BE4DB03F01F015B097A
S31508208A109B0003F1604303F5614301228A40C3F8B2
S31508208A2080211A60D6E700BF00E100E0000100447B
S31508208A300000024500180424008404242DE9F04F80
S31508208A408FB00DF11C0A06460D46904600211C22C1
S31508208A505046DDF864901F4605F0B2F9002E00F066
S31508208A608D80002D00F08A80D8F8142092F82930BD
S31508208A70580704D44FF0FF300FB0BDE8F08F92F8B6
S31508208A802630002B7DD1012482F82640D8F80CE028
S31508208A9013629661D8F804301561BEF1000F59D0DB
S31508208AA0B3F1884F099450D0374A93424DD0374A6C
S31508208AB093424CD0364A9342DCD122460324CDE950
S31508208AC00C4201210B91DEF80000DEF808C0079160
S31508208AD09EF80410BEF800E0CEF3091E6EF30D10C2
S31508208AE000F0070BBBF1020F01BFBA6894686BF35D
S31508208AF002049460274C0EF101029542E26838BFC1
S31508208B0005F1FF3ED2F808B0189ACDF8149038BF70
S31508208B10CEF3090E6EF30D10CDE903C2CDE9010A95
S31508208B20009532463846D8470130A3D0D8F80C00ED
S31508208B30E3680079DB6839464A469847E368494638
S31508208B401B6938469847002096E71922B7E71B2263
S31508208B500224B4E7596989060ED45A6842F00202FB
S31508208B605A60F0E74C1C1462715C19600138F4D025
S31508208B70116AA942F6D1F0E71020F9E76FF0040050
S31508208B807AE76FF0010077E700010044000002450C
S31508208B9000180424000130002DE9F04F8FB09846C4
S31508208BA007AB81460F461846164600211C22DDF8DB
S31508208BB064A005F005F90346B9F1000F7BD0002F14
S31508208BC079D0726992F82910490704D44FF0FF30FA
S31508208BD00FB0BDE8F08F117901296FD00025012447
S31508208BE0546015723069D760C2F81490D5617268DE
S31508208BF000285BD0B2F1884FCDE9085451D03149CD
S31508208C008A424ED030498A424DD030498A42DDD1F7
S31508208C100324B0F800B0D0F800C0D0F808E0CBF3B1
S31508208C20091BCDE90C456BF30D1C01210B9107910E
S31508208C300CF007050021022D0A91017901BFD8F809
S31508208C400800846865F302048460214C0BF1010056
S31508208C508742E06838BF07F1FF3B85681898CDF84A
S31508208C6014A038BFCBF3090B6BF30D1CCDE903E039
S31508208C70CDE901C300974B464046A8470130A5D009
S31508208C803069E3680079DB6852464146984796F88A
S31508208C90403023B9E36851461B694046984700206F
S31508208CA096E71825B5E71A250224B2E7536843F054
S31508208CB001035360F3E76FF0040089E76FF00100C2
S31508208CC086E700BF0001004400000245001804247E
S31508208CD0000130002DE9F3470746DDE90AA8DDF84B
S31508208CE03090084616461D461FB311B30AB35B6972
S31508208CF093F82920520723D595F84040F4B12A78CD
S31508208D0012F0060F1CD0032283F827203146CDE91E
S31508208D10008953462A46FFF73FFF60B953462A463D
S31508208D2031463846CDE90A8902B0BDE8F047FFF753
S31508208D3085BE6FF0040002B0BDE8F0872046FAE74A
S31508208D404FF0FF30F7E74369186A70474369D869D7
S31508208D50704700002DE9F0471C465B69924693F858
S31508208D60292080469007DDE90867894640F148842E
S31508208D705FFA88F5A5F11501052900F26481DFE877
S31508208D8011F006005A00C200DB00FB002901B9F1E8
S31508208D90000F4BD06368B3F1884F05D0874A9342BA
S31508208DA002D0874A934228D1E36958783F280CD9BC
S31508208DB04038C0B2FFF784FBE36982485A78403AC4
S31508208DC00623D2B20021FFF759FBE369D87808B108
S31508208DD0FFF766FBE3695878A0F11903052B01D83C
S31508208DE0FFF756FBE3695878FFF762FBE169764897
S31508208DF08B784A780978FFF741FB6268734B9A4269
S31508208E000AD1E3695878FFF75BFBE1696D488B78EF
S31508208E104A780978FFF732FB626992F8293043F0DD
S31508208E20080382F829300020BDE8F08722F00802DE
S31508208E3083F82920F7E7B9F1000F61D06368B3F109
S31508208E40884F05D05D4A934202D05D4A93423AD173
S31508208E50236A58783F2816D95D4B1B68403801216C
S31508208E60D3F8F030C0B29847236A58784038C0B251
S31508208E70FFF726FB236A53485A78403A0623D2B28C
S31508208E800021FFF7FBFA236AD87808B1FFF708FB19
S31508208E90236A5878A0F11903052B01D8FFF7F8FAA9
S31508208EA04B4B226A1B685078D3F8D4300121984757
S31508208EB0236A5878FFF7FCFA216A43488B784A7860
S31508208EC00978FFF7DBFA6268404B9A4212D1404B89
S31508208ED0226A1B685078D3F8F03001219847236A14
S31508208EE05878FFF7EDFA216A36488B784A78097858
S31508208EF0FFF7C4FA626992F8293043F0100390E725
S31508208F0022F0100294E7B9F1000F0DD093F826202D
S31508208F10002A40F078836168CA6842F04002CA6035
S31508208F20012283F826207EE76168CA6822F040027B
S31508208F30CA6083F8269076E76068E568426822F07A
S31508208F4002024260052282609DB193F8263083B1E1
S31508208F50B0F1884F08D0194B984205D0184B984243
S31508208F6002D01A4B984204D128793A463146FFF75F
S31508208F70AFFA63690022D4E76068426822F00102EA
S31508208F8042602269032181609AB11B798BB1B0F1C5
S31508208F90884F08D0094B984205D0094B984202D0F1
S31508208FA00A4B984205D1E3683A4618793146FFF7C5
S31508208FB08FFA636900221A7135E700BF0001004461
S31508208FC00000024500C004240000134600180424AB
S31508208FD0000130006268E068516821F003015160A1
S31508208FE098B193F8263083B1B2F1884F08D0784BE0
S31508208FF09A4205D0774B9A4202D0774B9A4204D1AF
S3150820900000793A463146FFF763FA2069A0B16369C9
S315082090101B798BB16368B3F1884F08D06C4A9342A9
S3150820902005D06C4A934202D06B4A934204D1007908
S315082090303A463146FFF74CFA636807229A60636915
S3150820904000221A716DE76A1E132A00F2DF82DFE812
S3150820905012F05F0014007100AD00C9003101DD0275
S31508209060DD02DD02DD02DD02DD02DD02DD02DD02DA
S315082090703701170031013A01310194F8403013B90C
S315082090806FF00600D0E66268514B9A42F8D12378F1
S3150820909099073DD5A36958783F280CD94038C0B2DE
S315082090A0FFF70EFAA3694D485A78403A0623D2B2FA
S315082090B00021FFF7E3F9A369D87808B1FFF7F0F99B
S315082090C0A3695878A0F11903052B01D8FFF7E0F911
S315082090D0A3695878FFF7ECF9A16941488B784A7853
S315082090E00978FFF7CBF963689A6D42F001029A6511
S315082090F09A6D42F002029A6594F841109A6D0029F9
S3150820910051D042F010029A659A6D42F020029A6573
S3150820911008F4E066B6F5A06F00F0EE8000F2D7807E
S31508209120002E00F0EC80B6F5807F00F0EA806FF024
S31508209130080079E66268264B9A42A1D123785A0715
S315082091409ED5A36958783F280CD94038C0B2FFF776
S31508209150B7F9A36921485A78403A0623D2B20021A2
S31508209160FFF78CF9A369D87808B1FFF799F9A369AD
S315082091705878A0F11903052B01D8FFF789F9A369B7
S315082091805878FFF795F9A16915488B784A780978B0
S31508209190FFF774F963689A6D42F001029A659A6D31
S315082091A06FF34102A7E761F30412ACE721780B07B6
S315082091B0AED563681A6C42F001021A641A6C8F07DE
S315082091C04CBF6FF3410242F002021A64A0E700BFC7
S315082091D000010044000002450018042400C00424AD
S315082091E0000013466368B3F1884F03D09C4A934224
S315082091F07FF446AF2378DE067FF542AFE36A5878D8
S315082092003F280CD94038C0B2FFF75AF9E36A954887
S315082092105A78403A0623D2B20021FFF72FF9E36A9B
S31508209220D87808B1FFF73CF9E36A5878A0F1190312
S31508209230052B01D8FFF72CF9E36A5878FFF738F998
S31508209240E16A89488B784A780978FFF717F9236BFA
S3150820925058783F280CD94038C0B2FFF731F9236B2C
S3150820926080485A78403A0623D2B20021FFF706F9F9
S31508209270236BD87808B1FFF713F9236B5878A0F138
S315082092801903052B01D8FFF703F9236B5878FFF745
S315082092900FF9216B74488B784A780978FFF7EEF82E
S315082092A02378D8067FF5ECAE6268136943F040034D
S315082092B013612DE7257815F020053FF429AFDFE661
S315082092C083F82490AFE5257815F04005F5E7B6F53F
S315082092D0C06F18D0B6F5E06F7FF429AF00260227B5
S315082092E008F44053B3F5805F10D0B3F5005F1BD068
S315082092F073B16FF0090097E500260027F0E70327EA
S31508209300EEE70926F9E700260127E9E747F01807D7
S3150820931008F44043B3F5804F09D0B3F5004F06D083
S315082093203BB16FF00A007FE547F00807F0E747F002
S31508209330040708F44032B2F5003F636800F0E8807D
S3150820934009D8002A00F03181B2F5803F00F09280DA
S315082093506FF00B0068E5B2F5403FF9D1627802F06C
S315082093601802182A74D1B3F1884F05D03C4A934283
S3150820937002D03E4A934251D1636A58783F280CD985
S315082093804038C0B2FFF79CF8636A36485A78403AA4
S315082093900623D2B20021FFF771F8636AD87808B19C
S315082093A0FFF77EF8636A5878A0F11903052B01D8D0
S315082093B0FFF76EF8636A5878FFF77AF8616A2A48E1
S315082093C08B784A780978FFF759F8A36A58783F289E
S315082093D00CD94038C0B2FFF773F8A36A21485A78E7
S315082093E0403A0623D2B20021FFF748F8A36AD87874
S315082093F008B1FFF755F8A36A5878A0F11903052B89
S3150820940001D8FFF745F8A36A5878FFF751F8A16AFB
S3150820941015488B784A780978FFF730F86268144B34
S315082094209A4215D1A36A5878FFF74AF8A16A0D48D7
S315082094304A788B780978FFF721F8636A5878FFF716
S315082094403FF8616A07488B784A780978FFF716F853
S31508209450238803F4C073B3F5C07F54D078E700BFE0
S315082094600001004400C00424000013460000024501
S31508209470001804246278110740D5B3F1884F05D027
S31508209480674A934202D0674A934228D1A36A5878FA
S315082094903F280CD94038C0B2FFF712F8A36A6248B1
S315082094A05A78403A0623D2B20021FEF7E7FFA36A8C
S315082094B0D87808B1FEF7F4FFA36A5878A0F1190303
S315082094C0052B01D8FEF7E4FFA36A5878FEF7F0FFCC
S315082094D0A16A56488B784A780978FEF7CFFF6268E2
S315082094E0534B9A420AD1A36A5878FEF7E9FFA16A34
S315082094F04D488B784A780978FEF7C0FF94F90030F2
S31508209500002BBFF625AF6268136943F022034BE0B0
S315082095106278D20640D5B3F1884F05D0404A9342A7
S3150820952002D0404A934228D1636A58783F280CD9FA
S315082095304038C0B2FEF7C4FF636A3B485A78403ABF
S315082095400623D2B20021FEF799FF636AD87808B1BC
S31508209550FEF7A6FF636A5878A0F11903052B01D8F0
S31508209560FEF796FF636A5878FEF7A2FF616A2F48CE
S315082095708B784A780978FEF781FF62682C4B9A42E5
S315082095800AD1636A5878FEF79BFF616A27488B7869
S315082095904A780978FEF772FF6378DB077FF5D8AE3D
S315082095A06268136943F020031361AB1E012B05D8AB
S315082095B018F4802F2DD118F4002F2DD1D4F804803B
S315082095C0D8F8103023F01003C8F810302246514638
S315082095D04846FFF783F86369012183F82850C8F8BD
S315082095E00810C8F80C70C8F8CC60D8F8AC2061F31D
S315082095F0C402C8F8AC2093F8292042F0040217E4E4
S315082096004FF0FF3010E46FF001000DE46FF0030017
S315082096100AE46FF00C0007E46FF00D0004E400BFC5
S31508209620000100440000024500C00424000013463F
S315082096300018042442694368107A5969137981F01D
S3150820964080015B00C1F3C01103F002030B4351797B
S31508209650C90001F008010B439179090101F01001B5
S315082096600B43D179490101F0200180010B4300F019
S3150820967040001843704700004B6993F829305B0770
S3150820968033D54B68002B33D040B94A7812072FD5EB
S315082096901A6922F002021A6100207047012806D1B1
S315082096A04A78100724D51A6942F00202F3E70228FD
S315082096B00CD1B3F1884F02D00F4A934218D14A7879
S315082096C0910615D51A6922F00102E4E70328E3D1A9
S315082096D0B3F1884F02D0084A934209D14A789206B4
S315082096E006D51A6942F00102D5E74FF0FF307047D8
S315082096F06FF00300704700BF00010044426830B590
S31508209700044612B3436993F8293013F004001DD098
S3150820971065789269A07815F0100318BFC2F3001374
S3150820972015F0400118BFC2F3401110F0010018BF10
S31508209730C2F380102C060DD5C2F3C01243EA4103AA
S3150820974043EA820343EAC00030BD1046024601467A
S315082097500346F3E70022F1E741F20273984221D04B
S3150820976011DC41F2045398421CD005DCF8B10128DB
S315082097700CBF21200120704741F2017398420CBF8B
S3150820978011200120704742F2041398420CD042F26D
S31508209790061398420AD042F2031398420CBF21209E
S315082097A00120704721207047282070472B207047BA
S315082097B0014BDB695B6E184700013000014BDB6902
S315082097C09B6B184700013000014BDB695B6A184721
S315082097D0000130003E4B994270B50C4615460AD911
S315082097E03C4B4FF400125A623B4B10229A615A6C3A
S315082097F042F010025A6401283FD0022855D048BBAF
S31508209800364EF3690121A4220846D3F8EC3098474E
S31508209810334B9C60FFF7D8FF324B9D42324B02BF39
S315082098205A6822F440425A604FF45942A3F86020FD
S31508209830F3692A469B6821464FF08C40984750B9D1
S315082098402A4B9C420BD82A4B4FF40032DA664FF447
S315082098508022DA660020BDE87040FFF77DBF254BE1
S315082098609C42F7D9224BDA6E9203F3D44FF4802226
S315082098709A664FF400329A66ECE7194B5C61FFF75B
S3150820988097FF194B4FF45942A3F8A020134BDB69D5
S315082098902A469B6D21464FF08C4098470028DAD1FE
S315082098A0592CD0D95A2CDDD1D4E70D4B9C61FFF722
S315082098B085FF0D4B4FF45942A3F8E020074BDB698F
S315082098C02A46DB6B21464FF08C409847C3E700BFFA
S315082098D0FF0D2707000028200080004600013000E1
S315082098E0882B0000005A6202008018467F4A5D05D0
S315082098F000840424BF8C6C05052870B505460E46E1
S3150820990037D81D4B99420DD81C4A536A23F40013A5
S3150820991053621B4B9A6922F010029A615A6C22F004
S3150820992010025A64002211464FF08C4000F00CFDBC
S315082099300446FFF711FF0246E0B9DDB1042D13D125
S31508209940104A31460120FFF745FF04B22046FFF7AB
S3150820995003FF024670B929464FF08C4000F0F4FC0C
S31508209960BDE87040FFF7F8BE022DEFD1054A314613
S31508209970E9E72122104670BDFF0D270700002820A1
S3150820998000800046005A620213B503214FF08C402E
S3150820999000F0BAFD032000F01DFE0C490220FFF757
S315082099A0ABFF0B4A0B490120FFF714FF0A4B012294
S315082099B0DB690092D3F8A04000231A4602214FF013
S315082099C08C40A047002002B010BD00BF0095BA0AFF
S315082099D0005A6202006889090001300010B5002487
S315082099E086B0012321460820ADF808308DF80430CA
S315082099F0CDE903448DF800408DF80A400594FEF71A
S31508209A0025FC6846FEF74CFC01AB02A920460393C9
S31508209A108DF80840FEF75CFC0F212046FEF7A4FCD3
S31508209A200F212046FEF7AEFCFEF720FC0B4B9C616F
S31508209A30DA695207FCD40A4A4FF480615160094A10
S31508209A404FF480011160182182F8161301221A6139
S31508209A50DA69002AFCD106B010BD00BF008C0424A8
S31508209A600000081200E100E0014B9869704700BF2A
S31508209A70008C042400210846FEF7A0BC00F0010152
S31508209A80830748BF41F002010020FEF75FBC0000B3
S31508209A902DE9F0410446F8F7E3FD1A4D0746D5F8B7
S31508209AA01880FFF7E7FF06460020FEF779FC8307B4
S31508209AB005D4A6EB0803042B01D8464514D1A96979
S31508209AC0B4F1FF3F28BF0134C1F103032344072B18
S31508209AD098BFCC1C00210846621EFEF789FC02208E
S31508209AE0FFF7CCFFFEF7A2FC3846F8F7BDFD064A7D
S31508209AF013782BB1AB6C43F00103AB6400231370CE
S31508209B00BDE8F081008C042414010000830700F0CE
S31508209B10010109D5064B01221A70064A936C23F0D7
S31508209B20010341F0020193640020FEF71DBC00BF2B
S31508209B3014010000008C0424830742BF024B022232
S31508209B40C3F84021704700BF008C042438B5FEF7BF
S31508209B507BFCF8F78EFD04460020FEF721FC8307E0
S31508209B6000F0010548BF45F0020500F0030100207A
S31508209B70FEF708FC2846F8F74BFE2046F8F77FFD47
S31508209B80BDE83840FEF752BC4FF40040704700004D
S31508209B90044B4FF48072DA63034B4FF400629A60E9
S31508209BA0704700BF008104240000081208B5284B1E
S31508209BB04FF400621A60274AD2F88C3743F40043E0
S31508209BC043F08003C2F88C37D2F88C375B06FBD576
S31508209BD0D2F88C27204BDFED216A9FED216A214997
S31508209BE002F03F021A601A68262A84BF26221A60C3
S31508209BF01D4A9268EAB11D48C2F315020260D3EDE8
S31508209C00007A90ED007AF8EE677AB8EE477A77EE22
S31508209C10A67A37EE267A67EE867AC7EE876AC1ED88
S31508209C20006AFFF7B5FF0A4B4FF400625A600868CE
S31508209C3008BDD3ED007AF8EE677A77EEA67ADFEDDF
S31508209C400C6A67EE867A87EEA67A81ED007AE8E7CF
S31508209C500000081200A005241835000089410B428F
S31508209C6033335340103500001C1200001435000011
S31508209C70C4A08342F0B5A24CA24BA2680578A24E96
S31508209C8002EA0301027802F001020A439F49A26010
S31508209C908A6802EA0304427802F00102920042EA44
S31508209CA0951222438A600A69457802EA03040278F3
S31508209CB0C2F344022243964C0A61A26802EA0301CF
S31508209CC0827802F00302520142EAD5020A439149F8
S31508209CD0A2608A6884781A4042EA94028E4C8A6086
S31508209CE0A268C1781A4001F01F011143A160B26829
S31508209CF0047902EA030504F03F04C278640044EAC2
S31508209D00D214C2F3411242EA84022A43B260834E35
S31508209D104579B26802EA0304027905F07F059209BB
S31508209D2042EA850222437E4DB260AA6802EA03040B
S31508209D30C27902F00F0222437A4CAA60A268C5793A
S31508209D40067A1A4042EA1512774DA260AA6802EAF4
S31508209D500304427C02F07F022243AA60734DAA685C
S31508209D6002EA0304027A02F07F022243AA60704DB7
S31508209D70AA6802EA0304427A02F01F02520042EA63
S31508209D80D61222436B4EAA60B268857A02EA030489
S31508209D90C27A520042EAD512057B05F0010542EA4D
S31508209DA045222243644DB260AA68467A02EA030431
S31508209DB0827A02F07F02D20042EA56122243AA6031
S31508209DC05E4D5F4EAA6802EA0304B0F80D202243CE
S31508209DD0AA60B268457D02EA0304027D05F00F05F4
S31508209DE042EA05222243574DB260AA68564E02EA35
S31508209DF00304427DC2F302122243AA60B268C57DDB
S31508209E00477902EA0304827D05F00F0542EA052216
S31508209E102243B2604D4EC57DB26802EA0304027E33
S31508209E20120142EA1512457E05F00F0542EA05326F
S31508209E302243474DB260AA68467E02EA0304827E20
S31508209E40120142EA16122243AA60424DAA6802EA81
S31508209E500304B0F81B202243AA603F4DAA6802EAF1
S31508209E6003048279560802F00102520042EAD71208
S31508209E7042EA86022243847CAA60457C90F82460C4
S31508209E8004F00F02520052EAD512344D1EBFA968BB
S31508209E9019401143A960324D1A4AAB6803EA0201F8
S31508209EA0437F03F00F030B43AB602E4DAB6803EAE9
S31508209EB00201837FC3F383030B43AB602A4DAB6850
S31508209EC003EA020190F8253003F007035B0043EA12
S31508209ED0D6130B43AB60254DAB6803EA0201C37C5E
S31508209EE003F003035B0043EAD4130B432049AB601A
S31508209EF08B681A40837CC3F3021313438B60F0BD2F
S31508209F00FC1200000000C0FF84120000E8120000C6
S31508209F10D0120000B8120000AC120000681200002F
S31508209F204012000034120000C4120000281200005B
S31508209F301C1200001012000014130000F811000073
S31508209F400412000074110000EC110000E01100005A
S31508209F50D4110000C81100004C120000A012000005
S31508209F60BC110000B0110000A41100008C110000E3
S31508209F7098110000F9F7A0BFF0B5194D194C2B8898
S31508209F80E5B004F11001002600274FF4C272684696
S31508209F90ADF88431CDE9626703F0D2FF94E80F006B
S31508209FA000F00EFD62A800F0C9FD2B78687843EA18
S31508209FB0002000F073FEDDE9624532463B46204626
S31508209FC0294602F021FE48B1074B002220462946A1
S31508209FD002F006FE10B10020F9F7C2FF65B0F0BD09
S31508209FE0CC0200003801000000004E4010B50A4A95
S31508209FF00A4BD2F80815D3F80240E405FBD440EA08
S3150820A0005110C2F80805D3F80220D205FBD4024B1A
S3150820A010D3F8083510BD00BF00A00524000005248C
S3150820A02010F4405F0F4B0BD0D3F8042522F480128E
S3150820A030C3F80425D3F8042522F40012C3F804250E
S3150820A040D3F80825084BD3F80210C905FBD4C0431A
S3150820A05000EA5210034AC2F80805D3F80220D205AE
S3150820A060FBD4704700A00524000005240D4A0E499C
S3150820A070D2F81035013823F0030310B5C0B2C2F860
S3150820A0801035D1F80230DC05FBD4D2F8104501236F
S3150820A09083402343C2F81035D1F80230DB05FBD4C0
S3150820A0A010BD00BF00A005240000052430B58BB0E4
S3150820A0B0002301930293039304930593069307932E
S3150820A0C0089309938DF802308DF8033010B90120D2
S3150820A0D00BB030BD019A50F822200292029A002A2B
S3150820A0E0F5D001930121019C029A944201D30020C4
S3150820A0F0EEE7019A00EBC20252680392019A0132F6
S3150820A10050F832200492049AC2F384528DF8032020
S3150820A110049AD20E8DF802209DF802209DF803405D
S3150820A120121B01320592059A162AD0D8039A12686C
S3150820A13007929DF80320D2B2069208930993069CAB
S3150820A140079A01FA04F422EA04020792099A089C5B
S3150820A15001FA02F222430892069A01320692099AD5
S3150820A160013209929DF80320059D069C2A44A242A5
S3150820A170E5D8089C049A22400492049A9DF8035034
S3150820A180079CAA4022430492039A049C1460019ACD
S3150820A19001320192A7E730B58BB0002301930293D1
S3150820A1A003930493059306930793089309938DF8CD
S3150820A1B002308DF80330039A10B901200BB030BD58
S3150820A1C0019A50F822200292029A002AF5D0019389
S3150820A1D00121019C029A944201D30698EEE7019A3E
S3150820A1E0013250F832200692069AC2F384528DF82C
S3150820A1F00320069AD20E8DF802209DF802209DF89B
S3150820A2000340121B01320492049A162AD5D89DF8C7
S3150820A2100320D2B2059208930993099A089C01FA59
S3150820A22002F222430892059A01320592099A0132CE
S3150820A23009929DF80320049D059C2A44A242ECD845
S3150820A240089C069A22400692069A9DF80350079C77
S3150820A250AA4022430692019A01320192B9E70000E8
S3150820A260064B074A996C0748DA620229D96C08BF57
S3150820A2701A60022908BF5A60FFF718BF882B00000A
S3150820A2800048E801D0120000024B034A03485A63EB
S3150820A290FFF70CBF882B00000048E801B812000021
S3150820A2A0064B074A996C07481A630529D96C08BFD3
S3150820A2B01A60052908BF5A60FFF7F8BE882B0000E8
S3150820A2C0002D310128120000034B04484FF4FA42AE
S3150820A2D01A62FFF7EBBE00BF882B0000AC12000005
S3150820A2E0034B04484FF4FA425A62FFF7DFBE00BF19
S3150820A2F0882B00004C1200000148FFF74CBF00BF16
S3150820A300041200000148FFF746BF00BFEC11000009
S3150820A3100148FFF740BF00BFE01100000148FFF7E2
S3150820A3203ABF00BFD41100000148FFF734BF00BF71
S3150820A330C81100000148FFF72EBF00BFF811000022
S3150820A34001B108477047000010B5002852D03E2AB0
S3150820A35050D82B4BDB689C0748BF5208052949D89B
S3150820A360DFE801F003481B26313C836A6FF30303B9
S3150820A3708362244B1B6824490B60846DE405FCD555
S3150820A380846A62F30914846212B1B3FBF2F30B6098
S3150820A3901C4B0A68DA60002010BD836D9B062BD5FE
S3150820A3A0836A022161F303038362164B9B68E2E703
S3150820A3B0836D5C0620D5836A032161F303038362D8
S3150820A3C0104B1B69D7E7836D190715D5836A0421B6
S3150820A3D061F3030383620B4B5B69CCE70B4B5B6A28
S3150820A3E05B0709D5836A052161F303038362054B5D
S3150820A3F09B6BC0E70120CFE741F20170CCE700BF95
S3150820A40000860424882B0000D82B0000001404247E
S3150820A41007B50B46114606281ED8DFE800F00421AA
S3150820A420333B47586400364A106A40025EBF106ABA
S3150820A43040F48000106213B90A20FFF781FF314BE0
S3150820A440D3F81C2122F08012C3F81C21D3F81C2132
S3150820A45042F00122C3F81C21002003B05DF804FB5A
S3150820A460274A106A800207D4106A40F480101062C6
S3150820A470106A40F400101062002BEDD10A20FFF775
S3150820A4805FFFE9E71E4A106AC002F5D4106A40F455
S3150820A4908010F0E71A4A106A00035EBF106A40F47B
S3150820A4A000201062002BD7D10220E8E7144B1A6A45
S3150820A4B05203D1D41A6A42F480221A624FF4FA70EF
S3150820A4C00191FFF73DFF019940F2DC50D7E70C4A8E
S3150820A4D0106A80035EBF106A40F400301062002BB9
S3150820A4E0BAD1FA20CBE7064A106AC0035EBF106AC3
S3150820A4F040F480301062002BAED19620BFE700BF13
S3150820A500008104240080042410B50446002858D06D
S3150820A5100139052955D8DFE801F003131D273445ED
S3150820A520294BD969012262F30201D961274B9A6422
S3150820A5305B6C264A1360A36D002BFCDA002010BD45
S3150820A540214BD969022262F30201D9611F4B9A6411
S3150820A550DB6AEEE71C4BD969032262F30201D96153
S3150820A5601A4B9A64DB6BE4E7194B40229A83164B05
S3150820A570D969042262F30201D961144B9A641B6CCF
S3150820A580D7E7114B1A6AD2025EBF1A6A42F48012C2
S3150820A5901A62D969052262F30201D9610B4B9A64C2
S3150820A5A01B6BC6E7012100220846FFF731FF064B41
S3150820A5B0D969062262F30201D961044B9A645B6B5E
S3150820A5C0B7E70120BBE700BF00810424882B0000E1
S3150820A5D000801341013808B5052850D8DFE800F077
S3150820A5E003101A243140274BD969012262F31241FC
S3150820A5F0D961254BDA645B6C234A0020536008BD79
S3150820A600204BD969022262F31241D9611E4BDA64C2
S3150820A610DB6AF1E71B4BD969032262F31241D96140
S3150820A620194BDA64DB6BE7E7184B40229A83154B04
S3150820A630D969042262F31241D961134BDA641B6C7F
S3150820A640DAE7002201210220FFF7E2FE0D4BD96945
S3150820A650052262F31241D9610B4BDA641B6BCBE7F7
S3150820A660012100220846FFF7D3FE064BD9690622A8
S3150820A67062F31241D961044BDA645B6BBCE70120B3
S3150820A680BDE700BF00810424882B00000080134109
S3150820A69041F20273984221D011DC41F204539842C8
S3150820A6A01CD005DCF8B101280CBF212001207047F9
S3150820A6B041F2017398420CBF11200120704742F2E3
S3150820A6C0041398420CD042F2061398420AD042F25A
S3150820A6D0031398420CBF2120012070472120704780
S3150820A6E0282070472B2070470378012B06D84378FB
S3150820A6F0013B0F2B94BF0020212070472120704753
S3150820A700174B1B78012B0CBF03780023C2185278ED
S3150820A710012A22D800EB83004369D3B1114A934218
S3150820A72019D8D0F81431104A934207D9D0F85401D1
S3150820A7300E4B98428CBF212000207047B3F53D3F31
S3150820A7400BD8D0F85431B3F53E3F34BF0020212032
S3150820A75070472D207047282070472120704700BF5A
S3150820A7601C350000A0252600FFFF0524001B062413
S3150820A77011B1042900D07047014B1B68184700BF48
S3150820A7802035000084B000B52DED028BE7B00DF51D
S3150820A790D47C8CE80F003F4B9DF83D139DEDD08A65
S3150820A7A01970CFA8FFF7A0FF002858D16AA8FFF78D
S3150820A7B0A7FF002853D1012908BF9DF8A8019DF8B5
S3150820A7C03C236AAB03EB4000012AB0F8F43003D1EE
S3150820A7D0012B4BD02B2042E0013B9BB240F2FE30AE
S3150820A7E08342F7D8002A41D101293FD92A4B6293BF
S3150820A7F04FF4C272BDF83C33ADF884316EA9684671
S3150820A80003F09EFB6AAB0FCBFBF732FDFFF740FF49
S3150820A81028BB00236593FFF7C9F965909DED657AF6
S3150820A820DFED1E7AB4EEE77AF1EE10FA02D51C486F
S3150820A830FFF73CFCDFED1B7A6599B4EEE78AF1EE6B
S3150820A84010FA24D4DFED187AB4EEE78AF1EE10FA7E
S3150820A8501DDC18EE100AFAF7E7FBFFF719FF67B0B9
S3150820A860BDEC028B5DF804EB04B070470A4B62938B
S3150820A8706EA9BDF83C33ADF884314FF4C2726846F0
S3150820A88003F05EFB6AAB0FCBFBF7C6FDBEE72120C4
S3150820A890E5E700BF1C35000071A720089A991940E2
S3150820A8A05C1400006666E63F6666664084B000B5BE
S3150820A8B0E3B00DF5C87C8CE80F00C9A8FFF714FF94
S3150820A8C0D0B964A8FFF71CFFB0B99DF82423BDF8BA
S3150820A8D02433B2B99DF82523012A12D94FF4C2721E
S3150820A8E068A96846ADF8843103F02AFB64AB0FCB20
S3150820A8F0FBF790FEFFF7CCFE63B05DF804EB04B0DF
S3150820A900704768A94FF4C2726846ADF8843103F0DF
S3150820A91017FB64AB0FCBFCF761F8EBE7034620B1D6
S3150820A920044A106818B9136070472220704704201B
S3150820A930704700BF2035000008B50348FCF76AFABF
S3150820A940BDE80840FFF7A4BE0038042407B5ADF8D3
S3150820A950040001A8FFF7C8FE20B90198FAF79AFE65
S3150820A960FFF796FE03B05DF804FB07B5ADF80400C3
S3150820A97001A8FFF7B9FE20B90198FBF7BDFBFFF741
S3150820A98087FE03B05DF804FB07B5ADF8040001A8FF
S3150820A990FFF7AAFE20B90198FBF70EFEFFF778FE0F
S3150820A9A0024B00221A6003B05DF804FB2035000034
S3150820A9B0042902BF014B01221A7070472C3500006A
S3150820A9C084B000B5E5B00DF5CC7C8CE80F009DF879
S3150820A9D02C33012B3BD19DF82D33013B0F2B36D839
S3150820A9E09DF89931002B32D11E4B6B9A9A4234D856
S3150820A9F0BDF88C32012B32D11B4B62934FF4C272B5
S3150820AA00BDF82C33ADF884316AA9684603F098FA64
S3150820AA1066AB0FCBFFF7B6FED0B9BDF82C33ADF831
S3150820AA2084314FF4C2726AA9684603F089FA66AB84
S3150820AA300FCBFFF73BFF58B90C48FFF76FFF38B924
S3150820AA40CB9865B05DF804EB04B0FFF77FBF2120F3
S3150820AA5065B05DF804EB04B070472820F8E72B2092
S3150820AA60F6E700BF404B4C003D0A2740B1A9200815
S3150820AA7084B000B5E3B00DF5C87C8CE80F0014232C
S3150820AA808DF8E4310E4A0F4B0F4881930021FCF7CD
S3150820AA9098FA0E4B68A91B88ADF884314FF4C27218
S3150820AAA0684603F04DFA64AB0FCBFFF7FFFE00387C
S3150820AAB018BF012063B05DF804EB04B0704700BFEF
S3150820AAC01501000000004C42143A0424CC02000070
S3150820AAD0012801D1FFF730BF38B9054BD3F8E0215B
S3150820AAE060F30002C3F8E02170472120704700BFB9
S3150820AAF00038042484B000B5E3B00DF5C87C8CE892
S3150820AB000F00172301208DF8E431FFF7E1FF68B91C
S3150820AB10094B4FF4C2721B88ADF8843168A9684680
S3150820AB2003F00EFA64AB0FCBFFF7C0FE63B05DF8F7
S3150820AB3004EB04B0704700BFCC0200002DE9F043B7
S3150820AB402DED028B0646E3B0002800F092804A4D90
S3150820AB504FF4C27205F11001684603F0F1F995E841
S3150820AB600F00FFF785FF2F460446002873D1434B75
S3150820AB701A7862B118706A7841480121FCF708FAF8
S3150820AB8007EE900A3F4BF8EEE77AC3ED007A3E4986
S3150820AB904FF4C272684603F0D3F997E80F00FFF71F
S3150820ABA0A9FF0446002856D1DFF8D490374F4FF036
S3150820ABB00A086A7800214846FCF7EAF907EE900A5F
S3150820ABC008F1FF38F8EEE77A18F0FF08C7ED007AA3
S3150820ABD0EFD1020545D520F400631B041B0C07EEB4
S3150820ABE0903AF8EEE77AC7ED007AFFF797FB08EE7A
S3150820ABF0100AFFF781FB08EE900AFFF79BFB214B13
S3150820AC0097ED007AD3ED007ADFED216AB8EE488A0F
S3150820AC10C0F5707037EE487A77EEC87A0130C7EEFD
S3150820AC20275A07EE900AF8EEE77AF8EE688A87EE52
S3150820AC30A67A88EEA66AF0EE477A45EE867ADFEDA2
S3150820AC40156A9FED157A17EEA67A17EE100A01F007
S3150820AC50F3FCC6E90001204663B0BDEC028BBDE8D3
S3150820AC60F08340F400631BB207EE903AF8EE677A59
S3150820AC70B9E72224EFE700BF380100002C35000091
S3150820AC800038042424350000480100002835000037
S3150820AC9000007A4400009B430080884307B5134B85
S3150820ACA0ADF804001B6A12489B6A042201219847C2
S3150820ACB09DF80430012B16D19DF80530013B0F2B4A
S3150820ACC011D80C4B5B68DB0705D4019803B05DF8F7
S3150820ACD004EBFFF759BE0198FFF747FE0028F4D08A
S3150820ACE003B05DF804FB2120FAE700BF000130001D
S3150820ACF00014042400380424014BDB681B69184718
S3150820AD00000130000346012B084602D0022B08D04A
S3150820AD107047074B182202FB01339B683BB1002181
S3150820AD201847034B182202FB0133DB68F6E7704706
S3150820AD30503600000346012B084602D0022B08D0C5
S3150820AD407047074B182202FB01339B683BB1002151
S3150820AD501847034B182202FB0133DB68F6E77047D6
S3150820AD6030350000F8B50468012C054622D8124E65
S3150820AD7056F8242042B1536810498B4204D0104912
S3150820AD808B4201D01120F8BD0E4B0F49DB680F48C6
S3150820AD901F680F4B51F8241053F8243050F824001C
S3150820ADA0B8472B6846F8240056F82330002BE9D0FC
S3150820ADB00020E8E72120E6E7403A000000000344A7
S3150820ADC00080072400013000D0020000E0020000C5
S3150820ADD0E80200002DE9F04129B1012803D80B68C3
S3150820ADE018B9202B0AD9212028E00C2BFBD8012AB8
S3150820ADF0F9D82C4C64681CBB11201FE0012AF2D814
S3150820AE00284C2468002CF7D0BBBB4FF0200C264DCD
S3150820AE10264C0023AE46A0465E1CC0B9277927BB20
S3150820AE201824634308EB03040E60C4E902000125D5
S3150820AE3048F8032025710B6883B30020BDE8F0810C
S3150820AE4013B11948013B1AE04FF00C0CDFE72F79B4
S3150820AE505FB9182043430EEB030001240E60C0E9B6
S3150820AE6002774EF803200471E5E7B445334605F129
S3150820AE70180504F11804CFD1DDE70C48013B182545
S3150820AE806B43C41824795CB9C2500B68013B05FB97
S3150820AE9003030122C3E902441A71CEE74620CDE70F
S3150820AEA04520CBE7403A00003035000050360000F8
S3150820AEB0012810B503D811B118B9202909D921209C
S3150820AEC016E00C29FBD8C2B10D4B5B688BB9112053
S3150820AED00EE092B10A4B1B68002BF8D01068094B7C
S3150820AEE00139182404FB013398605268DA6000207F
S3150820AEF010BD1068044B0139F3E72220F8E700BF9C
S3150820AF00403A00005036000030350000012830B5A0
S3150820AF1036D8002934D0E8B9202931D8531E022B37
S3150820AF202ED8194B53F8203063B302F00203D20708
S3150820AF3021D54C1E182578B9144A05FB04229060A1
S3150820AF4033B1124B0139182202FB01310023CB60A1
S3150820AF50002030BD0C29E0E70D4A05FB042200201D
S3150820AF609060002BF4D00A4B1822013902FB0133DA
S3150820AF700022DA60ECE7002BEAD00028E1D0F2E7DD
S3150820AF802120E6E71120E4E7403A00005036000089
S3150820AF90303500002DE9F04F012897B005460C46BC
S3150820AFA0164600F21A81002900F01781002840F081
S3150820AFB00281202900F21181D6F814C0BCF1000FB5
S3150820AFC000F00B8133680893002B00F00481736826
S3150820AFD00993002B00F0FF80D6F80CA0BAF1030FD6
S3150820AFE000F2FB80B3680A93032B00F2F680777E83
S3150820AFF007F0FD03012B40F0F080327E022A00F292
S3150820B000EC80B07E072800F2E88033690793022B8C
S3150820B01000F2E380744B53F825300B93002B00F095
S3150820B020DE80013C1823002D40F0C780DFF8BCE104
S3150820B03063430EEB030898F80480B8F1000F00F07C
S3150820B040D080B7F1010818BF4FF00108CDF840802D
S3150820B0505EF8033003F1FF3EDEF1000343EB0E03F7
S3150820B06002F1FF3E5FFA8EFEBEF1020F0F9300F14A
S3150820B070FF33DBB235BF4FF0010E4FF0000E002133
S3150820B0800A21CDF84CE0072B4FF0000E28BF70465A
S3150820B090012F14BF4FF003084FF00108BCF5806F4D
S3150820B0A038BF0CF1FF33CDE91404CDE911EE0D912B
S3150820B0B034BFC3F3090340F2FF331827002D7FD18D
S3150820B0C04A48DFF838E107FB0400C0E90428484A63
S3150820B0D0484F52F825200C92002268F302026FF39B
S3150820B0E0C30263F30D1257F8250002F0070BBBF1D4
S3150820B0F0020F01BFD0F80880D8F808906BF3020930
S3150820B100C8F8089003F10108C445DFF8F480D8F898
S3150820B1100C1038BF0CF1FF33D1F808900D99CDF8F3
S3150820B12000C038BFC3F309031B0143EA81330799DB
S3150820B1304FEA016B0BF0407B43EA0B0B0A9B9B06FD
S3150820B14003F04063090701F040514BEA03030B4320
S3150820B15043EA8A7302F00F021A430B9B05930C9B52
S3150820B160E4B2CDE903E30FABCDE901232146DDE9BE
S3150820B1700823C847367EDEB9DFF86C90D8F80C303D
S3150820B18059F82520DB6857F825102046984759F89E
S3150820B190251057F82500FFF7AFFD1F2C18D859F8AA
S3150820B1A025305A6801235169A3400B435361304621
S3150820B1B017B0BDE8F08F0C29FCE6DFF83CE037E74E
S3150820B1C00D48DFF840E007FB0400C0E904287EE7C5
S3150820B1D040F20130ECE72220EAE72120E8E71120B7
S3150820B1E0E6E74820E4E700BF403A00005036000072
S3150820B1F0D8020000E00200003035000005AD200826
S3150820B2000001300035AD2008012813D891B160B966
S3150820B21020290FD8094B1B6873B101395A68C9B25E
S3150820B22001238B409362002070470C2902D8034BD8
S3150820B2305B68F1E72120704711207047403A0000EB
S3150820B240012808B50CD8084B53F8201051B1074BE4
S3150820B25053F82000FFF750FD003818BF012008BD1D
S3150820B2602120FCE71120FAE7403A0000E00200001E
S3150820B270034BC0001A580AB107221A50704700BF5C
S3150820B280041213460278052A15D8437822B93A2B90
S3150820B29034BF002021207047511E012905D9032AD1
S3150820B2A005D0042A05D0062BF2E7102BF0E70A2B47
S3150820B2B0EEE70C2BECE72120704700002DE9F84338
S3150820B2C00C46904699460646002865D0002B63D042
S3150820B2D00F2A03D921273846BDE8F883FFF7D2FF7E
S3150820B2E007460028F7D13378032B1DD8082CF1D828
S3150820B2F02A4951F824300BB10427ECE7284A1019BB
S3150820B300155D037A90F90800002836DA254A03F0F5
S3150820B3100F03AD00EDB2D55441F824904346717819
S3150820B3203078224600F078FC3378042B14D1072C89
S3150820B330D0D81D4B53F82420002ADDD11B4A4FF4C0
S3150820B34080211160482182F8121343F8249041463F
S3150820B3507278E0B200F0A6FE3378052BBBD1042C18
S3150820B360B8D8134B53F82420002AC5D1E1B2404659
S3150820B37043F8249000F0B2FFADE7012003F01F0246
S3150820B38090404FEA531C094A42F82C00AD001A4453
S3150820B390EDB282F80053BFE722279CE78C3A0000DB
S3150820B3A0FD01210814ED00E0643A000000E100E008
S3150820B3B0483A0000F8B50E461746054678B1FFF715
S3150820B3C061FF044648B90F2E0BD8012F09D8697892
S3150820B3D028783B46324600F047FD2046F8BD222411
S3150820B3E0FBE72124F9E7392808B503D800F020FE21
S3150820B3F0002008BD2120FCE7222808B503D800F044
S3150820B400A5FB002008BD2120FCE708B5A0F11903FB
S3150820B410052B03D800F0B0FB002008BD2120FCE74F
S3150820B420012808B503D800F019FE002008BD212000
S3150820B430FCE7012808B503D800F0ACFB002008BDBE
S3150820B4402120FCE70B2808B503D800F0B9FE002018
S3150820B45008BD2120FCE7052808B505D8072903D803
S3150820B46000F0C2FE002008BD2120FCE7052808B50B
S3150820B47005D8012903D800F0D3FE002008BD2120D5
S3150820B480FCE7000073B5C4B2032C01903DD801A88F
S3150820B490FFF7F8FE60BB304B9DF8055003EB04130D
S3150820B4A02601585D60B309282AD0C4B9A5F1190325
S3150820B4B0052B22D8FFF7A9FFD0B92846FFF793FF17
S3150820B4C0B0B90022114601A8FFF774FF80B99DF88C
S3150820B4D006202946204600F047FD002008E0012CDA
S3150820B4E008D1A5F10903052B04D8FFF78EFF48B12B
S3150820B4F002B070BDFFF780FFF9E7FFF77DFFDBE7B6
S3150820B500002CDAD0A819C0B2D8E7042C0ED19DF8A1
S3150820B5100550124B585DFFF76FFF0028E8D12846E3
S3150820B520FFF790FF0028E3D10246CBE7052CD4D1BC
S3150820B5309DF8054001212046FFF798FF0028D7D11E
S3150820B54001462046FFF787FF0028D1D19DF806102F
S3150820B550204600F081FEC0E7B1012108A501210897
S3150820B560102808B503D800F01FFB002008BD2120AD
S3150820B570FCE7000070B56AB1094E56F821405CB95F
S3150820B5800F280BD8042909D846F8212000F0A6FE52
S3150820B590204670BD2220FCE70420FAE72120F8E7A0
S3150820B5A0483A00000F2808B503D800F013FB0020FE
S3150820B5B008BD2120FCE7012808B503D800F014FBB4
S3150820B5C0002008BD2120FCE71E4B70B500211E4D2A
S3150820B5D019610C4608460131FFF74AFE082945F845
S3150820B5E0044BF7D1194D0020FFF723FF01202C60CB
S3150820B5F0FFF71FFF6C600024154D2646E0B2013484
S3150820B600FFF7AEFF052C45F8046BF7D10024114E41
S3150820B610254620460134FFF7C5FF082C46F8045B6B
S3150820B620F7D10D4C0020FFF7C6FF01202560FFF754
S3150820B630C2FF0020656000F011FD012000F00EFD1C
S3150820B640002070BD000008128C3A0000843A0000E1
S3150820B650483A0000643A00005C3A000010B5002021
S3150820B660FFF706FE024BBDE810401B68002018476E
S3150820B6708C3A000010B50120FFF7FAFD024BBDE811
S3150820B68010405B68012018478C3A000010B502204C
S3150820B690FFF7EEFD024BBDE810409B6802201847D5
S3150820B6A08C3A000010B50320FFF7E2FD024BBDE8F7
S3150820B6B01040DB68032018478C3A000010B5042098
S3150820B6C0FFF7D6FD024BBDE810401B69042018473A
S3150820B6D08C3A000010B50520FFF7CAFD024BBDE8DD
S3150820B6E010405B69052018478C3A000010B50620E3
S3150820B6F0FFF7BEFD024BBDE810409B6906201847A0
S3150820B7008C3A000010B50720FFF7B2FD024BBDE8C2
S3150820B7101040DB69072018478C3A000010B5002036
S3150820B72000F038FA024BBDE810401B680020184785
S3150820B730843A000010B5012000F02CFA024BBDE82F
S3150820B74010405B6801201847843A000010B500F0C5
S3150820B75031FAC00702D5012000F026FA00F02AFAAD
S3150820B76010F0020403D0022000F01EFA012400F093
S3150820B77021FA410703D5042000F016FA022400F026
S3150820B78019FA020703D5082000F00EFA032400F060
S3150820B79011FAC30603D5102000F006FA0424044B38
S3150820B7A053F824301BB12046BDE81040184710BD79
S3150820B7B0483A000010B5002000F004FA012802D10A
S3150820B7C0002000F007FA012000F0FCF901280446C1
S3150820B7D03ED100F0FFF9022000F0F4F9012803D148
S3150820B7E0022000F0F7F90224032000F0EBF90128E3
S3150820B7F003D1032000F0EEF90324042000F0E2F937
S3150820B800012803D1042000F0E5F90424052000F0DE
S3150820B810D9F9012803D1052000F0DCF905240620F2
S3150820B82000F0D0F9012803D1062000F0D3F9062428
S3150820B830072000F0C7F9012803D1072000F0CAF92C
S3150820B8400724044B204653F82430BDE810401847F7
S3150820B8500024C0E7643A000010B50021042000F057
S3150820B86083FC012802D1002000F0BEF90121042022
S3150820B87000F07AFC0128044608D100F0B5F9044BFB
S3150820B880204653F82430BDE8104018470024F6E730
S3150820B8905C3A000070B5850F14D0012D14D0022D06
S3150820B8A00A4B18BF002320F04044012C03D15B6AC1
S3150820B8B0002113209847064B204653F82530BDE82B
S3150820B8C070401847034BEEE7034BECE700FF2008D0
S3150820B8D0AC3A000058FF20082CFF20080B300B2814
S3150820B8E09ABF024B185C0120704700BF0D02210841
S3150820B8F0064B984207D0064B984204D0054BC31AEC
S3150820B9005842584170470120704700BF58FF200809
S3150820B9102CFF200800FF2008084B984202D101205E
S3150820B920F9F71CB9064B984201D10220F8E7054BD6
S3150820B930984201D10320F3E7704700BF58FF20083B
S3150820B9402CFF200800FF2008012838B504460D469C
S3150820B95023D11D4B1C792046F9F71CF9012822D042
S3150820B960032C24D8012C26D0022C26D0032C174CA5
S3150820B97018BF00241DB32C60A36815489847FFF705
S3150820B980ADFF88B92046FFF7B3FFD0B1236902205F
S3150820B9909847BDE83840FFF7A1BF022809D0F9F734
S3150820B9A0F9F8012801D1042038BD032CDED901205D
S3150820B9B0FAE7084BCEE7084CDCE7084CDAE7222002
S3150820B9C0F2E72120F0E700BF0403000000FF20086B
S3150820B9D095B82008F002000058FF20082CFF200800
S3150820B9E0284A904270B506460D4624D0264B9842E2
S3150820B9F023D0002942D0002840D03046FFF778FFD0
S3150820BA0000283DD0E868214B984239D8AC68B4F56F
S3150820BA10A06F35D82B78191F0C2931D869680329C6
S3150820BA200DD11B4988422BD844EA033444F48014A8
S3150820BA3044F001040AE0174DDFE7174DDDE71FD86C
S3150820BA40022944EA0334F1D144F0020496422969D2
S3150820BA500AD10120F9F766F8736AE96820469847FB
S3150820BA60BDE87040FFF73ABF074B9E4201D102203E
S3150820BA70F0E70A4B9E42EFD10320EBE7222070BD68
S3150820BA802120FCE758FF20082CFF2008005A6202D4
S3150820BA90404B4C0004030000F002000000FF200881
S3150820BAA0F8B5044616461F460D46E9B1E2B1D8B1A7
S3150820BAB0FFF71EFFD0B1CFB10D4B9C420BD12046CC
S3150820BAC0FFF72AFFE3693A46314628469847BDE8F4
S3150820BAD0F840FFF703BF636A012113209847FFF751
S3150820BAE0FDFE0028EBD0F8BD2220FCE72120FAE74E
S3150820BAF02CFF200808B50246C8B1C1B1FFF7F8FEE9
S3150820BB00B8B10E4B9A420ED00D4B9A420DD00D4B22
S3150820BB10D31A5A425A4152000B4B53F8220050B9B5
S3150820BB2043F8221008BD0022F6E70122F4E7222076
S3150820BB30F8E72120F6E70420F4E700BF58FF20089D
S3150820BB402CFF200800FF2008AC3A00001528094AD7
S3150820BB504FF0010307D9D2F81816163883400B433D
S3150820BB60C2F818367047D2F8101683400B43C2F82D
S3150820BB701036704700003041A0F11903052B06D86E
S3150820BB80034A0C38516C012383400B435364704796
S3150820BB9000800046034BC0001A5842F001021A5092
S3150820BBA0704700BF44121346014B40009860704707
S3150820BBB000000812024BD868C0F34400704700BF43
S3150820BBC000000812024BC000185800F00100704708
S3150820BBD004D20424034BC0001A5842F001021A501A
S3150820BBE0704700BF04D20424034BC0001A5842F001
S3150820BBF001021A50704700BF44D2042408B50A46E9
S3150820BC000146044801F08CFFBDE808400D2001F0EC
S3150820BC1099BF00BF190221082DE9F04180460D463B
S3150820BC2016461F4603287FD8DFE800F00217262885
S3150820BC304B297DD940483F21FFF7E0FF0F2F1FD919
S3150820BC403D484021FFF7DAFF082E1FD93A484121FF
S3150820BC50FFF7D4FF0F2D1DD918E03B2968D93648A0
S3150820BC603F21FFF7CBFF0F2FEED933484021FFF7AF
S3150820BC70C5FF082EEED9E9E72B29EFE71B29D8E7D8
S3150820BC80082E03D92C484121FFF7B8FF4FEA15188B
S3150820BC9005F00F0506F51072284C54F8323068F373
S3150820BCA00D3344F8323054F8323065F30B2344F818
S3150820BCB0323054F8323017F0080114BF43F0080325
S3150820BCC061F3C30344F8323054F8323017F00401D4
S3150820BCD00CBF61F3820343F0040344F83230174B58
S3150820BCE053F8321017F001000CBF60F3000141F041
S3150820BCF0010143F83210114917F0020315BF51F814
S3150820BD00323051F8320043F0020363F3410014BF86
S3150820BD1041F8323041F8320051F832306FF30413CB
S3150820BD2041F83230BDE8F08103483F21FFF766FF2E
S3150820BD300F2F9ED999E700BF3F022108000013461E
S3150820BD40052838B505460C460AD920484FF49B7174
S3150820BD50FFF754FF1D484FF49F71FFF74FFF2EE062
S3150820BD6003280ED9042828D10B2904D9174840F2CC
S3150820BD703B11FFF743FF240104F1105404F59824DE
S3150820BD800EE080B94B2904D910484FF49C71FFF76F
S3150820BD9035FF04EB0514240104F18C4404F59814AA
S3150820BDA00123636038BD012801D13B29EBE702282E
S3150820BDB001D12B29E7E71B29E5E70529CAD8044B32
S3150820BDC0A4001A5942F020021A51EBE7F000210884
S3150820BDD01C860424052838B505460C460AD9204869
S3150820BDE04FF4CE71FFF70AFF1D484FF4D271FFF7C3
S3150820BDF005FF2EE003280ED9042828D10B2904D9BB
S3150820BE00174840F2A111FFF7F9FE240104F1105456
S3150820BE1004F598240EE080B94B2904D910484FF42C
S3150820BE20CF71FFF7EBFE04EB0514240104F18C44D3
S3150820BE3004F598140023636038BD012801D13B29F5
S3150820BE40EBE7022801D12B29E7E71B29E5E7052996
S3150820BE50CAD8044BA4001A596FF345121A51EBE7B6
S3150820BE60F00021081C860424012BF8B506460C464A
S3150820BE70154617D939487E21FFF7C0FE002D37D041
S3150820BE8021463046FFF75CFF042E05F00F014DD101
S3150820BE900A2D3BD8324A2301D05861F38500D05069
S3150820BEA075B3F8BD82B102F00F07002BE8D1FFF772
S3150820BEB091FF042E34D10A2D28D8294B24011A594A
S3150820BEC067F385021A51ECE7042815BF04EB001224
S3150820BED023492449220118BF1201885865F3850091
S3150820BEE088506BB921463046BDE8F840FFF772BF47
S3150820BEF0042E2DD11A4A2301D15865F38501D15034
S3150820BF0021463046BDE8F840FFF71ABF13488A2174
S3150820BF10FFF774FE124B24011A5965F38502D1E7FF
S3150820BF200F2D0DD80F4B04EB0614C7E70F2D07D896
S3150820BF3004EB06140B4B24011A5961F38502C1E759
S3150820BF4006488F21FFF75AFE04EB0614054BE2E755
S3150820BF5004EB0613034A1B01CEE700BF3F02210864
S3150820BF6000C00424000013460528F8B505460C46EB
S3150820BF70164602F0010719D92948D821FFF73EFEAF
S3150820BF80012E19D92648D921FFF738FE052C03D9C1
S3150820BF902348E321FFF732FEE4212148FFF72EFE4E
S3150820BFA0204BA4001A5967F3041223E0012A07D864
S3150820BFB0032815D904280BD0052CF1D9E321ECE761
S3150820BFC01748D921FFF71AFE032D09D9042DDDD1EB
S3150820BFD00B2C03D91248DF21FFF710FE124B05E080
S3150820BFE055B94B2C10D8114B04EB051424011A59BA
S3150820BFF067F300021A51F8BD012D0AD13B2C8CBFDC
S3150820C00000230123002BEED10548DB21FFF7F6FD9F
S3150820C010E9E7022D01D12B2CF1E71B2CE2E700BF23
S3150820C0203F0221081C86042400C00424000013466D
S3150820C0303F2810B5044604D9064840F21B11FFF7DD
S3150820C040DDFD054800EB8400036843F01003036018
S3150820C05010BD00BF3F02210800400046012808B550
S3150820C0600ED90E4840F28911FFF7C8FD0C4B1A6805
S3150820C07042F480421A601A6842F480121A600BE071
S3150820C0800028F3D14FF08C431A6942F480321A61A2
S3150820C0909A6842F400129A6008BD00BF3F02210840
S3150820C0A0001404240C2A70B505460E46144604D9F5
S3150820C0B02B484FF43D71FFF7A1FD0F2E04D92848D0
S3150820C0C040F2F521FFF79AFD0C2D04D9244840F2B9
S3150820C0D0F621FFF793FD05F51070224B53F8302013
S3150820C0E06FF30D3243F8302053F8302064F30B22D7
S3150820C0F043F8302053F8302016F0080114BF42F0D8
S3150820C100080261F3C30243F8302053F8302016F0B2
S3150820C110040114BF42F0040261F3820243F830207E
S3150820C120104B53F8302016F0010114BF42F00102DB
S3150820C13061F3000243F830200A4B53F8302016F0FA
S3150820C140020114BF42F0020261F3410243F8302093
S3150820C15053F830206FF3041243F8302070BD00BF27
S3150820C1603F02210800C00424052870B506460D465E
S3150820C17001F5127411D9114840F24B31FFF73EFDF3
S3150820C180012D04D90D484FF45371FFF737FDE3000D
S3150820C19003F18C4303F598130DE0012904D90748C8
S3150820C1A04FF45371FFF72AFD042EF0D1E30003F173
S3150820C1B0105303F59823586870BD00BF3F02210825
S3150820C1C00C2810B5044604D9054840F27B31FFF700
S3150820C1D015FD044B01209A68A0401043986010BDB5
S3150820C1E03F02210800A00424052838B504460D4638
S3150820C1F004D909484FF47871FFF700FD0A2D04D9B0
S3150820C200054840F2E131FFF7F9FC044BA4001A591E
S3150820C21065F302021A5138BD3F0221081C86042400
S3150820C220052838B504460D4604D9094840F2EE31AA
S3150820C230FFF7E4FC012D04D9054840F2EF31FFF75A
S3150820C240DDFC044BA4001A5965F3C3021A5138BD04
S3150820C2503F0221081C860424052838B504460D46C5
S3150820C26004D9094840F2FF31FFF7C8FC012D04D94B
S3150820C27005484FF48061FFF7C1FC044BA4001A5906
S3150820C28065F304121A5138BD3F0221081C8604247E
S3150820C290052810B5044604D9054840F24641FFF75B
S3150820C2A0ADFC044B5869E04000F0010010BD00BF0A
S3150820C2B03F02210800000812102810B5044604D9A8
S3150820C2C004484FF49061FFF799FC034B64005C60C7
S3150820C2D010BD00BF3F022108000008120F2870B5C4
S3150820C2E005460E4604D91F4840F2AD41FFF786FCA5
S3150820C2F0082E04D91B4840F2AE41FFF77FFC0124E3
S3150820C300B440E6B23046FFF7D7FF174B1A6915F047
S3150820C310040F14BF3243B2431A61134B2202196920
S3150820C32092B215F0080F14BF0A4321EA02021A61D5
S3150820C3300D4B2204196902F47F0215F0020F14BF6F
S3150820C3400A4321EA02021A61074B1A69240615F0E4
S3150820C350010F14BF2243A2431A61044B4FF4001263
S3150820C3601A6070BD3F0221080000081200E100E0B3
S3150820C37081F0004102E000BF83F0004330B54FEA68
S3150820C38041044FEA430594EA050F08BF90EA020FD5
S3150820C3901FBF54EA000C55EA020C7FEA645C7FEA68
S3150820C3A0655C00F0E2804FEA5454D4EB5555B8BF8B
S3150820C3B06D420CDD2C4480EA020281EA030382EAFC
S3150820C3C0000083EA010180EA020281EA0303362D8E
S3150820C3D088BF30BD11F0004F4FEA01314FF4801C61
S3150820C3E04CEA113102D0404261EB410113F0004F73
S3150820C3F04FEA03334CEA133302D0524263EB43032A
S3150820C40094EA050F00F0A780A4F10104D5F1200EC7
S3150820C4100DDB02FA0EFC22FA05F2801841F1000122
S3150820C42003FA0EF2801843FA05F359410EE0A5F1F6
S3150820C43020050EF1200E012A03FA0EFC28BF4CF027
S3150820C440020C43FA05F3C01851EBE37101F00045DD
S3150820C45007D54FF0000EDCF1000C7EEB00006EEBEA
S3150820C4600101B1F5801F1BD3B1F5001F0CD3490874
S3150820C4705FEA30004FEA3C0C04F101044FEA4452CB
S3150820C48012F5800F80F09A80BCF1004F08BF5FEA52
S3150820C490500C50F1000041EB045141EA050130BD32
S3150820C4A05FEA4C0C404141EB0101013C28BFB1F544
S3150820C4B0801FE9D291F0000F04BF01460020B1FA8F
S3150820C4C081F308BF2033A3F10B03B3F120020CDA62
S3150820C4D00C3208DD02F1140CC2F10C0201FA0CF040
S3150820C4E021FA02F10CE002F11402D8BFC2F1200CA5
S3150820C4F001FA02F120FA0CFCDCBF41EA0C0190405B
S3150820C500E41AA2BF01EB0451294330BD6FEA0404A3
S3150820C5101F3C1CDA0C340EDC04F11404C4F120028E
S3150820C52020FA04F001FA02F340EA030021FA04F3A0
S3150820C53045EA030130BDC4F10C04C4F1200220FAF7
S3150820C54002F001FA04F340EA0300294630BD21FA35
S3150820C55004F0294630BD94F0000F83F4801306BFFB
S3150820C56081F480110134013D4EE77FEA645C18BFEF
S3150820C5707FEA655C29D094EA050F08BF90EA020F86
S3150820C58005D054EA000C04BF1946104630BD91EA7E
S3150820C590030F1EBF0021002030BD5FEA545C05D181
S3150820C5A04000494128BF41F0004130BD14F58004C0
S3150820C5B03CBF01F5801130BD01F0004545F0FE4134
S3150820C5C041F470014FF0000030BD7FEA645C1ABF69
S3150820C5D0194610467FEA655C1CBF0B46024650EAA0
S3150820C5E0013406BF52EA033591EA030F41F40021CC
S3150820C5F030BD00BF90F0000F04BF0021704730B552
S3150820C6004FF4806404F132044FF000054FF0000126
S3150820C61050E700BF90F0000F04BF0021704730B5E7
S3150820C6204FF4806404F1320410F0004548BF4042BC
S3150820C6304FF000013EE700BF42004FEAE2014FEA11
S3150820C64031014FEA02701FBF12F07F4393F07F4FEC
S3150820C65081F06051704732F07F4208BF704793F0EF
S3150820C6607F4F04BF41F40021704730B54FF4607402
S3150820C67001F0004521F000411CE700BF50EA010205
S3150820C68008BF704730B54FF000050AE050EA0102AE
S3150820C69008BF704730B511F0004502D5404261EB1E
S3150820C6A041014FF4806404F132045FEA915C3FF45F
S3150820C6B0D8AE4FF003025FEADC0C18BF03325FEAFC
S3150820C6C0DC0C18BF033202EBDC02C2F1200300FAAD
S3150820C6D003FC20FA02F001FA03FE40EA0E0021FAD2
S3150820C6E002F11444BDE600BF70B54FF0FF0C4CF4C0
S3150820C6F0E06C1CEA11541DBF1CEA135594EA0C0F72
S3150820C70095EA0C0F00F0DEF82C4481EA030621EAAC
S3150820C7104C5123EA4C5350EA013518BF52EA0335E7
S3150820C72041F4801143F4801338D0A0FB02CE4FF099
S3150820C7300005E1FB02E506F00042E0FB03E54FF0C9
S3150820C7400006E1FB03569CF0000F18BF4EF0010EC1
S3150820C750A4F1FF04B6F5007F64F5407404D25FEABD
S3150820C7604E0E6D4146EB060642EAC62141EA555170
S3150820C7704FEAC52040EA5E504FEACE2EB4F1FD0CB2
S3150820C78088BFBCF5E06F1ED8BEF1004F08BF5FEA30
S3150820C790500E50F1000041EB045170BD06F00046E2
S3150820C7A046EA010140EA020081EA0301B4EB5C048F
S3150820C7B0C2BFD4EB0C0541EA045170BD41F4801187
S3150820C7C04FF0000E013C00F3AB8014F1360FDEBFAC
S3150820C7D0002001F0004170BDC4F10004203C35DA88
S3150820C7E00C341BDC04F11404C4F1200500FA05F30B
S3150820C7F020FA04F001FA05F240EA020001F00042AC
S3150820C80021F0004110EBD37021FA04F642EB060121
S3150820C8105EEA430E08BF20EAD37070BDC4F10C044B
S3150820C820C4F1200500FA04F320FA05F001FA04F20F
S3150820C83040EA020001F0004110EBD37041F10001FB
S3150820C8405EEA430E08BF20EAD37070BDC4F1200506
S3150820C85000FA05F24EEA020E20FA04F301FA05F26E
S3150820C86043EA020321FA04F001F0004121FA04F216
S3150820C87020EA020000EBD3705EEA430E08BF20EAE6
S3150820C880D37070BD94F0000F0FD101F00046400020
S3150820C89041EB010111F4801F08BF013CF7D041EAA2
S3150820C8A0060195F0000F18BF704703F000465200A6
S3150820C8B043EB030313F4801F08BF013DF7D043EA77
S3150820C8C00603704794EA0C0F0CEA135518BF95EA2D
S3150820C8D00C0F0CD050EA410618BF52EA4306D1D1B4
S3150820C8E081EA030101F000414FF0000070BD50EAD3
S3150820C8F0410606BF1046194652EA430619D094EA5D
S3150820C9000C0F02D150EA013613D195EA0C0F05D146
S3150820C91052EA03361CBF104619460AD181EA03019A
S3150820C92001F0004141F0FE4141F470014FF0000052
S3150820C93070BD41F0FE4141F4780170BD70B54FF0ED
S3150820C940FF0C4CF4E06C1CEA11541DBF1CEA13556D
S3150820C95094EA0C0F95EA0C0F00F0A7F8A4EB05044F
S3150820C96081EA030E52EA03354FEA013100F0888046
S3150820C9704FEA03334FF0805545EA131343EA12630F
S3150820C9804FEA022245EA111545EA10654FEA0026C4
S3150820C9900EF000419D4208BF964244F1FD0404F57D
S3150820C9A0407402D25B084FEA3202B61A65EB0305D9
S3150820C9B05B084FEA32024FF480104FF4002CB6EB96
S3150820C9C0020E75EB030E22BFB61A754640EA0C0016
S3150820C9D05B084FEA3202B6EB020E75EB030E22BF56
S3150820C9E0B61A754640EA5C005B084FEA3202B6EB97
S3150820C9F0020E75EB030E22BFB61A754640EA9C0056
S3150820CA005B084FEA3202B6EB020E75EB030E22BF25
S3150820CA10B61A754640EADC0055EA060E18D04FEAE3
S3150820CA20051545EA16754FEA06164FEAC30343EA83
S3150820CA3052734FEAC2025FEA1C1CC0D111F4801F50
S3150820CA400BD141EA00014FF000004FF0004CB6E749
S3150820CA5011F4801F04BF01430020B4F1FD0C88BFE8
S3150820CA60BCF5E06F3FF6AFAEB5EB030C04BFB6EBF3
S3150820CA70020C5FEA500C50F1000041EB045170BDE6
S3150820CA800EF0004E4EEA113114EB5C04C2BFD4EB13
S3150820CA900C0541EA045170BD41F480114FF0000E97
S3150820CAA0013C90E645EA060E8DE60CEA135594EA13
S3150820CAB00C0F08BF95EA0C0F3FF43BAF94EA0C0F16
S3150820CAC00AD150EA01347FF434AF95EA0C0F7FF48B
S3150820CAD025AF104619462CE795EA0C0F06D152EADF
S3150820CAE003353FF4FDAE1046194622E750EA4106C3
S3150820CAF018BF52EA43067FF4C5AE50EA41047FF4D4
S3150820CB000DAF52EA43057FF4EBAE12E74FF0FF3C38
S3150820CB1006E000BF4FF0010C02E000BF4FF0010C09
S3150820CB204DF804CD4FEA410C7FEA6C5C4FEA430C82
S3150820CB3018BF7FEA6C5C1BD001B050EA410C0CBFD1
S3150820CB4052EA430C91EA030F02BF90EA020F002033
S3150820CB50704710F1000F91EA030F58BF994208BF9A
S3150820CB6090422CBFD8176FEAE37040F00100704757
S3150820CB704FEA410C7FEA6C5C02D150EA013C07D1AE
S3150820CB804FEA430C7FEA6C5CD6D152EA033CD3D0F9
S3150820CB905DF8040B704700BF8446104662468C46F3
S3150820CBA01946634600E000BF01B5FFF7B7FF002826
S3150820CBB048BF10F1000F01BD4DF808EDFFF7F4FF4F
S3150820CBC00CBF012000205DF808FB00BF4DF808EDDA
S3150820CBD0FFF7EAFF34BF012000205DF808FB00BFFD
S3150820CBE04DF808EDFFF7E0FF94BF012000205DF81F
S3150820CBF008FB00BF4DF808EDFFF7CEFF94BF0120D4
S3150820CC0000205DF808FB00BF4DF808EDFFF7C4FFCC
S3150820CC1034BF012000205DF808FB00BF4A0011D26E
S3150820CC2012F5001211D20DD56FF47873B3EB625258
S3150820CC300ED44FEAC12343F0004343EA505323FA64
S3150820CC4002F070474FF00000704750EA013002D1D9
S3150820CC504FF0FF3070474FF00000704753B94AB97C
S3150820CC60002908BF00281CBF4FF0FF314FF0FF30C6
S3150820CC7000F06AB9ADF1080C6DE904CE00F006F8AB
S3150820CC80DDF804E0DDE9022304B070472DE9F0471A
S3150820CC90089D0C46002B4ED194468C458646B2FA02
S3150820CCA082F262D94AB1C2F12003914020FA03F3F5
S3150820CCB00CFA02FC194300FA02FE4FEA1C471FFA37
S3150820CCC08CF6B1FBF7F44FEA1E4307FB141143EA2F
S3150820CCD0014304FB06F199420AD91CEB030304F12C
S3150820CCE0FF3080F01381994240F21081023C634460
S3150820CCF0591A1FFA8EF3B1FBF7F007FB101143EA16
S3150820CD00014300FB06F69E420AD91CEB030300F1F9
S3150820CD10FF3180F0FD809E4240F2FA80634402385B
S3150820CD209B1B40EA044000211DB1D3400022C5E9DF
S3150820CD300032BDE8F0878B4205D90DB1C5E900015F
S3150820CD4000210846F5E7B3FA83F1002946D1A34224
S3150820CD5002D39042C0F0F180861A64EB03030120C7
S3150820CD60002DE6D0C5E90063E3E7002A40F091806C
S3150820CD70A1EB0C044FEA1C481FFA8CF70121B4FBDF
S3150820CD80F8F64FEA1E4308FB164443EA044307FB1A
S3150820CD9006F0984208D91CEB030306F1FF3402D2A9
S3150820CDA0984200F2CE8026461C1A1FFA8EF3B4FB50
S3150820CDB0F8F008FB104443EA044300FB07F79F42B8
S3150820CDC008D91CEB030300F1FF3402D29F4200F27C
S3150820CDD0B1802046DB1B40EA0640A5E7C1F12006C4
S3150820CDE08B4022FA06F71F4320FA06FC04FA01F3C1
S3150820CDF043EA0C03F44000FA01F8380C4FEA1349C9
S3150820CE00B4FBF0FE1FFA87FC00FB1E4449EA0444E3
S3150820CE100EFB0CF9A14502FA01F20AD93C190EF1CA
S3150820CE20FF3A80F08580A14540F28280AEF1020E5D
S3150820CE303C44A4EB09041FFA83F9B4FBF0F300FB86
S3150820CE40134449EA044403FB0CFCA44507D93C19BE
S3150820CE5003F1FF3068D2A44566D9023B3C4443EA35
S3150820CE600E40A0FB0293A4EB0C049C42CE469C46A3
S3150820CE7052D34FD055B1B8EB0E0364EB0C0404FA29
S3150820CE8006F6CB40CC401E43C5E900640021BDE828
S3150820CE90F087C2F1200320FA03F10CFA02FC24FAE7
S3150820CEA003F394400C434FEA1C4800FA02FE1FFA8B
S3150820CEB08CF7B3FBF8F008FB1031230C43EA014347
S3150820CEC000FB07F1994208D91CEB030300F1FF3652
S3150820CED02CD299422AD9023863445B1AA4B2B3FBEE
S3150820CEE0F8F108FB113344EA034401FB07F3A34294
S3150820CEF008D91CEB040401F1FF3613D2A34211D939
S3150820CF0002396444E41A41EA004138E70446EFE668
S3150820CF10084605E7C845ADD2B9EB020E63EB070C08
S3150820CF200138A7E73146EDE7034698E73046D4E7C8
S3150820CF30D6467EE7634402384CE70646234608462B
S3150820CF400EE7023E63442FE7704700BF024B0146B7
S3150820CF50186800F02DB800BF24030000024B0146D4
S3150820CF60186801F0B7BE00BF2403000070B50F4E45
S3150820CF700C463168054611B900F062FF306021463B
S3150820CF80284600F05DFF431C03D14FF0FF342046AE
S3150820CF9070BDC41C24F00304A042F8D0211A2846E8
S3150820CFA000F04EFF0130F2D1EFE700BFB83A00009B
S3150820CFB02DE9F041CD1C25F0030508350C2D38BF89
S3150820CFC00C25002D064601DBA94204D90C23336023
S3150820CFD00020BDE8F081314F00F062F83B681C461E
S3150820CFE044BB29463046FFF7C1FF431C044650D1AF
S3150820CFF03C682146002941D1002C44D0236830467C
S3150820D00004EB030800F01CFF80453CD121686D1A0B
S3150820D01029463046FFF7AAFF013034D023682B442F
S3150820D02023603B68002B36D05A68A24229D10022B9
S3150820D0305A600EE02268521B1DD40B2A16D9611994
S3150820D040A342256018BF5960636808BF39606251DA
S3150820D0504B60304600F02AF804F10B00231D20F01F
S3150820D0600700C21AB5D01B1AA350B2E7A3426268BA
S3150820D070DED13A60EDE723466468B1E70C46496895
S3150820D080B8E71346CEE70C233360304600F00EF897
S3150820D0909EE70560DDE75B60FFDE00BFBC3A000067
S3150820D0A0014800F0F6BE00BF003C0000014800F031
S3150820D0B0F1BE00BF003C00002DE9F04F89B0DDE944
S3150820D0C01598002B1D461446BCBF03F10043144691
S3150820D0D028F0200A149AB6BF1D4600232D23BAF13C
S3150820D0E0460FDDE9126B137005D0BAF1450F00D152
S3150820D0F00136022300E0032307AA049206AACDE9F3
S3150820D1000292CDE9003622462B4600F0B9FFB8F147
S3150820D110670F074619D11BF0010F0ED007EB06083B
S3150820D1200022002320462946FFF746FD08B1CDF800
S3150820D1301C803022079B434521D3079B179ADB1B6C
S3150820D1403846136009B0BDE8F08FB8F1470FE2D032
S3150820D150BAF1460F00EB0608E2D10378302B0AD144
S3150820D1600022002320462946FFF726FD18B9C6F1D6
S3150820D1700106C9F80060D9F800309844D0E7591C50
S3150820D18007911A70D6E7F7B50029BABF49422D2369
S3150820D1902B2309290270437029DD0DF107031D464B
S3150820D1A00A271A46B1FBF7F607FB1614303402F89D
S3150820D1B0014C0C46632C03F1FF333146F1DC303148
S3150820D1C0941E03F8011C411C2346AB420AD30DF1D9
S3150820D1D009039B1AAC4288BF002302330344181A5A
S3150820D1E003B0F0BD13F8016B01F8016FEDE73023AA
S3150820D1F030318370C170031DF1E700002DE9F04F2F
S3150820D20091B00C46DDF8688016461F46054600F0A4
S3150820D210DFFD03680893184600F0A0FE00230E934E
S3150820D220D8F800300990073323F0070303F10802E2
S3150820D23094F818A0D4F800B0C8F80020D3E90089DB
S3150820D24029F000430B93CDF82880C4E91289DDE93B
S3150820D2500A019C4B4FF0FF3202F0DEFC70BBDDE981
S3150820D2600A01984B4FF0FF32FFF7BAFC30BB002279
S3150820D270002340464946FFF7A9FC10B12D2384F820
S3150820D2804330914A914BBAF1470F94BF904698463E
S3150820D290032323612BF0040323604FF00009009732
S3150820D2A033460FAA2146284600F0DEF9013040F021
S3150820D2B099804FF0FF3011B0BDE8F08F42464B46BB
S3150820D2C04046494602F0A8FC40B14B46002BBCBF5D
S3150820D2D02D2384F843307E4A7E4BD4E763685A1C54
S3150820D2E029D1062363604BF48063002223600692CB
S3150820D2F00EAACDE904A20DAA03920DF13302CDE9B7
S3150820D30001326368009342464B462846FFF7D4FE0F
S3150820D310BAF1670F0D99804615D1CB1C3BDB6368A4
S3150820D320994238DC0E9B994255DB23682161D80740
S3150820D33045D54B1C42E00AF0DF02472AD3D1002B01
S3150820D340D1D10123CEE7BAF1470F07D1C81C25DB77
S3150820D35063688B4222DB4FF0670AE3E7BAF1650F71
S3150820D3601FD80139524604F150000D91FFF70BFFE3
S3150820D3700E9A1318012A8146236102DC2268D207F5
S3150820D38001D5013323619DF83330002B87D02D2317
S3150820D39084F8433083E74FF0650AE2E74FF0450A01
S3150820D3A0DFE7BAF1660FBDD1002963680BDD21617D
S3150820D3B013B92268D00702D501330B442361A1652E
S3150820D3C04FF00009DFE713B92268D20701D50233E7
S3150820D3D0F4E70123F2E70029D4BFC1F102020122B2
S3150820D3E01344EBE723685A0507D423694246314696
S3150820D3F02846B84701302BD15BE7BAF1650F40F2D2
S3150820D400DC80D4E9120100220023FFF7D5FB00288F
S3150820D41033D0314A012331462846B84701303FF4F4
S3150820D42048AFDDE90D38434502DB2368D8070FD519
S3150820D430DDE9082331462846B84701303FF439AF9D
S3150820D4404FF0000908F1FF3804F11A0AC84509DC2B
S3150820D45023689B0700F10281E0680F9B9842B8BFBA
S3150820D460184628E70123524631462846B847013050
S3150820D4703FF41FAF09F10109E8E70D9B002B38DCC3
S3150820D480154A012331462846B84701303FF411AFE3
S3150820D490DDE90D3959EA030302D12368D907D7D51F
S3150820D4A0DDE9082331462846B84701303FF401AF65
S3150820D4B04FF0000A04F11A0B0D9B5B4253450DDC15
S3150820D4C04B4693E7FFFFEF7FF4022108F802210875
S3150820D4D0FC022108000321080403210801235A46D7
S3150820D4E031462846B84701303FF4E3AE0AF1010A2F
S3150820D4F0E2E7A36DDDF838A05345A8BF5346002BB5
S3150820D500994636DC4FF0000B29EAE97904F11A022C
S3150820D510A36D0A93A3EB09035B4531DC0D9B9A4562
S3150820D5203ADC2368DA0737D40D9BAAEB03090A9B52
S3150820D530AAEB03039945A8BF9946B9F1000F33DC36
S3150820D5404FF0000829EAE97904F11A0B0D9BAAEB9A
S3150820D5500303A3EB090343457FF77AAF01235A4612
S3150820D56031462846B84701303FF4A3AE08F10108F2
S3150820D570ECE7424631462846B8470130C2D198E6FC
S3150820D5800123314628460A92B84701303FF491AE26
S3150820D5900A9A0BF1010BBBE7DDE908233146284639
S3150820D5A0B8470130C0D184E60A9A4B4642443146F0
S3150820D5B02846B8470130C3D17BE6DDF838A0BAF152
S3150820D5C0010F01DCDB0736D50123424631462846C2
S3150820D5D0B84701303FF46DAEDDE9082331462846C9
S3150820D5E0B84701303FF465AED4E912010022002382
S3150820D5F00AF1FF3AFFF7E0FAC0B9534608F10102EB
S3150820D60031462846B84701300CD152E601235A46FE
S3150820D61031462846B84701303FF44BAE08F1010899
S3150820D620D045F3DB4B4604F15002E0E64FF0000804
S3150820D63004F11A0BF4E701234246E1E701234A469F
S3150820D64031462846B84701303FF433AE08F1010881
S3150820D650E3680F995B1A4345F0DCFDE64FF00008B6
S3150820D66004F11909F4E700BF2DE9F0471646984654
S3150820D6708A680B69DDF820909342B8BF1346336059
S3150820D68091F8432007460C460AB1013333602368D4
S3150820D690990642BF336802333360256815F00605BC
S3150820D6A006D104F1190AE36832689B1AAB4226DCD4
S3150820D6B094F843302268003B18BF012392062BD4E6
S3150820D6C004F1430241463846C84701301ED0236834
S3150820D6D0226903F00603042B02BFE5683368ED1AB6
S3150820D6E0A3680CBF25EAE57500259342C4BF9B1A9B
S3150820D6F0ED1800261A34B5421AD1002008E0012375
S3150820D700524641463846C847013003D14FF0FF30CC
S3150820D710BDE8F0870135C6E7E1185A1C302081F8A4
S3150820D7204300224494F8451082F843100233C7E791
S3150820D7300123224641463846C8470130E6D00136FD
S3150820D740D9E700002DE9FF470F7E0C9E782F9146DA
S3150820D75080460C469A4601F1430207D8622F0AD81A
S3150820D760002F00F0DD80582F00F0C38004F1420618
S3150820D77084F842703AE0A7F16303152BF6D801A185
S3150820D78051F823F0DDD72008F1D720086DD72008D7
S3150820D7906DD720086DD720086DD72008F1D7200827
S3150820D7A06DD720086DD720086DD720086DD720089B
S3150820D7B007D920087FD82008BFD820086DD7200889
S3150820D7C06DD7200829D920086DD720087FD82008AA
S3150820D7D06DD720086DD72008C7D8200833681A1DAA
S3150820D7E01B68326004F1420684F842300123A8E01F
S3150820D7F031682368081D30601E0601D50D6803E0D0
S3150820D8005D06FBD5B1F900506168002D78DA2D2028
S3150820D810002984F84300A1602DDA5E486D420A2368
S3150820D8201646B5FBF3F103FB1157C75D06F8017DD4
S3150820D8302F46BB420D46F4D9082B0BD12368DF07A8
S3150820D84008D5236961689942DEBF302306F8013C72
S3150820D85006F1FF36921B2261CDF800A04B4603AA9B
S3150820D86021464046FFF700FF01306FD14FF0FF30C9
S3150820D87004B0BDE8F08723F004032360CDE72168D0
S3150820D8803368080653F8045B02D4490648BFADB28C
S3150820D8906F2F4048336014BF0A230823002184F8D9
S3150820D8A043106668A660002EBADB216821F00401C1
S3150820D8B02160002DB4D1002EB2D11646BCE72368CC
S3150820D8C043F0200323603448782784F8457023687A
S3150820D8D031681F0651F8045B02D45F0648BFADB213
S3150820D8E03160D90744BF43F0200323601DB11023BC
S3150820D8F0D4E72848E9E7236823F020032360F6E7DE
S3150820D90024480A23CDE7336825686169181D3060E5
S3150820D9102E061B6801D5196002E06806FBD519801A
S3150820D92000232361164697E733681A1D32601E685E
S3150820D93062680021304600F0B3FA08B1801B6060A7
S3150820D94063682361002384F8433085E723693246D8
S3150820D95049464046D047013088D023689B0714D4CF
S3150820D960E068039B9842B8BF184681E701233246F0
S3150820D97049464046D04701303FF478AF0135E36841
S3150820D98003995B1AAB42F1DCEAE7002504F1190694
S3150820D990F5E700BF0603210817032108002310B561
S3150820D9A00446C0E90033C0E90433836081814366B5
S3150820D9B0C2818361194608225C3000F001FA0D4BBA
S3150820D9C063620D4BA3620D4BE3620D4B23630D4B34
S3150820D9D024629C4206D003F16802944202D0D033D6
S3150820D9E09C4205D104F15800BDE8104000F050BA19
S3150820D9F010BD00BF11DC200833DC20086BDC2008B2
S3150820DA008FDC2008C03A0000024A0349034800F088
S3150820DA1069B800BF1803000001F820082803000091
S3150820DA2041680C4B994210B5044601D001F0E8FE36
S3150820DA30A168094B994202D0204601F0E1FEE1682F
S3150820DA40064B994204D02046BDE8104001F0D8BEC6
S3150820DA5010BD00BFC03A0000283B0000903B0000E4
S3150820DA6010B50B4B0B4C0C4A1A6020460022042199
S3150820DA70FFF794FF04F1680001220921FFF78EFFC2
S3150820DA8004F1D0000222BDE810401221FFF786BF1C
S3150820DA90F83B0000C03A000009DA2008014800F0E7
S3150820DAA0F8B900BF013C0000014800F0F3B900BFF7
S3150820DAB0013C000010B50446FFF7F0FF236A1BB1AE
S3150820DAC0BDE81040FFF7F0BF044B2362044B1B68E8
S3150820DAD0002BF5D1FFF7C4FFF2E700BF21DA2008B3
S3150820DAE0F83B00002DE9F8430746884614460026E9
S3150820DAF0D4E90195B9F1010905D52468002CF7D197
S3150820DB003046BDE8F883AB89012B07D9B5F90E3025
S3150820DB10013303D029463846C04706436835E9E726
S3150820DB200FB407B5064904AB086853F8042B816877
S3150820DB30019301F0C9FC03B05DF804EB04B070470B
S3150820DB4024030000024B01461868826801F0E2BEF1
S3150820DB5024030000036A70B5846805460E460BB98F
S3150820DB60FFF7A8FF636EDB0705D4A389980502D4BF
S3150820DB70A06D00F08EF9A389190702D52369002B19
S3150820DB8035D12146284600F0C5F880B34FF0FF3539
S3150820DB90636EDA0705D4A3899B0502D4A06D00F02D
S3150820DBA079F9284670BD002B15DB23685A1C22609C
S3150820DBB01970A36816F8011F013BA3600029F2D14A
S3150820DBC0002B16DA22460A21284600F064F801308E
S3150820DBD0DCD00A25DCE7A2699A4201DC0A29E4D1CD
S3150820DBE02246284600F057F80130E2D1CEE7013E1A
S3150820DBF0DFE723685A1C22600A221A70E9E7000028
S3150820DC00024B01461868FFF7A5BF00BF2403000092
S3150820DC1010B50C46B1F90E1000F000F90028ABBF7C
S3150820DC20636DA3891B1823F48053ACBF6365A38156
S3150820DC3010BD2DE9F0411F468B89DB0505460C46AC
S3150820DC40164605D5B1F90E100223002200F0D4F8A5
S3150820DC50A389B4F90E1023F48053A38132463B4698
S3150820DC602846BDE8F04100F0FBB810B50C46B1F9DE
S3150820DC700E1000F0C1F8431CA38915BF606523F474
S3150820DC80805343F48053A38118BFA38110BDB1F9F3
S3150820DC900E1000F0A1B8F8B50E461446054618B180
S3150820DCA0036A0BB9FFF706FFA369A360A3891A07BE
S3150820DCB001D5236943B92146284600F02BF818B127
S3150820DCC04FF0FF373846F8BD23682269981A6369EA
S3150820DCD0F6B28342374605DC2146284601F090FDF8
S3150820DCE00028EDD1A368013BA36023685A1C226053
S3150820DCF01E706269431C9A4204D0A389DB07E1D5CA
S3150820DD000A2EDFD12146284601F07AFD0028D9D0EF
S3150820DD10D6E7000038B5294B054618680C4618B1D1
S3150820DD20036A0BB9FFF7C6FEB4F90C30190722D4DB
S3150820DD30DA0607D409222A6043F04003A3814FF06C
S3150820DD40FF3033E0580712D5616B41B104F1440323
S3150820DD50994202D0284600F0BDFF00236363A389B9
S3150820DD6023F02403A3810023636023692360A38906
S3150820DD7043F00803A38123694BB9A38903F42073CD
S3150820DD80B3F5007F03D02146284601F087FDB4F974
S3150820DD900C3013F001020AD00022A26062695242B6
S3150820DDA0A261226942B913F08000C5D138BD99070E
S3150820DDB058BF6269A260F4E70020F7E72403000051
S3150820DDC002440346934200D1704703F8011BF9E742
S3150820DDD0004870476404000038B5064D0023044601
S3150820DDE008462B60F6F71EFB431C02D12B6803B1AD
S3150820DDF0236038BDFC3B000038B5074D044608466D
S3150820DE00114600222A601A46F6F716FB431C02D151
S3150820DE102B6803B1236038BDFC3B000038B5074D9D
S3150820DE2004460846114600222A601A46F6F706FBDB
S3150820DE30431C02D12B6803B1236038BDFC3B00008C
S3150820DE4038B5064D0023044608462B6001F022FF0C
S3150820DE50431C02D12B6803B1236038BDFC3B00006C
S3150820DE6038B5074D04460846114600222A601A4648
S3150820DE70F6F7B6FA431C02D12B6803B1236038BDE6
S3150820DE80FC3B0000014B1868704700BF24030000C4
S3150820DE90704770477047000000000000000000002F
S3150820DEA001F0FF01102A2BDB10F0070F08D010F81D
S3150820DEB0013B013A8B422DD010F0070F42B3F6D121
S3150820DEC0F0B441EA012141EA014122F007047FF03A
S3150820DED000070023F0E80256083C85EA010586EA91
S3150820DEE0010685FA47F5A3FA87F586FA47F6A5FACD
S3150820DEF087F68EB9EED1F0BC01F0FF0102F00702D9
S3150820DF0032B110F8013B013A83EA010313B1F8D183
S3150820DF100020704701387047002D06BF3546033864
S3150820DF20073815F0010F07D1013015F4807F02BF9D
S3150820DF30013015F4C03F0130F0BC0138704700BFEE
S3150820DF400A44914200F1FF3300D1704710B511F809
S3150820DF50014B03F8014F9142F9D110BD034613F83E
S3150820DF60012B002AFBD1181A013870472DE9F74FE3
S3150820DF7003690C69A34207467EDB013C01F11408BC
S3150820DF80A30000F11405009305EB8403019358F8C8
S3150820DF90243055F8242001339A4208EB8409B2FB31
S3150820DFA0F3F62ED34FF0000AC446AE46D3465CF8A5
S3150820DFB0043B98B206FB00A0020C1B0C06FB0323AD
S3150820DFC0DEF8002080B292B2121A5A44DEF8000017
S3150820DFD04FEA134A9BB2C3EB224303EB104392B298
S3150820DFE042EA0342E1454EF8042B4FEA234BDED2A0
S3150820DFF0009BEB582BB9019B043B9D421A462FD315
S3150820E0003C61384601F02EF9002825DB29460020F8
S3150820E01058F8042BD1F800C01FFA82FE1FFA8CF399
S3150820E020A3EB0E030344120CC2EB234202EB1C4261
S3150820E0309BB243EA0243C14541F8043B4FEA2240DA
S3150820E040E6D255F8242005EB840322B9043B9D42E9
S3150820E0501A460BD33C610136304603B0BDE8F08F33
S3150820E0601268043B002ACBD1013CC6E71268043B60
S3150820E070002AEFD1013CEAE70020EEE70000000085
S3150820E0802DE9F04FC76997B014461D46CDE90445DA
S3150820E090239E83467FB91020FEF758FF0246CBF809
S3150820E0A01C0020B9A64BEF21A64801F089FCC0E93F
S3150820E0B001770760C760DBF81C30196859B15A68C0
S3150820E0C04A60012393408B60584600F08DFEDBF8AA
S3150820E0D01C3000221A602B1EB9BF23F0004305937B
S3150820E0E000233360059F984BBCBF01223260BB4397
S3150820E0F019D1229A42F20F731360C7F313032343ED
S3150820E10000F0DE85249B53B9904B21E0904B089371
S3150820E1100833249A1360089817B0BDE8F08F8B4B04
S3150820E12008930333F5E79DED047B002251EC170B8A
S3150820E13000238DED0C7BFEF73FFD804650B1229AD9
S3150820E14001231360249B13B1249A824B1360824BBC
S3150820E1500893E0E714AB019315AB00935846DDE925
S3150820E1600C2301F02FF9C7F30A560390002E79D015
S3150820E1700D9BCDF84C80C3F31303DDE90C0143F066
S3150820E1807F5343F44013A6F2FF3619460022734BF9
S3150820E190FEF7F2F864A3D3E90023FEF7A5FA64A3F1
S3150820E1A0D3E90023FEF7EAF8044630460D46FEF783
S3150820E1B031FA61A3D3E90023FEF796FA02460B4605
S3150820E1C020462946FEF7DAF804460D4601F03AFDC0
S3150820E1D000220746002320462946FEF7F7FC40B1D1
S3150820E1E03846FEF717FA22462B46FEF7E5FC00B915
S3150820E1F0013F162F53D85A4B03EBC703D3E9002305
S3150820E200DDE90C01FEF7E2FC00284AD0013F002395
S3150820E2101293149B9B1B5A1E45BFC3F101030993F6
S3150820E220002300230A9254BF09930A93002F3ADB4E
S3150820E2300A9B0F973B440A9300230B93209B092B99
S3150820E24067D8052BC4BF043B2093209BA3F1020368
S3150820E250CCBF00240124032B00F28680DFE803F0DC
S3150820E2602B383657DDE914631E4406F23243202B39
S3150820E270C1BFC3F140039F4006F2124324FA03F3B9
S3150820E280D6BFC3F1200347EA030004FA03F0FEF7DA
S3150820E290B1F90122A1F1F873013E139275E7012322
S3150820E2A0B6E71290B5E7099BDB1B09937B420B93D4
S3150820E2B000230F93C2E700230E93219B002B56DCE5
S3150820E2C00123069399461A4621920CE00123F3E787
S3150820E2D000230E93219BFB1803F1010906934B4655
S3150820E2E0012BB8BF0123DBF81C000021042202F110
S3150820E2F014059D423FD94160584600F035FD0890E7
S3150820E30000283BD1174B024640F2AF11CCE6012339
S3150820E310DFE70124002320930E944FF0FF33069362
S3150820E320994600221223CFE761436F63A787D23F1E
S3150820E330B3C8608B288AC63FFB799F501344D33FC6
S3150820E340350321084C0321080000F07F31032108FA
S3150820E3502803210805032108040321080000F83FA3
S3150820E36048042108A503210801230E93D5E7219BFC
S3150820E37006939946B7E701315200B8E7DBF81C3017
S3150820E380089A1A60B9F10E0F6FD8002C6DD0002F9D
S3150820E39036DDA14B07F00F0203EBC20393ED007B9A
S3150820E3A0F8058DED107B4FEA271417D59B4BDDE931
S3150820E3B00C01D3E90823FEF7C1FACDE9040104F0DC
S3150820E3C00F044FF00308954D5CB9DDE91023DDE90C
S3150820E3D00401FEF7B3FACDE904012BE04FF0020859
S3150820E3E0F1E7E10709D5DDE91001D5E90023FEF7B4
S3150820E3F07BF9CDE9100108F1010864100835E3E737
S3150820E40000F007817C42844B844D04F00F0203EB15
S3150820E410C203D3E90023DDE90C01FEF765F9CDE94E
S3150820E4200401241100234FF00208002C40F0E58057
S3150820E430002BD0D1129BDDE90445002B00F04B813F
S3150820E440774B002220462946FEF7C0FB002800F01D
S3150820E4504281B9F1000F00F03E81069B002B00F3A4
S3150820E460E380DDE90C34CDE90434159B002B02DB6F
S3150820E4700E2F40F341820E9A002A40F066820B9CAA
S3150820E480DDF824800025B8F1000F0DD00A9B002B5B
S3150820E4900ADD4345099AA8BF4346D21A09920A9A21
S3150820E4A0A8EB0308D31A0A930B9B0BB30E9B002BDE
S3150820E4B000F0A582002C00F0A08229462246584664
S3150820E4C000F00AFE039A01460546584600F05AFD12
S3150820E4D003990646584600F087FC0B9B1B1B0B939B
S3150820E4E000F090820B9A3146584600F0F5FD0390CD
S3150820E4F00121584600F030FD0F9B0446002B00F002
S3150820E50083821A460146584600F0E6FD209B012BD9
S3150820E510044603DC049B002B00F07B82002623693B
S3150820E52004EB8303186900F0C7FC0F96C0F120009E
S3150820E5300A9B184410F01F0000F09082C0F12003B7
S3150820E540042B40F38082099BC0F11C0003440993E5
S3150820E5500A9B034480440A93099B002B05DD0399F3
S3150820E5601A46584600F012FE03900A9B002B05DD3A
S3150820E57021461A46584600F009FE0446129B002BEF
S3150820E58000F075820398214600F06CFE002880F280
S3150820E5906E82002303990A22584600F047FC0E9BF8
S3150820E5A003907E1E002B00F05B82002329460A2258
S3150820E5B0584600F03BFC069B002B054603DC209BB7
S3150820E5C0022B00F35D82B8F1000F05DD294642468D
S3150820E5D0584600F0DBFD05460F9B002B00F0CF8246
S3150820E5E06968584600F0C0FB0746002840F07E823E
S3150820E5F00C4B024640F2EF2156E5E20706D5D5E94F
S3150820E6000023FEF771F808F1010801236410083584
S3150820E6100BE74FF002080DE74804210820042108DB
S3150820E6200000F03FA50321082046AD4B00222946CD
S3150820E630FEF75AF8CDE90401069C7E1E08F101086A
S3150820E6404046FDF7E7FFDDE90423FEF74DF8A54B25
S3150820E6500022FDF793FEA1F15073CDE91001119325
S3150820E660002C3BD1DDE904019F4B0022FDF784FEF7
S3150820E67002460B46CDE90423DDE91023FEF7C4FA4A
S3150820E680002840F05781DDE9102101F10043DDE93A
S3150820E6900401FEF79BFA00283FF4E3AE0024254642
S3150820E6A0219BDDF820A0DE434FF00008214658467E
S3150820E6B000F09AFB002D00F0A980B8F1000F05D0D4
S3150820E6C0A84503D04146584600F08EFB29465846B1
S3150820E6D000F08AFB9AE03E464C46B1E7834B03EBB3
S3150820E6E0C40353E90201089B1C440E9B002B4AD005
S3150820E6F002460B4600207E49FEF720F9DDE9102365
S3150820E700FDF73AFECDE91001DDF820A0DDE9040188
S3150820E71001F098FA0546FDF77DFF02460B46DDE92E
S3150820E7200401FDF729FE3035CDE9040102460B46E2
S3150820E7300AF8015BDDE91001FEF766FA002865D1C3
S3150820E740DDE904236B490020FDF716FE02460B4639
S3150820E750DDE91001FEF758FA002840F00D81A245A0
S3150820E76000F0EA80DDE910015D4B0022FDF7BCFFD1
S3150820E7705B4BCDE910010022DDE90401FDF7B4FF6A
S3150820E780CDE90401C2E7DDE91023FDF7ADFFCDE9A8
S3150820E7901001DDF820A0A046DDE9040101F052FAB7
S3150820E7A00546FDF737FF02460B46DDE90401FDF76E
S3150820E7B0E3FD30350AF8015B02460B46A245CDE952
S3150820E7C004234FF0000223D1494BDDE91001FDF760
S3150820E7D0D5FD02460B46DDE90401FEF715FA0028A9
S3150820E7E040F0CA80DDE9102341490020FDF7C4FD29
S3150820E7F002460B46DDE90401FEF7E8F970B1C24688
S3150820E80008F1FF381AF8013C302BF8D0374655E086
S3150820E810334BFDF769FFCDE90401BDE7DDE90C348B
S3150820E820CDE90434159B002BFFF629AE0E2F3FF7B2
S3150820E83026AE2E4B03EBC70393ED007B219B002BC3
S3150820E8408DED067B02DAB9F1000F64D0DDE90445C7
S3150820E850DDF820A0DDE9062320462946FEF76EF8D6
S3150820E86001F0F0F90646FDF7D5FEDDE90623FDF7AA
S3150820E8703BFF02460B462046294606F13004FDF7A3
S3150820E8807BFD0AF8014B089CAAEB0404A145024625
S3150820E8900B4640F08280FDF771FDDDE9062304462C
S3150820E8A00D46FEF7B1F9002865D1DDE90623204695
S3150820E8B02946FEF781F908B1F3075CD4039958462F
S3150820E8C000F092FA00238AF80030229B01371F6055
S3150820E8D0249B002B3FF41FACC3F800A01BE400BF09
S3150820E8E00000244000001C40000014404804210871
S3150820E8F00000E03F0000F03FA24B03EBC70393ED77
S3150820E900007B219B002B8DED067B9FDAB9F1000F4A
S3150820E9109CDC7FF4C3AE9C4B0022DDE90601FDF7A3
S3150820E920E3FEDDE90423FEF765F9044600287FF4B3
S3150820E930B5AE3E462546B4E0DDE90C34CDE90434CF
S3150820E940159B002B01DB0E2FD6DD209A012A36DCFB
S3150820E950139A82B303F233430B9CDDF82480099A79
S3150820E9601A4409920A9A01211A4458460A9200F032
S3150820E970F3FA054687E53E4653469A4613F8012D8F
S3150820E980392A06D1089A9A42F7D1089930220136AF
S3150820E9900A701A7801321A7038E77C4B0022FDF784
S3150820E9A0A3FE0022002304460D46FEF705F900289B
S3150820E9B03FF450AF82E7149BC3F13603CCE70B9B99
S3150820E9C009F1FF34A34208DBB9F1000FA3EB0404D5
S3150820E9D00EDBDDF824804B46C1E70B9B0F9A0B9480
S3150820E9E0E31A1A44DDF824800F924B460024B6E732
S3150820E9F0099BA3EB09080023B1E7039E72E50B9A4E
S3150820EA00039971E5039673E5209B012B17DC049B7C
S3150820EA10ABB9059BC3F313039BB9059B23F00046AB
S3150820EA20360D360536B1099B013309930A9B013306
S3150820EA300A9301260F9B002B7FF471AD0F960120B8
S3150820EA4076E50026F6E73FF487AD099A1C331A4483
S3150820EA5009920A9A1A4498440A927DE50346F4E7ED
S3150820EA60069B002B2BDC209B022B09DC27E0B9F127
S3150820EA70000F1DDC209B022B1ADDCDF818903E4690
S3150820EA80069B002B7FF40CAE21460522584600F043
S3150820EA90CDF901460446039800F0E4FB00287FF7E9
S3150820EAA0FFADDDF820A031230AF8013B0136FBE54E
S3150820EAB00E9BCDF818903E46002B7FF484AD089F18
S3150820EAC003982146FFF752FA00F1300907F8019B0F
S3150820EAD0089B069AFB1A9A4240F3CB800399002397
S3150820EAE00A22584600F0A2F90390E9E72A69023279
S3150820EAF0920005F10C010C30FFF722FA0122394663
S3150820EB00584600F043FB089B089A03F1010A069B26
S3150820EB1013440A93049B03F00103A8460B93054666
S3150820EB200AF1FF33214603980693FFF71FFA414659
S3150820EB30099000F13009039800F094FB2A462146F3
S3150820EB400746584600F0AAFBC268014602B3584653
S3150820EB5000F04AF9002F3ADA03990122584600F0C4
S3150820EB6015FB2146039000F07DFB002803DC29D104
S3150820EB7019F0010F26D0B9F1390F1DD132E02846F8
S3150820EB80C1E700BF480421080000144000002440C3
S3150820EB900E90039800F066FB0E990C90584600F0EC
S3150820EBA023F90C9A5ABB209B53B90B9B43B9B9F14D
S3150820EBB0390F17D0002F05DD099B03F1310901E034
S3150820EBC0002F2ADADDF818A00AF8019B6EE5209BAB
S3150820EBD03B4304D1049B03F00103002BBCD0B9F1BD
S3150820EBE0390F36D1069F392307F8013BBA46013F2C
S3150820EBF01AF8013C392B5BD001333B7056E5002FC0
S3150820EC0006DB209B3B4306D1049B03F0010313B983
S3150820EC10002AA1DCD6E7002AE1DC0A9B0AF8019C37
S3150820EC20534557462FD0039900230A22584600F009
S3150820EC30FDF8A84503904FF000034FF00A0241461D
S3150820EC4058460BD100F0F2F8804605460AF1010A2B
S3150820EC5066E7DDF818A009F10109B5E700F0E6F83E
S3150820EC602946804600230A22584600F0DFF8054642
S3150820EC70ECE7069B002BC8BF1F46089BD8BF012779
S3150820EC801F444FF0000803990122584600F07EFAE7
S3150820EC902146039000F0E6FA0028A7DC02D119F0F5
S3150820ECA0010FA3D1BA4617F8013D302BFAD0FDE45F
S3150820ECB0089BBB429AD1089A312301361370F5E492
S3150820ECC0249B002B7FF422AA014BFFF741BA00BFF1
S3150820ECD02803210838B50546002941D051F8043CB7
S3150820ECE00C1F002BB8BFE418FEF7DAF91D4A136883
S3150820ECF033B9636014602846BDE83840FEF7D6B9B4
S3150820ED00A34208D9206821188B4201BF19685B687D
S3150820ED1009182160EDE71A465B680BB1A342FAD9B8
S3150820ED2011685018A0420BD120680144501883421C
S3150820ED301160E0D118685B68536008441060DAE710
S3150820ED4002D90C232B60D6E7206821188B4204BFF2
S3150820ED5019685B68636004BF091821605460CAE7B4
S3150820ED6038BD00BFBC3A000070B5C66904460D46DA
S3150820ED7076B91020FEF7EAF80246E06120B9184B6A
S3150820ED8018486B2100F01CFEC0E901660660C660C3
S3150820ED90E669F36883B1E369DB6853F82500B8B9F7
S3150820EDA0012101FA05F6721D9200204600F026FE82
S3150820EDB060B1C0E901560EE021220421204600F068
S3150820EDC01DFEE369F060DB68002BE4D1002070BDEE
S3150820EDD0026843F825200023C0E90333F7E700BF7C
S3150820EDE035032108B603210870B5C66905460C46C1
S3150820EDF076B91020FEF7AAF80246E86120B9094B31
S3150820EE0009488F2100F0DCFDC0E901660660C6606E
S3150820EE103CB1EB696268DB6853F82210216043F83D
S3150820EE20224070BD35032108B60321082DE9F0419B
S3150820EE300D6907460C461E4601F1140C0020DCF825
S3150820EE40003099B202FB01611E0C0B0C02FB063343
S3150820EE5089B2013001EB034185424CF8041B4FEA85
S3150820EE601346ECDC0EB3A368AB4219DC616838465E
S3150820EE700131FFF779FF804628B902460C4B0D4829
S3150820EE80BA2100F09DFD2269023204F10C0192009C
S3150820EE900C30FFF755F821463846FFF7A5FF4446BC
S3150820EEA004EB850301355E6125612046BDE8F081C6
S3150820EEB0A5032108B6032108B0F5803F034636BFCF
S3150820EEC0030400201020B3F1807F3CBF1B020830CA
S3150820EED0B3F1805F3CBF1B010430B3F1804F03D3ED
S3150820EEE0002B0ADB013070479B0001D502307047A2
S3150820EEF05B0001D50330704720207047036802461F
S3150820EF0013F007000BD0D90721D4980749BF5B080F
S3150820EF109B08012013605CBF13600220704799B2DA
S3150820EF2009B91B0C1020D9B209B908301B0A1907D0
S3150820EF3004BF1B090430990704BF9B080230D90770
S3150820EF4003D45B0800F1010003D01360704700204A
S3150820EF50704720207047000010B50C460121FFF7A6
S3150820EF6003FF024628B9054B054840F2451100F033
S3150820EF7027FD01234461036110BD00BFA5032108B5
S3150820EF80B60321082DE9F04F14460A6923699A42E7
S3150820EF90A8BF23460F46A4BF0C461F46D4F810A088
S3150820EFA0D7F81090A36861680AEB0906B34285B0C2
S3150820EFB0B8BF0131FFF7D8FE30B90246444B454861
S3150820EFC04FF4B17100F0FCFC00F1140505EB86083E
S3150820EFD02B460022434521D307F1140104F11402DC
S3150820EFE002EB8A0201EB89030293131B153B23F0DC
S3150820EFF00303043304F11507BA4238BF04230193E7
S3150820F000029B03918B420CD8002E03DD58F8043D51
S3150820F010002B5BD0066105B0BDE8F08F43F8042BC2
S3150820F020D8E7B1F800A0BAF1000F24D004F1140EE5
S3150820F030A9464FF0000C5EF8047BD9F800301FFA79
S3150820F04087FB9BB20AFB0B334FEA174BD9F80070A4
S3150820F05063444FEA174C0AFB0BC707EB13479BB2CF
S3150820F06043EA0743724549F8043B4FEA174CE2D86E
S3150820F070019B45F803C0039BB3F802900431B9F10C
S3150820F080000F21D02B6804F1140CAE464FF0000A6D
S3150820F090BCF800B0BEF8027009FB0B7757449BB248
S3150820F0A043EA07434EF8043B5CF8043B4FEA134A0D
S3150820F0B0BEF8003009FB0A3303EB174362454FEAD3
S3150820F0C0134AE5D8019FEB51043599E7013E9BE7A2
S3150820F0D0A5032108B60321082DE9F843154612F0A1
S3150820F0E0030207460E4607D0254C013A002354F85A
S3150820F0F02220FFF79BFE0646AD103DD0FC697CB961
S3150820F1001020FDF723FF0246F86128B91D4B1E483B
S3150820F11040F2B31100F054FCC0E901440460C46015
S3150820F120D7F81C80D8F808404CB940F271213846E7
S3150820F130FFF712FF0023C8F80800044603604FF0C3
S3150820F1400009EB070AD5314622463846FFF71AFF4B
S3150820F150314680463846FFF747FE46466D100BD0A7
S3150820F160206838B9224621463846FFF70BFF20602B
S3150820F170C0F800900446E4E73046BDE8F88300BFAF
S3150820F1801004210835032108B60321082DE9F04784
S3150820F1900C464968236903EB6218A368074691461B
S3150820F1A04FEA621A08F10106B3420BDB3846FFF72D
S3150820F1B0DBFD054648B90246284B29484FF4EF712E
S3150820F1C000F0FEFB01315B00EEE7002300F114019D
S3150820F1D000F110021846534533DB20692AEAEA7AF9
S3150820F1E004F1140319F01F0901EB8A0103EB800CC3
S3150820F1F02BD0C9F1200E8A460022186800FA09F099
S3150820F20010434AF8040B53F8042B9C4522FA0EF2B5
S3150820F210F3D8ACEB0403153B23F00303043304F1C2
S3150820F2201500844538BF0423CA500AB108F10206DE
S3150820F230013E38462E612146FFF7D6FD2846BDE811
S3150820F240F08742F8040F0133C5E7043953F8042B35
S3150820F25041F8042F9C45F9D8EAE700BFA503210801
S3150820F260B60321080A6903460069801A30B50ED10B
S3150820F2701433143103EB820401EB820154F8045D44
S3150820F28051F8042D954203D005D24FF0FF3030BDFA
S3150820F290A342F3D3FBE70120F9E700002DE9F74F56
S3150820F2A089460646114648461446FFF7DBFF051EE3
S3150820F2B012D129463046FFF757FD024628B93F4B5B
S3150820F2C040F237213E4800F07BFB0123C0E9043594
S3150820F2D0104603B0BDE8F08FBCBF4B46A14630466A
S3150820F2E0D9F80410BABF1C4601250025FFF73CFDB6
S3150820F2F0024618B9314B40F24521E3E7D9F8107098
S3150820F3002669C56009F1100309F1140504F1140EE4
S3150820F31000F1140B05EB87080EEB86060193D946F8
S3150820F3204FF0000C019B5EF8040B53F804AF0193D1
S3150820F3301FFA8AF3194683B2CB1A000C6344C0EB32
S3150820F3401A4000EB23409BB243EA0043764549F82E
S3150820F350043B4FEA204CE5D8331B153B23F0030327
S3150820F36015340433A64238BF04231D445B441E4685
S3150820F3702C4644450ED308F10301491B21F003010D
S3150820F380033DA84538BF00210B4453F8041D91B10D
S3150820F39017619DE754F8041BE646080C1CFA81FC05
S3150820F3A0714400EB2C4089B241EA004146F8041B1F
S3150820F3B04FEA204CDDE7013FE7E700BFA503210818
S3150820F3C0B60321082DE973430121089E90469946E4
S3150820F3D0FFF7CAFC044630B90246244B244840F2BB
S3150820F3E00F3100F0EDFAC9F30A55C9F313030DB12D
S3150820F3F043F480130193B8F1000324D068460093A0
S3150820F400FFF77CFDDDE90012D8B1C0F1200302FA2E
S3150820F41003F30B43C24063610192019BA361002B56
S3150820F4200CBF012202222261ADB1A5F23345054463
S3150820F4303560C0F13500099B1860204602B0BDE84A
S3150820F44070836161E9E701A8FFF758FD019B6361B5
S3150820F45020300122E7E704EB8203A0F23240306035
S3150820F4601869FFF729FDC0EB4210E4E7A503210838
S3150820F470B60321089368013B002B10B4936008DA81
S3150820F4809469A34201DB0A2903D15DF8044BFEF7F0
S3150820F49002BC1368581C1060197008465DF8044BA6
S3150820F4A07047F8B506460F461446D518AC4201D122
S3150820F4B0002007E014F8011B3A463046FFF7DAFF2A
S3150820F4C0431CF3D1F8BD00002DE9F04F0D469DB041
S3150820F4D014469846064618B1036A0BB9FEF7EAFAA7
S3150820F4E06B6ED90705D4AB899A0502D4A86DFEF7A9
S3150820F4F0D0FCAB891B0701D52B699BB92946304619
S3150820F500FEF708FC70B16B6EDC0704D54FF0FF30B0
S3150820F5101DB0BDE8F08FAB899805F7D4A86DFEF726
S3150820F520B9FCF3E70023099320238DF82930CDF879
S3150820F5300C803023DFF8AC818DF82A304FF0010992
S3150820F54023469A4613F8012B0AB1252AF9D1BAEB94
S3150820F550040B0BD05B46224629463046FFF7A1FF0F
S3150820F560013000F0A780099A5A4409929AF8003087
S3150820F570002B00F09F8000234FF0FF32CDE90523B2
S3150820F5800AF1010A049307938DF853301A935446C7
S3150820F590052214F8011B5348FEF782FC049AD8B9B1
S3150820F5A0D10644BF20238DF85330130744BF2B239D
S3150820F5B08DF853309AF800302A2B15D0079A5446DE
S3150820F5C000204FF00A0C214611F8013B303B092B4D
S3150820F5D04BD9B0B1079214E0A0EB080309FA03F35C
S3150820F5E013430493A246D2E7039B191D1B68039174
S3150820F5F0002BBBBF5B4242F0020207930793B8BFBA
S3150820F600049223782E2B0AD163782A2B32D1039B96
S3150820F6101A1D1B68039243EAE37302340593DFF845
S3150820F620D4A0217803225046FEF73AFC38B1049B31
S3150820F630A0EB0A004022824013430134049314F8B5
S3150820F640011B29488DF828100622FEF729FC0028D8
S3150820F6503FD0264B1BBB039B073323F007030833F6
S3150820F6600393099B3B4409936AE70CFB02320C4639
S3150820F6700120A8E700230134059319464FF00A0C08
S3150820F680204610F8012B303A092A03D9002BC6D078
S3150820F6900591C4E70CFB012104460123F0E703ABDF
S3150820F6A000932A46124B04A93046FDF7A7FD0746C4
S3150820F6B0781CD6D16B6ED90705D4AB899A0502D4A6
S3150820F6C0A86DFEF7E7FBAB895B063FF51FAF0998E8
S3150820F6D01EE703AB00932A46054B04A93046FEF7DE
S3150820F6E031F8E4E7100521081A052108FDD120087C
S3150820F6F0A3F4200816052108B1F90C202DE9F041BC
S3150820F700170705460C4656D44B68002B02DC0B6CB3
S3150820F710002B3DDDE66A002E3AD0002312F48052F3
S3150820F7202F68216A2B6025D0626DA389580705D5D5
S3150820F7306368D21A636B0BB1236CD21A216AE66A04
S3150820F74000232846B047411C24D000236360236940
S3150820F7502360A389DA0400D56065616B2F60B9B18F
S3150820F76004F14403994202D02846FFF7B3FA00234E
S3150820F77063630DE001232846B047461C0246D4D1D0
S3150820F7802B68002BD1D01D2B01D0162B2BD12F6007
S3150820F79000202FE02A68B4F90C3042B11D2A01D086
S3150820F7A0162A22D10023636023692360D5E7626085
S3150820F7B022692260CEE70F69002FE9D093070E68E9
S3150820F7C008BF4B690F6018BF0023A6EB07088B609C
S3150820F7D0B8F1000FDCDD216AA66A43463A46284678
S3150820F7E0B047002808DCB4F90C3043F04003A38165
S3150820F7F04FF0FF30BDE8F0810744A8EB0008E7E7A3
S3150820F80038B50B6905460C4613B90025284638BD78
S3150820F81018B1036A0BB9FEF74DF9B4F90C30002B71
S3150820F820F3D0626ED00704D4990502D4A06DFEF7F2
S3150820F83030FB28462146FFF75FFF636EDA07054649
S3150820F840E4D4A3899B05E1D4A06DFEF723FBDDE76D
S3150820F85070B50C46B1F90E10002996B015461E460D
S3150820F8600DDAA38913F0800F4FF0000114BF40234F
S3150820F8704FF48063002031602B6016B070BD6A4655
S3150820F88000F07CF80028ECDB019901F47041A1F521
S3150820F8900053594259414FF48063EBE78B89F7B5FA
S3150820F8A09D0706460C4607D504F1470323602361C6
S3150820F8B00123636103B0F0BD01AB6A46FFF7C8FFB9
S3150820F8C0009F054639463046FDF772FB48B9B4F91C
S3150820F8D00C309A05EED423F0030343F00203A381E8
S3150820F8E0E2E7A389206043F08003A381019BC4E952
S3150820F8F004075BB1B4F90E10304600F051F828B170
S3150820F900A38923F0030343F00103A381A3891D439D
S3150820F910A581CFE770B50D461446064618B1036A89
S3150820F9200BB9FEF7C7F8636ED80705D4A3899905DE
S3150820F93002D4A06DFEF7ADFAA368013B002BA360A5
S3150820F94005DAA269934212DBEBB20A2B0FD02368A1
S3150820F9505A1C22601D70EDB2636EDA0705D4A3899E
S3150820F9609B0502D4A06DFEF795FA284670BD294658
S3150820F97022463046FEF78FF90546EDE738B5074D9E
S3150820F98000230446084611462B60F4F74EFD431C17
S3150820F99002D12B6803B1236038BD00BFFC3B0000B1
S3150820F9A038B5064D0023044608462B60F4F742FD79
S3150820F9B0431C02D12B6803B1236038BDFC3B0000F1
S3150820F9C01FB514461A46094B1B680546D86854B90C
S3150820F9D0074B1C46CDE9013400912B46054900F01A
S3150820F9E041F800F051F8044BF4E700BF2403000067
S3150820F9F03E022108380521082B05210870B5A1FBF0
S3150820FA0002543CB92946FDF7D3FA064628B90026FA
S3150820FA10304670BD0C220260F9E72A462146FEF7D9
S3150820FA20CFF9F5E782B001B901A942B14BB11378F4
S3150820FA300B601278101E18BF012002B070471046BE
S3150820FA40FBE76FF00100F8E70346084641B1FF2AB5
S3150820FA5004D98A221A604FF0FF3070470A700120B5
S3150820FA60704700000EB403B5014603AB054853F8AA
S3150820FA70042B00680193FFF727FD02B05DF804EB1D
S3150820FA8003B070472403000008B5062000F02CF8C0
S3150820FA900120F4F79FFC1F2938B505460C4604D9E2
S3150820FAA0162303604FF0FF3038BDC26B12B152F8EF
S3150820FAB021304BB9284600F031F82246014628461F
S3150820FAC0BDE8384000F018B8012B0AD0591C03D1DC
S3150820FAD0162303600120E7E7002142F82410204678
S3150820FAE098470020E0E70000024B01461868FFF718
S3150820FAF0D2BF00BF2403000038B5074D00230446B3
S3150820FB00084611462B60F4F75DFC431C02D12B688E
S3150820FB1003B1236038BD00BFFC3B0000F4F750BC9E
S3150820FB20C1F30A5C2DE9F041ACF2FF35132D0246EC
S3150820FB300B460C46064634DC002D20DBDFF8D48045
S3150820FB4048FA05F801EA080C5CEA000C0F462DD0A5
S3150820FB502DA3D3E90023FCF711FC00220023FDF78F
S3150820FB6053F840B1002C03DD4FF480132B411F447A
S3150820FB7027EA0804002621463046BDE8F08122A35C
S3150820FB80D3E90023FCF7FAFB00220023FDF73CF813
S3150820FB900028F0D0002C33DB344300D01C4C002640
S3150820FBA0E9E7332D06DDB5F5806F26D010461946D0
S3150820FBB0BDE8F081ACF2134C4FF0FF3727FA0CF76B
S3150820FBC03842F3D010A3D3E90023FCF7D7FB002251
S3150820FBD00023FDF719F80028CDD0002C334609DD7F
S3150820FBE0142D06D0C5F134050122AA4013449E429D
S3150820FBF000D9013423EA0706BDE7FCF7BFFBD7E7A0
S3150820FC0000264FF00044B6E79C7500883CE4377E12
S3150820FC100000F03FFFFF0F004FEA410C7FEA6C5CC3
S3150820FC2002D150EA013C0AD14FEA430C7FEA6C5CC8
S3150820FC3002D152EA033C02D14FF0000070474FF040
S3150820FC40010070474FEA410212F5001215D211D56C
S3150820FC506FF47873B3EB625212D94FEAC12343F09B
S3150820FC60004343EA505311F0004F23FA02F018BF1D
S3150820FC70404270474FF00000704750EA013005D1E6
S3150820FC8011F0004008BF6FF0004070474FF00000A9
S3150820FC90704700BF044A05491368002B08BF0B4666
S3150820FCA01844106018467047043C0000086C000091
S3150820FCB0F8B500BFF8BC08BC9E467047F8B500BF2B
S3150820FCC0F8BC08BC9E4670475FF800F0FD0F0000A0
S3150820FCD05FF800F0890900005FF800F0E5090000E8
S3150820FCE05FF800F0A50C00005FF800F0FD0E00009C
S3150820FCF05FF800F0850A00005FF800F02D0D00007F
S3150820FD005FF800F0DD0E00005FF800F0610D0000DE
S3150820FD105FF800F09D0D00005FF800F0190900005B
S3150820FD205FF800F0BD0B00005FF800F01D0E000024
S3150820FD305FF800F0991000005FF800F0350E00001B
S3150820FD405FF800F0C50E00005FF800F0D10E000045
S3150820FD505FF800F0910A00005FF800F0790F0000C4
S3150820FD605FF800F0750A000048656C6C6F20576FC5
S3150820FD70726C64210D004661696C656420746F207D
S3150820FD806372656174652053504920525820736503
S3150820FD906D6170686F72650D005350495F52580047
S3150820FDA00D0A204D345F4750494F5F50494E207405
S3150820FDB065737420737461727473200D006765749B
S3150820FDC05F70696E5F6F7574707574203D20256449
S3150820FDD00A004750494F20746F67676C650D0053BA
S3150820FDE05049207472616E7366657220646F6E6501
S3150820FDF00D0049535220696E204D4F44455F5245A8
S3150820FE0043454956450D0049535220696E204D4FAA
S3150820FE1044455F53454E440D00496E697469616CCB
S3150820FE2069617A652053504920534C4156452066CE
S3150820FE30726F6D205353490D00496E6974204661CF
S3150820FE40696C65640053657420436F6E6669672024
S3150820FE504661696C65640D5C6E005245434549569A
S3150820FE6045204661696C656420256C640D0A00444A
S3150820FE70617461207265636569766564206973209B
S3150820FE802530780D0A00726561636865642072788A
S3150820FE905F68616E646C65720D004C454E47544828
S3150820FEA02072656365697665640D0046756E6374B0
S3150820FEB0696F6E20666F722068616E646C696E6702
S3150820FEC020524543454956450D0046756E6374696B
S3150820FED06F6E20666F722068616E646C696E67202B
S3150820FEE053454E440D00020500000C020400494407
S3150820FEF04C4500546D725100546D72205376630040
S3150820FF006147200881472008B94A20082D4A200839
S3150820FF10014A2008BD49200839492008B548200843
S3150820FF2051482008FD4720089D472008614720089A
S3150820FF3081472008814A20081D4A2008F5492008BB
S3150820FF40914920080D492008894820084548200855
S3150820FF50A94720089147200861472008814720089B
S3150820FF60494A20080D4A2008E949200865492008F9
S3150820FF70E14820085D48200839482008C14720085C
S3150820FF808547200800080424D0FF2008CCFF200835
S3150820FF90C8FF2008C4FF2008000000000000000059
S3150820FFA00000000010000000000000000000000013
S3150820FFB0182C0000FC2B00000300000003000000A2
S3150820FFC000000000000A01000008010000020100EC
S3150820FFD00001010000000145200021081C0021081D
S3150820FFE01800210814002108000000000000000065
S3150820FFF0000000002C0000000000000000000000A7
S31508210000402C0000242C00000200000003040000FC
S315082100100000000000190800001A0800001C08004A
S31508210020001B080000000244700021086C0021080A
S315082100306800210864002108000000000000000073
S31508210040000000002F000000000000000000000052
S31508210050682C00004C2C000001000000030400005D
S31508210060000000000009030400080303000C03072D
S31508210070000B030600020002C94B2008E94B2008A1
S315082100807D4D2008614D2008494D2008014D200845
S31508210090B94C2008654C2008594C20084D4C20089D
S315082100A0194C20080D4C2008014C2008F54B200836
S315082100B0000A08000001030000090300000B0300E1
S315082100C0000A0605000B06060006060100070602B9
S315082100D0002F020B0030020C00090204000602015F
S315082100E0001D0200001E02000008020302020A0285
S315082100F0633A5C75736572735C666C6F72696E2E92
S315082101006D6F74615C73696D706C696369747973F9
S31508210110747564696F5C73646B735C73696D706CF9
S3150821012069636974795F73646B5C657874656E73EA
S31508210130696F6E5C77697365636F6E6E6563745CF0
S31508210140636F6D706F6E656E74735C6465766963D3
S31508210150655C73696C6162735C73693931785C6D4E
S3150821016063755C647269766572735C756E696669B6
S3150821017065645F7065726970686572616C5F6472C7
S3150821018069766572735C696E635C736C5F736939D2
S3150821019031785F7065726970686572616C5F6770C6
S315082101A0696F2E6800161718191A1B1C1D1E1F2089
S315082101B021000000000000010203040506070000D3
S315082101C008000000000000000000191A1B1C1D1E53
S315082101D00909090900000000000000000000000AC2
S315082101E00B0C0D0E0F101112131415000000000030
S315082101F000161718191A1B1C1D1E1F2021343536E7
S315082102003738393A3B3435363738393A3B21282875
S31508210210262401210F070401004173736572742096
S315082102206661696C65643A2066696C652025732068
S315082102306F6E206C696E6520256C75200D0A00434A
S315082102403A2F55736572732F666C6F72696E2E6DB0
S315082102506F74612F53696D706C696369747953740E
S315082102607564696F2F53444B732F73696D706C696D
S31508210270636974795F73646B2F657874656E7369C6
S315082102806F6E2F77697365636F6E6E6563742F63FF
S315082102906F6D706F6E656E74732F646576696365AD
S315082102A02F73696C6162732F73693931782F6D6386
S315082102B0752F647269766572732F756E69666965BD
S315082102C0645F7065726970686572616C5F64726972
S315082102D0766572732F7372632F736C5F7369393105
S315082102E0785F7065726970686572616C5F6770693D
S315082102F06F2E6300494E4600696E66004E414E00D8
S315082103006E616E0030003031323334353637383944
S315082103104142434445460030313233343536373845
S315082103203961626364656600496E66696E697479C6
S31508210330004E614E005245454E54206D616C6C6FDE
S315082103406320737563636565646564002F646174EE
S31508210350612F6A656E6B696E732F776F726B737017
S315082103606163652F474E552D746F6F6C636861699C
S315082103706E2F61726D2D31322F7372632F6E6577F1
S315082103806C69622D63796777696E2F6E65776C69FB
S31508210390622F6C6962632F7374646C69622F64744B
S315082103A06F612E630042616C6C6F632073756363A2
S315082103B06565646564002F646174612F6A656E6B77
S315082103C0696E732F776F726B73706163652F474EF2
S315082103D0552D746F6F6C636861696E2F61726D2D0F
S315082103E031322F7372632F6E65776C69622D63794B
S315082103F06777696E2F6E65776C69622F6C696263A0
S315082104002F7374646C69622F6D707265632E630035
S3150821041005000000190000007D0000000000000012
S315082104200080E03779C34143176E05B5B5B89346C1
S31508210430F5F93FE9034F384D321D30F94877825A8D
S315082104403CBF737FDD4F1575000000000000F03FAB
S315082104500000000000002440000000000000594070
S315082104600000000000408F40000000000088C340C3
S3150821047000000000006AF8400000000080842E4138
S3150821048000000000D01263410000000084D7974184
S315082104900000000065CDCD41000000205FA002428A
S315082104A0000000E876483742000000A2941A6D42FF
S315082104B0000040E59C30A2420000901EC4BCD642F2
S315082104C000003426F56B0C430080E03779C341439D
S315082104D000A0D8855734764300C84E676DC1AB4313
S315082104E0003D9160E458E143408CB5781DAF154431
S315082104F050EFE2D6E41A4B4492D54D06CFF080440C
S31508210500F64AE1C7022DB544B49DD9794378EA4420
S31508210510232D302B2000686C4C00656667454647BD
S31508210520004300504F534958002E002C2066756E03
S315082105306374696F6E3A2000617373657274696FAB
S315082105406E2022257322206661696C65643A2066CD
S31508210550696C6520222573222C206C696E652025FD
S3150821056064257325730A00002020202020202020BE
S315082105702028282828282020202020202020202024
S315082105802020202020202020881010101010101044
S31508210590101010101010101004040404040404048C
S315082105A0040410101010101010414141414141011D
S315082105B001010101010101010101010101010101FC
S315082105C0010101101010101010424242424242020B
S315082105D002020202020202020202020202020202CC
S315082105E00202021010101020000000000000000076
S315082105F000000000000000000000000000000000CC
S3150821060000000000000000000000000000000000BB
S3150821061000000000000000000000000000000000AB
S31508210620000000000000000000000000000000009B
S31508210630000000000000000000000000000000008B
S31508210640000000000000000000000000000000007B
S31508210650000000000000000000000000000000006B
S30D08210660000000000000000063
S315082106687F490278D1F80035F0B502F001024478BD
S31508210678877CC57CDFF8E8E123F4802343EA8243B3
S31508210688C1F80035427F017804F001039B0012F076
S315082106980F0643EA91134FEAC3431FBFC7F3021C48
S315082106A843EA8C2305F0030C4FEA4C0C1CBF4CEA91
S315082106B8D71C43EACC13DEF89CC42CF4601C08BF6B
S315082106C843F410632CF4FC5C43EA0C0CCEF89CC466
S315082106D8DFF8A0C1ACF80030C3F3C21CC3F38223E8
S315082106E8042B98BF0133BCF1000F00F0B080BCF190
S315082106F8010F00F0AF80ACF1020EBEF1020F01D84E
S315082107080CF1010C9B0243EACC13DFF86CC1ACF857
S315082107180030534BD3F8ACC4C1F344012CF01F0C59
S3150821072841EA0C01C3F8AC14D3F8101421F4FE1CC1
S31508210738817801F00301490141EAD4014CEA813162
S31508210748C3F81014D3F80414847821F4FC11A408E6
S3150821075841EAC431C3F80414D3F80814447C07F0D1
S315082107680F077F0047EAD41721F4F81141EA074110
S31508210778C3F80814D3F80C1484793A4F640821F479
S31508210788FE1141EA8431C3F80C14D3F83814C47914
S3150821079821F4F03104F00F0441EA4431C3F838143E
S315082107A8D3F81414047A21F4FE1104F07F0441EADB
S315082107B88431C3F81414C37A847AD7F808155B00E8
S315082107C843EAD413047B21F47F7104F0010421F050
S315082107D8030143EA44230B432349C7F80835234C25
S315082107E8D1F834740123C1F83434D4F8103A23F0F3
S315082107F80F0343EA1513C4F8103AC1F8347466B3DB
S3150821080802F00F0252041A4990F82440D1F84037C9
S3150821081823F4F0131A43C1F84027D1F87C27837F9C
S3150821082822F00F02C3F383031343C1F87C3790F8E8
S315082108382530D1F8482703F007035B0022F4F03264
S3150821084843EAD41342EA4333C1F84837F0BD4FF097
S31508210858020C57E74FF0000C54E74FF4C012D2E7C1
S3150821086800A0052400800424001004240030042450
S3110821087800800524782B0000762B000058
S30D0821088408C4FF7F01000000F2
S3150821088C0102000037000000AAAAAAAAA5000000A6
S3150821089C008007240A000000001C062400000344DB
S315082108AC2100000000FC020009060000001804249F
S315082108BC0C0000000000000000000000DC300000E5
S315082108CC00000000BC002108B8002108B40021084A
S315082108DCB000210800000000000000000000000004
S315082108EC000000000000000000000000891F000025
S315082108FC000002452700000000000000000000004F
S3150821090C0C31000000000000CC002108C800210889
S3150821091CC4002108C00021080000000000000000C6
S3150821092C000000000100000000000000000000008B
S3150821093C9FFF1F0000000044260000000000000055
S3150821094C000000003C310000E8002108E4002108E1
S3150821095CE0002108D8002108DC002108D400210850
S3150821096CD000210800000000010000000000000052
S3150821097C000000000001020304050607000102031A
S3150821098C040506070100010400010000000001000E
S3150821099C0100020300010000000001010000000013
S315082109AC000000000000000000000000000000000C
S315082109BC00000000000000000000000028230000B1
S315082109CC00000000000000000000000000000000EC
S315082109DC00000000000000000000000000000000DC
S315082109EC00000000000000000000000000000000CC
S315082109FC00000000000000000000000000000000BC
S31508210A0C00000000000000000000000000000000AB
S31508210A1C000000000000000000000000000000009B
S31508210A2C000000000000000000000000000000008B
S31508210A3C000000000000000000000000000000007B
S31508210A4C000000000000000000000000000000006B
S31508210A5C000000000000000000000000000000005B
S31508210A6C000000000000000000000000000000004B
S31508210A7C000000000000000000000000000000003B
S31508210A8C000000000000000000000000000000002B
S31508210A9C000000000000000000000000010000001A
S31508210AAC000000000000000000000000000000000B
S31508210ABC00000000000000000000000000000000FB
S31508210ACC00000000000000000000000000000000EB
S31508210ADC00000000000000000000000000000000DB
S31508210AEC00000000000000000000000000000000CB
S31508210AFC00000000000000000000000000000000BB
S31508210B0C00000000000000000000000000000000AA
S31508210B1C000000000000000000000000000000009A
S31508210B2C000000000000000000000000000000008A
S31508210B3C0000000000000000000000000101000078
S31508210B4C00FC0200001C0624642D0000742C0000F5
S31508210B5C2C00000020000000C83900005039000084
S31508210B6C0800000002000000000000000000000040
S31508210B7C0000000008000000010000000000000031
S31508210B8C8096980000000000000000000300000079
S31508210B9CC03A00002803000000000000C03A0000FB
S31508210BAC283B0000903B00000000000000000000DC
S31508210BBC00000000000000000000000000000000FA
S31508210BCC00000000000000000000000000000000EA
S31508210BDC00000000000000000000000000000000DA
S31508210BEC0000000043000000000000000000000087
S31508210BFC00000000000000000000000000000000BA
S31508210C0C0000000043000000000000000000000066
S31508210C1C0000000000000000000000000000000099
S31508210C2C0000000043000000000000000000000046
S31508210C3C0000000000000000000000000000000079
S31508210C4C0000000043000000000000000000000026
S31508210C5C0000000000000000000000000000000059
S31508210C6C0000000043000000000000000000000006
S31508210C7C0000000000000000000000000000000039
S31508210C8C00000000430000000000000000000000E6
S31508210C9C0000000000000000000000000000000019
S31508210CAC00000000430000000000000000000000C6
S31508210CBC00000000000000000000000000000000F9
S31508210CCC0000000049FA200825FA20080000000037
S31508210CDC67052108290521083E0221083E0221081B
S31508210CEC3E0221083E0221083E0221083E02210825
S31508210CFC3E0221083E0221083E022108FFFFFFFF82
S31508210D0CFFFFFFFFFFFFFFFFFFFF0000010041531D
S31508210D1C43494900000000000000000000000000C3
S31508210D2C00000000000000000000000000004153F4
S31508210D3C43494900000000000000000000000000A3
S31508210D4C0000000000000000000000000000000068
S31508210D5C38B5234B0222C3F88420BFF34F8FBFF338
S31508210D6C6F8F204BD3F80028D30735D40123194686
S31508210D7C202B01D11C4606E001FA03F4144203F197
S31508210D8C010027D0DCB2184B03EB04139A68C2F383
S31508210D9C8162032A22D09B689B0F032B1ED0134BEF
S31508210DAC142202FB0433D3E90253ED1A18BF012589
S31508210DBC0F4B0E4ADB680C49DB690E4898472DB157
S31508210DCC084A01235169A3400B435361044B022260
S31508210DDC5A6038BD0346CBE70024D4E70025E7E75C
S31508210DEC00E100E00000034400FC0200642D000031
S31508210DFC000130002C00000038B5244B4FF48062DA
S31508210E0CC3F88020BFF34F8FBFF36F8F204BD3F8D6
S31508210E1C0028D30736D4012319460C2B01D11C469D
S31508210E2C06E001FA03F4144203F1010028D0DCB2DE
S31508210E3C184B03EB04139A68C2F38162032A23D055
S31508210E4C9B689B0F032B1FD0134B142202FB0433D5
S31508210E5CD3E90253ED1A18BF0125104B0E4ADB684C
S31508210E6C0C49DB690E4898472DB1094A012351696A
S31508210E7CA3400B435361054B4FF480621A6038BD6E
S31508210E8C0346CAE70024D3E70025E6E700E100E09C
S31508210E9C00800724001C0624742C00000001300055
S31508210EAC200000002DE9F041044600F051FD304B9D
S31508210EBC304E1A68304F01321A603568002D4BD1E5
S31508210ECC34601B68012B1FD1B8464046013500F00A
S31508210EDC43FD382D08F11408F7D1DFF8C480274DC6
S31508210EEC404600F039FD284600F036FD244800F02E
S31508210EFC33FD244800F030FD234800F02DFD234B0B
S31508210F0CC3F80080224B1D60224A136801331360F3
S31508210F1C214AA3641168E36A14208B4200FB0370EF
S31508210F2C04F1040188BF136000F01AFD00F0F8FCE7
S31508210F3C1A4B1B6873B13368DA6AE36A9A4209D287
S31508210F4C4FF0E0234FF08052C3F8042DBFF34F8F97
S31508210F5CBFF36F8FBDE8F081104B1A68E36A002A3C
S31508210F6CD2D13268D26A9A4298BF3460CCE700BF94
S31508210F7CB8250000902A000030260000082600001B
S31508210F8CEC250000D8250000C02500000426000009
S31508210F9C002600009C250000B0250000AC25000089
S31508210FAC1C260000F8B5174B174D1C682B680646EE
S31508210FBC2868002283F8722004300F4600F0E0FCE2
S31508210FCC731C07D137B129681048BDE8F84004319C
S31508210FDC00F0C6BC2B68A4195C6007D30C4B1868A7
S31508210FEC2968BDE8F840043100F0CEBC094B1868D5
S31508210FFC2968043100F0C8FC074B1A68A24288BF3D
S3150821100C1C60F8BDB4250000902A0000C0250000FC
S3150821101C002600000426000098250000064A1368BD
S3150821102C1968064B19B94FF0FF321A6070471268C6
S3150821103CD2681268F9E700BF04260000982500003B
S3150821104C10B590F8713004463BB9006B00F090FC52
S3150821105C2046BDE8104000F08BBC012BF9D0022BA1
S3150821106C08D04FF0140383F31188BFF36F8FBFF3A6
S3150821107C4F8FFEE710BD000080B5134C134F144D4E
S3150821108C236873B9134B1B68012BF8D94FF0E0234E
S3150821109C4FF08052C3F8042DBFF34F8FBFF36F8FD8
S315082110ACEDE700F055FCFB68DE68301D00F068FCA6
S315082110BC2B68013B2B602368013B236000F030FC35
S315082110CC3046FFF7BDFFDBE7D4250000D825000005
S315082110DCB8250000302600002DE9F047DDE9098402
S315082110EC4FEA82094A4606460D46206BA5211F461C
S315082110FC00F01AFC236BA9F104094B4423F00709C8
S3150821110CC4F84490002D3CD06B1E04F133020E35E5
S3150821111C13F8011F02F8011F09B1AB42F8D10023BC
S3150821112C84F84230089D372D28BF37254FF0000A01
S3150821113CE5622565201DC4F854A000F0FDFBC5F118
S3150821114C380504F1180000F0F7FB142251462461E6
S3150821115CA561646204F1580000F0E6FBC4F86CA0A2
S3150821116C84F870A084F872A03A463146484600F0B5
S3150821117C03FC2060B8F1000F01D0C8F80040BDE887
S3150821118CF08784F83450CDE770B586B0DDE90B5479
S3150821119C45B94FF0140383F31188BFF36F8FBFF34F
S315082111AC4F8FFEE744B94FF0140383F31188BFF32D
S315082111BC6F8FBFF34F8FFEE778260596059E782EFF
S315082111CC08D04FF0140383F31188BFF36F8FBFF345
S315082111DC4F8FFEE72563022584F8715004AD0195DE
S315082111EC0A9D02940095059EFFF776FF2046FFF788
S315082111FC59FE049806B070BD2DE9F043074685B013
S3150821120C900088461646994600F0AEFB054620B94D
S3150821121C4FF0FF3005B0BDE8F083782000F0A4FB31
S3150821122C044698B1002380F871300D9B0563019310
S3150821123C0C9B0290009332464B4641463846FFF7A3
S3150821124C4BFF2046FFF72EFE0120E3E7284600F048
S3150821125C8FFBDDE710B588B0002407AA06A905A8D7
S3150821126CCDE9054400F064FB059B0293069B079A7E
S3150821127C16491748CDE900432346FFF785FFA8B140
S3150821128C00F05EFB012815D14FF0140383F3118866
S3150821129CBFF36F8FBFF34F8F0E4B4FF0FF321A6090
S315082112AC0D4B18600D4B1C6000F04EFB0C4B1B684C
S315082112BC08B010BD0130F9D14FF0140383F311880E
S315082112CCBFF36F8FBFF34F8FFEE700BFEEFE2008EB
S315082112DC0908000098250000AC250000B42500005B
S315082112EC14000000024A136801331360704700BFCB
S315082112FC94250000014B1868704700BFB4250000DF
S3150821130C3F4B1B682DE9F74F002B72D13D4B1C68BF
S3150821131C01341C60BCB93C4B1A68126842B14FF0B7
S3150821132C140383F31188BFF36F8FBFF34F8FFEE737
S3150821133C364A1968106818601160354A13680133E2
S3150821134C1360FFF76BFE334D334E2B68334F9C429C
S3150821135C4FF0000B12D23A68D26A14214A43B2587A
S3150821136C022A2F4A126828BF4FF0010B002A18BFF0
S3150821137C4FF0010B584603B0BDE8F08FDFF8889083
S3150821138CDFF8A4A0D9F8002012681AB94FF0FF3259
S3150821139C2A60E0E7D9F80020D268D2F80C80D8F870
S315082113AC04108C4201D22960D5E708F104031846AA
S315082113BC019300F0E5FAD8F8281019B108F11800AC
S315082113CC00F0DEFAD8F82C00DAF80010142388423B
S315082113DC88BFCAF80000019903FB006000F0C0FA27
S315082113EC3868D8F82C10C26A914228BF4FF0010BE5
S315082113FCC8E70C4A1368013313604FF0000BB9E7A1
S3150821140C94250000B42500000426000000260000BF
S3150821141CA02500009825000030260000902A0000FF
S3150821142CA4250000A8250000B02500002DE9F041CF
S3150821143C304C236843B94FF0140383F31188BFF357
S3150821144C6F8FBFF34F8FFEE700F082FA2368013BBB
S3150821145C236024682CB1002400F062FA2046BDE8EA
S3150821146CF081254B1B68002BF5D0244D244EDFF833
S3150821147CA0801DE0EB68DC68271D04F1180000F03C
S3150821148C7FFA384600F07CFAE36A326814209342D4
S3150821149C00FB0380394688BF336000F061FA194B8B
S315082114ACE26A1B68DB6A9A4202D3174B01221A603D
S315082114BC2B68002BDED10CB1FFF7B0FD134D2C6830
S315082114CC44B1114E0127FFF71BFF00B13760013CD0
S315082114DCF9D12C600C4B1B68002BBCD04FF0E023A8
S315082114EC4FF08052C3F8042DBFF34F8FBFF36F8F84
S315082114FC0124B1E794250000B8250000EC2500004D
S3150821150CB0250000902A0000A4250000A82500007B
S3150821151C302600001B4B1A681B4BF0B512B1012261
S3150821152C1A60F0BD19481A60194E0368194F3268AA
S3150821153C5A6719493A684FF0140C0CFB02F3CC186C
S3150821154CCD589DB1656808336D6865600B449D421D
S3150821155C04BF6B686360142303FB02114B68DB68B9
S3150821156C03603A6003685B6F3360DAE742B94FF080
S3150821157C140383F31188BFF36F8FBFF34F8FFEE7E5
S3150821158C013ADAE794250000A4250000902A0000E8
S3150821159CBC250000B02500003026000010B50C46ED
S315082115AC40B94FF0140383F31188BFF36F8FBFF340
S315082115BC4F8FFEE7054B1968183100F0E5F92046DF
S315082115CC0121BDE81040FFF7EDBC00BF902A0000B1
S315082115DC38B50D46144640B94FF0140383F31188D8
S315082115ECBFF36F8FBFF34F8FFEE7074B196818317F
S315082115FC00F0B6F9002C21460CBF28464FF0FF30D7
S3150821160CBDE83840FFF7CEBC902A000038B5C36830
S3150821161CDC6844B94FF0140383F31188BFF36F8F39
S3150821162CBFF34F8FFEE704F11805284600F0A8F9F9
S3150821163C104B1B68DBB9251D284600F0A1F90E4A6B
S3150821164CE36A11688B4288BF13600C4A1420294619
S3150821165C00FB032000F084F9094BE26A1B68DB6A5C
S3150821166C9A4283BF074B01201860002038BD0648D3
S3150821167C2946EFE794250000B02500003026000006
S3150821168C902A0000A4250000EC250000034B1B68BA
S3150821169C0360034B1B684360704700BFA0250000FD
S315082116ACB425000070B50D46044640B94FF0140315
S315082116BC83F31188BFF36F8FBFF34F8FFEE741B9C1
S315082116CC4FF0140383F31188BFF36F8FBFF34F8F3A
S315082116DCFEE700F03DF9144B62681968134B18683C
S315082116EC90F8720040B11B68002283F872200124FD
S315082116FC00F016F9204670BD2B68581C12D00C48E0
S3150821170C26680068864204D08A4202D800232B60B8
S3150821171CEDE7881A8342F9D95B1A13442B602046C4
S3150821172CFFF7B4FF0024E3E7B4250000902A000054
S3150821173CA0250000014B01221A607047A425000040
S3150821174C014B1868704700BF902A0000054B1B688F
S3150821175C33B1054B1868B0FA80F040094000704740
S3150821176C01207047AC25000094250000F8B50446E5
S3150821177C38B31A4DC36A2A68D26A934226D2826929
S3150821178C174E002AA1BF2A68D26AC2F13802826191
S3150821179C142202FB036342699A4213D1071D384668
S315082117AC00F0EEF82B680F4ADB6A1168E362142005
S315082117BC8B4200FB0360394688BF136000F0D0F8D2
S315082117CC0120F8BD2B68DB6AC362F9E72B68006D2B
S315082117DCDB6A98422CBF00200120F2E7902A0000F0
S315082117EC30260000B025000038B508B9002038BDD0
S315082117FC1B4B1C68844208D04FF0140383F31188C1
S3150821180CBFF36F8FBFF34F8FFEE7636D43B94FF06D
S3150821181C140383F31188BFF36F8FBFF34F8FFEE742
S3150821182CE16A226D013B91426365DFD0002BDDD144
S3150821183C251D284600F0A4F8236DE362C3F138026E
S3150821184CA261084A11688B4288BF1360064A142084
S3150821185C00FB0320294600F083F80120C7E700BFC7
S3150821186C902A0000B02500003026000070B50446E9
S3150821187C002841D0426D42B94FF0140383F31188E5
S3150821188CBFF36F8FBFF34F8FFEE7036D994238BFB6
S3150821189C1946C36A8B422FD0012A2DD1174A1268B1
S315082118AC824208D14FF0140383F31188BFF36F8F4B
S315082118BCBFF34F8FFEE78269114DC162002A4FF0A3
S315082118CC140202FB03534269A4BFC1F13801816199
S315082118DC9A4211D1061D304600F052F8094AE36A9C
S315082118EC116814208B4200FB03503146BDE8704029
S315082118FC88BF136000F034B870BD00BF902A000071
S3150821190C30260000B0250000044B1A681AB1196854
S3150821191C4A6D01324A651868704700BF902A000043
S3150821192C5FF800F0A53A20085FF800F0C1DD200821
S3150821193C5FF800F0592B20085FF800F09F2B200840
S3150821194C5FF800F06D3620085FF800F0853B20081B
S3150821195C5FF800F0653A20085FF800F0892B20081B
S3150821196C5FF800F0A52B20085FF800F0ED3C200865
S3150821197C5FF800F0053D20085FF800F0153A2008BD
S3150821198C5FF800F0E92B20085FF800F0BB2B200844
S3150821199C0100000004A405240000004201000000F7
S315082119ACACA405240000402901000000ACA40524A0
S315082119BC010040290100000004A505240000C020CF
S315082119CC01000000C4A405241F000020010000000A
S315082119DC9CA405240100C049010000009CA40524EF
S315082119EC0000806201000000A4A40524000080A444
S315082119FC01000000A4A40524000080A40100000015
S31508211A0C9CA405240100C049010000009CA40524BE
S31508211A1C00008062010000004887052400004083ED
S31508211A2C010000007C870524000000180100000035
S31508211A3C408705240C0040A401000000CCA40524F1
S31508211A4C0080007801000000C8A405246400005811
S31508211A5C01000000C4A405240080007801000000C0
S31508211A6CC0A405246400005801000000E0A4052444
S31508211A7CD903005001000000DCA40524BF0400583A
S31508211A8C01000000D8A405240E010048010000001D
S31508211A9C38A40524000000280100000014A40524FC
S31508211AAC270080A30100000038A4052403004083E5
S31508211ABC0100000038A4052403004083030000001C
S31508211ACC0CA405245A0080A30CA40524020040105A
S31508211ADC0CA4052400000000030000000CA4052416
S31508211AEC5A0080A30CA40524030040100CA4052439
S31508211AFC00000000030000000CA405245A0080A352
S31508211B0C0CA40524000040100CA405240000000098
S31508211B1C0100000008A40524150000A401000000FA
S31508211B2C08A40524070000A40100000004A4052428
S31508211B3C2000C0A30100000010A40524380080A3AE
S31508211B4C0100000010A405245A0080A301000000FE
S31508211B5C00A505240000805A020000009CA4052437
S31508211B6C0300C0ACACA40524100000200100000021
S31508211B7C00A505240300809C01000000D4A405249B
S31508211B8C0100007801000000D0A40524F200008091
S31508211B9C0100000058870524030080590100000024
S31508211BAC588705240C0000280100000040870524CD
S31508211BBC0C0040A40100000000A405240000000824
S31508211BCC0100000000A40524560583A0010000008D
S31508211BDC38A40524070040A40100000038A40524D4
S31508211BEC0F0040A40100000038A40524070040A4D6
S31508211BFC0100000038A405240F0040A401000000B0
S31508211C0C9CA4052400000021010000009CA40524A5
S31508211C1C01000021010000009CA405240000C01825
S31508211C2C010000009CA405240100C0180200000034
S31508211C3C94A405240100009494A40524020000AD63
S31508211C4C010000009CA405240000001001000000DE
S31508211C5C00A505240300809C0100000000A505248D
S31508211C6C0000809C02000000A4A40524000080A486
S31508211C7CA4A405240000008402000000A4A40524C1
S31508211C8C000080A4A4A405240100008401000000FE
S31508211C9CA4A40524010080A401000000A4A4052401
S31508211CAC020080A40300000098A40524F80040A390
S31508211CBCA0A4052410008051A0A40524010040AD40
S31508211CCC01000000A0A40524000040AD020000007C
S31508211CDC9CA405240000C049A0A40524000040ADFD
S31508211CEC05000000A0A40524000040AD9CA40524F1
S31508211CFC0200806298A40524F80040A3A0A4052418
S31508211D0C10008051A0A40524010040AD020000005A
S31508211D1C98A40524F00040A3A0A40524010040ADF5
S31508211D2C020000009CA405240200C049A0A4052495
S31508211D3C000040AD0200000098A405242F003EA8FF
S31508211D4CA0A40524200020A80200000054870524FD
S31508211D5C0100C03958870524010000210100000023
S31508211D6C588705240100805203000000608705244A
S31508211D7C030080AC748705240600409C74870524CF
S31508211D8C0400405A0200000060870524030080AC39
S31508211D9C70870524010040AD0100000078870524D1
S31508211DAC090000180100000078870524080000188E
S31508211DBC0500000074870524DA2422A848870524FF
S31508211DCC00004083408705240C0040837087052436
S31508211DDC0C00007B70870524040000100600000007
S31508211DEC7487052403008041488705240000408315
S31508211DFC4087052403004083708705240200007B55
S31508211E0C708705240700001074870524020000AD8D
S31508211E1C0100000040870524090040A401000000A8
S31508211E2C408705240C0040A4020000005487052491
S31508211E3C00000021448705240000408C0200000084
S31508211E4C5487052401000021448705240100408C70
S31508211E5C13000000408705240C0040A44087052464
S31508211E6CBF000060488705242600006048870524A2
S31508211E7C030040944C8705242003007068870524A9
S31508211E8C0300C020448705240100C09C60870524D3
S31508211E9C01008010788705240700404158870524BE
S31508211EACCC000058748705249A2412A87487052413
S31508211EBC0300804140870524080040837087052448
S31508211ECC0500007B708705240400001074870524FF
S31508211EDC020000AD70870524010000847C87052447
S31508211EEC0100408C38870524010080100900000068
S31508211EFC9CA405240100C049A4A40524010000843E
S31508211F0C00A505241900C09B94A405240100801062
S31508211F1C14A405240100006394A405240100008C53
S31508211F2C94A40524020000ADACA405240000402984
S31508211F3C10A5052401004029E9212008C1212008E2
S31508211F4C0000000000000000000000000000000056
S31508211F5C0000000000000000000000000000000046
S31508211F6C0000000000000000000000000000000036
S31508211F7C0000000000000000000000000000000026
S31508211F8C0000000000000000000000000000000016
S31508211F9C0000000000000000000000000000000006
S31508211FAC00000000000000000000000000000000F6
S31508211FBC00000000000000000000000000000000E6
S31508211FCC00000000000000000000000000000000D6
S31508211FDC00000000000000000000000000000000C6
S31508211FEC00000000000000000000000000000000B6
S31508211FFC00000000000000000000000000000000A6
S3150821200C0000000000000000000000000000000095
S3150821201C0000000000000000000000000000000085
S3150821202C0000000000000000000000000000000075
S3150821203C0000000000000000000000000000000065
S3150821204C0000000000000000000000000000000055
S3150821205C0000000000000000000000000000000045
S3150821206C0000000000000000000000000000000035
S3150821207C0000000000000000000000000000000025
S3150821208C0000000000000000000000000000000015
S3150821209C0000000000000000000000000000000005
S315082120AC00000000000000000000000000000000F5
S315082120BC00000000000000000000000000000000E5
S315082120CC00000000000000000000000000000000D5
S315082120DC00000000000000000000000000000000C5
S315082120EC00000000000000000000000000000000B5
S315082120FC00000000000000000000000000000000A5
S3150821210C0000000000000000000000000000000094
S3150821211C0000000000000000000000000000000084
S3150821212C0000000000000000000000000000000074
S3150821213C0000000000000000000000000000000064
S3150821214C0000000000000000000000000000000054
S3150821215C0000000000000000000000000000000044
S3150821216C0000000000000000000000000000000034
S3150821217C0000000000000000000000000000000024
S3150821218C0000000000000000000000000000000014
S3150821219C0000000000000000000000000000000004
S315082121AC00000000000000000000000000000000F4
S315082121BC00000000000000000000000000000000E4
S315082121CC00000000000000000000000000000000D4
S315082121DC00000000000000000000000000000000C4
S315082121EC00000000000000000000000000000000B4
S315082121FC00000000000000000000000000000000A4
S3150821220C0000000000000000000000000000000093
S3150821221C0000000000000000000000000000000083
S3150821222C0000000000000000000000000000000073
S3150821223C0000000000000000000000000000000063
S3150821224C0000000000000000000000000000000053
S3150821225C0000000000000000000000000000000043
S3150821226C0000000000000000000000000000000033
S3150821227C0000000000000000000000000000000023
S3150821228C0000000000000000000000000000000013
S3150821229C0000000000000000000000000000000003
S315082122AC00000000000000000000000000000000F3
S315082122BC00000000000000000000000000000000E3
S315082122CC00000000000000000000000000000000D3
S315082122DC00000000000000000000000000000000C3
S315082122EC00000000000000000000000000000000B3
S315082122FC00000000000000000000000000000000A3
S3150821230C0000000000000000000000000000000092
S3150821231C0000000000000000000000000000000082
S3150821232C0000000000000000000000000000000072
S3150821233C0000000000000000000000000000000062
S3150821234C0000000000000000000000000000000052
S3150821235C0000000000000000000000000000000042
S3150821236C0000000000000000000000000000000032
S3150821237C0000000000000000000000000000000022
S3150821238C0000000000000000000000000000000012
S3150821239C0000000000000000000000000000000002
S315082123AC00000000000000000000000000000000F2
S315082123BC00000000000000000000000000000000E2
S315082123CC00000000000000000000000000000000D2
S315082123DC00000000000000000000000000000000C2
S315082123EC00000000000000000000000000000000B2
S315082123FC00000000000000000000000000000000A2
S3150821240C0000000000000000000000000000000091
S3150821241C0000000000000000000000000000000081
S3150821242C0000000000000000000000000000000071
S3150821243C0000000000000000000000000000000061
S3150821244C0000000000000000000000000000000051
S3150821245C0000000000000000000000000000000041
S3150821246C0000000000000000000000000000000031
S3150821247C0000000000000000000000000000000021
S3150821248C0000000000000000000000000000000011
S3150821249C0000000000000000000000000000000001
S315082124AC00000000000000000000000000000000F1
S315082124BC00000000000000000000000000000000E1
S7050820401F73
