:10000000010000000D900D90D414010001000000CB
:10001000001020009AB5CB32000000000000000064
:1000200000000000000000000000000000000000D0
:100030000000000000000000000000000D900D9086
:10004000A55A0000002020080000008000000000E9
:1000500000000000000000000000000000000000A0
:100060000000000000000000000000000000000090
:100070000000000000000000000000000000000080
:100080000000000000000000000000000000000070
:100090000000000000000000000000000000000060
:1000A0000000000000000000000000000000000050
:1000B0000000000000000000000000000000000040
:1000C0000000000000000000000000000000000030
:1000D0000000000000000000000000000000000020
:1000E0000000000000000000000000000000000010
:1000F0000000000000000000000000000000000000
:1001000000000000000000000000000000000000EF
:1001100000000000000000000000000000000000DF
:1001200000000000000000000000000000000000CF
:1001300000000000000000000000000000000000BF
:1001400000000000000000000000000000000000AF
:10015000000000000000000000000000000000009F
:10016000000000000000000000000000000000008F
:10017000000000000000000000000000000000007F
:10018000000000000000000000000000000000006F
:10019000000000000000000000000000000000005F
:1001A000000000000000000000000000000000004F
:1001B000000000000000000000000000000000003F
:1001C000000000000000000000000000000000002F
:1001D000000000000000000000000000000000001F
:1001E000000000000000000000000000000000000F
:1001F00000000000000000000000000000000000FF
:1002000000000000000000000000000000000000EE
:1002100000000000000000000000000000000000DE
:1002200000000000000000000000000000000000CE
:1002300000000000000000000000000000000000BE
:1002400000000000000000000000000000000000AE
:10025000000000000000000000000000000000009E
:10026000000000000000000000000000000000008E
:10027000000000000000000000000000000000007E
:10028000000000000000000000000000000000006E
:10029000000000000000000000000000000000005E
:1002A000000000000000000000000000000000004E
:1002B000000000000000000000000000000000003E
:1002C000000000000000000000000000000000002E
:1002D000000000000000000000000000000000001E
:1002E000000000000000000000000000000000000E
:1002F00000000000000000000000000000000000FE
:1003000000000000000000000000000000000000ED
:1003100000000000000000000000000000000000DD
:1003200000000000000000000000000000000000CD
:1003300000000000000000000000000000000000BD
:1003400000000000000000000000000000000000AD
:10035000000000000000000000000000000000009D
:10036000000000000000000000000000000000008D
:10037000000000000000000000000000000000007D
:10038000000000000000000000000000000000006D
:10039000000000000000000000000000000000005D
:1003A000000000000000000000000000000000004D
:1003B000000000000000000000000000000000003D
:1003C000000000000000000000000000000000002D
:1003D000000000000000000000000000000000001D
:1003E000000000000000000000000000000000000D
:1003F00000000000000000000000000000000000FD
:1004000000000000000000000000000000000000EC
:1004100000000000000000000000000000000000DC
:1004200000000000000000000000000000000000CC
:1004300000000000000000000000000000000000BC
:1004400000000000000000000000000000000000AC
:10045000000000000000000000000000000000009C
:10046000000000000000000000000000000000008C
:10047000000000000000000000000000000000007C
:10048000000000000000000000000000000000006C
:10049000000000000000000000000000000000005C
:1004A000000000000000000000000000000000004C
:1004B000000000000000000000000000000000003C
:1004C000000000000000000000000000000000002C
:1004D000000000000000000000000000000000001C
:1004E000000000000000000000000000000000000C
:1004F00000000000000000000000000000000000FC
:1005000000000000000000000000000000000000EB
:1005100000000000000000000000000000000000DB
:1005200000000000000000000000000000000000CB
:1005300000000000000000000000000000000000BB
:1005400000000000000000000000000000000000AB
:10055000000000000000000000000000000000009B
:10056000000000000000000000000000000000008B
:10057000000000000000000000000000000000007B
:10058000000000000000000000000000000000006B
:10059000000000000000000000000000000000005B
:1005A000000000000000000000000000000000004B
:1005B000000000000000000000000000000000003B
:1005C000000000000000000000000000000000002B
:1005D000000000000000000000000000000000001B
:1005E000000000000000000000000000000000000B
:1005F00000000000000000000000000000000000FB
:1006000000000000000000000000000000000000EA
:1006100000000000000000000000000000000000DA
:1006200000000000000000000000000000000000CA
:1006300000000000000000000000000000000000BA
:1006400000000000000000000000000000000000AA
:10065000000000000000000000000000000000009A
:10066000000000000000000000000000000000008A
:10067000000000000000000000000000000000007A
:10068000000000000000000000000000000000006A
:10069000000000000000000000000000000000005A
:1006A000000000000000000000000000000000004A
:1006B000000000000000000000000000000000003A
:1006C000000000000000000000000000000000002A
:1006D000000000000000000000000000000000001A
:1006E000000000000000000000000000000000000A
:1006F00000000000000000000000000000000000FA
:1007000000000000000000000000000000000000E9
:1007100000000000000000000000000000000000D9
:1007200000000000000000000000000000000000C9
:1007300000000000000000000000000000000000B9
:1007400000000000000000000000000000000000A9
:100750000000000000000000000000000000000099
:100760000000000000000000000000000000000089
:100770000000000000000000000000000000000079
:100780000000000000000000000000000000000069
:100790000000000000000000000000000000000059
:1007A0000000000000000000000000000000000049
:1007B0000000000000000000000000000000000039
:1007C0000000000000000000000000000000000029
:1007D0000000000000000000000000000000000019
:1007E0000000000000000000000000000000000009
:1007F00000000000000000000000000000000000F9
:1008000000000000000000000000000000000000E8
:1008100000000000000000000000000000000000D8
:1008200000000000000000000000000000000000C8
:1008300000000000000000000000000000000000B8
:1008400000000000000000000000000000000000A8
:100850000000000000000000000000000000000098
:100860000000000000000000000000000000000088
:100870000000000000000000000000000000000078
:100880000000000000000000000000000000000068
:100890000000000000000000000000000000000058
:1008A0000000000000000000000000000000000048
:1008B0000000000000000000000000000000000038
:1008C0000000000000000000000000000000000028
:1008D0000000000000000000000000000000000018
:1008E0000000000000000000000000000000000008
:1008F00000000000000000000000000000000000F8
:1009000000000000000000000000000000000000E7
:1009100000000000000000000000000000000000D7
:1009200000000000000000000000000000000000C7
:1009300000000000000000000000000000000000B7
:1009400000000000000000000000000000000000A7
:100950000000000000000000000000000000000097
:100960000000000000000000000000000000000087
:100970000000000000000000000000000000000077
:100980000000000000000000000000000000000067
:100990000000000000000000000000000000000057
:1009A0000000000000000000000000000000000047
:1009B0000000000000000000000000000000000037
:1009C0000000000000000000000000000000000027
:1009D0000000000000000000000000000000000017
:1009E0000000000000000000000000000000000007
:1009F00000000000000000000000000000000000F7
:100A000000000000000000000000000000000000E6
:100A100000000000000000000000000000000000D6
:100A200000000000000000000000000000000000C6
:100A300000000000000000000000000000000000B6
:100A400000000000000000000000000000000000A6
:100A50000000000000000000000000000000000096
:100A60000000000000000000000000000000000086
:100A70000000000000000000000000000000000076
:100A80000000000000000000000000000000000066
:100A90000000000000000000000000000000000056
:100AA0000000000000000000000000000000000046
:100AB0000000000000000000000000000000000036
:100AC0000000000000000000000000000000000026
:100AD0000000000000000000000000000000000016
:100AE0000000000000000000000000000000000006
:100AF00000000000000000000000000000000000F6
:100B000000000000000000000000000000000000E5
:100B100000000000000000000000000000000000D5
:100B200000000000000000000000000000000000C5
:100B300000000000000000000000000000000000B5
:100B400000000000000000000000000000000000A5
:100B50000000000000000000000000000000000095
:100B60000000000000000000000000000000000085
:100B70000000000000000000000000000000000075
:100B80000000000000000000000000000000000065
:100B90000000000000000000000000000000000055
:100BA0000000000000000000000000000000000045
:100BB0000000000000000000000000000000000035
:100BC0000000000000000000000000000000000025
:100BD0000000000000000000000000000000000015
:100BE0000000000000000000000000000000000005
:100BF00000000000000000000000000000000000F5
:100C000000000000000000000000000000000000E4
:100C100000000000000000000000000000000000D4
:100C200000000000000000000000000000000000C4
:100C300000000000000000000000000000000000B4
:100C400000000000000000000000000000000000A4
:100C50000000000000000000000000000000000094
:100C60000000000000000000000000000000000084
:100C70000000000000000000000000000000000074
:100C80000000000000000000000000000000000064
:100C90000000000000000000000000000000000054
:100CA0000000000000000000000000000000000044
:100CB0000000000000000000000000000000000034
:100CC0000000000000000000000000000000000024
:100CD0000000000000000000000000000000000014
:100CE0000000000000000000000000000000000004
:100CF00000000000000000000000000000000000F4
:100D000000000000000000000000000000000000E3
:100D100000000000000000000000000000000000D3
:100D200000000000000000000000000000000000C3
:100D300000000000000000000000000000000000B3
:100D400000000000000000000000000000000000A3
:100D50000000000000000000000000000000000093
:100D60000000000000000000000000000000000083
:100D70000000000000000000000000000000000073
:100D80000000000000000000000000000000000063
:100D90000000000000000000000000000000000053
:100DA0000000000000000000000000000000000043
:100DB0000000000000000000000000000000000033
:100DC0000000000000000000000000000000000023
:100DD0000000000000000000000000000000000013
:100DE0000000000000000000000000000000000003
:100DF00000000000000000000000000000000000F3
:100E000000000000000000000000000000000000E2
:100E100000000000000000000000000000000000D2
:100E200000000000000000000000000000000000C2
:100E300000000000000000000000000000000000B2
:100E400000000000000000000000000000000000A2
:100E50000000000000000000000000000000000092
:100E60000000000000000000000000000000000082
:100E70000000000000000000000000000000000072
:100E80000000000000000000000000000000000062
:100E90000000000000000000000000000000000052
:100EA0000000000000000000000000000000000042
:100EB0000000000000000000000000000000000032
:100EC0000000000000000000000000000000000022
:100ED0000000000000000000000000000000000012
:100EE0000000000000000000000000000000000002
:100EF00000000000000000000000000000000000F2
:100F000000000000000000000000000000000000E1
:100F100000000000000000000000000000000000D1
:100F200000000000000000000000000000000000C1
:100F300000000000000000000000000000000000B1
:100F400000000000000000000000000000000000A1
:100F50000000000000000000000000000000000091
:100F60000000000000000000000000000000000081
:100F70000000000000000000000000000000000071
:100F80000000000000000000000000000000000061
:100F90000000000000000000000000000000000051
:100FA0000000000000000000000000000000000041
:100FB0000000000000000000000000000000000031
:100FC0000000000000000000000000000000000021
:100FD0000000000000000000000000000000000011
:100FE0000000000000000000000000000000000001
:100FF00000000000000000000000000000000000F1
:10100000106C0000694020081D4020081D40200889
:101010001D4020081D4020081D4020080000000041
:10102000000000000000000000000000413A20081D
:101030001D40200800000000D13A20085729200850
:101040001D4020081D4020081D4020081D4020088C
:101050001D4020081D4020081D4020081D4020087C
:101060001D4020081D402008CD050000196F2008F4
:10107000C54D20081D4020081D4020081D402008A7
:10108000194B20081D402008B5B7200859B8200882
:101090001D4020084DB720084D9B20081D4020080A
:1010A0001D4020081D4020081D4020081D4020082C
:1010B0001D4020081D402008106C00001D40200825
:1010C00069402008250500001D4020081D4020081B
:1010D0001D4020081D402008AD4D2008B94D2008B6
:1010E000993F20081D4020081D4020081B94B0692E
:1010F0000D4B20081D4020081D402008014B2008F2
:101100001D4020081D4020081DB7200835B72008C5
:101110005DB6200875B620088DB62008A5B6200853
:10112000BDB62008D5B62008EDB6200805B72008C2
:101130001D4020081D4020081D4020081D4020089B
:101140001D4020081D4020081D4020081D4020088B
:101150001D4020081D4020081D4020081D4020087B
:101160001D4020081D4020081D40200800000000F0
:10117000000000000000000000000000000000006F
:101180000348044B834202D0034B03B11847704716
:101190001817000018170000000000000548064B53
:1011A0001B1AD90F01EBA301491002D0034B03B165
:1011B00018477047181700001817000000000000BB
:1011C00010B5064C237843B9FFF7DAFF044B13B18F
:1011D0000448AFF300800123237010BD18170000EE
:1011E000000000006806210808B5054B1BB1054941
:1011F0000548AFF30080BDE80840FFF7CFBF00BF50
:10120000000000001C1700006806210807B500F068
:101210003FF80F480BF0F4FC03220021012000F0FE
:101220004EFE0C4B186018B90B480BF0E9FCFEE7BA
:1012300000230522CDE90023084909484FF4007234
:101240000DF046FD03B05DF804EB00F0E5B800BF1B
:1012500068FD20083417000076FD200899FD20085D
:10126000B525200808B5084B1B7883420BD101290E
:1012700009D1064B187802F0ABFE00F003F9BDE887
:10128000084000F043B808BDE6FE2008EBFE200849
:1012900010B51A481A4C0BF0B3FC0D200BF052FCA1
:1012A000002009F0DBFE0120212820701ED92E200D
:1012B00009F0BEFE0022012310462E2109F0D4FDC4
:1012C000002210460F4C2E2109F04EFE0123C4F8D7
:1012D000E432D4F8E4120C48C9B20BF021FC0D2022
:1012E0000BF030FC0023C4F8E43210BD092801D013
:1012F00009F02CFC20780130C0B2D5E7A0FD200811
:101300001000000000001346BDFD2008064AD2F878
:10131000E43283F00103C2F8E432044B00BF013B26
:10132000FCD103480BF06CBC00001346C0304600F3
:10133000D2FD200808B500F0FFFAFFF767FF00F0C4
:1013400008FB002008BD0000054A064913889BB22F
:10135000C8541388013303F07F031380704700BF24
:1013600044180000C1170000C30737B525D516483B
:101370000BF046FC154B1B780BBB1548154D0BF0BD
:101380003FFC432415F8010B013CFFF7DDFF14F08F
:10139000FF04F7D1002301930F4B01A9186800F057
:1013A00004FF019B4BB14FF0E0234FF08052C3F894
:1013B000042DBFF34F8FBFF36F8F03B030BD0748CD
:1013C0000BF01EFCE6E700BFDFFD20081100000067
:1013D000F2FD20087E1700003417000007FE2008E9
:1013E0000A4B0B4A1988138889B29BB299420BD0D9
:1013F000138808499BB2CB5C03701388013303F058
:101400007F031380012070470020704744180000BC
:1014100042180000C117000010B512480BF0F0FB95
:101420001149022009F090FA10B110480BF0E8FBC6
:101430000D4C0F492068002209F0D2FA10B10D4876
:101440000BF06EFB0C49206809F054FB002002F001
:1014500051FB0A4A0023137082F84430084A137083
:1014600010BD00BF19FE20084818000039FE2008F2
:101470003403000045FE20086923200839170000C6
:101480001100000007480849084A006808B54323CE
:1014900009F006FB014620B1BDE8084004480BF006
:1014A0003FBB08BD48180000120000007E17000076
:1014B0005AFE200830B5044693B00146432201A8E5
:1014C0000BF03EFD6178237894F842004B400DF11B
:1014D00005040022D5B2A94204D81B1A584258412B
:1014E00013B030BD14F8015F01326B40F2E7000029
:1014F00070B5054690B000243C22214601A8009416
:101500000BF05EFC6A780A4EA91C68460BF018FDC9
:101510006A78E3B29A4201D810B070BD40336B4490
:10152000304613F8401C0BF0FBFA0134F0E700BF23
:101530006FFE200838B51B4C05461B480BF060FBBE
:101540002378032B08D8DFE803F002081622B62D13
:1015500002D165700123237038BD0DB90023FAE76D
:10156000002384F844300223A5702370BDE838407E
:101570000E480BF045BB94F84420531CDBB22244C8
:101580003F2B84F84430D570E6D90323E3E70848BD
:1015900084F84350FFF78EFF0028DFD00448FFF7A0
:1015A000A7FFDBE73917000086FE20089AFE200817
:1015B0003A17000007B5114E114C124D30684FF02C
:1015C000FF3100F0EDFE0128F8D123786BB90DF161
:1015D0000700FFF705FF0028F0D09DF80700FFF790
:1015E000A9FF09480BF00CFBF1E700232B702370D7
:1015F000FFF748FF05480BF003FBDFE73417000057
:101600001100000038170000ABFE2008CAFE2008B9
:1016100008B501F035FD02F097F807F0B5F901F0D3
:101620007FFB01F05FFEBDE8084000F0A1B900F0CB
:10163000C9B908B500F008F8BDE8084000F00AB8DC
:1016400000F0ACB870477047014802F0C3BB00BF60
:10165000E6FE2008014802F0A2BC00BFEBFE200815
:10166000EFF3108072B6704710B962B6BFF36F8F98
:101670007047EFF311800C2383F31188704780F3D8
:101680001188BFF36F8F704730B50E4C41612368EE
:101690008BB9206083600DE0891A9A6841611D460C
:1016A0006AB113465A698A42F6D935B1A860521A0E
:1016B00083605A6130BD0025F4E72060F7E7986049
:1016C0008260F7E75C18000038B507F0CDF9094CE7
:1016D000094B1A6823680025C31A2AB123B151693E
:1016E000994203D3C91A5161206038BD55615B1A14
:1016F0009268F2E7581800005C18000038B5154DE4
:101700002B682BB35B69A3B1134A146802201C44F5
:1017100007F0B4F9204607F0BBF910492A68002306
:101720000B7022B1D08880070AD501230B700020EE
:1017300038BD022007F0A2F9022007F0FDF9ECE71E
:101740009268002AF3D050690344012BEAD9EEE7EE
:101750002220EDE75C180000581800005418000023
:101760000D490B6898B100229BB1834203D1836875
:1017700022B90B6003E01A469B68F5E79360836823
:101780001BB15A6941690A445A61002070472220FE
:1017900070470220704700BF5C18000070B5154EFE
:1017A000FFF767FF34780546FCB9134B1C60134BF9
:1017B0001C60134B1C6007F011F9012007F05EF963
:1017C00007F0E2F90F4B0246186020B92846FFF7F0
:1017D00056FF232070BD23460B4840F2E7310AF044
:1017E0003DFA0A4B1860012333702846FFF747FF84
:1017F0000020EFE7551800005C18000058180000A2
:10180000641800006018000018FCFFFF501800006A
:10181000C2072DE9F843044607D5444A136801334B
:101820001360FFF751FFFFF769FFA3077CD5FFF7B0
:1018300020FF0546FFF748FF4FF000083C4F4646A3
:101840003C680CB16369A3B13A4B0022012E1A70B7
:1018500003D118F0020F18BF1E70FFF74FFF2228A8
:1018600002D1022007F052F92846BDE8F843FFF7FD
:1018700006BF23465A693AB91A792179914288BF3D
:101880001C469B68002BF5D12846FFF7F8FE25691A
:10189000DDB107F0E9F8A269A0EB02084FEAE873AE
:1018A000A84573F1000311DB23691344A361E368C6
:1018B00013B1216820469847B4F80680FFF7D9FE97
:1018C00001360546FFF700FFBAE7A846FFF7D1FE4D
:1018D00081462046FFF744FF4846FFF7D0FE2369C4
:1018E000002BE4D0A38BB5EB080533B1E28B134496
:1018F0009BB2B3F57A7F0FD2E383FFF7BAFE294696
:1019000080462046FFF7C0FEA36922691344A36105
:101910004046FFF7B4FECAE7A3F57A73E383A369F1
:10192000013B013DA361E8E7BDE8F88364180000CE
:101930005C1800004C18000008B5FFF769FEFFF7BF
:1019400078FEFFF77DFEFFF77DFEBDE80840FFF75C
:101950007ABEFFF76CBE08B54FF0E0231B690DF0AF
:10196000CFF9012803D0BDE8084001F0E3B808BD75
:10197000EFF3058373B9EFF31082094B12B9EFF35C
:10198000118212B11A68022A04D0186828B90122FB
:101990001A6070476FF0050070474FF0FF307047D6
:1019A0005825000008B50DF0ABF938B1022804D075
:1019B000034B1868431E5842584108BD0320FCE7FA
:1019C0005825000010B5EFF30583ABB9EFF3108293
:1019D0000C4B12B9EFF3118212B11A68022A0BD024
:1019E0001A68012A0BD1084A0024D47702221A600F
:1019F0000DF072F9204610BD6FF00500FBE74FF0C7
:101A0000FF30F8E75825000000ED00E038B5054646
:101A1000EFF3058313B10024204638BDEFF31083A4
:101A200013B9EFF311831BB11C4B1B68022BF2D0CF
:101A30002DB36B681A07EED4D5E9021203F0010347
:101A400071B14F2AE7D993B1042000F000FB04469E
:101A50000028E0D0296800F081FD44F00104DBE7B4
:101A6000002AD8D1ABB1042000F025FBEFE701201C
:101A700000F0EDFA04460028CDD0296806E00120E8
:101A800000F019FB04460028C5D0294600F066FD89
:101A9000C2E7012000F00FFBECE700BF5825000073
:101AA000034610B520F001000C4603F00102EFF3ED
:101AB0000581E9B9EFF3108111B9EFF3118119B183
:101AC0000E490968022913D0012B14D9214662B1AD
:101AD00000F023FD012801D1002010BD002C14BF0F
:101AE0006FF001006FF00200F7E700F059FCF1E73A
:101AF0006FF00500F1E76FF00300EEE758250000F6
:101B0000024608B520F0010002F00103EFF3058161
:101B1000C9B9EFF3108111B9EFF3118119B10D4972
:101B2000096802290FD0012A10D93BB100F0A4FAAC
:101B300001280CBF00206FF0020008BD1A461946AC
:101B400000F0C9F9F4E76FF00500F6E76FF0030065
:101B5000F3E700BF58250000034B0360034B0B6005
:101B60004FF4807313607047E0240000E020000011
:101B7000034B0360034B0B604FF40073136070471B
:101B8000682000006818000000F108034FF0FF32E1
:101B9000C0E9022343600361002303607047002310
:101BA0000361704743684B609A688A60516099602E
:101BB0000368086101330360704730B50C68631C2B
:101BC0000AD103695A684A6091608B605960036862
:101BD00008610133036030BD00F10802134652680A
:101BE0001568A542FAD9EDE7D0E9011203698A60C8
:101BF00051605968814208BF5A60002202611A6828
:101C0000013A1A601868704710B5044600F02AFFC0
:101C1000A46B00F047FFB4FA84F0400910BD70B522
:101C20001646026C856B044642B906689EB9806808
:101C30000DF092F8A6600135A56370BD6EB94068DD
:101C40000BF07EF96368226C1344A26863609342D0
:101C500024BF236863600020EDE7C0680BF070F9D3
:101C6000226CE36851429B1A2268E36093423EBFB4
:101C7000A3685B18E360022EEDD10DB1013DEAE7E8
:101C80002846D8E7034610B41A6C08466AB1DC68E7
:101C9000996814448C4228BF1968DC6028BFD96059
:101CA000D9685DF8044B0BF04BB95DF8044B7047F5
:101CB00070B5044600F0D6FE94F8455004F12406B1
:101CC0006DB2002D14DCFF2384F8453000F0EAFEED
:101CD00000F0C8FE94F8445004F110066DB2002DD7
:101CE00012DCFF2384F84430BDE8704000F0DABE17
:101CF000636A002BE7D030460DF00AF808B10DF00A
:101D00001FF8013D6DB2DCE72369002BE9D03046B6
:101D10000CF0FEFF08B10DF013F8013D6DB2DEE7E7
:101D200038B50D46044640B94FF0140383F31188CB
:101D3000BFF36F8FBFF34F8FFEE700F093FED4E940
:101D40000F31226862604B43D0185B1A1A44A060BE
:101D5000FF230020A063E26084F8443084F845301B
:101D6000A5B9236973B104F110000CF0D1FF48B19B
:101D70004FF0E0234FF08052C3F8042DBFF34F8F94
:101D8000BFF36F8F00F08EFE012038BD04F110000C
:101D9000FFF7FAFE04F12400FFF7F6FEF2E7F8B5CC
:101DA000064617460D46C9B14843B0FBF1F39E42C3
:101DB00008D04FF0140383F31188BFF36F8FBFF384
:101DC0004F8FFEE710F1510F19D94FF0140383F331
:101DD0001188BFF36F8FBFF34F8FFEE7502000F0E5
:101DE00085FF88B180F8465004462060C4E90F653D
:101DF00001212046FFF794FF84F84C7005E0503035
:101E000000F074FF044610B900242046F8BD0023FA
:101E100080F846305030E8E737B50D461C4640B9EB
:101E20004FF0140383F31188BFF36F8FBFF34F8F0D
:101E3000FEE743B94FF0140383F31188BFF36F8FAC
:101E4000BFF34F8FFEE74AB191BB4FF0140383F30A
:101E50001188BFF36F8FBFF34F8FFEE741B14FF093
:101E6000140383F31188BFF36F8FBFF34F8FFEE727
:101E700050230193019B502B08D04FF0140383F3A0
:101E80001188BFF36F8FBFF34F8FFEE7019B224690
:101E90000121C4E90F0584F8461022602046FFF7AF
:101EA0003FFF9DF8183084F84C30204603B030BD19
:101EB00050230193019B502BDFD1019BE8E740B9F0
:101EC0004FF0140383F31188BFF36F8FBFF34F8F6D
:101ED000FEE7FFF764BFF0B585B00E4601921D46E0
:101EE000044640B94FF0140383F31188BFF36F8F9A
:101EF000BFF34F8FFEE751B9036C43B14FF01403AA
:101F000083F31188BFF36F8FBFF34F8FFEE7022D6E
:101F10000BD1E36B012B08D04FF0140383F311882E
:101F2000BFF36F8FBFF34F8FFEE70CF0E9FE08B9E8
:101F3000019B03BB00F096FDA26BE36B9A4223D298
:101F40002A4631462046FFF76AFE636A1BB104F158
:101F500024000CF0DDFE48B14FF0E0234FF080523A
:101F6000C3F8042DBFF34F8FBFF36F8F00F09AFDBE
:101F7000012005B0F0BD4FF0140383F31188BFF3C7
:101F80006F8FBFF34F8FFEE7022DD9D000231F467E
:101F900037E013B902A80CF0C7FE00F083FD0CF087
:101FA000DFFE00F05FFD94F84430FF2B08BF84F89B
:101FB000447094F84530FF2B08BF84F8457000F05A
:101FC00071FD01A902A80CF0B7FE002839D100F07C
:101FD00049FDA26BE36B9A421AD100F063FD0199AF
:101FE00004F110000CF088FE2046FFF761FE0CF0B3
:101FF00097FED8B100F036FDA36BE26B9A429FD8F2
:102000000123019A002AC4D100F04CFD0020B0E762
:1020100000F048FD2046FFF74BFE0CF081FE00F07B
:1020200021FDA26BE36B9A42EAD289E74FF0E023ED
:102030004FF08052C3F8042DBFF34F8FBFF36F8F63
:10204000EDE72046FFF734FE0CF06AFEDEE713B53D
:1020500000220B46009011460120FFF7DDFE0446EA
:1020600038B1002383600360C3601A461946FFF746
:1020700032FF204602B010BD38B5044640B94FF0DB
:10208000140383F31188BFF36F8FBFF34F8FFEE705
:1020900085680CF059FE85420BD1E368013BE36093
:1020A0000BB1012038BD1A4619462046FFF713FF31
:1020B000F7E70020F6E710B5024600210120FFF700
:1020C0006EFE044638B1002383600360C3601A4685
:1020D0001946FFF700FF204610BD2DE9F843894659
:1020E00017461E46044640B94FF0140383F3118887
:1020F000BFF36F8FBFF34F8FFEE751B9036C43B14E
:102100004FF0140383F31188BFF36F8FBFF34F8F2A
:10211000FEE7022E0BD1E36B012B08D04FF0140326
:1021200083F31188BFF36F8FBFF34F8FFEE700F08B
:10213000AFFDEFF311884FF0140383F31188BFF361
:102140006F8FBFF34F8FA26BE36B9A4201D3022EC6
:1021500029D194F84550A36B6DB2324649462046CA
:10216000FFF75DFD6B1C0ED1636A3BB104F12400E7
:102170000CF0CEFD10B10FB101233B60012088F3BC
:102180001188BDE8F8837F2D08D14FF0140383F345
:102190001188BFF36F8FBFF34F8FFEE701356DB22C
:1021A00084F84550EAE70020E9E770B50D4604469B
:1021B00040B94FF0140383F31188BFF36F8FBFF35F
:1021C0004F8FFEE7036C43B14FF0140383F3118884
:1021D000BFF36F8FBFF34F8FFEE7036853B9836878
:1021E00043B14FF0140383F31188BFF36F8FBFF334
:1021F0004F8FFEE700F04CFDEFF311864FF0140314
:1022000083F31188BFF36F8FBFF34F8FA26BE36B24
:10221000934224D994F845100132FF294BB2A263AE
:102220000DD1636A3BB104F124000CF071FD10B1D3
:102230000DB101232B60012086F3118870BD7F2B27
:1022400008D14FF0140383F31188BFF36F8FBFF3EE
:102250004F8FFEE701335BB284F84530EBE7002097
:10226000EAE7F0B585B00E460192044640B94FF05A
:10227000140383F31188BFF36F8FBFF34F8FFEE713
:1022800051B9036C43B14FF0140383F31188BFF3CA
:102290006F8FBFF34F8FFEE70CF032FD50B9019BFB
:1022A00043B14FF0140383F31188BFF36F8FBFF373
:1022B0004F8FFEE700F0D6FBA56BDDB1314620461F
:1022C000013DFFF7DFFCA563236973B104F1100042
:1022D0000CF01EFD48B14FF0E0234FF08052C3F8E0
:1022E000042DBFF34F8FBFF36F8F00F0DBFB012096
:1022F00005B0F0BD019B1BB900F0D4FB0020F7E74F
:1023000002A80CF011FD2F4600F0CCFB0CF028FDCC
:1023100000F0A8FB94F84430FF2B08BF84F8447009
:1023200094F84530FF2B08BF84F8457000F0BAFBE5
:1023300001A902A80CF000FD38BB2046FFF764FCA1
:10234000E8B1019904F124000CF0D6FC2046FFF717
:10235000AFFC0CF0E5FC48B94FF0E0234FF08052A1
:10236000C3F8042DBFF34F8FBFF36F8F00F07AFBDC
:10237000A56B002DA2D1019B002BC5D1BCE7204647
:10238000FFF796FC0CF0CCFCF0E72046FFF790FC42
:102390000CF0C6FC2046FFF737FC0028E6D0ADE77E
:1023A000F0B585B00446019140B94FF0140383F3B2
:1023B0001188BFF36F8FBFF34F8FFEE7056C45B1F8
:1023C0004FF0140383F31188BFF36F8FBFF34F8F68
:1023D000FEE70CF095FC064620B32E46002700F0E1
:1023E00041FBA36B53B3013BA363236813B90CF008
:1023F0009FFCA060236973B104F110000CF088FC0D
:1024000048B14FF0E0234FF08052C3F8042DBFF3E2
:102410004F8FBFF36F8F00F045FB012005B0F0BD7B
:102420003546DBE7019B002BFAD04FF0140383F312
:102430001188BFF36F8FBFF34F8FFEE7019B53B936
:10244000002D66D04FF0140383F31188BFF36F8F14
:10245000BFF34F8FFEE716B902A80CF065FC00F041
:1024600021FB0CF07DFC00F0FDFA94F84430FF2BCA
:1024700008BF84F8447094F84530FF2B08BF84F8F7
:10248000457000F00FFB01A902A80CF055FC50BBF1
:102490002046FFF7B9FB00B323683BB900F0E2FA2E
:1024A000A0680CF021FC054600F0FCFA019904F14B
:1024B00024000CF021FC2046FFF7FAFB0CF030FC66
:1024C00048B94FF0E0234FF08052C3F8042DBFF31A
:1024D0004F8FBFF36F8F012681E72046FFF7E8FBA0
:1024E0000CF01EFCF7E72046FFF7E2FB0CF018FCAF
:1024F0002046FFF789FB0028EDD065B100F0B2FA65
:10250000616A19B1236B1968C1F13801A0680CF038
:10251000DBFB00F0C7FA002080E770B50D460446EB
:1025200040B94FF0140383F31188BFF36F8FBFF3EB
:102530004F8FFEE786680CF007FC864204D1E36803
:102540000133E360012070BD29462046FFF728FFD4
:102550000028F8D0E3680133E360F4E730B5074AB8
:10256000002352F8335002EBC3041DB942F8331074
:10257000606030BD0133082BF3D1FAE75C25000021
:1025800070B504460D46164600F06CFA94F84430D7
:10259000FF2B04BF002384F8443094F84530FF2B10
:1025A00004BF002384F8453000F07CFAA36B2BB9FC
:1025B0003246294604F124000CF0A6FB2046BDE873
:1025C0007040FFF775BB0000914208B541600061A3
:1025D0000AD8D21A83699A420DD2084B011D186895
:1025E000FFF7EBFA002008BD9A4201D2994202D2CD
:1025F000034B011DF3E70120F5E700BF482B000066
:102600004C2B0000F7B5114C00F02CFA2568BDB931
:102610000F4F104E3846FFF7B7FA3046FFF7B4FABF
:102620000D4B0E4A1F600E4B10211E6005200D4BF6
:102630000095FFF7F1FB206010B10B49FFF78EFF0B
:1026400003B0BDE8F04000F02DBA00BF442B0000FD
:10265000642B0000502B00004C2B0000EC2A0000E3
:10266000482B00009C2A0000F3FE200810B588B01B
:10267000FFF7C8FF124B1B68B3B1002407AA06A9D5
:1026800005A8CDE90544FFF773FA059B0293069B65
:10269000019337230093079A0A490B4823460CF00D
:1026A0003BFB0A4B186040B94FF0140383F31188C9
:1026B000BFF36F8FBFF34F8FFEE7012008B010BD4F
:1026C000442B0000F8FE2008CD372008402B0000E6
:1026D0007FB5164604461A4640B94FF0140383F3FB
:1026E0001188BFF36F8FBFF34F8FFEE70D4D286842
:1026F00080B10529CDE9001602940DDC0CF000FB39
:102700000023022808BF089A286818BF1A4669469D
:10271000FFF7E1FB04B070BD00236946FFF7DDFC65
:10272000F8E700BF442B00002DE9F347DFF898805D
:1027300006460CF0DDFAD8F800308342054609D988
:102740001F4F3B681A686AB91E4A116839601360E6
:10275000012300E0002328463360C8F8005002B08F
:10276000BDE8F087DB68DC68D3F8009004F1040A68
:102770005046FFF739FA236A2046984794F82830E4
:102780005B07DED5A3694B44994506D23868636080
:1027900024615146FFF711FAD3E7002300934A461C
:1027A00019462046FFF794FF0028CAD14FF01403C2
:1027B00083F31188BFF36F8FBFF34F8FFEE700BF26
:1027C0004C2B0000482B00003C2B00002DE9F0436F
:1027D0006E4D6F4E89B02B68D3F80080B8F1000FB2
:1027E00035D0DB68D3F8008000240CF0B9FA04A8D7
:1027F000FFF79AFF049B8146002B69D1002C4CD136
:10280000404550D30CF08CFA2B68DB68DF68381D2C
:10281000FFF7EAF997F8283058071AD5B9694346FF
:102820004A4641443846FFF7CFFEB0B100942346F4
:10283000424621463846FFF74BFF70B94FF014036C
:1028400083F31188BFF36F8FBFF34F8FFEE701242F
:10285000CBE723F0010387F828303B6A38469847D6
:102860003068002204A9FFF7FCFC0028B3D0049BC9
:102870000698002B2FDB069C6369002B32D103A83E
:10288000FFF752FF049B0246092BE9D8DFE803F06B
:102890002E2E2E575E762E2E575E3E4B1B681C68E2
:1028A000B4FA84F4640930682246A8EB0901FFF702
:1028B00067FE0CF035FA0028D2D14FF0E0234FF03C
:1028C0008052C3F8042DBFF34F8FBFF36F8FC7E75C
:1028D0000CF026FAC4E7059B07999847049B002B48
:1028E000BEDBC8E7201DFFF77FF9C8E794F8283062
:1028F000A16943F0010384F82830059B2046194460
:10290000FFF762FE0028ABD0236A2046984794F870
:1029100028305907A4D5A269059900230A440093D9
:1029200019462046FFF7D4FE002899D14FF0140332
:1029300083F31188BFF36F8FBFF34F8FFEE794F8D7
:10294000283023F0010384F8283089E794F82830F0
:1029500043F0010384F828300599A16141B94FF093
:10296000140383F31188BFF36F8FBFF34F8FFEE71C
:10297000034601442046FFF727FE71E794F828300C
:102980009A07DED4204600F0BDF969E74C2B000021
:10299000442B0000482B000008480068006880F3C2
:1029A00008884FF0000080F3148862B661B6BFF368
:1029B0004F8FBFF36F8F00DF00BF000008ED00E016
:1029C000DFF80C00016841F47001016070470000FD
:1029D00088ED00E082B0002301930D4B1B680133AA
:1029E00008D04FF0140383F31188BFF36F8FBFF348
:1029F0004F8FFEE74FF0140383F31188BFF36F8FFF
:102A0000BFF34F8F019B002BFCD002B0704700BF7B
:102A10005C0000004FF0807340F8043C074B40F826
:102A20000C3C21F001016FF0020340F8081C40F853
:102A3000202C40F8243C4438704700BFD53920088A
:102A4000074B19680868B0E8F04F80F30988BFF3B6
:102A50006F8F4FF0000080F311887047AFF3008054
:102A6000982A00004FF0140383F31188BFF36F8F8F
:102A7000BFF34F8F0A4A13680133012B13600ED145
:102A80004FF0E023D3F8043DDBB243B14FF0140321
:102A900083F31188BFF36F8FBFF34F8FFEE770474B
:102AA0005C000000084A136843B94FF0140383F335
:102AB0001188BFF36F8FBFF34F8FFEE7013B1360A9
:102AC0000BB983F3118870475C0000000000000020
:102AD000EFF30980BFF36F8F154B1A681EF0100FCC
:102AE00008BF20ED108A20E9F04F10602DE90900A1
:102AF0004FF0140080F31188BFF34F8FBFF36F8F37
:102B00000CF0EEF84FF0000080F3118809BC196852
:102B10000868B0E8F04F1EF0100F08BFB0EC108A44
:102B200080F30988BFF36F8F704700BFAFF3008059
:102B3000982A000008B54FF0140383F31188BFF3FF
:102B40006F8FBFF34F8F0CF003F928B14FF0E023E4
:102B50004FF08052C3F8042D002383F3118808BD81
:102B60004FF0E022002313619361054B4FF47A711B
:102B70001B68B3FBF1F3013B5361072313617047FB
:102B8000E02B00004FF0E02337B5D3F8001D3A4AA0
:102B9000914208D14FF0140383F31188BFF36F8F74
:102BA000BFF34F8FFEE7D3F8002D344B9A4208D184
:102BB0004FF0140383F31188BFF36F8FBFF34F8F70
:102BC000FEE72F4B1A78D2B20192FF221A701B78BF
:102BD0002C4ADBB28DF803309DF8033003F0140368
:102BE0001370294A0723136000219DF80300000693
:102BF00003F1FF340CD411B1012B136011D04FF04D
:102C0000140383F31188BFF36F8FBFF34F8FFEE779
:102C10009DF803305B00DBB28DF8033001212346C1
:102C2000E3E74FF480731360019B154A4FF0E024F3
:102C3000DBB21370D4F8203D43F47C03C4F8203D8C
:102C4000D4F8203D43F07C43C4F8203DFFF788FFD3
:102C50000E4B00251D60FFF7B3FED4F8343F43F060
:102C60004043C4F8343FFFF797FE0CF039F8FFF704
:102C7000B1FE284603B030BD71C20F4170C20F4192
:102C800000E400E07C2B0000782B00005C000000DA
:102C9000EFF305830F2B0ED9114A9B5C114A127872
:102CA0009A4208D94FF0140383F31188BFF36F8F52
:102CB000BFF34F8FFEE74FF0E0230B4AD3F80C3DF4
:102CC000126803F4E063934208D94FF0140383F3CE
:102CD0001188BFF36F8FBFF34F8FFEE7704700BFC0
:102CE000F0E300E07C2B0000782B000010B50446D8
:102CF0000CF036F8204609F029F904460CF010F8DB
:102D0000204610BD10B5044640B10CF029F820460D
:102D100009F024F9BDE810400CF002B810BD000025
:102D200070B5134C134D23685E6C0023194628467A
:102D30000222B04723681E68002319460222284653
:102D4000B04723680C4DD3F8C0300520984723685E
:102D50005E6C0023194628460A22B04723681C6887
:102D600000232846A4460A22BDE870401946604761
:102D70000001300000C004240000134630B5114BA0
:102D800093F85830013BDBB2FD2B8FB018D80E4DB5
:102D90000FCD6C460FC40FCD0FC40FCD0FC495E8F7
:102DA000030084E80300094C6846D4F844370CF06B
:102DB0005BFC05F05FFFD4F8443700200FB030BD56
:102DC0000120FBE700021F0858021F0800800524AD
:102DD000134B0168D3F84437F0B50127013900D20D
:102DE000F0BDD0F808C04668CCF38455C5EBDC6272
:102DF000346801320023013A0CD203FA05F203EAE7
:102E00000C03C3F3150324EA0202AB4013433360FF
:102E10000830E3E707FA02FE43EA0E03EBE700BFE0
:102E20000080052408B51848FFF7D2FF1748FFF7C0
:102E3000CFFF06F015FA06F027FA06F031FA06F091
:102E400043FA06F04DFA1248FFF7C2FF1148FFF7A8
:102E5000BFFF1148FFF7BCFF1048FFF7B9FF10484C
:102E6000FFF7B6FF0F48FFF7B3FF0F48FFF7B0FFBC
:102E70000E48FFF7ADFF0E48FFF7AAFFBDE8084078
:102E80000C48FFF7A5BF00BFC416000028160000BD
:102E900064120000301300002413000044130000EB
:102EA00004120000F8110000EC11000040120000B4
:102EB000881200007C12000010B5254CFFF7B2FF0D
:102EC00094F8040600F00100FFF758FF4FF4C02308
:102ED000C4F86C34D4F840311E4843F40023C4F8DD
:102EE0004031D4F8403143F00103C4F84031D4F804
:102EF000403143F00203C4F84031FFF769FF16493F
:102F00001648D1F8103543F00203C1F81035636953
:102F100023F400336361636943F480336361D0F861
:102F20004027D0F87837C2F34342023A23F4F073D3
:102F300043EA4213C0F87837D1F8943443F40023BD
:102F4000C1F89434236943F46013236110BD00BFBA
:102F5000008004245014000000A0052400800524F3
:102F600008B550B10748FFF733FF0748FFF730FFB8
:102F70000648BDE80840FFF72BBF0548FFF728FFCC
:102F80000448F6E7981400004015000034150000CE
:102F90000C150000B81400000B48D0F800D05DF804
:102FA00004EB5DF804CB5DF804BB5DF804AB5DF8A1
:102FB000049B5DF8048B80BC40BC20BC10BC08BCEA
:102FC00004BC02BC01BC70478C2B0000114AD2F833
:102FD000103623F48073C2F810360F4B596B41F052
:102FE00001015963596B41F0020159630423C2F88E
:102FF000383482B000238DF807309DF80730092B54
:1030000001D902B0704700BF9DF807300133DBB231
:10301000F1E700BF0080042400840424FEE7FEE7FB
:10302000054B064A06498B4200D3704752F8040B01
:1030300043F8040BF7E700BF100000008C082108DC
:1030400018170000064B0748DA1C121AC11E22F09E
:103050000302994288BF0022002109F0B1BE00BFDF
:10306000103C00001817000008B5FFF7D9FFFFF764
:10307000E9FF00F0B3F8BDE80840FEF75BB90000D7
:1030800038B5374B374A1A60374B384A93F806360B
:10309000374C03F00F030F2B15BF364B4FF0006377
:1030A000D3F89312D3F837140CBF11601160324A71
:1030B0000CBFD3F83634D3F89232136005F05AFFC0
:1030C00005F05AFF2D4BDB694FF08061D3F880305B
:1030D0004FF08C409847E369022060F30E33E361C0
:1030E000274BDA696FF30202DA6105F0BFFF1E4B6E
:1030F0001A6A042161F302021A621A6A1207FCD5E5
:10310000A369022262F38403A361A3691B04FCD5B3
:103110001C4B1D4D5A6E6FF341025A665A6E6FF387
:1031200000025A66FFF752FF184B19480D4A186102
:103130004FF4FA44D86117485C6200211C624FF4D6
:103140000044C3E90022C3E90B05C3E90F229960DB
:103150005961DA609C625A635864996138BD00BF56
:10316000E02B0000005A620200800424882B00003B
:103170000081042400001F08842B0000000130009F
:103180000086042400840424002D3101902B0000CB
:1031900000B4C4040048E8014FF0E02384B0D3F841
:1031A000402F0192D3F8442F02920199094A91428B
:1031B0000DD10299084A914209D1D3F8882D039282
:1031C000039A42F470020392039AC3F8882D04B064
:1031D000704700BF210011101100001113B500232A
:1031E000009301932F4BD3F810250092009A009280
:1031F0002D4A116821F00F01116011681160D3F898
:103200009C1421F46071C3F89C14D3F80417019145
:103210000199C3F80415D3F8001701910199C3F877
:103220000015D3F8101541F01C01C3F81015D2F8A1
:10323000024014F48074FAD11C48436943F480338B
:103240004361436964F351434361FFF7A5FF184BA2
:103250004FF080725A60174BC0F84031164B5A68D5
:1032600064F3C3025A60036A0E4A43F48033036274
:10327000036A43F400330362D2F8943443F4002326
:10328000C2F89434036943F4601303610B4B1A686A
:1032900042F400221A601A6842F480221A6002B0D6
:1032A00010BD00BF00A005240000052400800424F8
:1032B000000030410300080000810424008404243D
:1032C00020F04040012802D0022805D07047034A70
:1032D0001368013313607047014AF9E7E82B0000D7
:1032E000E42B000010B5124CE3689847A36811481E
:1032F0009847236902209847A46A01211520A04716
:1033000001211620A0474FF4E1310120A0470A4CCB
:10331000206810B9FEF77AFB2060084B4FF480520A
:10332000C3F88020BFF34F8FBFF36F8F10BD00BF76
:1033300078002108C1422008EC2B000000E100E0E9
:1033400013B5094C00238DF804302360074B01218D
:103350009B6901A8984723681BB19DF8040002B03F
:1033600010BD00F035FDF6E7E42B000078002108E1
:1033700013B5094C8DF8070000232360074B01218A
:103380005B690DF10700984723680BB102B010BDCF
:1033900000F01EFDF8E700BFE82B000078002108D0
:1033A00003681B780022202B04D0093B042B01D991
:1033B000D0B270470368591C01605B780132F2E7B4
:1033C0000120704708B509F05DFD162303604FF03A
:1033D000FF3008BD08B509F055FD16230360FEE770
:1033E00070B50D461446FEF7DDFA022805D10C4BE8
:1033F0004FF0FF311868FEF753FB2E46731BA342B4
:1034000009DBFEF7CFFA022803D1054B1868FEF757
:1034100077FB204670BD16F8010BFFF7A9FFEDE71B
:10342000EC2B00004FF0FF3070474FF400534B601F
:103430000020704701207047002070470FB42DE92D
:10344000F0438BB012AB002453F8046B01938DF85A
:103450001040FFF775FF0D288DF81000F7D00A28EF
:10346000F5D0002425460134142C2ED0FFF768FF38
:1034700004F128036B440D2803F8180C01D00A2826
:10348000F0D105F128030DEB0305002305F8163CE8
:1034900004AB03939DF81030019F0296002B00F0BF
:1034A0004E810025029B1B78002B3BD0DDF80C9051
:1034B00099F80060002E35D002A8FFF771FF04468E
:1034C00038B103A8FFF76CFFECE700238DF8243038
:1034D000DEE7029A1346517813F8010B0293252870
:1034E00001D1252907D18E421CD109F101030232F5
:1034F00003930292D6E726462046A0461A7806F0A5
:103500007C01002A67D100B10293002967D109E04C
:10351000692A51D01ED8632A53D011D8392A07D826
:103520002F2A35D8E8B20BB0BDE8F04304B070479D
:10353000582AF7D146F0200601334FF0100833E047
:10354000642AEFD146F4005646F0200601334FF0CE
:103550000A0829E06F3AD1B20929E3D8092AE1D84B
:1035600001A151F822F000BFAD45200825452008F3
:103570002545200825452008D14520082545200857
:1035800049452008254520082545200835452008BF
:10359000002CC7D10A211A78303A01FB042413F811
:1035A000012F303A092AF6D90120A7E746F0200674
:1035B00001334FF00808F7E746F02006013388464C
:1035C000F2E7012C46F0040638BF01240133EBE793
:1035D00046F00806FAE700299AD000B10293002CC1
:1035E00008BF632408291BD0202940D0042999D181
:1035F00057F8042B4946144400200E780B4601313D
:103600000EB938B94EE702F8016B94424FF0010051
:10361000F3D10B46994503933FF444AF013541E79D
:1036200003A8FFF7BDFEDDF80CC057F8042B664673
:1036300014440021307810F0DF0F334606F1010604
:1036400001D161B92EE7A0F1090EBEF1040FF8D93E
:1036500002F8010BA2424FF00101EBD133469C4529
:1036600003933FF41FAF374B00221A70D6E703A82D
:10367000FFF796FE039BB8F1000F10D0B8F1100FC2
:1036800017D11A78302A14D15A7802F0DF02582A5A
:103690000FD102330393023C4FF0100809E01A786F
:1036A000302A16D15A7802F0DF02582AF1D04FF0B2
:1036B0000808039B1A782B2A0ED02D2A0FD101332C
:1036C0000393013C4FF0FF31039A002014448446D9
:1036D00014E04FF00A08ECE701330393013C0121A9
:1036E000F2E7A9F14103052B02D910B3039220E0C0
:1036F000A9F1370315E00CFB083C012092F800907B
:103700009646B9F1000FF0D0A242EED0A9F13003F5
:10371000DBB2092B06D9A9F16103052BE1D8A9F188
:103720005703DBB2984502F10102E4D808B1CDF8A5
:103730000CE057F8043B0CFB01F119606EE74FF009
:10374000FF35EFE6F02B0000044802231421C218D5
:1037500001334B2B82F80013F9D1704700E100E0F0
:10376000064B1868002382B262F30F03000C60F36B
:103770001F4382B0184602B0704700BF7400210892
:103780000E207047014803F04BBA00BF2400210807
:10379000014803F045BA00BFD4FF2008014803F0F8
:1037A0003FBA00BF84FF200807B50023034A0093F7
:1037B00003F02CF803B05DF804FB00BFD4FF200831
:1037C00037B5044602200D4600F0A2FCE2B2132AEF
:1037D0000346084A02D11178A52908D01278009230
:1037E0002946054A204603F011F803B030BD6FF0BA
:1037F0000600FAE7600000002400210837B50446FF
:1038000009200D4600F084FCE2B2132A0346084A60
:1038100002D11178A52908D0127800922946054ACC
:10382000204602F0F3FF03B030BD6FF00600FAE768
:103830006000000084FF2008014802F0DDBF00BFE7
:1038400024002108014802F0D7BF00BFD4FF2008A0
:10385000014802F0D1BF00BF84FF20081FB5064B0E
:103860001B680293054B0193054B0093054B02F037
:10387000B5FE05B05DF804FBE03000006C2D0000E3
:1038800070000000240021081FB5064B1B6802933E
:10389000054B0193054B0093054B02F09FFE05B0CD
:1038A0005DF804FBE03000006C2D000070000000AB
:1038B000D4FF20081FB5064B1B680293054B0193EC
:1038C000054B0093054B02F089FE05B05DF804FB43
:1038D000DC3000007C2C00006400000084FF200825
:1038E00007B5064B064A1B680193064B0093064B2F
:1038F00003F06CFB03B05DF804FB00BFE030000098
:10390000240021086C2D00007000000007B5064B54
:10391000064A1B680193064B0093064B03F056FBC7
:1039200003B05DF804FB00BFE0300000D4FF2008C6
:103930006C2D00007000000007B5064B064A1B689E
:103940000193064B0093064B03F040FB03B05DF878
:1039500004FB00BFDC30000084FF20087C2C00004A
:103960006400000007B5064B064A1B680193064B2E
:103970000093064B03F066FA03B05DF804FB00BF4A
:10398000E0300000240021086C2D000070000000D1
:1039900007B5064B064A1B680193064B0093064B7E
:1039A00003F050FA03B05DF804FB00BFE030000004
:1039B000D4FF20086C2D00007000000007B5064BF6
:1039C000064A1B680193064B0093064B03F03AFA34
:1039D00003B05DF804FB00BFDC30000084FF20086A
:1039E0007C2C000064000000014902F06DBD00BFA6
:1039F00024002108014902F067BD00BFD4FF200860
:103A0000014902F061BD00BF84FF2008014902485E
:103A100002F03ABD7000000024002108014902486C
:103A200002F032BD70000000D4FF2008034B0449AF
:103A300004484FF480029A6402F026BD00840424F6
:103A40006400000084FF200807B5074B07491022D7
:103A50009A60074B0193074B0093074A074B02F00C
:103A60006FFB03B05DF804FB0084042424002108EC
:103A700064300000E03000007000000000FC020034
:103A800007B5074B074910229A60074B0193074B74
:103A90000093074A074B02F053FB03B05DF804FBA9
:103AA00000840424D4FF200864300000E0300000CB
:103AB0007000000000FC020007B5084B08494FF4F5
:103AC00080025A64074B0193074B0093074A084B47
:103AD00002F036FB03B05DF804FB00BF0084042451
:103AE00084FF2008EC2F0000DC30000064000000A0
:103AF000001C0624014B1870704700BF60000000D6
:103B0000014803F09DB800BF24002108014803F0DC
:103B100097B800BFD4FF2008014803F091B800BF58
:103B200084FF2008012808D1094BC9B2D3F8F0203E
:103B300061F30702C3F8F0207047022802D1054B59
:103B4000C9B2F3E70328F7D1034BC9B2EEE700BFD0
:103B5000000002440000014500080424012809D1A6
:103B60000A4B9A696FF303029A61DA696FF30302F1
:103B7000DA6170470228FCD1054B9A69012161F393
:103B800003029A61DA6961F30302F1E7000002447B
:103B900000000145012804D1074BD87900F001004D
:103BA0007047022801D1054BF7E7032801D1044BE8
:103BB000F3E70020704700BF702C0000482C000085
:103BC000202C000070477047064B1868002382B213
:103BD00062F30F03000C60F31F4382B0184602B07B
:103BE000704700BFEC002108014B1868704700BF08
:103BF0007C000000014804F081BD00BF7C00000093
:103C0000014904F039BD00BF7C000000014804F008
:103C100011BD00BF7C00000037B504460B200D46E7
:103C200000F076FA064B1B680193064B00930246A0
:103C3000054B2946204604F08DF803B030BD00BF87
:103C4000DC300000640000007C000000014804F04B
:103C50007DB800BF7C000000014804F074B800BFCC
:103C60007C0000007FB5104BD3E90354B2F5806FA0
:103C70002E883ABF02F1FF33C3F3090340F2FF334A
:103C800063F30D162E80258863F30D15074B2580F1
:103C90001B680293064B0193064B0093024B04F002
:103CA00019F804B070BD00BF7C000000DC300000DB
:103CB0007C2C0000640000000D4B1A69B1F5806F88
:103CC00013B538BF01F1FF33148834BFC3F30903C0
:103CD00040F2FF3363F30D14064B14801B6801930D
:103CE000054B0093024A054B03F056FF02B010BD8E
:103CF0007C000000DC3000007C2C00006400000030
:103D00000D4BDA68B1F5806F13B538BF01F1FF33A1
:103D1000148834BFC3F3090340F2FF3363F30D1477
:103D2000064B14801B680193054B0093024A054B18
:103D300003F084FE02B010BD7C000000DC30000007
:103D40007C2C000064000000024B034A1B680349FE
:103D500003F0CCBDDC300000640000007C000000FB
:103D6000034B044904484FF400129A6403F06EBDFB
:103D700000840424640000007C00000007B5064BAA
:103D80000193064B0093064A064B074903F0CEFC0D
:103D900003B05DF804FB00BFEC2F0000DC30000036
:103DA00064000000001C06247C000000014803F0B1
:103DB00095BB00BF04010000014803F08FBB00BFAA
:103DC000C0000000014803F089BB00BF7C00000078
:103DD000FFF7F8BF7FB5264E03788DF80D308DF8CC
:103DE000093033784278234D8DF80C2001210446A8
:103DF0008DF80E108DF80820B3B1039806F042FB41
:103E000003462860A8B962782079052A13D1217861
:103E1000194B1A4A43F8214006F0ACFBA278184926
:103E200001238B54337004E006F0CEFB2860002899
:103E3000E3D004B070BD042A10D1124D124A297883
:103E400042F8214000930246104B1148415C02A801
:103E500006F034FA2B7801332B70DFE70D4D0E4A54
:103E6000297842F82140009302460C4B0C48EDE7BC
:103E7000903100009431000074310000594F200847
:103E80008C3100008E3100007C310000494F200849
:103E9000480100008F31000084310000394F2008B4
:103EA0005001000010B5044629B1042912D0BDE824
:103EB000104007F0EDB94B2804D90D4840F2DB1152
:103EC00006F09CFE240104F18C4404F5981460680B
:103ED000C0B210BD0B2804D905484FF4EF7106F0AD
:103EE0008DFE240104F1105404F59824EFE700BF7F
:103EF000F000210870B5044641780078FFF7D2FF42
:103F000043B2002561782078DEB2FFF7CBFF43B2E1
:103F1000B342F6D10135B5F5FA7FF3D10549A27860
:103F200020788A5C934214BF01210021FDF79AF9A1
:103F300070BD00BF8C310000024B53F82000FFF72A
:103F4000D9BF00BF84310000024B53F82000FFF7B7
:103F5000D1BF00BF7C310000024B53F82000FFF7B7
:103F6000C9BF00BF743100000278052A15D8437814
:103F700022B93A2B34BF002021207047511E01295D
:103F800005D9032A05D0042A05D0062BF2E7102B09
:103F9000F0E70A2BEEE70C2BECE72120704713B576
:103FA000837804468BB9012006F03AFA63788DF8DD
:103FB000043023788DF8053000238DF80630019801
:103FC00002B0BDE8104006F05DBA0020ECE700004A
:103FD00037B5831E5D425D4104468DF80500AD0096
:103FE00001A88DF80450FFF7BFFF80B98DB94B2CA5
:103FF00004D90B4840F24A2106F000FE240104F1E6
:104000008C4404F59814636883F00103636003B083
:1040100030BD044A536A83F001035362F7E700BFDF
:10402000F000210800C00424354BDFED366AD3F8D8
:10403000102242F04002C3F8102207EE900AD3F893
:104040001022F4EEE67A42F01002F1EE10FA07EEDA
:10405000101A82B0C3F8102206DCF0EE086AB4EE43
:10406000E67AF1EE10FA08D5D3F8102242F02002D9
:10407000C3F81022002002B070479FED237AF4EEBF
:10408000C77AF1EE10FA10D5D3F810226FF30302BD
:10409000C3F81022D3F810226FF38612C3F810224F
:1040A000D3F810226FF30412E2E777EEC77ADFED60
:1040B000176A134A87EEA67AF7EE007A77EE277A28
:1040C000FCEEE77ACDED017A9DF80430F6EE007A49
:1040D00077EE277A07EE103AB8EE477AB4EEE77A31
:1040E000F1EE10FAC2BFFCEEE77ACDED017A9DF851
:1040F0000430D2F8101263F30301C2F81012B9E7CA
:104100000038042433333340CDCCCC3F0AD7A33D11
:10411000D0B50E2800F27C82DFE810F00F005A00C4
:104120009500D00004010F0141017101810190014E
:10413000B701DC010702320254024FF08C43DB6905
:1041400003F00703042B41D8DFE803F0033A3437C8
:104150003D00844B9A6C013A052A37D8DFE802F01B
:10416000032224222628586C4FF08C43DC69DB693B
:10417000C4F3C30413F0005F60D094B107F03AFABF
:10418000064620460F4607F035FA774B002207F027
:10419000F5F802460B463046394607F0CFFB07F0EC
:1041A0003DFDD0BDD86ADFE7D86BDDE7186BDBE7F4
:1041B000586BD9E76B4BD869D6E76A4B5869D3E798
:1041C000684B9868D0E7674BD868CDE70020CBE70D
:1041D0004FF08C43DB69C3F3C213042B2CD8DFE808
:1041E00003F003251F2228005E4B9A6C013A052A32
:1041F00022D8DFE802F0030D0F0D1113586C4FF0B9
:104200008C43DC69DB69C4F3832413F0804FB3E78C
:10421000D86AF4E7D86BF2E7186BF0E7586BEEE773
:10422000504BD869EBE74F4B5869E8E74D4B98681E
:10423000E5E74C4BD868E2E70020E0E7002CB0D07F
:10424000B0FBF4F0ADE74FF08C439B69C3F3C2338E
:10425000052B31D8DFE803F0032124272A2D414B19
:104260009A6C013A052A27D8DFE802F0030F110FF4
:104270001315586C4FF08C439B69C3F3C32213F49E
:10428000F04F8ED0B0FBF2F08BE7D86AF2E7D86B34
:10429000F0E7186BEEE7586BECE7324B9868E9E70C
:1042A000304B1869E6E72F4B5869E3E72D4BD86987
:1042B000E0E72C4BD868DDE70020DBE74FF08C43CC
:1042C0009B6AC3F34243032B2AD8DFE803F00220A2
:1042D0002326244B9A6C013A052A21D8DFE802F004
:1042E000030F110F1315586C4FF08C439A6AC2F3E9
:1042F000055312F07C7F3FF454AF5B004CE0D86A6A
:10430000F2E7D86BF0E7186BEEE7586BECE7154B6C
:104310005869E9E7134B9868E6E7124BD868E3E77A
:104320000020E1E74FF08C42936903F00703032B71
:1043300025D8DFE803F0081B1E214FF08C42D36F15
:10434000C3F34223F3E7074BD86A91699369D269B3
:104350008C05C3F3C503C2F3007212D5B2B9DBB941
:104360001FE700BF902B00000000E03F824BD869A0
:10437000EBE7814B5869E8E77F4B9868E5E7002059
:10438000E3E71AB9002BB8D140080AE7D9077FF54F
:1043900008AF022B7FF605AFB0FBF3F001E74FF05B
:1043A0008C439B69C3F30263042B00F23181DFE885
:1043B00013F0DF0005001D00200023006E4B9A6CF7
:1043C000013A052A00F22481DFE812F00600080015
:1043D0000B0008000D00F700586CE2E6664BD86A47
:1043E000DFE6D86BDDE6644B186BDAE6624B986863
:1043F000D7E6614BD869D4E65F4B5869D1E64FF0F8
:104400008C42936913F4802F5B4B0CBF58699868FA
:10441000936992691202C3F3C343B3D59FE74FF088
:104420008C439A6A12F4806F534A0CBF9069D0682B
:104430009A6AC2F3C52312F4FC3F5CE74F4A9369C2
:104440001B0F062B1FD8DFE803F0040C0F12151802
:104450001B00494B58689369C3F3464213F47E0F1F
:104460000FE7454B186AF6E7434B586AF3E7424BB0
:10447000986AF0E7404BD86AEDE73F4B186BEAE7E4
:104480003D4BD868E7E70020E5E73C4AD369C3F332
:104490004303052B1CD8DFE803F0030C0F1215189B
:1044A000354B5868D369C3F34713002B7FF425AF0E
:1044B00077E6314B186AF5E72F4B586AF2E72E4B37
:1044C000986AEFE72C4BD86AECE72B4B186BE9E7BF
:1044D0000020E7E7294A136AC3F34303072B22D8D6
:1044E000DFE803F0040C0F1215181B1E224B58684E
:1044F000136AC3F3421213F0E00FC2E61E4B186AB0
:10450000F6E71D4B586AF3E71B4B986AF0E71A4B26
:10451000D86AEDE7184B186BEAE7174BD868E7E75E
:10452000154B586BE4E70020E2E7144B1B6BC3F319
:104530004303062B6CD801A252F823F059552008EA
:104540005F552008655520086B552008DD5320086D
:10455000E753200871552008074B586821E6064BA1
:10456000186A1EE6044B586A1BE6034B986A18E665
:10457000014BD86815E600BF902B000000140424FE
:10458000244B5B6BC3F34303082B41D801A252F8C1
:1045900023F000BF595520085F55200865552008B5
:1045A0006B552008DD532008E7532008715520087B
:1045B000B9552008BF552008174B586BF1E5164B2D
:1045C0009869EEE5134AD36AC3F34303062B1DD85B
:1045D000DFE803F0040A0D10131619000E4B58689B
:1045E000D36AC3F34713BAE60B4B186AF8E70A4BD2
:1045F000586AF5E7084B986AF2E7074BD86AEFE785
:10460000054B186BECE7044BD868E9E70020E7E7B7
:104610000020C6E500140424902B0000024B1B6808
:10462000D3F8BC30184700BF00013000024B1B68B4
:10463000D3F8CC30184700BF00013000024B1B6894
:10464000D3F8EC30184700BF00013000024B0121C5
:104650009B69C0B2184700BFB8310000FFF7F6BF32
:104660001346054A126810B4546C0A46A446002149
:104670005DF8044B604700BF00013000034B1B6A2C
:1046800002469B6A02480121184700BF0001300022
:1046900000140424104B114A1B7F82B0012BADF88B
:1046A00004000F4BC0B24FF400610DD9116020B966
:1046B000D3F808220A43C3F808225A68002042F0BF
:1046C00001025A6002B0704711600028F5D1D3F89A
:1046D000082242F40062EEE7B831000000E100E099
:1046E000003804242DE9F04F224B234893F81CE0B6
:1046F000224B1A7800231C4602F59875D9B28E45D4
:104700000CD8DFF880800023A8F5107902F5907CA2
:10471000DAB2964509D80020BDE8F08F30F81510C0
:104720008C4238BF0C460133E8E743B929F81C3006
:104730000133EDE7B5F820B0594489B20AE000270B
:104740001FFA83FABEB2B442F2D900220C4D1046D1
:1047500035F8021FA14203D2B142EBD1013292B22D
:10476000013080B25045F3D30137002AEAD128F84E
:104770001360DDE7B8310000D8310000B43100002B
:104780001634000018340000012800D17047C30718
:1047900001D44008F8E70020704703460120834217
:1047A00008DC00EBD072A3EB6203B3EBA00FB8BF41
:1047B000400870474000F2E707EE100ADFED087A84
:1047C000084837EE277AF7EE006AC6EE877AFCEEE5
:1047D000E77A17EE903A834228BF0346184670479F
:1047E00095BFD633404B4C0084B0F0B506AC84E89E
:1047F0000E00DFED957A002123AC0DF16B050A4622
:104800000B46CEB2B04200F2AF80002B00F0A38086
:10481000B0EE007AF4EEC77AF1EE10FAB0EE047A58
:1048200005DBF4EEC77AF1EE10FA00F1DF80F4EE6A
:10483000C77AF1EE10FAB0EE087A05DBF4EEC77A2B
:10484000F1EE10FA00F1D880F4EEC77AF1EE10FA2A
:10485000B1EE007A05DBF4EEC77AF1EE10FA00F162
:10486000CE80F4EEC77AF1EE10FAB1EE047A05DBF1
:10487000F4EEC77AF1EE10FA00F1C480F4EEC77AD4
:10488000F1EE10FA07DBB1EE087AF4EEC77AF1EE3A
:1048900010FA00F1BA80B1EE0C7AF4EEC77AF1EEBC
:1048A00010FAB2EE007A05DBF4EEC77AF1EE10FAF8
:1048B00000F1AE80F4EEC77AF1EE10FAB2EE027AB1
:1048C00005DBF4EEC77AF1EE10FA00F1A480F4EE05
:1048D000C77AF1EE10FA06DBB2EE047AF4EEC77A8C
:1048E000F1EE10FA6FD4B2EE087AF4EEC77AF1EE78
:1048F00010FA06DBB2EE0C7AF4EEC77AF1EE10FA9B
:104900006ED4B3EE017AF4EEC77AF1EE10FA06DB5C
:10491000B3EE027AF4EEC77AF1EE10FA63D4B3EE96
:10492000097AF4EEC77AF1EE10FA06DBB3EE0A7AF2
:10493000F4EEC77AF1EE10FA70D9B3EE0B7AF4EE1A
:10494000C77AF1EE10FA06DB9FED407AF4EEC77AF3
:10495000F1EE10FA74D9DFED3E7A9FED3E7A002A2F
:1049600018BFF0EE477A65E015F8016FA6F1140C58
:10497000BCF1020F2F7C0FD894ED007AB4EEE77AE9
:10498000F1EE10FA03DD0133DBB2F0EE477A0D2FC2
:1049900016D00131043434E7A7F10A0CBCF1020F40
:1049A0000CD894ED007AB4EEE77AF1EE10FA03DD5C
:1049B0000133DBB2F0EE477A182EE9E7182EE6D184
:1049C0000132D2B2E5E7DFED247A9AB39FED217A86
:1049D000F4EEC77AF1EE10FA23D5F0EE477A29E02B
:1049E000DFED1E7AF1E7DFED1E7AEEE7DFED1D7AEF
:1049F000BAB1DFED187A1DE0DFED1B7AF8E7DFEDE5
:104A00001B7AF5E7DFED1A7AF2E7DFED1A7AEFE7C6
:104A1000DFED197AECE7DFED197AE9E7DFED187AD7
:104A200042B19FED0B7AF4EE477AF1EE10FA48BFEF
:104A3000F0EE477ABDE8F04017EE900A04B07047F8
:104A4000DFED107AECE700BF0000000000004C42F0
:104A500095BFD6338BE16A36ACC5A735EFE608368D
:104A60009F9D42362E5A823301A90C3437F85934AF
:104A70002439EC3434580F35AD186335883E8A3507
:104A8000B1B49D36F2DD1C3770B50D4616460446AE
:104A9000D0B9FFF7D3FDAA4807222146FFF7E0FD72
:104AA000002D40F0AA81012E00F09F810B2C1DD01B
:104AB0000C2C40F0F5800520FFF7C0FDA048072230
:104AC0000521FFF7CDFD98E0012818D10220FFF75E
:104AD000B5FD9B4807220221FFF7C2FD002D76D1CC
:104AE000012E00F082810B2C40F0DA800320FFF7CA
:104AF000A5FD072203219248FFF7B2FD96E00228A8
:104B00000ED10420FFF79AFD072204218C48FFF7FD
:104B1000A7FD002D00F06681012D40F0778155E161
:104B2000032805D10620FFF789FD07220621EDE7BE
:104B3000042805D10820FFF781FD07220821E5E7B9
:104B4000052805D10A20FFF779FD07220A21DDE7B4
:104B500006280CD17B4B20225A601920FFF766FDF6
:104B60001920FFF75BFD78480E221921B4E70728CA
:104B70001ED1744B20225A601B20FFF757FD1B20CB
:104B8000FFF74CFD0E221B216F48FFF769FD002D3A
:104B900000F02881012D40F0D980012E00F019810C
:104BA0000C2C21D10520FFF749FD07220521A2E7A2
:104BB000082840F0FD80634B20225A601D20FFF73B
:104BC00035FD1D20FFF72AFD0E221D21DCE70B2CF1
:104BD0001ED0012D40F01A81012E00F0FA800C2C1D
:104BE000E0D00D2C00F0C1800E2C50D00F2C6FD0D7
:104BF000102C75D12EE0022D40D0032D52D1012E64
:104C000059D00E2C70D00F2C62D0102C30D121E056
:104C10000320FFF713FD4A4807220321FFF720FD79
:104C2000022D2BD0032D03D1012E44D0002070BDC6
:104C3000042D00F0A480052DDAD1012E40F0A380D0
:104C40000720FFF7FBFC07223D481146FFF708FD50
:104C5000102C5ED13B4B20225A601A20FFF7E6FC55
:104C60001A20FFF7DBFC38480E221A21FFF7F8FC68
:104C7000112C50D0072D5CD1012E88E0012ED5D10A
:104C800069E0012E67D00D2C0FD00E2CBBD109206E
:104C9000FFF7D4FC2A4807220921FFF7E1FCCAE705
:104CA0000D2C62D00E2C68D1F1E70B20FFF7C6FC6B
:104CB00007220B211FE70B20FFF7C0FC204807222B
:104CC0000B21FFF7CDFC8FE70E2CE0D00F2CB2D1DB
:104CD0000720FFF7B3FC072219481146FFF7C0FC75
:104CE000062DC5D1012E4FE00920FFF7A7FC0722B2
:104CF000092100E70920FFF7A1FC1148072209213B
:104D0000FFF7AEFC7FE70720FFF798FC072211466C
:104D1000F1E6112C0DD10B4B20225A601C20FFF71D
:104D200085FC1C20FFF77AFC07480E221C21FFF7A8
:104D300097FC122C2FD0082D7FF478AF012E28E09D
:104D400000C004240000304100001346022D7FF40F
:104D500054AF012E99D10520FFF770FC2E48072291
:104D60000521FFF77DFC0D2CAED10B20FFF766FC73
:104D7000294807220B21FFF773FC042DA6D1012E31
:104D8000B8D00F2CBFD0102C3FF464AF112CC2D080
:104D9000122C7FF44BAF214B20225A601E20FFF7CC
:104DA00045FC1E20FFF73AFC1D480E221E21A3E6FB
:104DB0000A287FF475AE0120FFF740FC1648072251
:104DC0000121FFF74DFC012D7FF415AF012E7FF47B
:104DD0002DAF0320FFF732FC0F4807220321FFF716
:104DE0003FFC65E6012E7FF421AF0120FFF726FC92
:104DF000094807220121FFF733FC0B2C3FF408AFD1
:104E0000012D3FF4E9AE0C2C3FF455AE022D3FF4DA
:104E100038AF0D2CA9D0F0E600C0042400003041CA
:104E2000000013462DE9F0410F29BDF81850BDF8D8
:104E30001C609DF820809DF824E055D845EA0604C2
:104E4000B4F5806F50D22B4C01F1100701F1400CEA
:104E500044F8273001F150079A4244F8212024F801
:104E60001C5024F8176041D0B8F1000F17D001F1A1
:104E7000300802EB4502C0F8D42144F8282045EA66
:104E8000C12242F40048C0F8D881D0F8D881C0F8D7
:104E9000D821D0F8D82144F82C8044F82720BEF13E
:104EA000000F02D10020BDE8F08101F1600205EBA6
:104EB00046052B44C0F8D43144F82230CB0203F528
:104EC0008063334343F40042C0F8D82101F17002FB
:104ED000D0F8D85144F822508031C0F8D831D0F8F9
:104EE000D83144F82130DDE70120DCE742F202103E
:104EF000D9E700BFD83100000F2910B528D892B1EA
:104F0000144A01F1300452F82440C0F8D44101F1B0
:104F1000400452F82440C0F8D84101F1500452F83E
:104F20002420C0F8D8218BB10A4B01F1600253F85C
:104F30002220C0F8D42101F17002803153F82220E0
:104F400053F82130C0F8D821C0F8D831002010BD66
:104F50000120FCE7D831000010B5274B27485A68DC
:104F60005A6842F001025A60D3F8082242F4806283
:104F7000C3F8082203F5B4331A68026852BBD3F8A9
:104F8000402442F46752C3F840241D4AD2F802304C
:104F9000DC05FBD41B4BD3F80427D107FBD5D3F892
:104FA0000427D207FBD4D3F84824174C174B2168A9
:104FB0001A60930803F4F8530B43910001F07C014D
:104FC00012020B4302F47832134343F0810323604F
:104FD000012303600C4B1A680A4BC3F84424084AA7
:104FE000D2F8023013F48073FAD1034A516863F3A4
:104FF0000001516010BD00BF00380424A83100003A
:105000000000052400A00524B0310000AC310000F0
:105010000F29024610B54FF001000CD8D2F8CC4150
:1050200000FA01F32343D2F8CC119BB263F30F01D2
:10503000C2F8CC11002010BD0F29024610B54FF068
:1050400001000DD8D2F8CC4100FA01F343EA144331
:10505000D2F8CC119BB263F31F41C2F8CC110020EF
:1050600010BD30B50F299DF80C402CD81F2A2AD826
:105070000F2B28D8012C26D845686D060FD50901BD
:1050800034B14518AC6B44EA835343F08063AB639F
:1050900001448B6B43EA42438B63002030BD5CB11B
:1050A000D0F8081241F40071C0F80812D0F80812C4
:1050B00063F34811C0F80812D0F8083262F3040311
:1050C000C0F80832E9E70120E8E7000029B9D0F884
:1050D000083261F3CB23C0F80832064B5B68DB076C
:1050E00041BF43686FF300034360002058BF4FF097
:1050F000FF30704700380424C1B2024882B002B0C9
:10510000FFF7E4BF003804240F2915D80D4B5A6867
:10511000520603D4D3F8DC31002B0FDAD0F8DC21AF
:1051200001238B401343D0F8DC219BB263F30F02C1
:10513000C0F8DC2100207047012070474FF4045074
:10514000704700BF00380424B1F5007F14D2B2F5D7
:10515000806F11D243686FF38A234360C36861F3A1
:105160001843C360C36862F30903C360436843F430
:105170008063436000207047012070470F2925D8C5
:10518000012A05D1436A6FF3D75343620020704769
:10519000022A0BD1436A6FF300034362436A6FF341
:1051A00004134362436A6FF3C303EEE7084BD3F87B
:1051B000DC31002BEADA436A0122C3F3CF138A40C1
:1051C00023EA0201436A61F3D613DEE70120704748
:1051D000003804240F2903464FF0010014D81A6A3E
:1051E00000FA01F189B2186AC2F30F220A4362F38E
:1051F000172018621A6AC2F30F2222EA0102196A02
:1052000062F31721196200207047000008B510B141
:1052100001280ED008BD4FF4006003F0E7FE104BEC
:105220004FF000725A640F4A137843F00103137071
:10523000F0E74FF4006003F0F3FE0A4A13786FF3CF
:1052400000031370DBB2002BE4D1074B07481B6A45
:105250000221DB6B9847024B4FF000729A64D9E74A
:1052600000840424083500000001300000140424E8
:1052700084B0F0B52DED028B83B00AAC84E80F004A
:105280005A4D709B0F9CAB61594B9DF8BD61BDF8A9
:105290001C112E77621E9A4280F0A4800FAA01236F
:1052A0009E420AD8012E40F081809DF8BC3183B126
:1052B000012911D942F2061071E0174652F8040F85
:1052C0003F68B84200F28E80002800F08B800133E6
:1052D000E6E7B1F5806FEDD20020FFF797FF0420DD
:1052E000FFF7CCF9434B44485A686FF38A225A605F
:1052F000DA686FF31842DA60DA68042161F30902B0
:10530000DA605A683D4942F480625A60FEF78CFECA
:10531000FFF722FE012E16BF7443A4006400B4F50B
:10532000FA4F46D20220FFF7A9F94FF4FA436B6017
:1053300003F0F4FF288103F0E5FF288203F0F4FF77
:10534000C0F30D0307EE103A9FED2D8AB8EEC77A31
:10535000830BC7EE086A07EE903AF8EEE77A77EE2D
:10536000A67AC5ED037A03F0D3FFC0F30D0307EE71
:10537000103AB8EEC77A830BC7EE086A01A807EEA9
:10538000903AF8EEE77A002377EEA67A0193C5ED1E
:10539000057A04F0E7FC003818BF0120404203B052
:1053A000BDEC028BBDE8F04004B07047731E0F2BBC
:1053B0007FE7144BA4F5FA449C4204D80420FFF77D
:1053C0005DF9114BB3E7114BDC6914F0080407D108
:1053D000022004F0FFF82046FFF750F90C4BA6E737
:1053E0000C4BA4E742F20410D9E700BFB83100002B
:1053F000A02526000038042433333340CDCC4C4064
:1054000000007A4400B80B000048E80100000812D0
:10541000005A6202002D310184B070B52DED028B6F
:1054200082B008AC84E80F00574C9DF820206E999C
:10543000A16108A901EB820154484969544E9DF8C5
:10544000B531327001398142237780F09A80012B87
:105450007AD108AB03EB4202B2F8F4309DF8B421E4
:1054600022B1012B05D942F2061066E0B3F5806F38
:10547000F9D20020FFF7CAFE0420FFF7FFF8454BE2
:1054800045495A6845486FF38A225A60DA686FF3D3
:105490001842DA60DA68042565F30902DA605A68AE
:1054A00042F480625A60FEF7BFFDFFF755FD337886
:1054B00008AA02EB830342F228325B69934246D882
:1054C0000220FFF7DBF84FF4FA43636003F026FF96
:1054D000208103F017FF208203F026FFC0F30D03A5
:1054E00007EE103A9FED2E8AB8EEC77A830BC7EE0F
:1054F000086A07EE903AF8EEE77A77EEA67AC4EDFE
:10550000037A03F005FFC0F30D0307EE103AB8EE7F
:10551000C77A830BC7EE086A01A807EE903AF8EE47
:10552000E77A002377EEA67A0193C4ED057A04F0BA
:1055300019FC003818BF0120404202B0BDEC028BBC
:10554000BDE8704004B07047013B0F2B8AE7154A55
:10555000A3F50C53293B93420BD82846FFF78EF84E
:10556000114BDA6A114B9A4201D1104BADE7104B47
:10557000ABE7104BDB691B07F9D4022004F02AF8D3
:10558000EBE742F20410D8E7B8310000A02526006E
:10559000B431000000380424CDCC4C4033333340C8
:1055A00000007A44D6110C00902B00000048E8015E
:1055B000002D31010000081213B50D4BADF80400A9
:1055C0004FF40062C3F88020BFF34F8FBFF36F8F9B
:1055D00003220121002004F099FC044628B901208F
:1055E000FFF714FE204602B010BD4FF0FF30FAE77F
:1055F00000E100E04368064A61F349234360D2F8C2
:10560000403443EA4143C2F840340020704700BFB1
:1056100000A0052484B02DE9F04F2DED048BEDB0F2
:105620007AAC84E80F009DF87D3362934FF4C47226
:1056300001237DA9684669939DF87C53DFF894A304
:1056400007F07EFC94E80E006298FFF7CDF808EEB4
:10565000900AFFF7B1F8DAF8048007EE900A07EE37
:10566000108AF8EE677AB8EE477AB7EE008A88EECD
:10567000079A88EE277AC7EE097A17EE900A05F0A6
:10568000DBFF09F04DFA06F0C9FAC8EE897A84B258
:1056900017EE900A05F0D0FF09F042FA06F0BEFAC4
:1056A00086B2B44208BF01347F9F08BFA4B2002D68
:1056B00065D1B8FBF4F3AAF80060AAF80240DFF85D
:1056C00018A363930DF5FC7B5146AAF25E284FF0B8
:1056D0000209629AEBB29A4200F2C880B74DDFF835
:1056E000F4B2FEF7FFFF224631462846FFF72CFDB5
:1056F00001212846FFF77EFF6B68B14E43F000633F
:105700006B606B6843F040036B606B686FF3410341
:105710006B603323C5F8E4316B6843F004036B60BE
:10572000D5F8DC3143F00043C5F8DC310DF2DA2363
:10573000659306F18103A6AF06F13E0A66930DF567
:10574000F47800246791629AE3B29A4200F2D7801B
:105750009C4B6A9300229C4B6B9369A9104604F002
:1057600039FB10B1452840F0258169996AAA0020CB
:1057700004F09EFB003818BF0120404269E020463B
:1057800005F048FFB8FBF7F780463846894605F034
:1057900031FF02460B464046494606F017FA0028FC
:1057A0005ED1AAF80060AAF802402246314683483A
:1057B000FFF7CAFC01218148FFF71CFF7F4B5A68A5
:1057C00042F000625A605A686FF386125A606A1E8D
:1057D000012A5A684FF0000194BF42F0020265F3BB
:1057E00041025A60C3F8E4115A6842F004025A6058
:1057F000D3F8DC2161F3DF72C3F8DC219DF8E921E5
:105800009DF83C029DF84C125AB1D3F8084262F35D
:105810004924C3F80842D3F8084261F34814C3F896
:105820000842664CD4F8083260F30403C4F8083226
:10583000FFF72AF92A4600212046FFF79FFCBAF815
:105840000220DAF80430B3FBF2F3604A0020C2F819
:1058500080326DB0BDEC048BBDE8F04F04B07047F2
:10586000BAB2AAF80060AAF802209FE79DBB639B2A
:10587000B3FBF7F39BB2012B8CBFA8F86032A8F8FA
:105880006092629B012B08D04A881046FEF77CFF8D
:1058900018B91046FEF781FF4880DFED4D7A524679
:1058A00000231FFA85FC32F8020F07EE100AB8EE4B
:1058B000477A0133C8EE076A9BB2634577EEA67A52
:1058C000F1D9F4EEC87AF1EE10FA0DDC01350231AF
:1058D0000BF1040BFDE6DBE90032B3FBF2F20B88BF
:1058E00013FB02F34B80CCE75246002332F8020F41
:1058F00001339BB2400063451080F7D9E6E798F882
:10590000549098F86430649318F8013F63930093BF
:105910004A462146649B2846FFF7A3FB36F8021F40
:10592000328C012A08D0A30003F1105303F587231A
:10593000A3F83811C3F8782121462846FFF7E4FB85
:10594000DDE963214846FFF79FF821462846FFF727
:1059500073FB659B33F8029F6593679BCDE90099C4
:10596000CDE902332146D7F8A4307A6E2846FFF7F6
:1059700059FA21462846FFF74BFB002221462846CC
:10598000FFF7FCFBBBF80220DBF80430B3FBF2F3BB
:10599000328CB3FBF2F34AF8043F57F8043FA6F801
:1059A000D090CAF85030669B639A03F8012F0134F7
:1059B0006693C8E64FF0FF304BE700BF0038042481
:1059C000163400004D5620085D562008D8310000DE
:1059D00000000000B83100003634000084B02DE92A
:1059E000F04F2DED048BEBB078AC84E80F0021462E
:1059F0009DF87533DFF810A311F80C8B62934FF408
:105A0000C4720123684667939DF874638AF8008026
:105A100007F096FA94E80E006298B44DFEF7E4FEA3
:105A200008EE900AFEF7C8FED5F804B007EE900A1B
:105A300007EE10BAF8EE677AB8EE477AB7EE008A4A
:105A400088EE079A88EE277AC7EE097A17EE900A51
:105A500005F0F2FD09F064F806F0E0F8C8EE897A86
:105A600084B217EE900A05F0E7FD09F059F806F048
:105A7000D5F887B2BC4204BF0134A4B2002E55D180
:105A8000BBFBF4F378AA649308F1040302EB8303ED
:105A900097492F806C800DF5F8796593629AF3B27F
:105AA0009A4200F2C180934EFEF71CFE2246394610
:105AB0003046FFF749FB01213046FFF79BFD736835
:105AC0008D4C43F000637360736843F04003736070
:105AD00073686FF3410373603323C6F8E43173686E
:105AE00043F004037360D6F8DC3143F00043C6F89A
:105AF000DC310027629AFBB29A4200F207817F4BA9
:105B0000689300227E4B699367A9104604F062F9FE
:105B100010B1452840F07B81679968AA002004F005
:105B2000C7F9003818BF0120404271E078AB03EBA1
:105B300088082046D8F81430BBFBF3FB05F06AFD5B
:105B400080465846894605F055FD02460B464046BC
:105B5000494606F03BF8002861D12F806C80224630
:105B600039466448FFF7F0FA01216248FFF742FD29
:105B7000604B5A6842F000625A605A686FF38612AE
:105B80005A60721E012A5A684FF0000194BF42F019
:105B9000020266F341025A60C3F8E4115A6842F007
:105BA00004025A60D3F8DC2161F3DF72C3F8DC2110
:105BB0009AF8002002F5F0726A4492F8540092F8C4
:105BC000641052785AB1D3F8084262F34924C3F8FA
:105BD0000842D3F8084261F34814C3F80842454F1D
:105BE000D7F8083260F30403C7F80832FEF74CFF19
:105BF0009AF80040324621463846FFF7BFFAA034F3
:105C00006A886B68B3FBF2F33B4A42F82430002009
:105C10006BB0BDEC048BBDE8F04F04B070471FFAC9
:105C20008BF22F806A809BE708F59873DFF8C8B085
:105C30006393002E50D1659B649A5B68B2FBF3F3CB
:105C40009BB2639A012B98BF02232BF81230629B00
:105C5000012B08D04A881046FEF796FD18B9104669
:105C6000FEF79BFD488078AB03EB4803B0B2B3F876
:105C7000F430012B01BF08F598723BF812309B08F5
:105C80002BF81230639B3BF8133007EE903AF8EE96
:105C9000677A002288EE277ADFED1A7A01321FFA3E
:105CA00082FC844577EE877AF8D9F4EEC87AF1EE73
:105CB00010FA0CDD002201321FFA82FC5B008445E1
:105CC0009BB2F8D90C4808F5987220F812300136CA
:105CD000023109F10409E1E6D9E90032B3FBF2F23D
:105CE0000B8813FB02F34B80B1E700BFB831000013
:105CF0003634000000380424D83100004D56200806
:105D00005D56200800000000B43100009AF8001031
:105D1000639101F5F0736B44304693F8548093F827
:105D2000649093F801B0CDF800B04B464246FFF7BF
:105D300098F9639901F5907334F8130001F598739D
:105D400034F81320012A08D08B0003F1105303F517
:105D50008723A3F83801C3F878213046FFF7D4F938
:105D60005A4649464046FEF78FFE9AF80080304674
:105D70004146FFF761F978AB03EB480378AAB3F823
:105D8000F43002EB88000122CDE90222CDE9003394
:105D90004146D0F85431D0F814213046FFF742F88C
:105DA0009AF8008030464146FFF732F9414600221A
:105DB0003046FFF7E3F908F1A00269886B68B3FB8E
:105DC000F1F308F59871013734F81110B3FBF1F3D2
:105DD00044F8223078AA02EB480208F5C473B2F8FE
:105DE000F42024F8132078AA02EB880208F1B40307
:105DF000D2F8B42044F8232008F5F07204EB08032D
:105E00000DEB020898F8012083F8C02272E64FF0EB
:105E1000FF30FDE6D0F8E03143F00103C0F8E03197
:105E2000002070472DE9F341374B9A6A0192019A9D
:105E300016020DD5426A1502C2F3C05008D45A6A40
:105E400042F400025A62314B9B690421984718E0E2
:105E5000019BDC0709D52C4A136A43F00103136246
:105E60002A4B05219B690020F0E7019C14F0807407
:105E70000BD02548012100F095F8254B02201B6826
:105E80009847002002B0BDE8F0811F4B5A685006C9
:105E900003D4D3F8DC31002B24DA1E4D1A4E1B4FED
:105EA000019BE21DD340D90717D521463046FFF7A5
:105EB00091F92B785FFA84F8B3FA83F252094146DC
:105EC0003046FFF719F8BB6913B1002140469847E7
:105ED0002B78B3FA83F35B092B700134102C05F196
:105EE0000105DDD1084B5A689207CAD4D3F8DC11FA
:105EF000C90FC6D15A6842F004025A600198034B98
:105F0000C0B29B69A2E700BF00380424B83100008A
:105F10000C350000983100000148FFF783BF00BF37
:105F200000380424030548BF20F40060174B58BF15
:105F300040F40060D1B11A8A93ED057A821A07EE17
:105F4000902AF8EEE77A67EE877AFDEEE77A17EEA9
:105F5000903A18B2B0F5805F11DA002812DDB0F582
:105F6000006F10DBA0F5006000B270471A8993ED56
:105F7000037A821A07EE902AF8EEE77AE3E740F612
:105F8000FF70EFE7002000F50060EDE7B83100009A
:105F9000406921B11146C0F30B00FFF7C3BFC0F346
:105FA0000B007047436A01291DBF43F0020343629F
:105FB000436A43F0807318BF43F004034362002038
:105FC00070472DE9F04F92F806C092F802A053787E
:105FD000D5781679577992F807E092F8088092F808
:105FE000099092F80AB0D47A127802B35B0643EAB9
:105FF0004B7343EA8A5343EA495343EA085343EA5B
:106000004E4343EA0C4343EA47330901026843EA3B
:10601000C62301F1105143EA852301F5872142F09F
:10602000004243EA44230260CB63BDE8F08F02687C
:106030006CF3C712026002686AF34F3202600268B2
:1060400063F313420260036865F34103036003686E
:1060500066F383030360036867F306130360036852
:106060006EF30A230360036868F3CB2303600368BD
:1060700069F30C33036003686BF314530360036824
:1060800064F300030360D0E710B4034C2468646C2D
:10609000A4465DF8044B604700013000024B1B68CA
:1060A000D3F8B830184700BF00013000024B1B681E
:1060B000D3F8C030184700BF00013000024B1B6806
:1060C000D3F8C830184700BF00013000024B1B68EE
:1060D000D3F8E830184700BF00013000072806D980
:1060E000102834BF02230423024A1370704701238F
:1060F000FAE700BF1635000038B590F8343003F0E9
:10610000FD03012B044616D1006805699DB9E26ABA
:10611000937113680BB9012038BD084A821A5042A6
:106120005041C00740F004009847E36A9A79002A7A
:10613000F1D09D71EFE70020EEE700BF00080424D6
:1061400073B5CB6ADE7916F001060C464FF00005F8
:1061500040F093819E809E7118601C22206B314616
:1061600006F02EFE94F834305A1E012A00F23881CF
:10617000E368587840280CD94038C0B2FFF7A6FF32
:10618000E36895485A78403A0623D2B23146FFF781
:106190007BFFE16891488B784A780978FFF774FFB4
:1061A000E368D87808B1FFF781FFE3685878FFF714
:1061B00085FFE3685878A0F11903052B01D8FFF794
:1061C0006DFF23693BB3587840280CD94038C0B2E2
:1061D000FFF77CFF236980485A78403A0623D2B201
:1061E0000021FFF751FF21697C488B784A780978B4
:1061F000FFF74AFF2369D87808B1FFF757FF2369F3
:106200005878FFF75BFF23695878A0F11903052B35
:1062100001D8FFF743FF63693BB3587840280CD996
:106220004038C0B2FFF752FF63696B485A78403A72
:106230000623D2B20021FFF727FF616967488B78F8
:106240004A780978FFF720FF6369D87808B1FFF72B
:106250002DFF63695878FFF731FF63695878A0F123
:106260001903052B01D8FFF719FFA3693BB3587831
:1062700040280CD94038C0B2FFF728FFA369564820
:106280005A78403A0623D2B20021FFF7FDFEA169F9
:1062900052488B784A780978FFF7F6FEA369D878D8
:1062A00008B1FFF703FFA3695878FFF707FFA36959
:1062B0005878A0F11903052B01D8FFF7EFFEE36929
:1062C0003BB3587840280CD94038C0B2FFF7FEFEE7
:1062D000E36941485A78403A0623D2B20021FFF7D9
:1062E000D3FEE1693D488B784A780978FFF7CCFE08
:1062F000E369D87808B1FFF7D9FEE3695878FFF76A
:10630000DDFEE3695878A0F11903052B01D8FFF7EA
:10631000C5FE6368587840280CD94038C0B2FFF7F2
:10632000D5FE63682C485A78403A0623D2B2002141
:10633000FFF7AAFE616829488B784A780978FFF749
:10634000A3FE6368D87808B1FFF7B0FE6368587899
:10635000FFF7B4FE63685878A0F11903052B01D844
:10636000FFF79CFEA368587840280CD94038C0B28B
:10637000FFF7ACFEA36818485A78403A0623D2B219
:106380000021FFF781FEA16814488B784A780978CC
:10639000FFF77AFEA368D87808B1FFF787FEA368F5
:1063A0005878FFF78BFEA3685878A0F11903052BE6
:1063B00001D8FFF773FE636A13B9A36A002B59D0A3
:1063C000002301A8019303F0CDFC002852D04FF028
:1063D000FF3002B070BD00BF00C0042400001346AF
:1063E000032BE8D1E3685878FFF770FEE168244892
:1063F0008B784A780978FFF747FE236903B15D7807
:10640000636903B15D78A36903B15D7804238DF8F6
:10641000043000238DF8063004F0D6F80028D6D1D9
:106420008DF80550019804F02DF80028CFD1154BB8
:106430001D702D0105F1105505F5982501236B60A0
:106440006B68012BFCD163685878FFF73FFE6168E9
:106450000B484A788B780978FFF716FEA3685878BE
:10646000FFF734FEA16806488B784A780978FFF771
:106470000BFEA0E7E36A0122DA710020A9E700BF62
:1064800000C00424143500000268002310B5936096
:10649000C26AD3710446D0E9093003B980B1017FE3
:1064A00003220131002003F031FD50B9A36A197FA6
:1064B0000322013103F02AFD003818BF01204042B9
:1064C00010BD4FF0FF30FBE738B50C4620B1022875
:1064D00034D06FF0030038BD91F92030002B0DDB74
:1064E0005A09012103F01F03994002F12003384AA1
:1064F00042F82310BFF34F8FBFF36F8F2268002342
:106500009360E26A9380937194F92030002B09DB49
:106510005A09012103F01F03994002F160032C4A3C
:1065200042F823101C22206B002106F049FCE26A8D
:10653000D37923F00203D3710020CCE7CB6ADB7957
:10654000DA0741D59B07F7D491F83410012923D1FC
:10655000204B94F83820DB694FF08C40D3F8A850DA
:10656000E36BA847E36A00229A809A71DA7942F0D5
:106570000202DA7194F92030002BDDDB03F01F01F9
:106580005B099B0003F1604303F5614301228A40EC
:10659000C3F880211A60CFE7022909D10D4BDB69CE
:1065A0000122D3F8E43003214FF08C409847D9E71B
:1065B0000329D7D1074B94F839201B6A06485D6937
:1065C000A38F0121A847CDE74FF0FF3083E700BF3D
:1065D00000E100E000013000001404242DE9F04146
:1065E00088468AB017461C460646002800F0F2800E
:1065F000002900F0EF80002A00F0EC80DB6ADA79F5
:10660000520740F1D6801B79002B40F0E6802046EF
:10661000FFF772FD0546002840F0E280E36A0122A0
:106620009A809871236BC3E90186C3E9030023684C
:10663000196860F3092119609A6094F83420616A3E
:106640001E6802F0FD02012A1AD1C6F30446002991
:1066500040F0A580A16A002957D13046FFF73EFDE2
:10666000614B226B1B787B43136094F83430032B0F
:1066700000F0A4802268D36A43F01F03D3628CE049
:1066800006F00F060029E5D0072E00D90125DA6CA7
:10669000DFF858C142F00102DA645A6D00206FF34E
:1066A00003025A658DF827000A7F01320092603399
:1066B0000A68CDF804C0CDE903380323CDE90535D8
:1066C0004FF48173ADF824304B69DFF824C1CDF865
:1066D00008C06946CDE907578DF8263003F07AFBEC
:1066E00008B1452865D1009901AA002003F0E0FB1C
:1066F00000285ED1009903AA03F04CFC002858D171
:10670000636A197F013103F07FFDA16A002941D03E
:10671000072E4CD90F2E8CBF022501252368334E3E
:10672000DA6C42F00202DA641A6D012060F30302AF
:1067300000201A658DF827000A7F013200920A684E
:1067400001962B4E0296266B6033B6680396CDE910
:1067500004350323CDE9063540F20113ADF82430AA
:106760004B69089769468DF8263003F033FB08B172
:1067700045281ED1009901AA002003F099FBC0B959
:10678000009903AA03F006FC98B9A36A197F0131A6
:1067900003F03AFD002003F053FD00200BE0072E2C
:1067A0007FF675AF0F2E7FF671AF02256FE70025DC
:1067B000B4E74FF0FF300AB0BDE8F0810D4B1B7815
:1067C0001B0103F1105303F5982359605A68002AFE
:1067D000FCD14FE76FF00400EDE76FF00100EAE74E
:1067E0006FF00300E7E700BF16350000C54B200837
:1067F000C74B200814350000C36ADB79024613F04A
:1068000004001CBF136BD868704700002DE9F341EA
:106810001446984AE56A9DF820E095F807C082F88A
:1068200000E01CF0020F064604D14FF0FF3002B02A
:10683000BDE8F0812768904A9742C0B211D1012883
:1068400000F0D881142814D1BB6C01931C22206B5A
:10685000019B002106F0B4FAE36A00221A710020BD
:10686000E5E7864A974202D0854A9742EAD1022854
:10687000E6E72A79002A40F0C081BA6013283AD8A6
:10688000DFE810F014001D002F00BE01BE0139002A
:106890003900390039003900390039003900390030
:1068A0003900390027007B0080008300AB682CF0A2
:1068B000040C23F0FF03AB6085F807C0CFE7AA689C
:1068C00022F0FF0242F001024CF0040CAA6085F8AD
:1068D00007C0B3FBF1F07B69C0B260F30F037B61CB
:1068E00009E0AB6823F0FF0343F002034CF0040C13
:1068F000AB6085F807C0AB68DAB2012A0ED106F4A6
:10690000C012B2F5801F00F0F58000F29980002AD5
:1069100000F0A080B2F5002F00F0A180E26A936839
:10692000D9B2022913D123F4001316F4001F936087
:1069300040F08D8023695B784BB963695B7833B92C
:10694000A3695B781BB9E3695B78002B7FD006F401
:10695000E063B3F5407F00F03A8100F2DE80B3F5EA
:10696000807F00F02181B3F5007F00F02681002BAD
:1069700000F0DE806FF0070059E77A6992B2B3FB4E
:10698000F2F054E7236B198369E7AB68D8B20128AA
:106990007FF44BAF03F4C01359BBB3F5801F11D183
:1069A00094F8342002F0FD03012B06D13A6903FA72
:1069B0000EF322EA03033B6151E7022A7FF44FAF53
:1069C00039614CE7BEF1030F05D8DFE80EF0020C89
:1069D0000E1023695A782B4B1B685C6801232A48E8
:1069E0000021A0473BE76369F4E7A369F2E7E369A5
:1069F000F0E7B3F5801F0FD194F8342002F0FD03C7
:106A0000012B04D13A6903FA0EF31343D3E7022AA8
:106A10007FF425AF386122E7BEF1030F05D8DFE828
:106A20000EF002090B0D23695A78164B1B685C683F
:106A30000023D4E76369F7E7A369F5E7E369F3E7C0
:106A4000B2F5C01F7FF46AAF23F4C013AB606FF0E0
:106A50000A00ECE63A6123F4C013AB605EE723F46E
:106A6000C013AB60BEF1030FF1D8DFE80EF00F3DAD
:106A70003F4100BF15350000000001450000024401
:106A80000008042400013000000013462369D87870
:106A90005D7808B1FFF70AFB002DD8D0402D07D94B
:106AA000A5F140025B480623D2B20021FFF7ECFAC1
:106AB000594F5A48002319462A46FFF7E5FA3B6822
:106AC0005648D3F80080002319462A46C0473B6841
:106AD00052485F682A4601230021B847E26A93685A
:106AE00043F40023936019E76369D0E7A369CEE715
:106AF000E369CCE7226923F4C013AB6052784AB94A
:106B00006269527832B9A26952781AB9E269527848
:106B1000002A9CD043F480139FE7B3F5806F5BD0CD
:106B2000B3F5A06F7FF426AF236802211A6856E000
:106B30002268116863F3C7111160116863F386114D
:106B4000116094F8342002F0FD02C6F30533012AE7
:106B5000A3F1040146D11C2955D821680868013BDE
:106B600063F3144016F4802608604FD12368196837
:106B700066F3CB211960196866F3565119601968DC
:106B800066F305111960996966F303019961D96982
:106B900066F30301D961012ADA6A0CBF22F03F02D1
:106BA00022F01F02DA625AE623681A686FF3C712EE
:106BB0001A601A6842F0400207E023681A6842F03F
:106BC00080021A601A686FF386121A60B9E72368A8
:106BD0001A6842F08002EBE723681A68012161F32A
:106BE0000512F2E70C290ED821680868013B63F30F
:106BF0000300B7E76FF0030019E66FF0010016E637
:106C00006FF0060013E66FF0080010E66FF0090061
:106C10000DE600BF00C00424000130000000134650
:106C2000C26A5379117990795B0001F0010103F098
:106C3000020380000B4300F004001843704700007B
:106C4000F7B50268136B916A0446906C019013F0DB
:106C50000E0F01980BD0936B0093D36B0093136CC2
:106C60000093009BE36A01225A71022024E00D0781
:106C700040F18980D80640F18680216B4868002861
:106C80007FD0CB680D68AB42EFD26A4D2D78012DD5
:106C90003FD192F860205D1CCD60C254236BD9684F
:106CA0001A6891425ED32268D36A23F01003D3623C
:106CB000E36A00221A710120E36A1A68002A60D090
:106CC00023685D498B4200F0B08001F57F018B4263
:106CD00000F0AD805949591A4B424B415B0040EAE4
:106CE0008370904794F83430032B0BD1544B1B78AE
:106CF0001B0103F1105303F5982301225A605A68CF
:106D0000012AFCD1E36A1A79002A3AD000221A71CA
:106D100037E0022D0BD1126E5D1CCD60C254236B87
:106D2000D96858684D1CDD60120A4254B6E7042D3C
:106D3000B4D1126E5D1CCD60C254236BD968586803
:106D40004D1CDD60130A4354236BD96858684D1CF1
:106D5000DD60130C4354236BD96858684D1CDD600B
:106D6000120EE2E794F8342002F0FD02012A08D165
:106D70009B6833B92368A5221A662268936ADF07E5
:106D8000FCD403B0F0BD4E07FBD5DD07F9D5216B70
:106D90008D68002DF5D00B6908688342BFF465AF9C
:106DA0002448007801281ED1581C0861EB5C82F849
:106DB000603094F8343003F0FD03012B03D12268D6
:106DC000936AD807FCD4236B1A691B689A42D8D3FC
:106DD0002368DA6A22F00102DA621B68C3F3012336
:106DE000012BCED164E7022809D15E1C0E61E85C5C
:106DF00002330B61AB5D40EA03231366D9E7042835
:106E0000D7D15E1C0E61981CEF5C086115F806C0B6
:106E1000DE1C0E61285C043300040B61AB5D40EAAC
:106E20000C20384340EA0363E7E7002357E70123D8
:106E300055E700BF16350000000002440008042496
:106E400014350000F0B55C4B154600228BB00E46A1
:106E50001A600746002800F0A680002900F0A380F1
:106E6000EB6ADA79520703D44FF0FF300BB0F0BD74
:106E70001B79002B40F09A802846FFF73DF9034626
:106E8000002840F09680EA6A0121918090712A6B77
:106E90002C68C2E90107C2E90300226861F30922F4
:106EA0002260A16095F83420A96A02F0FD02012A4F
:106EB00016D12268C2F30442104600295FD1FFF7C1
:106EC0000DF93E4B2A6B1B787343136095F83430F1
:106ED000032B5BD02A68D36A43F00303D3624CE0F0
:106EE000236803F00F0318460029E8D0072B94BF4E
:106EF00000230123E26CDFF8CCC042F00202E2641E
:106F0000226D012060F3030222650A7F60340132A2
:106F100000920A68CDF804C0CDE904430324CDE90A
:106F2000064340F20113DFF8A0C0ADF824304B69EE
:106F3000089600206946CDE902C78DF827008DF834
:106F4000263002F047FF08B145288DD1009901AAEB
:106F5000002002F0ADFF002886D1009903AA03F0BB
:106F600019F8044600287FF47FAFAB6A197F01311E
:106F700003F04AF9204603F063F9002076E7072A78
:106F8000B8D90F2A8CBF02230123B3E70C4B1B781F
:106F90001B0103F1105303F5982300225A605A682D
:106FA000002AFCD196E76FF004005FE76FF0010064
:106FB0005CE76FF0030059E710350000163500005C
:106FC00014350000C54B2008C74B20082DE9F041BF
:106FD000904B144600228AB00F461A608046002863
:106FE00000F00F81002900F00C81E36ADA79520782
:106FF00040F1F3801B79002B40F006812046FFF71B
:107000007BF80246002840F00281E36A0121987172
:107010009980236BC3E90180C3E9030023681868E2
:10702000022666F309201860996094F83400616ABA
:107030001D6800F0FD00012823D1C5F3044549BBBC
:10704000A66A002E69D12846FFF748F8724B226BDA
:107050001B787B43136094F83410032940F0C280FE
:107060006E4B1B781B0103F1105303F598235E60F0
:107070005A68002AFCD12368DA6A42F01C02DA62FC
:10708000B7E005F00F050029DAD0072D40F2A08007
:10709000012604E0072D40F29B800F2DF8D9DA6C11
:1070A000DFF880C142F00102DA645A6D00206FF30C
:1070B00003025A658DF827000A7F0132009260337F
:1070C0000A68CDF804C0CDE903380323CDE90536BD
:1070D0004FF48173ADF824304B69DFF84CC1CDF823
:1070E00008C06946CDE907678DF8263002F072FEC8
:1070F00008B1452871D1009901AA002002F0D8FEFC
:1071000000286AD1009903AA02F044FF002864D144
:10711000636A197F013103F077F894F8343003F093
:10712000FD03012B4FD1A66A002E4CD0072D51D95B
:107130000F2D8CBF4FF002084FF001082568EB6C53
:1071400043F00203EB642B6D012262F303032B6512
:107150001C22002103A805F033FE337F30490133A0
:107160000093304B326801932F4B02932F4BDB6916
:10717000089713F0080F274B18BF0B460393032300
:10718000CDE9063840F20113ADF8243073698DF86B
:107190002630603569460020CDE9045802F01AFE19
:1071A00008B1452819D1009901AA002002F080FEFB
:1071B00098B9009903AA02F0EDFE70B9A36A197F8D
:1071C000013103F021F8002003F03AF8002006E036
:1071D000164664E74FF00008B0E74FF0FF300AB002
:1071E000BDE8F0812368DA6A012942F01C02DA6204
:1071F000ECD1A52283F860202268936ADB07FCD4D7
:10720000E4E76FF00400EAE76FF00100E7E76FF0F2
:107210000300E4E7103500001635000014350000C7
:1072200020030624C54B2008C74B20080000081285
:10723000054B9A689107FCD45A689207F9D4DA6929
:10724000002AF6D1704700BF008C0424064B1A6A4E
:1072500061F397421A621A6A60F34C221A621A6A40
:107260009204FCD5704700BF00800424024B012229
:10727000C3F80421704700BF008C0424074B5A68F0
:10728000012A0AD102221A61DA699207FCD401228A
:10729000C3F804229A60FFF7CBBF7047008C042428
:1072A00010B5094CFFF7C4FF6368012B03D1FFF74A
:1072B000E5FFFFF7BDFF054A936843F48033936011
:1072C0000378E36010BD00BF008C0424000030414F
:1072D00010B101281CD070474A680B7812B112789F
:1072E00043EAC2034A7843EA42038A6812B1127839
:1072F00043EA82138A7843EA8203CA6812B1127899
:1073000043EA4223104A9364936D002BFCD17047EB
:107310004A680B7812B1127843EAC2034A7843EA0A
:1073200042038A6812B1127843EA82138A7843EAE8
:107330008203CA6812B1127843EA4223024A936672
:10734000936F002BFCD17047008C042410B10128EE
:1073500004D07047034BC3F844117047014BC3F886
:1073600064117047008C042410B1012804D07047C8
:10737000034BC3F844127047014BC3F864127047C3
:10738000008C042410B1012804D07047034BC3F8CB
:1073900040127047014BC3F860127047008C042400
:1073A00018B1012804D000207047034B186C7047B7
:1073B000014B186E704700BF008C042418B10128DF
:1073C0000BD00020704711B1012903D07047074B43
:1073D000D86C7047054B186D704721B10129F0D169
:1073E000024B186F7047014BD86E7047008C042415
:1073F00010B101280CD070470B4B29B1012905D0E1
:107400009A6D002AFCD17047DA64F9E71A65F7E74C
:10741000054B29B1012905D09A6F002AFCD170478C
:10742000DA66F9E71A67F7E7008C0424044B4FF497
:1074300080625A60034B4FF480021A60704700BFAD
:107440000000081200E100E0094B4FF48002C3F88D
:107450008020BFF34F8FBFF36F8F064B4FF48062D6
:107460009A601A60044AD36B43F48063D363704715
:1074700000E100E0000008120081042410B4034C75
:107480002468646CA4465DF8044B6047000130003A
:10749000024B1B68D3F8B830184700BF000130001A
:1074A000024B1B68D3F8C030184700BF0001300002
:1074B000024B1B68D3F8C830184700BF00013000EA
:1074C000024B1B68D3F8E830184700BF00013000BA
:1074D000014BDB685B69184700013000F0B5436879
:1074E00085B00024B3F1884F0194054602940394BB
:1074F0000BD0774A934208D0764A934200F0D1806D
:10750000754C181B4442444164009A680192019AE8
:1075100002F00602062A4FEA84742CD15B690293BA
:10752000029B990710D56A6913686BB101215171EB
:10753000202098476B6993F82820032A04D193F8F8
:1075400026300BB144F01004029B5A0707D56A6934
:10755000136823B1012111724FF400709847029B08
:107560001B0740F1A0806A69136823B10121D17122
:107570004FF480709847019B9E071DD56B691E696B
:1075800010201A6A6968964209D09F690138BF5C69
:107590000F6002F101021A62F3D196420CD14A68DF
:1075A00022F002024A60002283F826201B681BB1E9
:1075B00044F0010420469847019B580738D56B6971
:1075C0001A68002A34D06A685169C90725D511683C
:1075D0005A69DB69D1546B69DA69D96801328A4228
:1075E000DA611AD169684A6822F001024A6093F8A8
:1075F0002820023A0021012A197164D893F8272023
:1076000083F82710022A5ED0032A59D0012A01D11B
:1076100044F001041B68204698476B691A683AB128
:10762000D969DB68994203D044F040042046904772
:10763000019B1A074AD16B689B6903936B78DB0641
:1076400008D5039BDF0705D56B6944F480641B688C
:10765000204698476B785E0608D5039B980705D5AA
:107660006B6944F400641B6820469847AB78D907DF
:1076700008D5039B5A0705D56B6944F400541B6871
:107680002046984795F90130002B1FDA039B1B0712
:107690001CD56B691B6844F4805005B0BDE8F04010
:1076A0001847012431E7029BDF067FF564AF6A6962
:1076B0001368002B3FF45FAF01219171802059E7DF
:1076C00044F00404A6E744F00204A3E705B0F0BDCB
:1076D00000010044000002450018042430B50446AF
:1076E0000AB3B0F5E10F1ED853688025DD6089002C
:1076F000B1FBF0F1D3F8C0006FF30500C3F8C00090
:10770000002018605860D860DD60C1F387151D60E7
:10771000C1F3873501F03F015D60C3F8C010D86048
:107720005369DC6230BD40F20160FBE72DE9F743AD
:107730004E69DDF8289096F8295015F001050C46A1
:10774000174698466ED1C6E90005357286F8265070
:1077500086F824504B68B3F1884F02D0354A9342E3
:1077600012D1354B10229A60344BA26BDB69019227
:1077700094F834200092D3F8A45094F83C200023CD
:1077800001214FF08C40A84762682D4B9A4215D1D9
:1077900003F15F4303F5213310229A60274BA26B5C
:1077A000DB69019294F834200092D3F8A45094F845
:1077B0003C20012319464FF08C40A8476268214BBA
:1077C0009A4210D103F5D8434FF400125A641B4B70
:1077D000228F1B6A0092DD6994F83C2094F83530C2
:1077E00019480121A847E3680BB92369B3B165685B
:1077F000B5F1884F08D00F4B9D4205D0104B9D42EC
:1078000002D0104B9D4211D10C4BDB684A461D68DB
:107810000B9B41463846A847C9F80000636901221E
:1078200083F82920002003B0BDE8F0834FF0FF303B
:10783000F9E700BF00010044008404240001300087
:1078400000000245001804240014042438B54368DD
:10785000B3F1884F04460D4602D01F4A934207D128
:107860001E4BDB690021D3F8E8304FF08C4098477D
:1078700062681B4B9A4207D1184BDB690121D3F890
:10788000E8304FF08C4098476268164B9A4205D119
:10789000124B15481B6A0821DB6B9847E3680BB94C
:1078A00023698BB16368B3F1884F08D00A4A9342C9
:1078B00005D00B4A934202D00A4A934209D1074BA2
:1078C000DB6828465B6898476369002083F82900D5
:1078D00038BD4FF0FF30FBE70001004400013000ED
:1078E00000000245001804240014042470B50C465E
:1078F00015461E4620B1022872D06FF0030070BDFD
:1079000091F9080000280CDB4309474900F01F00EB
:1079100020330122824041F82320BFF34F8FBFF371
:107920006F8FE06862696368B0B192F826209AB1FF
:10793000B3F1884F0BD03D4A934208D03C4A934262
:1079400005D03C4A934202D04FF0FF30D7E7007990
:1079500032462946FFF7BCFDD4E90402636890B1C2
:10796000127982B1B3F1884F08D0304A934205D0E2
:107970002F4A934202D02F4A9342E5D100793246F2
:107980002946FFF7A5FD63682B4AB3F1884F05D060
:1079900026498B4202D026498B421DD11023D36049
:1079A00094F90830002B09DB5A09012103F01F0369
:1079B000994002F160031C4A42F8231063690022D7
:1079C0005A601A7283F8262093F8292022F00202C6
:1079D00083F82920002092E74FF400139364DFE737
:1079E0004A6992F82930D907AED513F00203F1D1D4
:1079F00061684B605360137282F826304FF4407315
:107A0000138594F90830002BE4DB03F01F015B09B8
:107A10009B0003F1604303F5614301228A40C3F8F0
:107A200080211A60D6E700BF00E100E000010044B9
:107A30000000024500180424008404242DE9F04FBE
:107A40008FB00DF11C0A06460D46904600211C22FF
:107A50005046DDF864901F4605F0B2F9002E00F0A4
:107A60008D80002D00F08A80D8F8142092F82930FB
:107A7000580704D44FF0FF300FB0BDE8F08F92F8F4
:107A80002630002B7DD1012482F82640D8F80CE066
:107A900013629661D8F804301561BEF1000F59D019
:107AA000B3F1884F099450D0374A93424DD0374AAA
:107AB00093424CD0364A9342DCD122460324CDE98E
:107AC0000C4201210B91DEF80000DEF808C007919E
:107AD0009EF80410BEF800E0CEF3091E6EF30D1000
:107AE00000F0070BBBF1020F01BFBA6894686BF39B
:107AF00002049460274C0EF101029542E26838BFFF
:107B000005F1FF3ED2F808B0189ACDF8149038BFAE
:107B1000CEF3090E6EF30D10CDE903C2CDE9010AD3
:107B2000009532463846D8470130A3D0D8F80C002B
:107B3000E3680079DB6839464A469847E368494676
:107B40001B6938469847002096E71922B7E71B22A1
:107B50000224B4E7596989060ED45A6842F0020239
:107B60005A60F0E74C1C1462715C19600138F4D063
:107B7000116AA942F6D1F0E71020F9E76FF004008E
:107B80007AE76FF0010077E700010044000002454A
:107B900000180424000130002DE9F04F8FB0984602
:107BA00007AB81460F461846164600211C22DDF819
:107BB00064A005F005F90346B9F1000F7BD0002F52
:107BC00079D0726992F82910490704D44FF0FF3038
:107BD0000FB0BDE8F08F117901296FD00025012485
:107BE000546015723069D760C2F81490D56172681C
:107BF00000285BD0B2F1884FCDE9085451D031490B
:107C00008A424ED030498A424DD030498A42DDD135
:107C10000324B0F800B0D0F800C0D0F808E0CBF3EF
:107C2000091BCDE90C456BF30D1C01210B9107914C
:107C30000CF007050021022D0A91017901BFD8F847
:107C40000800846865F302048460214C0BF1010094
:107C50008742E06838BF07F1FF3B85681898CDF888
:107C600014A038BFCBF3090B6BF30D1CCDE903E077
:107C7000CDE901C300974B464046A8470130A5D047
:107C80003069E3680079DB6852464146984796F8C8
:107C9000403023B9E36851461B69404698470020AD
:107CA00096E71825B5E71A250224B2E7536843F092
:107CB00001035360F3E76FF0040089E76FF0010000
:107CC00086E700BF000100440000024500180424BC
:107CD000000130002DE9F3470746DDE90AA8DDF889
:107CE0003090084616461D461FB311B30AB35B69B0
:107CF00093F82920520723D595F84040F4B12A780B
:107D000012F0060F1CD0032283F827203146CDE95C
:107D1000008953462A46FFF73FFF60B953462A467B
:107D200031463846CDE90A8902B0BDE8F047FFF791
:107D300085BE6FF0040002B0BDE8F0872046FAE788
:107D40004FF0FF30F7E74369186A70474369D86915
:107D5000704700002DE9F0471C465B69924693F896
:107D6000292080469007DDE90867894640F148846C
:107D70005FFA88F5A5F11501052900F26481DFE8B5
:107D800011F006005A00C200DB00FB002901B9F126
:107D9000000F4BD06368B3F1884F05D0874A9342F8
:107DA00002D0874A934228D1E36958783F280CD9FA
:107DB0004038C0B2FFF784FBE36982485A78403A02
:107DC0000623D2B20021FFF759FBE369D87808B146
:107DD000FFF766FBE3695878A0F11903052B01D87A
:107DE000FFF756FBE3695878FFF762FBE1697648D5
:107DF0008B784A780978FFF741FB6268734B9A42A7
:107E00000AD1E3695878FFF75BFBE1696D488B782D
:107E10004A780978FFF732FB626992F8293043F01B
:107E2000080382F829300020BDE8F08722F008021C
:107E300083F82920F7E7B9F1000F61D06368B3F147
:107E4000884F05D05D4A934202D05D4A93423AD1B1
:107E5000236A58783F2816D95D4B1B6840380121AA
:107E6000D3F8F030C0B29847236A58784038C0B28F
:107E7000FFF726FB236A53485A78403A0623D2B2CA
:107E80000021FFF7FBFA236AD87808B1FFF708FB57
:107E9000236A5878A0F11903052B01D8FFF7F8FAE7
:107EA0004B4B226A1B685078D3F8D4300121984795
:107EB000236A5878FFF7FCFA216A43488B784A789E
:107EC0000978FFF7DBFA6268404B9A4212D1404BC7
:107ED000226A1B685078D3F8F03001219847236A52
:107EE0005878FFF7EDFA216A36488B784A78097896
:107EF000FFF7C4FA626992F8293043F0100390E763
:107F000022F0100294E7B9F1000F0DD093F826206B
:107F1000002A40F078836168CA6842F04002CA6073
:107F2000012283F826207EE76168CA6822F04002B9
:107F3000CA6083F8269076E76068E568426822F0B8
:107F400002024260052282609DB193F8263083B11F
:107F5000B0F1884F08D0194B984205D0184B984281
:107F600002D01A4B984204D128793A463146FFF79D
:107F7000AFFA63690022D4E76068426822F0010228
:107F800042602269032181609AB11B798BB1B0F103
:107F9000884F08D0094B984205D0094B984202D02F
:107FA0000A4B984205D1E3683A4618793146FFF703
:107FB0008FFA636900221A7135E700BF000100449F
:107FC0000000024500C004240000134600180424E9
:107FD000000130006268E068516821F003015160DF
:107FE00098B193F8263083B1B2F1884F08D0784B1E
:107FF0009A4205D0774B9A4202D0774B9A4204D1ED
:1080000000793A463146FFF763FA2069A0B1636907
:108010001B798BB16368B3F1884F08D06C4A9342E7
:1080200005D06C4A934202D06B4A934204D1007946
:108030003A463146FFF74CFA636807229A60636953
:1080400000221A716DE76A1E132A00F2DF82DFE850
:1080500012F05F0014007100AD00C9003101DD02B3
:10806000DD02DD02DD02DD02DD02DD02DD02DD0218
:108070003701170031013A01310194F8403013B94A
:108080006FF00600D0E66268514B9A42F8D123782F
:1080900099073DD5A36958783F280CD94038C0B21C
:1080A000FFF70EFAA3694D485A78403A0623D2B238
:1080B0000021FFF7E3F9A369D87808B1FFF7F0F9D9
:1080C000A3695878A0F11903052B01D8FFF7E0F94F
:1080D000A3695878FFF7ECF9A16941488B784A7891
:1080E0000978FFF7CBF963689A6D42F001029A654F
:1080F0009A6D42F002029A6594F841109A6D002937
:1081000051D042F010029A659A6D42F020029A65B1
:1081100008F4E066B6F5A06F00F0EE8000F2D780BC
:10812000002E00F0EC80B6F5807F00F0EA806FF062
:10813000080079E66268264B9A42A1D123785A0753
:108140009ED5A36958783F280CD94038C0B2FFF7B4
:10815000B7F9A36921485A78403A0623D2B20021E0
:10816000FFF78CF9A369D87808B1FFF799F9A369EB
:108170005878A0F11903052B01D8FFF789F9A369F5
:108180005878FFF795F9A16915488B784A780978EE
:10819000FFF774F963689A6D42F001029A659A6D6F
:1081A0006FF34102A7E761F30412ACE721780B07F4
:1081B000AED563681A6C42F001021A641A6C8F071C
:1081C0004CBF6FF3410242F002021A64A0E700BF05
:1081D00000010044000002450018042400C00424EB
:1081E000000013466368B3F1884F03D09C4A934262
:1081F0007FF446AF2378DE067FF542AFE36A587816
:108200003F280CD94038C0B2FFF75AF9E36A9548C5
:108210005A78403A0623D2B20021FFF72FF9E36AD9
:10822000D87808B1FFF73CF9E36A5878A0F1190350
:10823000052B01D8FFF72CF9E36A5878FFF738F9D6
:10824000E16A89488B784A780978FFF717F9236B38
:1082500058783F280CD94038C0B2FFF731F9236B6A
:1082600080485A78403A0623D2B20021FFF706F937
:10827000236BD87808B1FFF713F9236B5878A0F176
:108280001903052B01D8FFF703F9236B5878FFF783
:108290000FF9216B74488B784A780978FFF7EEF86C
:1082A0002378D8067FF5ECAE6268136943F040038B
:1082B00013612DE7257815F020053FF429AFDFE69F
:1082C00083F82490AFE5257815F04005F5E7B6F57D
:1082D000C06F18D0B6F5E06F7FF429AF00260227F3
:1082E00008F44053B3F5805F10D0B3F5005F1BD0A6
:1082F00073B16FF0090097E500260027F0E7032728
:10830000EEE70926F9E700260127E9E747F0180715
:1083100008F44043B3F5804F09D0B3F5004F06D0C1
:108320003BB16FF00A007FE547F00807F0E747F040
:10833000040708F44032B2F5003F636800F0E880BB
:1083400009D8002A00F03181B2F5803F00F0928018
:108350006FF00B0068E5B2F5403FF9D1627802F0AA
:108360001802182A74D1B3F1884F05D03C4A9342C1
:1083700002D03E4A934251D1636A58783F280CD9C3
:108380004038C0B2FFF79CF8636A36485A78403AE2
:108390000623D2B20021FFF771F8636AD87808B1DA
:1083A000FFF77EF8636A5878A0F11903052B01D80E
:1083B000FFF76EF8636A5878FFF77AF8616A2A481F
:1083C0008B784A780978FFF759F8A36A58783F28DC
:1083D0000CD94038C0B2FFF773F8A36A21485A7825
:1083E000403A0623D2B20021FFF748F8A36AD878B2
:1083F00008B1FFF755F8A36A5878A0F11903052BC7
:1084000001D8FFF745F8A36A5878FFF751F8A16A39
:1084100015488B784A780978FFF730F86268144B72
:108420009A4215D1A36A5878FFF74AF8A16A0D4815
:108430004A788B780978FFF721F8636A5878FFF754
:108440003FF8616A07488B784A780978FFF716F891
:10845000238803F4C073B3F5C07F54D078E700BF1E
:108460000001004400C0042400001346000002453F
:10847000001804246278110740D5B3F1884F05D065
:10848000674A934202D0674A934228D1A36A587838
:108490003F280CD94038C0B2FFF712F8A36A6248EF
:1084A0005A78403A0623D2B20021FEF7E7FFA36ACA
:1084B000D87808B1FEF7F4FFA36A5878A0F1190341
:1084C000052B01D8FEF7E4FFA36A5878FEF7F0FF0A
:1084D000A16A56488B784A780978FEF7CFFF626820
:1084E000534B9A420AD1A36A5878FEF7E9FFA16A72
:1084F0004D488B784A780978FEF7C0FF94F9003030
:10850000002BBFF625AF6268136943F022034BE0EE
:108510006278D20640D5B3F1884F05D0404A9342E5
:1085200002D0404A934228D1636A58783F280CD938
:108530004038C0B2FEF7C4FF636A3B485A78403AFD
:108540000623D2B20021FEF799FF636AD87808B1FA
:10855000FEF7A6FF636A5878A0F11903052B01D82E
:10856000FEF796FF636A5878FEF7A2FF616A2F480C
:108570008B784A780978FEF781FF62682C4B9A4223
:108580000AD1636A5878FEF79BFF616A27488B78A7
:108590004A780978FEF772FF6378DB077FF5D8AE7B
:1085A0006268136943F020031361AB1E012B05D8E9
:1085B00018F4802F2DD118F4002F2DD1D4F8048079
:1085C000D8F8103023F01003C8F810302246514676
:1085D0004846FFF783F86369012183F82850C8F8FB
:1085E0000810C8F80C70C8F8CC60D8F8AC2061F35B
:1085F000C402C8F8AC2093F8292042F0040217E422
:108600004FF0FF3010E46FF001000DE46FF0030055
:108610000AE46FF00C0007E46FF00D0004E400BF03
:10862000000100440000024500C00424000013467D
:108630000018042442694368107A5969137981F05B
:1086400080015B00C1F3C01103F002030B435179B9
:10865000C90001F008010B439179090101F01001F3
:108660000B43D179490101F0200180010B4300F057
:1086700040001843704700004B6993F829305B07AE
:1086800033D54B68002B33D040B94A7812072FD529
:108690001A6922F002021A6100207047012806D1EF
:1086A0004A78100724D51A6942F00202F3E702283B
:1086B0000CD1B3F1884F02D00F4A934218D14A78B7
:1086C000910615D51A6922F00102E4E70328E3D1E7
:1086D000B3F1884F02D0084A934209D14A789206F2
:1086E00006D51A6942F00102D5E74FF0FF30704716
:1086F0006FF00300704700BF00010044426830B5CE
:10870000044612B3436993F8293013F004001DD0D6
:1087100065789269A07815F0100318BFC2F30013B2
:1087200015F0400118BFC2F3401110F0010018BF4E
:10873000C2F380102C060DD5C2F3C01243EA4103E8
:1087400043EA820343EAC00030BD104602460146B8
:108750000346F3E70022F1E741F20273984221D089
:1087600011DC41F2045398421CD005DCF8B1012819
:108770000CBF21200120704741F2017398420CBFC9
:1087800011200120704742F2041398420CD042F2AB
:10879000061398420AD042F2031398420CBF2120DC
:1087A0000120704721207047282070472B207047F8
:1087B000014BDB695B6E184700013000014BDB6940
:1087C0009B6B184700013000014BDB695B6A18475F
:1087D000000130003E4B994270B50C4615460AD94F
:1087E0003C4B4FF400125A623B4B10229A615A6C78
:1087F00042F010025A6401283FD0022855D048BBED
:10880000364EF3690121A4220846D3F8EC3098478C
:10881000334B9C60FFF7D8FF324B9D42324B02BF77
:108820005A6822F440425A604FF45942A3F860203B
:10883000F3692A469B6821464FF08C40984750B90F
:108840002A4B9C420BD82A4B4FF40032DA664FF485
:108850008022DA660020BDE87040FFF77DBF254B1F
:108860009C42F7D9224BDA6E9203F3D44FF4802264
:108870009A664FF400329A66ECE7194B5C61FFF799
:1088800097FF194B4FF45942A3F8A020134BDB6913
:108890002A469B6D21464FF08C4098470028DAD13C
:1088A000592CD0D95A2CDDD1D4E70D4B9C61FFF760
:1088B00085FF0D4B4FF45942A3F8E020074BDB69CD
:1088C0002A46DB6B21464FF08C409847C3E700BF38
:1088D000FF0D27070000282000800046000130001F
:1088E000902B0000005A6202008018467F4A5D0506
:1088F00000840424BF8C6C05052870B505460E461F
:1089000037D81D4B99420DD81C4A536A23F40013E3
:1089100053621B4B9A6922F010029A615A6C22F042
:1089200010025A64002211464FF08C4000F00CFDFA
:108930000446FFF711FF0246E0B9DDB1042D13D163
:10894000104A31460120FFF745FF04B22046FFF7E9
:1089500003FF024670B929464FF08C4000F0F4FC4A
:10896000BDE87040FFF7F8BE022DEFD1054A314651
:10897000E9E72122104670BDFF0D270700002820DF
:1089800000800046005A620213B503214FF08C406C
:1089900000F0BAFD032000F01DFE0C490220FFF795
:1089A000ABFF0B4A0B490120FFF714FF0A4B0122D2
:1089B000DB690092D3F8A04000231A4602214FF051
:1089C0008C40A047002002B010BD00BF0095BA0A3D
:1089D000005A6202006889090001300010B50024C5
:1089E00086B0012321460820ADF808308DF8043008
:1089F000CDE903448DF800408DF80A400594FEF758
:108A000025FC6846FEF74CFC01AB02A92046039307
:108A10008DF80840FEF75CFC0F212046FEF7A4FC11
:108A20000F212046FEF7AEFCFEF720FC0B4B9C61AD
:108A3000DA695207FCD40A4A4FF480615160094A4E
:108A40004FF480011160182182F8161301221A6177
:108A5000DA69002AFCD106B010BD00BF008C0424E6
:108A60000000081200E100E0014B9869704700BF68
:108A7000008C042400210846FEF7A0BC00F0010190
:108A8000830748BF41F002010020FEF75FBC0000F1
:108A90002DE9F0410446F8F7E3FD1A4D0746D5F8F5
:108AA0001880FFF7E7FF06460020FEF779FC8307F2
:108AB00005D4A6EB0803042B01D8464514D1A969B7
:108AC000B4F1FF3F28BF0134C1F103032344072B56
:108AD00098BFCC1C00210846621EFEF789FC0220CC
:108AE000FFF7CCFFFEF7A2FC3846F8F7BDFD064ABB
:108AF00013782BB1AB6C43F00103AB64002313700C
:108B0000BDE8F081008C042458010000830700F0C8
:108B1000010109D5064B01221A70064A936C23F015
:108B2000010341F0020193640020FEF71DBC00BF69
:108B300058010000008C0424830742BF024B02222C
:108B4000C3F84021704700BF008C042438B5FEF7FD
:108B50007BFCF8F78EFD04460020FEF721FC83071E
:108B600000F0010548BF45F0020500F003010020B8
:108B7000FEF708FC2846F8F74BFE2046F8F77FFD85
:108B8000BDE83840FEF752BC4FF40040704700008B
:108B9000044B4FF48072DA63034B4FF400629A6027
:108BA000704700BF008104240000081208B5284B5C
:108BB0004FF400621A60274AD2F88C3743F400431E
:108BC00043F08003C2F88C37D2F88C375B06FBD5B4
:108BD000D2F88C27204BDFED216A9FED216A2149D5
:108BE00002F03F021A601A68262A84BF26221A6001
:108BF0001D4A9268EAB11D48C2F315020260D3ED26
:108C0000007A90ED007AF8EE677AB8EE477A77EE60
:108C1000A67A37EE267A67EE867AC7EE876AC1EDC6
:108C2000006AFFF7B5FF0A4B4FF400625A6008680C
:108C300008BDD3ED007AF8EE677A77EEA67ADFED1D
:108C40000C6A67EE867A87EEA67A81ED007AE8E70D
:108C50000000081200A005242035000089410B42C5
:108C60003333534018350000641200001C350000F7
:108C7000C4A08342F0B5A24CA24BA2680578A24ED4
:108C800002EA0301027802F001020A439F49A2604E
:108C90008A6802EA0304427802F00102920042EA82
:108CA000951222438A600A69457802EA0304027831
:108CB000C2F344022243964C0A61A26802EA03010D
:108CC000827802F00302520142EAD5020A43914936
:108CD000A2608A6884781A4042EA94028E4C8A60C4
:108CE000A268C1781A4001F01F011143A160B26867
:108CF000047902EA030504F03F04C278640044EA00
:108D0000D214C2F3411242EA84022A43B260834E73
:108D10004579B26802EA0304027905F07F059209F9
:108D200042EA850222437E4DB260AA6802EA030449
:108D3000C27902F00F0222437A4CAA60A268C57978
:108D4000067A1A4042EA1512774DA260AA6802EA32
:108D50000304427C02F07F022243AA60734DAA689A
:108D600002EA0304027A02F07F022243AA60704DF5
:108D7000AA6802EA0304427A02F01F02520042EAA1
:108D8000D61222436B4EAA60B268857A02EA0304C7
:108D9000C27A520042EAD512057B05F0010542EA8B
:108DA00045222243644DB260AA68467A02EA03046F
:108DB000827A02F07F02D20042EA56122243AA606F
:108DC0005E4D5F4EAA6802EA0304B0F80D2022430C
:108DD000AA60B268457D02EA0304027D05F00F0532
:108DE00042EA05222243574DB260AA68564E02EA73
:108DF0000304427DC2F302122243AA60B268C57D19
:108E0000477902EA0304827D05F00F0542EA052254
:108E10002243B2604D4EC57DB26802EA0304027E71
:108E2000120142EA1512457E05F00F0542EA0532AD
:108E30002243474DB260AA68467E02EA0304827E5E
:108E4000120142EA16122243AA60424DAA6802EABF
:108E50000304B0F81B202243AA603F4DAA6802EA2F
:108E600003048279560802F00102520042EAD71246
:108E700042EA86022243847CAA60457C90F8246002
:108E800004F00F02520052EAD512344D1EBFA968F9
:108E900019401143A960324D1A4AAB6803EA020136
:108EA000437F03F00F030B43AB602E4DAB6803EA27
:108EB0000201837FC3F383030B43AB602A4DAB688E
:108EC00003EA020190F8253003F007035B0043EA50
:108ED000D6130B43AB60254DAB6803EA0201C37C9C
:108EE00003F003035B0043EAD4130B432049AB6058
:108EF0008B681A40837CC3F3021313438B60F0BD6D
:108F0000441300000000C0FFCC120000301300002A
:108F10001813000000130000F4120000B01200004B
:108F2000881200007C1200000C1300007012000078
:108F300064120000581200005C1300004012000090
:108F40004C120000BC110000341200002812000076
:108F50001C1200001012000094120000E812000021
:108F600004120000F8110000EC110000D411000000
:108F7000E0110000F9F7A0BFF0B5194D194C2B888E
:108F8000E5B004F11001002600274FF4C2726846D4
:108F9000ADF88431CDE9626703F0D2FF94E80F00A9
:108FA00000F00EFD62A800F0C9FD2B78687843EA56
:108FB000002000F073FEDDE9624532463B46204664
:108FC000294602F021FE48B1074B002220462946DF
:108FD00002F006FE10B10020F9F7C2FF65B0F0BD47
:108FE000100300007C01000000004E4010B50A4A4A
:108FF0000A4BD2F80815D3F80240E405FBD440EA46
:109000005110C2F80805D3F80220D205FBD4024B58
:10901000D3F8083510BD00BF00A0052400000524CA
:1090200010F4405F0F4B0BD0D3F8042522F48012CC
:10903000C3F80425D3F8042522F40012C3F804254C
:10904000D3F80825084BD3F80210C905FBD4C04358
:1090500000EA5210034AC2F80805D3F80220D205EC
:10906000FBD4704700A00524000005240D4A0E49DA
:10907000D2F81035013823F0030310B5C0B2C2F89E
:109080001035D1F80230DC05FBD4D2F810450123AD
:1090900083402343C2F81035D1F80230DB05FBD4FE
:1090A00010BD00BF00A005240000052430B58BB022
:1090B000002301930293039304930593069307936C
:1090C000089309938DF802308DF8033010B9012010
:1090D0000BB030BD019A50F822200292029A002A69
:1090E000F5D001930121019C029A944201D3002002
:1090F000EEE7019A00EBC20252680392019A013234
:1091000050F832200492049AC2F384528DF803205E
:10911000049AD20E8DF802209DF802209DF803409B
:10912000121B01320592059A162AD0D8039A1268AA
:1091300007929DF80320D2B2069208930993069CE9
:10914000079A01FA04F422EA04020792099A089C99
:1091500001FA02F222430892069A01320692099A13
:10916000013209929DF80320059D069C2A44A242E3
:10917000E5D8089C049A22400492049A9DF8035072
:10918000079CAA4022430492039A049C1460019A0B
:1091900001320192A7E730B58BB00023019302930F
:1091A00003930493059306930793089309938DF80B
:1091B00002308DF80330039A10B901200BB030BD96
:1091C000019A50F822200292029A002AF5D00193C7
:1091D0000121019C029A944201D30698EEE7019A7C
:1091E000013250F832200692069AC2F384528DF86A
:1091F0000320069AD20E8DF802209DF802209DF8D9
:109200000340121B01320492049A162AD5D89DF805
:109210000320D2B2059208930993099A089C01FA97
:1092200002F222430892059A01320592099A01320C
:1092300009929DF80320049D059C2A44A242ECD883
:10924000089C069A22400692069A9DF80350079CB5
:10925000AA4022430692019A01320192B9E7000026
:10926000064B074A996C0748DA620229D96C08BF95
:109270001A60022908BF5A60FFF718BF902B000040
:109280000048E80118130000024B034A03485A63E0
:10929000FFF70CBF902B00000048E801001300000E
:1092A000064B074A996C07481A630529D96C08BF11
:1092B0001A60052908BF5A60FFF7F8BE902B00001E
:1092C000002D310170120000034B04484FF4FA42A4
:1092D0001A62FFF7EBBE00BF902B0000F4120000F3
:1092E000034B04484FF4FA425A62FFF7DFBE00BF57
:1092F000902B0000941200000148FFF74CBF00BF04
:109300004C1200000148FFF746BF00BF34120000B6
:109310000148FFF740BF00BF281200000148FFF7D7
:109320003ABF00BF1C1200000148FFF734BF00BF66
:10933000101200000148FFF72EBF00BF40120000CE
:1093400001B108477047000010B5002852D03E2AEE
:1093500050D82B4BDB689C0748BF5208052949D8D9
:10936000DFE801F003481B26313C836A6FF30303F7
:109370008362244B1B6824490B60846DE405FCD593
:10938000846A62F30914846212B1B3FBF2F30B60D6
:109390001C4B0A68DA60002010BD836D9B062BD53C
:1093A000836A022161F303038362164B9B68E2E741
:1093B000836D5C0620D5836A032161F30303836216
:1093C000104B1B69D7E7836D190715D5836A0421F4
:1093D00061F3030383620B4B5B69CCE70B4B5B6A66
:1093E0005B0709D5836A052161F303038362054B9B
:1093F0009B6BC0E70120CFE741F20170CCE700BFD3
:1094000000860424902B0000E02B000000140424AC
:1094100007B50B46114606281ED8DFE800F00421E8
:10942000333B47586400364A106A40025EBF106AF8
:1094300040F48000106213B90A20FFF781FF314B1E
:10944000D3F81C2122F08012C3F81C21D3F81C2170
:1094500042F00122C3F81C21002003B05DF804FB98
:10946000274A106A800207D4106A40F48010106204
:10947000106A40F400101062002BEDD10A20FFF7B3
:109480005FFFE9E71E4A106AC002F5D4106A40F493
:109490008010F0E71A4A106A00035EBF106A40F4B9
:1094A00000201062002BD7D10220E8E7144B1A6A83
:1094B0005203D1D41A6A42F480221A624FF4FA702D
:1094C0000191FFF73DFF019940F2DC50D7E70C4ACC
:1094D000106A80035EBF106A40F400301062002BF7
:1094E000BAD1FA20CBE7064A106AC0035EBF106A01
:1094F00040F480301062002BAED19620BFE700BF51
:10950000008104240080042410B50446002858D0AB
:109510000139052955D8DFE801F003131D2734452B
:10952000294BD969012262F30201D961274B9A6460
:109530005B6C264A1360A36D002BFCDA002010BD83
:10954000214BD969022262F30201D9611F4B9A644F
:10955000DB6AEEE71C4BD969032262F30201D96191
:109560001A4B9A64DB6BE4E7194B40229A83164B43
:10957000D969042262F30201D961144B9A641B6C0D
:10958000D7E7114B1A6AD2025EBF1A6A42F4801200
:109590001A62D969052262F30201D9610B4B9A6400
:1095A0001B6BC6E7012100220846FFF731FF064B7F
:1095B000D969062262F30201D961044B9A645B6B9C
:1095C000B7E70120BBE700BF00810424902B000017
:1095D00000801341013808B5052850D8DFE800F0B5
:1095E00003101A243140274BD969012262F312413A
:1095F000D961254BDA645B6C234A0020536008BDB7
:10960000204BD969022262F31241D9611E4BDA6400
:10961000DB6AF1E71B4BD969032262F31241D9617E
:10962000194BDA64DB6BE7E7184B40229A83154B42
:10963000D969042262F31241D961134BDA641B6CBD
:10964000DAE7002201210220FFF7E2FE0D4BD96983
:10965000052262F31241D9610B4BDA641B6BCBE735
:10966000012100220846FFF7D3FE064BD9690622E6
:1096700062F31241D961044BDA645B6BBCE70120F1
:10968000BDE700BF00810424902B0000008013413F
:1096900041F20273984221D011DC41F20453984206
:1096A0001CD005DCF8B101280CBF21200120704737
:1096B00041F2017398420CBF11200120704742F221
:1096C000041398420CD042F2061398420AD042F298
:1096D000031398420CBF21200120704721207047BE
:1096E000282070472B2070470378012B06D8437839
:1096F000013B0F2B94BF0020212070472120704791
:10970000174B1B78012B0CBF03780023C21852782B
:10971000012A22D800EB83004369D3B1114A934256
:1097200019D8D0F81431104A934207D9D0F854010F
:109730000E4B98428CBF212000207047B3F53D3F6F
:109740000BD8D0F85431B3F53E3F34BF0020212070
:1097500070472D207047282070472120704700BF98
:1097600024350000A0252600FFFF0524001B062449
:1097700011B1042900D07047014B1B68184700BF86
:109780002835000084B000B52DED028BE7B00DF553
:10979000D47C8CE80F003F4B9DF83D139DEDD08AA3
:1097A0001970CFA8FFF7A0FF002858D16AA8FFF7CB
:1097B000A7FF002853D1012908BF9DF8A8019DF8F3
:1097C0003C236AAB03EB4000012AB0F8F43003D12C
:1097D000012B4BD02B2042E0013B9BB240F2FE30EC
:1097E0008342F7D8002A41D101293FD92A4B6293FD
:1097F0004FF4C272BDF83C33ADF884316EA96846AF
:1098000003F09EFB6AAB0FCBFBF732FDFFF740FF87
:1098100028BB00236593FFF7C9F965909DED657A34
:10982000DFED1E7AB4EEE77AF1EE10FA02D51C48AD
:10983000FFF73CFCDFED1B7A6599B4EEE78AF1EEA9
:1098400010FA24D4DFED187AB4EEE78AF1EE10FABC
:109850001DDC18EE100AFAF7E7FBFFF719FF67B0F7
:10986000BDEC028B5DF804EB04B070470A4B6293C9
:109870006EA9BDF83C33ADF884314FF4C27268462E
:1098800003F05EFB6AAB0FCBFBF7C6FDBEE7212002
:10989000E5E700BF2435000071A720089A99194018
:1098A000A41400006666E63F6666664084B000B5B4
:1098B000E3B00DF5C87C8CE80F00C9A8FFF714FFD2
:1098C000D0B964A8FFF71CFFB0B99DF82423BDF8F8
:1098D0002433B2B99DF82523012A12D94FF4C2725C
:1098E00068A96846ADF8843103F02AFB64AB0FCB5E
:1098F000FBF790FEFFF7CCFE63B05DF804EB04B01D
:10990000704768A94FF4C2726846ADF8843103F01D
:1099100017FB64AB0FCBFCF761F8EBE7034620B114
:10992000044A106818B91360704722207047042059
:10993000704700BF2835000008B50348FCF76AFAF5
:10994000BDE80840FFF7A4BE0038042407B5ADF811
:10995000040001A8FFF7C8FE20B90198FAF79AFEA3
:10996000FFF796FE03B05DF804FB07B5ADF8040001
:1099700001A8FFF7B9FE20B90198FBF7BDFBFFF77F
:1099800087FE03B05DF804FB07B5ADF8040001A83D
:10999000FFF7AAFE20B90198FBF70EFEFFF778FE4D
:1099A000024B00221A6003B05DF804FB283500006A
:1099B000042902BF014B01221A70704734350000A0
:1099C00084B000B5E5B00DF5CC7C8CE80F009DF8B7
:1099D0002C33012B3BD19DF82D33013B0F2B36D877
:1099E0009DF89931002B32D11E4B6B9A9A4234D894
:1099F000BDF88C32012B32D11B4B62934FF4C272F3
:109A0000BDF82C33ADF884316AA9684603F098FAA2
:109A100066AB0FCBFFF7B6FED0B9BDF82C33ADF86F
:109A200084314FF4C2726AA9684603F089FA66ABC2
:109A30000FCBFFF73BFF58B90C48FFF76FFF38B962
:109A4000CB9865B05DF804EB04B0FFF77FBF212031
:109A500065B05DF804EB04B070472820F8E72B20D0
:109A6000F6E700BF404B4C003D0A2740B1A9200853
:109A700084B000B5E3B00DF5C87C8CE80F0014236A
:109A80008DF8E4310E4A0F4B0F4881930021FCF70B
:109A900098FA0E4B68A91B88ADF884314FF4C27256
:109AA000684603F04DFA64AB0FCBFFF7FFFE0038BA
:109AB00018BF012063B05DF804EB04B0704700BF2D
:109AC0005901000000004C42143A04241003000025
:109AD000012801D1FFF730BF38B9054BD3F8E02199
:109AE00060F30002C3F8E02170472120704700BFF7
:109AF0000038042484B000B5E3B00DF5C87C8CE8D0
:109B00000F00172301208DF8E431FFF7E1FF68B95A
:109B1000094B4FF4C2721B88ADF8843168A96846BE
:109B200003F00EFA64AB0FCBFFF7C0FE63B05DF835
:109B300004EB04B0704700BF100300002DE9F043B0
:109B40002DED028B0646E3B0002800F092804A4DCE
:109B50004FF4C27205F11001684603F0F1F995E87F
:109B60000F00FFF785FF2F460446002873D1434BB3
:109B70001A7862B118706A7841480121FCF708FA36
:109B800007EE900A3F4BF8EEE77AC3ED007A3E49C4
:109B90004FF4C272684603F0D3F997E80F00FFF75D
:109BA000A9FF0446002856D1DFF8D490374F4FF074
:109BB0000A086A7800214846FCF7EAF907EE900A9D
:109BC00008F1FF38F8EEE77A18F0FF08C7ED007AE1
:109BD000EFD1020545D520F400631B041B0C07EEF2
:109BE000903AF8EEE77AC7ED007AFFF797FB08EEB8
:109BF000100AFFF781FB08EE900AFFF79BFB214B51
:109C000097ED007AD3ED007ADFED216AB8EE488A4D
:109C1000C0F5707037EE487A77EEC87A0130C7EE3B
:109C2000275A07EE900AF8EEE77AF8EE688A87EE90
:109C3000A67A88EEA66AF0EE477A45EE867ADFEDE0
:109C4000156A9FED157A17EEA67A17EE100A01F045
:109C5000F3FCC6E90001204663B0BDEC028BBDE811
:109C6000F08340F400631BB207EE903AF8EE677A97
:109C7000B9E72224EFE700BF7C0100003435000083
:109C8000003804242C3500008C0100003035000021
:109C900000007A4400009B430080884307B5134BC3
:109CA000ADF804001B6A12489B6A04220121984700
:109CB0009DF80430012B16D19DF80530013B0F2B88
:109CC00011D80C4B5B68DB0705D4019803B05DF835
:109CD00004EBFFF759BE0198FFF747FE0028F4D0C8
:109CE00003B05DF804FB2120FAE700BF000130005B
:109CF0000014042400380424014BDB681B69184756
:109D0000000130000346012B084602D0022B08D088
:109D10007047074B182202FB01339B683BB10021BF
:109D20001847034B182202FB0133DB68F6E7704744
:109D3000583600000346012B084602D0022B08D0FB
:109D40007047074B182202FB01339B683BB100218F
:109D50001847034B182202FB0133DB68F6E7704714
:109D600038350000F8B50468012C054622D8124E9B
:109D700056F8242042B1536810498B4204D0104950
:109D80008B4201D01120F8BD0E4B0F49DB680F4804
:109D90001F680F4B51F8241053F8243050F824005A
:109DA000B8472B6846F8240056F82330002BE9D03A
:109DB0000020E8E72120E6E7483A000000000344DD
:109DC0000080072400013000140300002403000079
:109DD0002C0300002DE9F04129B1012803D80B68BC
:109DE00018B9202B0AD9212028E00C2BFBD8012AF6
:109DF000F9D82C4C64681CBB11201FE0012AF2D852
:109E0000284C2468002CF7D0BBBB4FF0200C264D0B
:109E1000264C0023AE46A0465E1CC0B9277927BB5E
:109E20001824634308EB03040E60C4E90200012513
:109E300048F8032025710B6883B30020BDE8F0814A
:109E400013B11948013B1AE04FF00C0CDFE72F79F2
:109E50005FB9182043430EEB030001240E60C0E9F4
:109E600002774EF803200471E5E7B445334605F167
:109E7000180504F11804CFD1DDE70C48013B182583
:109E80006B43C41824795CB9C2500B68013B05FBD5
:109E900003030122C3E902441A71CEE74620CDE74D
:109EA0004520CBE7483A000038350000583600001E
:109EB000012810B503D811B118B9202909D92120DA
:109EC00016E00C29FBD8C2B10D4B5B688BB9112091
:109ED0000EE092B10A4B1B68002BF8D01068094BBA
:109EE0000139182404FB013398605268DA600020BD
:109EF00010BD1068044B0139F3E72220F8E700BFDA
:109F0000483A00005836000038350000012830B5C6
:109F100036D8002934D0E8B9202931D8531E022B75
:109F20002ED8194B53F8203063B302F00203D20746
:109F300021D54C1E182578B9144A05FB04229060DF
:109F400033B1124B0139182202FB01310023CB60DF
:109F5000002030BD0C29E0E70D4A05FB042200205B
:109F60009060002BF4D00A4B1822013902FB013318
:109F70000022DA60ECE7002BEAD00028E1D0F2E71B
:109F80002120E6E71120E4E7483A000058360000B7
:109F9000383500002DE9F04F012897B005460C46F2
:109FA000164600F21A81002900F01781002840F0BF
:109FB0000281202900F21181D6F814C0BCF1000FF3
:109FC00000F00B8133680893002B00F00481736864
:109FD0000993002B00F0FF80D6F80CA0BAF1030F14
:109FE00000F2FB80B3680A93032B00F2F680777EC1
:109FF00007F0FD03012B40F0F080327E022A00F2D0
:10A00000EC80B07E072800F2E88033690793022BCA
:10A0100000F2E380744B53F825300B93002B00F0D3
:10A02000DE80013C1823002D40F0C780DFF8BCE142
:10A0300063430EEB030898F80480B8F1000F00F0BA
:10A04000D080B7F1010818BF4FF00108CDF840806B
:10A050005EF8033003F1FF3EDEF1000343EB0E0335
:10A0600002F1FF3E5FFA8EFEBEF1020F0F9300F188
:10A07000FF33DBB235BF4FF0010E4FF0000E002171
:10A080000A21CDF84CE0072B4FF0000E28BF704698
:10A09000012F14BF4FF003084FF00108BCF5806F8B
:10A0A00038BF0CF1FF33CDE91404CDE911EE0D9169
:10A0B00034BFC3F3090340F2FF331827002D7FD1CB
:10A0C0004A48DFF838E107FB0400C0E90428484AA1
:10A0D000484F52F825200C92002268F302026FF3D9
:10A0E000C30263F30D1257F8250002F0070BBBF112
:10A0F000020F01BFD0F80880D8F808906BF302096E
:10A10000C8F8089003F10108C445DFF8F480D8F8D6
:10A110000C1038BF0CF1FF33D1F808900D99CDF831
:10A1200000C038BFC3F309031B0143EA8133079919
:10A130004FEA016B0BF0407B43EA0B0B0A9B9B063B
:10A1400003F04063090701F040514BEA03030B435E
:10A1500043EA8A7302F00F021A430B9B05930C9B90
:10A16000E4B2CDE903E30FABCDE901232146DDE9FC
:10A170000823C847367EDEB9DFF86C90D8F80C307B
:10A1800059F82520DB6857F825102046984759F8DC
:10A19000251057F82500FFF7AFFD1F2C18D859F8E8
:10A1A00025305A6801235169A3400B43536130465F
:10A1B00017B0BDE8F08F0C29FCE6DFF83CE037E78C
:10A1C0000D48DFF840E007FB0400C0E904287EE703
:10A1D00040F20130ECE72220EAE72120E8E71120F5
:10A1E000E6E74820E4E700BF483A000058360000A0
:10A1F0001C030000240300003835000005AD2008D2
:10A200000001300035AD2008012813D891B160B9A4
:10A2100020290FD8094B1B6873B101395A68C9B29C
:10A2200001238B409362002070470C2902D8034B16
:10A230005B68F1E72120704711207047483A000021
:10A24000012808B50CD8084B53F8201051B1074B22
:10A2500053F82000FFF750FD003818BF012008BD5B
:10A260002120FCE71120FAE7483A0000240300000F
:10A27000034BC0001A580AB107221A50704700BF9A
:10A28000041213460278052A15D8437822B93A2BCE
:10A2900034BF002021207047511E012905D9032A0F
:10A2A00005D0042A05D0062BF2E7102BF0E70A2B85
:10A2B000EEE70C2BECE72120704700002DE9F84376
:10A2C0000C46904699460646002865D0002B63D080
:10A2D0000F2A03D921273846BDE8F883FFF7D2FFBC
:10A2E00007460028F7D13378032B1DD8082CF1D866
:10A2F0002A4951F824300BB10427ECE7284A1019F9
:10A30000155D037A90F90800002836DA254A03F033
:10A310000F03AD00EDB2D55441F824904346717857
:10A320003078224600F078FC3378042B14D1072CC7
:10A33000D0D81D4B53F82420002ADDD11B4A4FF4FE
:10A3400080211160482182F8121343F8249041467D
:10A350007278E0B200F0A6FE3378052BBBD1042C56
:10A36000B8D8134B53F82420002AC5D1E1B2404697
:10A3700043F8249000F0B2FFADE7012003F01F0284
:10A3800090404FEA531C094A42F82C00AD001A4491
:10A39000EDB282F80053BFE722279CE7943A000011
:10A3A000FD01210814ED00E06C3A000000E100E03E
:10A3B000503A0000F8B50E461746054678B1FFF74B
:10A3C00061FF044648B90F2E0BD8012F09D86978D0
:10A3D00028783B46324600F047FD2046F8BD22244F
:10A3E000FBE72124F9E7392808B503D800F020FE5F
:10A3F000002008BD2120FCE7222808B503D800F082
:10A40000A5FB002008BD2120FCE708B5A0F1190339
:10A41000052B03D800F0B0FB002008BD2120FCE78D
:10A42000012808B503D800F019FE002008BD21203E
:10A43000FCE7012808B503D800F0ACFB002008BDFC
:10A440002120FCE70B2808B503D800F0B9FE002056
:10A4500008BD2120FCE7052808B505D8072903D841
:10A4600000F0C2FE002008BD2120FCE7052808B549
:10A4700005D8012903D800F0D3FE002008BD212013
:10A48000FCE7000073B5C4B2032C01903DD801A8CD
:10A49000FFF7F8FE60BB304B9DF8055003EB04134B
:10A4A0002601585D60B309282AD0C4B9A5F1190363
:10A4B000052B22D8FFF7A9FFD0B92846FFF793FF55
:10A4C000B0B90022114601A8FFF774FF80B99DF8CA
:10A4D00006202946204600F047FD002008E0012C18
:10A4E00008D1A5F10903052B04D8FFF78EFF48B169
:10A4F00002B070BDFFF780FFF9E7FFF77DFFDBE7F4
:10A50000002CDAD0A819C0B2D8E7042C0ED19DF8DF
:10A510000550124B585DFFF76FFF0028E8D1284621
:10A52000FFF790FF0028E3D10246CBE7052CD4D1FA
:10A530009DF8054001212046FFF798FF0028D7D15C
:10A5400001462046FFF787FF0028D1D19DF806106D
:10A55000204600F081FEC0E7B1012108A5012108D5
:10A56000102808B503D800F01FFB002008BD2120EB
:10A57000FCE7000070B56AB1094E56F821405CB99D
:10A580000F280BD8042909D846F8212000F0A6FE90
:10A59000204670BD2220FCE70420FAE72120F8E7DE
:10A5A000503A00000F2808B503D800F013FB002034
:10A5B00008BD2120FCE7012808B503D800F014FBF2
:10A5C000002008BD2120FCE71E4B70B500211E4D68
:10A5D00019610C4608460131FFF74AFE082945F883
:10A5E000044BF7D1194D0020FFF723FF01202C6009
:10A5F000FFF71FFF6C600024154D2646E0B20134C2
:10A60000FFF7AEFF052C45F8046BF7D10024114E7F
:10A61000254620460134FFF7C5FF082C46F8045BA9
:10A62000F7D10D4C0020FFF7C6FF01202560FFF792
:10A63000C2FF0020656000F011FD012000F00EFD5A
:10A64000002070BD00000812943A00008C3A00000F
:10A65000503A00006C3A0000643A000010B5002047
:10A66000FFF706FE024BBDE810401B6800201847AC
:10A67000943A000010B50120FFF7FAFD024BBDE847
:10A6800010405B6801201847943A000010B5022082
:10A69000FFF7EEFD024BBDE810409B680220184713
:10A6A000943A000010B50320FFF7E2FD024BBDE82D
:10A6B0001040DB6803201847943A000010B50420CE
:10A6C000FFF7D6FD024BBDE810401B690420184778
:10A6D000943A000010B50520FFF7CAFD024BBDE813
:10A6E00010405B6905201847943A000010B5062019
:10A6F000FFF7BEFD024BBDE810409B6906201847DE
:10A70000943A000010B50720FFF7B2FD024BBDE8F8
:10A710001040DB6907201847943A000010B500206C
:10A7200000F038FA024BBDE810401B6800201847C3
:10A730008C3A000010B5012000F02CFA024BBDE865
:10A7400010405B68012018478C3A000010B500F0FB
:10A7500031FAC00702D5012000F026FA00F02AFAEB
:10A7600010F0020403D0022000F01EFA012400F0D1
:10A7700021FA410703D5042000F016FA022400F064
:10A7800019FA020703D5082000F00EFA032400F09E
:10A7900011FAC30603D5102000F006FA0424044B76
:10A7A00053F824301BB12046BDE81040184710BDB7
:10A7B000503A000010B5002000F004FA012802D140
:10A7C000002000F007FA012000F0FCF901280446FF
:10A7D0003ED100F0FFF9022000F0F4F9012803D186
:10A7E000022000F0F7F90224032000F0EBF9012821
:10A7F00003D1032000F0EEF90324042000F0E2F975
:10A80000012803D1042000F0E5F90424052000F01C
:10A81000D9F9012803D1052000F0DCF90524062030
:10A8200000F0D0F9012803D1062000F0D3F9062466
:10A83000072000F0C7F9012803D1072000F0CAF96A
:10A840000724044B204653F82430BDE81040184735
:10A850000024C0E76C3A000010B50021042000F08D
:10A8600083FC012802D1002000F0BEF90121042060
:10A8700000F07AFC0128044608D100F0B5F9044B39
:10A88000204653F82430BDE8104018470024F6E76E
:10A89000643A000070B5850F14D0012D14D0022D3C
:10A8A0000A4B18BF002320F04044012C03D15B6AFF
:10A8B000002113209847064B204653F82530BDE869
:10A8C00070401847034BEEE7034BECE700FF20080E
:10A8D000B43A000058FF20082CFF20080B300B284A
:10A8E0009ABF024B185C0120704700BF0D0221087F
:10A8F000064B984207D0064B984204D0054BC31A2A
:10A900005842584170470120704700BF58FF200847
:10A910002CFF200800FF2008084B984202D101209C
:10A92000F9F71CB9064B984201D10220F8E7054B14
:10A93000984201D10320F3E7704700BF58FF200879
:10A940002CFF200800FF2008012838B504460D46DA
:10A9500023D11D4B1C792046F9F71CF9012822D080
:10A96000032C24D8012C26D0022C26D0032C174CE3
:10A9700018BF00241DB32C60A36815489847FFF743
:10A98000ADFF88B92046FFF7B3FFD0B1236902209D
:10A990009847BDE83840FFF7A1BF022809D0F9F772
:10A9A000F9F8012801D1042038BD032CDED901209B
:10A9B000FAE7084BCEE7084CDCE7084CDAE7222040
:10A9C000F2E72120F0E700BF4803000000FF200865
:10A9D00095B820083403000058FF20082CFF2008F9
:10A9E000284A904270B506460D4624D0264B984220
:10A9F00023D0002942D0002840D03046FFF778FF0E
:10AA000000283DD0E868214B984239D8AC68B4F5AD
:10AA1000A06F35D82B78191F0C2931D86968032904
:10AA20000DD11B4988422BD844EA033444F48014E6
:10AA300044F001040AE0174DDFE7174DDDE71FD8AA
:10AA4000022944EA0334F1D144F002049642296910
:10AA50000AD10120F9F766F8736AE9682046984739
:10AA6000BDE87040FFF73ABF074B9E4201D102207C
:10AA7000F0E70A4B9E42EFD10320EBE7222070BDA6
:10AA80002120FCE758FF20082CFF2008005A620212
:10AA9000404B4C00480300003403000000FF200836
:10AAA000F8B5044616461F460D46E9B1E2B1D8B1E5
:10AAB000FFF71EFFD0B1CFB10D4B9C420BD120460A
:10AAC000FFF72AFFE3693A46314628469847BDE832
:10AAD000F840FFF703BF636A012113209847FFF78F
:10AAE000FDFE0028EBD0F8BD2220FCE72120FAE78C
:10AAF0002CFF200808B50246C8B1C1B1FFF7F8FE27
:10AB0000B8B10E4B9A420ED00D4B9A420DD00D4B60
:10AB1000D31A5A425A4152000B4B53F8220050B9F3
:10AB200043F8221008BD0022F6E70122F4E72220B4
:10AB3000F8E72120F6E70420F4E700BF58FF2008DB
:10AB40002CFF200800FF2008B43A00001528094A0D
:10AB50004FF0010307D9D2F81816163883400B437B
:10AB6000C2F818367047D2F8101683400B43C2F86B
:10AB70001036704700003041A0F11903052B06D8AC
:10AB8000034A0C38516C012383400B4353647047D4
:10AB900000800046034BC0001A5842F001021A50D0
:10ABA000704700BF44121346014B40009860704745
:10ABB00000000812024BD868C0F34400704700BF81
:10ABC00000000812024BC000185800F00100704746
:10ABD00004D20424034BC0001A5842F001021A5058
:10ABE000704700BF04D20424034BC0001A5842F03F
:10ABF00001021A50704700BF44D2042408B50A4627
:10AC00000146044801F08CFFBDE808400D2001F02A
:10AC100099BF00BF190221082DE9F04180460D4679
:10AC200016461F4603287FD8DFE800F002172628C3
:10AC30004B297DD940483F21FFF7E0FF0F2F1FD957
:10AC40003D484021FFF7DAFF082E1FD93A4841213D
:10AC5000FFF7D4FF0F2D1DD918E03B2968D93648DE
:10AC60003F21FFF7CBFF0F2FEED933484021FFF7ED
:10AC7000C5FF082EEED9E9E72B29EFE71B29D8E716
:10AC8000082E03D92C484121FFF7B8FF4FEA1518C9
:10AC900005F00F0506F51072284C54F8323068F3B1
:10ACA0000D3344F8323054F8323065F30B2344F856
:10ACB000323054F8323017F0080114BF43F0080363
:10ACC00061F3C30344F8323054F8323017F0040112
:10ACD0000CBF61F3820343F0040344F83230174B96
:10ACE00053F8321017F001000CBF60F3000141F07F
:10ACF000010143F83210114917F0020315BF51F852
:10AD0000323051F8320043F0020363F3410014BFC4
:10AD100041F8323041F8320051F832306FF3041309
:10AD200041F83230BDE8F08103483F21FFF766FF6C
:10AD30000F2F9ED999E700BF3F022108000013465C
:10AD4000052838B505460C460AD920484FF49B71B2
:10AD5000FFF754FF1D484FF49F71FFF74FFF2EE0A0
:10AD600003280ED9042828D10B2904D9174840F20A
:10AD70003B11FFF743FF240104F1105404F598241C
:10AD80000EE080B94B2904D910484FF49C71FFF7AD
:10AD900035FF04EB0514240104F18C4404F59814E8
:10ADA0000123636038BD012801D13B29EBE702286C
:10ADB00001D12B29E7E71B29E5E70529CAD8044B70
:10ADC000A4001A5942F020021A51EBE7F0002108C2
:10ADD0001C860424052838B505460C460AD92048A7
:10ADE0004FF4CE71FFF70AFF1D484FF4D271FFF701
:10ADF00005FF2EE003280ED9042828D10B2904D9F9
:10AE0000174840F2A111FFF7F9FE240104F1105494
:10AE100004F598240EE080B94B2904D910484FF46A
:10AE2000CF71FFF7EBFE04EB0514240104F18C4411
:10AE300004F598140023636038BD012801D13B2933
:10AE4000EBE7022801D12B29E7E71B29E5E70529D4
:10AE5000CAD8044BA4001A596FF345121A51EBE7F4
:10AE6000F00021081C860424012BF8B506460C4688
:10AE7000154617D939487E21FFF7C0FE002D37D07F
:10AE800021463046FFF75CFF042E05F00F014DD13F
:10AE90000A2D3BD8324A2301D05861F38500D050A7
:10AEA00075B3F8BD82B102F00F07002BE8D1FFF7B0
:10AEB00091FF042E34D10A2D28D8294B24011A5988
:10AEC00067F385021A51ECE7042815BF04EB001262
:10AED00023492449220118BF1201885865F38500CF
:10AEE00088506BB921463046BDE8F840FFF772BF85
:10AEF000042E2DD11A4A2301D15865F38501D15072
:10AF000021463046BDE8F840FFF71ABF13488A21B2
:10AF1000FFF774FE124B24011A5965F38502D1E73D
:10AF20000F2D0DD80F4B04EB0614C7E70F2D07D8D4
:10AF300004EB06140B4B24011A5961F38502C1E797
:10AF400006488F21FFF75AFE04EB0614054BE2E793
:10AF500004EB0613034A1B01CEE700BF3F022108A2
:10AF600000C00424000013460528F8B505460C4629
:10AF7000164602F0010719D92948D821FFF73EFEED
:10AF8000012E19D92648D921FFF738FE052C03D9FF
:10AF90002348E321FFF732FEE4212148FFF72EFE8C
:10AFA000204BA4001A5967F3041223E0012A07D8A2
:10AFB000032815D904280BD0052CF1D9E321ECE79F
:10AFC0001748D921FFF71AFE032D09D9042DDDD129
:10AFD0000B2C03D91248DF21FFF710FE124B05E0BE
:10AFE00055B94B2C10D8114B04EB051424011A59F8
:10AFF00067F300021A51F8BD012D0AD13B2C8CBF1A
:10B0000000230123002BEED10548DB21FFF7F6FDDD
:10B01000E9E7022D01D12B2CF1E71B2CE2E700BF61
:10B020003F0221081C86042400C0042400001346AB
:10B030003F2810B5044604D9064840F21B11FFF71B
:10B04000DDFD054800EB8400036843F01003036056
:10B0500010BD00BF3F02210800400046012808B58E
:10B060000ED90E4840F28911FFF7C8FD0C4B1A6843
:10B0700042F480421A601A6842F480121A600BE0AF
:10B080000028F3D14FF08C431A6942F480321A61E0
:10B090009A6842F400129A6008BD00BF3F0221087E
:10B0A000001404240C2A70B505460E46144604D933
:10B0B0002B484FF43D71FFF7A1FD0F2E04D928480E
:10B0C00040F2F521FFF79AFD0C2D04D9244840F2F7
:10B0D000F621FFF793FD05F51070224B53F8302051
:10B0E0006FF30D3243F8302053F8302064F30B2215
:10B0F00043F8302053F8302016F0080114BF42F016
:10B10000080261F3C30243F8302053F8302016F0F0
:10B11000040114BF42F0040261F3820243F83020BC
:10B12000104B53F8302016F0010114BF42F0010219
:10B1300061F3000243F830200A4B53F8302016F038
:10B14000020114BF42F0020261F3410243F83020D1
:10B1500053F830206FF3041243F8302070BD00BF65
:10B160003F02210800C00424052870B506460D469C
:10B1700001F5127411D9114840F24B31FFF73EFD31
:10B18000012D04D90D484FF45371FFF737FDE3004B
:10B1900003F18C4303F598130DE0012904D9074806
:10B1A0004FF45371FFF72AFD042EF0D1E30003F1B1
:10B1B000105303F59823586870BD00BF3F02210863
:10B1C0000C2810B5044604D9054840F27B31FFF73E
:10B1D00015FD044B01209A68A0401043986010BDF3
:10B1E0003F02210800A00424052838B504460D4676
:10B1F00004D909484FF47871FFF700FD0A2D04D9EE
:10B20000054840F2E131FFF7F9FC044BA4001A595C
:10B2100065F302021A5138BD3F0221081C8604243E
:10B22000052838B504460D4604D9094840F2EE31E8
:10B23000FFF7E4FC012D04D9054840F2EF31FFF798
:10B24000DDFC044BA4001A5965F3C3021A5138BD42
:10B250003F0221081C860424052838B504460D4603
:10B2600004D9094840F2FF31FFF7C8FC012D04D989
:10B2700005484FF48061FFF7C1FC044BA4001A5944
:10B2800065F304121A5138BD3F0221081C860424BC
:10B29000052810B5044604D9054840F24641FFF799
:10B2A000ADFC044B5869E04000F0010010BD00BF48
:10B2B0003F02210800000812102810B5044604D9E6
:10B2C00004484FF49061FFF799FC034B64005C6005
:10B2D00010BD00BF3F022108000008120F2870B502
:10B2E00005460E4604D91F4840F2AD41FFF786FCE3
:10B2F000082E04D91B4840F2AE41FFF77FFC012421
:10B30000B440E6B23046FFF7D7FF174B1A6915F085
:10B31000040F14BF3243B2431A61134B220219695E
:10B3200092B215F0080F14BF0A4321EA02021A6113
:10B330000D4B2204196902F47F0215F0020F14BFAD
:10B340000A4321EA02021A61074B1A69240615F022
:10B35000010F14BF2243A2431A61044B4FF40012A1
:10B360001A6070BD3F0221080000081200E100E0F1
:10B3700081F0004102E000BF83F0004330B54FEAA6
:10B3800041044FEA430594EA050F08BF90EA020F13
:10B390001FBF54EA000C55EA020C7FEA645C7FEAA6
:10B3A000655C00F0E2804FEA5454D4EB5555B8BFC9
:10B3B0006D420CDD2C4480EA020281EA030382EA3A
:10B3C000000083EA010180EA020281EA0303362DCC
:10B3D00088BF30BD11F0004F4FEA01314FF4801C9F
:10B3E0004CEA113102D0404261EB410113F0004FB1
:10B3F0004FEA03334CEA133302D0524263EB430368
:10B4000094EA050F00F0A780A4F10104D5F1200E05
:10B410000DDB02FA0EFC22FA05F2801841F1000160
:10B4200003FA0EF2801843FA05F359410EE0A5F134
:10B4300020050EF1200E012A03FA0EFC28BF4CF065
:10B44000020C43FA05F3C01851EBE37101F000451B
:10B4500007D54FF0000EDCF1000C7EEB00006EEB28
:10B460000101B1F5801F1BD3B1F5001F0CD34908B2
:10B470005FEA30004FEA3C0C04F101044FEA445209
:10B4800012F5800F80F09A80BCF1004F08BF5FEA90
:10B49000500C50F1000041EB045141EA050130BD70
:10B4A0005FEA4C0C404141EB0101013C28BFB1F582
:10B4B000801FE9D291F0000F04BF01460020B1FACD
:10B4C00081F308BF2033A3F10B03B3F120020CDAA0
:10B4D0000C3208DD02F1140CC2F10C0201FA0CF07E
:10B4E00021FA02F10CE002F11402D8BFC2F1200CE3
:10B4F00001FA02F120FA0CFCDCBF41EA0C01904099
:10B50000E41AA2BF01EB0451294330BD6FEA0404E1
:10B510001F3C1CDA0C340EDC04F11404C4F12002CC
:10B5200020FA04F001FA02F340EA030021FA04F3DE
:10B5300045EA030130BDC4F10C04C4F1200220FA35
:10B5400002F001FA04F340EA0300294630BD21FA73
:10B5500004F0294630BD94F0000F83F4801306BF39
:10B5600081F480110134013D4EE77FEA645C18BF2D
:10B570007FEA655C29D094EA050F08BF90EA020FC4
:10B5800005D054EA000C04BF1946104630BD91EABC
:10B59000030F1EBF0021002030BD5FEA545C05D1BF
:10B5A0004000494128BF41F0004130BD14F58004FE
:10B5B0003CBF01F5801130BD01F0004545F0FE4172
:10B5C00041F470014FF0000030BD7FEA645C1ABFA7
:10B5D000194610467FEA655C1CBF0B46024650EADE
:10B5E000013406BF52EA033591EA030F41F400210A
:10B5F00030BD00BF90F0000F04BF0021704730B590
:10B600004FF4806404F132044FF000054FF0000164
:10B6100050E700BF90F0000F04BF0021704730B525
:10B620004FF4806404F1320410F0004548BF4042FA
:10B630004FF000013EE700BF42004FEAE2014FEA4F
:10B6400031014FEA02701FBF12F07F4393F07F4F2A
:10B6500081F06051704732F07F4208BF704793F02D
:10B660007F4F04BF41F40021704730B54FF4607440
:10B6700001F0004521F000411CE700BF50EA010243
:10B6800008BF704730B54FF000050AE050EA0102EC
:10B6900008BF704730B511F0004502D5404261EB5C
:10B6A00041014FF4806404F132045FEA915C3FF49D
:10B6B000D8AE4FF003025FEADC0C18BF03325FEA3A
:10B6C000DC0C18BF033202EBDC02C2F1200300FAEB
:10B6D00003FC20FA02F001FA03FE40EA0E0021FA10
:10B6E00002F11444BDE600BF70B54FF0FF0C4CF4FE
:10B6F000E06C1CEA11541DBF1CEA135594EA0C0FB0
:10B7000095EA0C0F00F0DEF82C4481EA030621EAEA
:10B710004C5123EA4C5350EA013518BF52EA033525
:10B7200041F4801143F4801338D0A0FB02CE4FF0D7
:10B730000005E1FB02E506F00042E0FB03E54FF007
:10B740000006E1FB03569CF0000F18BF4EF0010EFF
:10B75000A4F1FF04B6F5007F64F5407404D25FEAFB
:10B760004E0E6D4146EB060642EAC62141EA5551AE
:10B770004FEAC52040EA5E504FEACE2EB4F1FD0CF0
:10B7800088BFBCF5E06F1ED8BEF1004F08BF5FEA6E
:10B79000500E50F1000041EB045170BD06F0004620
:10B7A00046EA010140EA020081EA0301B4EB5C04CD
:10B7B000C2BFD4EB0C0541EA045170BD41F48011C5
:10B7C0004FF0000E013C00F3AB8014F1360FDEBFEA
:10B7D000002001F0004170BDC4F10004203C35DAC6
:10B7E0000C341BDC04F11404C4F1200500FA05F349
:10B7F00020FA04F001FA05F240EA020001F00042EA
:10B8000021F0004110EBD37021FA04F642EB06015F
:10B810005EEA430E08BF20EAD37070BDC4F10C0489
:10B82000C4F1200500FA04F320FA05F001FA04F24D
:10B8300040EA020001F0004110EBD37041F1000139
:10B840005EEA430E08BF20EAD37070BDC4F1200544
:10B8500000FA05F24EEA020E20FA04F301FA05F2AC
:10B8600043EA020321FA04F001F0004121FA04F254
:10B8700020EA020000EBD3705EEA430E08BF20EA24
:10B88000D37070BD94F0000F0FD101F0004640005E
:10B8900041EB010111F4801F08BF013CF7D041EAE0
:10B8A000060195F0000F18BF704703F000465200E4
:10B8B00043EB030313F4801F08BF013DF7D043EAB5
:10B8C0000603704794EA0C0F0CEA135518BF95EA6B
:10B8D0000C0F0CD050EA410618BF52EA4306D1D1F2
:10B8E00081EA030101F000414FF0000070BD50EA11
:10B8F000410606BF1046194652EA430619D094EA9B
:10B900000C0F02D150EA013613D195EA0C0F05D184
:10B9100052EA03361CBF104619460AD181EA0301D8
:10B9200001F0004141F0FE4141F470014FF0000090
:10B9300070BD41F0FE4141F4780170BD70B54FF02B
:10B94000FF0C4CF4E06C1CEA11541DBF1CEA1355AB
:10B9500094EA0C0F95EA0C0F00F0A7F8A4EB05048D
:10B9600081EA030E52EA03354FEA013100F0888084
:10B970004FEA03334FF0805545EA131343EA12634D
:10B980004FEA022245EA111545EA10654FEA002602
:10B990000EF000419D4208BF964244F1FD0404F5BB
:10B9A000407402D25B084FEA3202B61A65EB030517
:10B9B0005B084FEA32024FF480104FF4002CB6EBD4
:10B9C000020E75EB030E22BFB61A754640EA0C0054
:10B9D0005B084FEA3202B6EB020E75EB030E22BF94
:10B9E000B61A754640EA5C005B084FEA3202B6EBD5
:10B9F000020E75EB030E22BFB61A754640EA9C0094
:10BA00005B084FEA3202B6EB020E75EB030E22BF63
:10BA1000B61A754640EADC0055EA060E18D04FEA21
:10BA2000051545EA16754FEA06164FEAC30343EAC1
:10BA300052734FEAC2025FEA1C1CC0D111F4801F8E
:10BA40000BD141EA00014FF000004FF0004CB6E787
:10BA500011F4801F04BF01430020B4F1FD0C88BF26
:10BA6000BCF5E06F3FF6AFAEB5EB030C04BFB6EB31
:10BA7000020C5FEA500C50F1000041EB045170BD24
:10BA80000EF0004E4EEA113114EB5C04C2BFD4EB51
:10BA90000C0541EA045170BD41F480114FF0000ED5
:10BAA000013C90E645EA060E8DE60CEA135594EA51
:10BAB0000C0F08BF95EA0C0F3FF43BAF94EA0C0F54
:10BAC0000AD150EA01347FF434AF95EA0C0F7FF4C9
:10BAD00025AF104619462CE795EA0C0F06D152EA1D
:10BAE00003353FF4FDAE1046194622E750EA410601
:10BAF00018BF52EA43067FF4C5AE50EA41047FF412
:10BB00000DAF52EA43057FF4EBAE12E74FF0FF3C76
:10BB100006E000BF4FF0010C02E000BF4FF0010C47
:10BB20004DF804CD4FEA410C7FEA6C5C4FEA430CC0
:10BB300018BF7FEA6C5C1BD001B050EA410C0CBF0F
:10BB400052EA430C91EA030F02BF90EA020F002071
:10BB5000704710F1000F91EA030F58BF994208BFD8
:10BB600090422CBFD8176FEAE37040F00100704795
:10BB70004FEA410C7FEA6C5C02D150EA013C07D1EC
:10BB80004FEA430C7FEA6C5CD6D152EA033CD3D037
:10BB90005DF8040B704700BF8446104662468C4631
:10BBA0001946634600E000BF01B5FFF7B7FF002864
:10BBB00048BF10F1000F01BD4DF808EDFFF7F4FF8D
:10BBC0000CBF012000205DF808FB00BF4DF808ED18
:10BBD000FFF7EAFF34BF012000205DF808FB00BF3B
:10BBE0004DF808EDFFF7E0FF94BF012000205DF85D
:10BBF00008FB00BF4DF808EDFFF7CEFF94BF012012
:10BC000000205DF808FB00BF4DF808EDFFF7C4FF0A
:10BC100034BF012000205DF808FB00BF4A0011D2AC
:10BC200012F5001211D20DD56FF47873B3EB625296
:10BC30000ED44FEAC12343F0004343EA505323FAA2
:10BC400002F070474FF00000704750EA013002D117
:10BC50004FF0FF3070474FF00000704753B94AB9BA
:10BC6000002908BF00281CBF4FF0FF314FF0FF3004
:10BC700000F06AB9ADF1080C6DE904CE00F006F8E9
:10BC8000DDF804E0DDE9022304B070472DE9F04758
:10BC9000089D0C46002B4ED194468C458646B2FA40
:10BCA00082F262D94AB1C2F12003914020FA03F333
:10BCB0000CFA02FC194300FA02FE4FEA1C471FFA75
:10BCC0008CF6B1FBF7F44FEA1E4307FB141143EA6D
:10BCD000014304FB06F199420AD91CEB030304F16A
:10BCE000FF3080F01381994240F21081023C63449E
:10BCF000591A1FFA8EF3B1FBF7F007FB101143EA54
:10BD0000014300FB06F69E420AD91CEB030300F137
:10BD1000FF3180F0FD809E4240F2FA806344023899
:10BD20009B1B40EA044000211DB1D3400022C5E91D
:10BD30000032BDE8F0878B4205D90DB1C5E900019D
:10BD400000210846F5E7B3FA83F1002946D1A34262
:10BD500002D39042C0F0F180861A64EB0303012005
:10BD6000002DE6D0C5E90063E3E7002A40F09180AA
:10BD7000A1EB0C044FEA1C481FFA8CF70121B4FB1D
:10BD8000F8F64FEA1E4308FB164443EA044307FB58
:10BD900006F0984208D91CEB030306F1FF3402D2E7
:10BDA000984200F2CE8026461C1A1FFA8EF3B4FB8E
:10BDB000F8F008FB104443EA044300FB07F79F42F6
:10BDC00008D91CEB030300F1FF3402D29F4200F2BA
:10BDD000B1802046DB1B40EA0640A5E7C1F1200602
:10BDE0008B4022FA06F71F4320FA06FC04FA01F3FF
:10BDF00043EA0C03F44000FA01F8380C4FEA134907
:10BE0000B4FBF0FE1FFA87FC00FB1E4449EA044421
:10BE10000EFB0CF9A14502FA01F20AD93C190EF108
:10BE2000FF3A80F08580A14540F28280AEF1020E9B
:10BE30003C44A4EB09041FFA83F9B4FBF0F300FBC4
:10BE4000134449EA044403FB0CFCA44507D93C19FC
:10BE500003F1FF3068D2A44566D9023B3C4443EA73
:10BE60000E40A0FB0293A4EB0C049C42CE469C46E1
:10BE700052D34FD055B1B8EB0E0364EB0C0404FA67
:10BE800006F6CB40CC401E43C5E900640021BDE866
:10BE9000F087C2F1200320FA03F10CFA02FC24FA25
:10BEA00003F394400C434FEA1C4800FA02FE1FFAC9
:10BEB0008CF7B3FBF8F008FB1031230C43EA014385
:10BEC00000FB07F1994208D91CEB030300F1FF3690
:10BED0002CD299422AD9023863445B1AA4B2B3FB2C
:10BEE000F8F108FB113344EA034401FB07F3A342D2
:10BEF00008D91CEB040401F1FF3613D2A34211D977
:10BF000002396444E41A41EA004138E70446EFE6A6
:10BF1000084605E7C845ADD2B9EB020E63EB070C46
:10BF20000138A7E73146EDE7034698E73046D4E706
:10BF3000D6467EE7634402384CE706462346084669
:10BF40000EE7023E63442FE7704700BF024B0146F5
:10BF5000186800F02DB800BF68030000024B0146CE
:10BF6000186801F0B7BE00BF6803000070B50F4E3F
:10BF70000C463168054611B900F062FF3060214679
:10BF8000284600F05DFF431C03D14FF0FF342046EC
:10BF900070BDC41C24F00304A042F8D0211A284626
:10BFA00000F04EFF0130F2D1EFE700BFC03A0000D1
:10BFB0002DE9F041CD1C25F0030508350C2D38BFC7
:10BFC0000C25002D064601DBA94204D90C23336061
:10BFD0000020BDE8F081314F00F062F83B681C465C
:10BFE00044BB29463046FFF7C1FF431C044650D1ED
:10BFF0003C682146002941D1002C44D023683046BA
:10C0000004EB030800F01CFF80453CD121686D1A49
:10C0100029463046FFF7AAFF013034D023682B446D
:10C0200023603B68002B36D05A68A24229D10022F7
:10C030005A600EE02268521B1DD40B2A16D96119D2
:10C04000A342256018BF5960636808BF3960625118
:10C050004B60304600F02AF804F10B00231D20F05D
:10C060000700C21AB5D01B1AA350B2E7A3426268F8
:10C07000DED13A60EDE723466468B1E70C464968D3
:10C08000B8E71346CEE70C233360304600F00EF8D5
:10C090009EE70560DDE75B60FFDE00BFC43A00009D
:10C0A000014800F0F6BE00BF083C0000014800F067
:10C0B000F1BE00BF083C00002DE9F04F89B0DDE97A
:10C0C0001598002B1D461446BCBF03F100431446CF
:10C0D00028F0200A149AB6BF1D4600232D23BAF17A
:10C0E000460FDDE9126B137005D0BAF1450F00D190
:10C0F0000136022300E0032307AA049206AACDE931
:10C100000292CDE9003622462B4600F0B9FFB8F185
:10C11000670F074619D11BF0010F0ED007EB060879
:10C120000022002320462946FFF746FD08B1CDF83E
:10C130001C803022079B434521D3079B179ADB1BAA
:10C140003846136009B0BDE8F08FB8F1470FE2D070
:10C15000BAF1460F00EB0608E2D10378302B0AD182
:10C160000022002320462946FFF726FD18B9C6F114
:10C170000106C9F80060D9F800309844D0E7591C8E
:10C1800007911A70D6E7F7B50029BABF49422D23A7
:10C190002B2309290270437029DD0DF107031D4689
:10C1A0000A271A46B1FBF7F607FB1614303402F8DB
:10C1B000014C0C46632C03F1FF333146F1DC303186
:10C1C000941E03F8011C411C2346AB420AD30DF117
:10C1D00009039B1AAC4288BF002302330344181A98
:10C1E00003B0F0BD13F8016B01F8016FEDE73023E8
:10C1F00030318370C170031DF1E700002DE9F04F6D
:10C2000091B00C46DDF8688016461F46054600F0E2
:10C21000DFFD03680893184600F0A0FE00230E938C
:10C22000D8F800300990073323F0070303F1080220
:10C2300094F818A0D4F800B0C8F80020D3E9008919
:10C2400029F000430B93CDF82880C4E91289DDE979
:10C250000A019C4B4FF0FF3202F0DEFC70BBDDE9BF
:10C260000A01984B4FF0FF32FFF7BAFC30BB0022B7
:10C27000002340464946FFF7A9FC10B12D2384F85E
:10C280004330914A914BBAF1470F94BF904698467C
:10C29000032323612BF0040323604FF00009009770
:10C2A00033460FAA2146284600F0DEF9013040F05F
:10C2B00099804FF0FF3011B0BDE8F08F42464B46F9
:10C2C0004046494602F0A8FC40B14B46002BBCBF9B
:10C2D0002D2384F843307E4A7E4BD4E763685A1C92
:10C2E00029D1062363604BF4806300222360069209
:10C2F0000EAACDE904A20DAA03920DF13302CDE9F5
:10C3000001326368009342464B462846FFF7D4FE4D
:10C31000BAF1670F0D99804615D1CB1C3BDB6368E2
:10C32000994238DC0E9B994255DB23682161D8077E
:10C3300045D54B1C42E00AF0DF02472AD3D1002B3F
:10C34000D1D10123CEE7BAF1470F07D1C81C25DBB5
:10C3500063688B4222DB4FF0670AE3E7BAF1650FAF
:10C360001FD80139524604F150000D91FFF70BFF21
:10C370000E9A1318012A8146236102DC2268D20733
:10C3800001D5013323619DF83330002B87D02D2355
:10C3900084F8433083E74FF0650AE2E74FF0450A3F
:10C3A000DFE7BAF1660FBDD1002963680BDD2161BB
:10C3B00013B92268D00702D501330B442361A1656C
:10C3C0004FF00009DFE713B92268D20701D5023325
:10C3D000F4E70123F2E70029D4BFC1F102020122F0
:10C3E0001344EBE723685A0507D4236942463146D4
:10C3F0002846B84701302BD15BE7BAF1650F40F210
:10C40000DC80D4E9120100220023FFF7D5FB0028CD
:10C4100033D0314A012331462846B84701303FF432
:10C4200048AFDDE90D38434502DB2368D8070FD557
:10C43000DDE9082331462846B84701303FF439AFDB
:10C440004FF0000908F1FF3804F11A0AC84509DC69
:10C4500023689B0700F10281E0680F9B9842B8BFF8
:10C46000184628E70123524631462846B84701308E
:10C470003FF41FAF09F10109E8E70D9B002B38DC01
:10C48000154A012331462846B84701303FF411AF21
:10C49000DDE90D3959EA030302D12368D907D7D55D
:10C4A000DDE9082331462846B84701303FF401AFA3
:10C4B0004FF0000A04F11A0B0D9B5B4253450DDC53
:10C4C0004B4693E7FFFFEF7FF4022108F8022108B3
:10C4D000FC022108000321080403210801235A4615
:10C4E00031462846B84701303FF4E3AE0AF1010A6D
:10C4F000E2E7A36DDDF838A05345A8BF5346002BF3
:10C50000994636DC4FF0000B29EAE97904F11A026A
:10C51000A36D0A93A3EB09035B4531DC0D9B9A45A0
:10C520003ADC2368DA0737D40D9BAAEB03090A9B90
:10C53000AAEB03039945A8BF9946B9F1000F33DC74
:10C540004FF0000829EAE97904F11A0B0D9BAAEBD8
:10C550000303A3EB090343457FF77AAF01235A4650
:10C5600031462846B84701303FF4A3AE08F1010830
:10C57000ECE7424631462846B8470130C2D198E63A
:10C580000123314628460A92B84701303FF491AE64
:10C590000A9A0BF1010BBBE7DDE908233146284677
:10C5A000B8470130C0D184E60A9A4B46424431462E
:10C5B0002846B8470130C3D17BE6DDF838A0BAF190
:10C5C000010F01DCDB0736D5012342463146284600
:10C5D000B84701303FF46DAEDDE908233146284607
:10C5E000B84701303FF465AED4E9120100220023C0
:10C5F0000AF1FF3AFFF7E0FAC0B9534608F1010229
:10C6000031462846B84701300CD152E601235A463C
:10C6100031462846B84701303FF44BAE08F10108D7
:10C62000D045F3DB4B4604F15002E0E64FF0000842
:10C6300004F11A0BF4E701234246E1E701234A46DD
:10C6400031462846B84701303FF433AE08F10108BF
:10C65000E3680F995B1A4345F0DCFDE64FF00008F4
:10C6600004F11909F4E700BF2DE9F0471646984692
:10C670008A680B69DDF820909342B8BF1346336097
:10C6800091F8432007460C460AB101333360236812
:10C69000990642BF336802333360256815F00605FA
:10C6A00006D104F1190AE36832689B1AAB4226DC12
:10C6B00094F843302268003B18BF012392062BD424
:10C6C00004F1430241463846C84701301ED0236872
:10C6D000226903F00603042B02BFE5683368ED1AF4
:10C6E000A3680CBF25EAE57500259342C4BF9B1AD9
:10C6F000ED1800261A34B5421AD1002008E00123B3
:10C70000524641463846C847013003D14FF0FF300A
:10C71000BDE8F0870135C6E7E1185A1C302081F8E2
:10C720004300224494F8451082F843100233C7E7CF
:10C730000123224641463846C8470130E6D001363B
:10C74000D9E700002DE9FF470F7E0C9E782F914618
:10C7500080460C469A4601F1430207D8622F0AD858
:10C76000002F00F0DD80582F00F0C38004F1420656
:10C7700084F842703AE0A7F16303152BF6D801A1C3
:10C7800051F823F0DDD72008F1D720086DD7200815
:10C790006DD720086DD720086DD72008F1D7200865
:10C7A0006DD720086DD720086DD720086DD72008D9
:10C7B00007D920087FD82008BFD820086DD72008C7
:10C7C0006DD7200829D920086DD720087FD82008E8
:10C7D0006DD720086DD72008C7D8200833681A1DE8
:10C7E0001B68326004F1420684F842300123A8E05D
:10C7F00031682368081D30601E0601D50D6803E00E
:10C800005D06FBD5B1F900506168002D78DA2D2066
:10C81000002984F84300A1602DDA5E486D420A23A6
:10C820001646B5FBF3F103FB1157C75D06F8017D12
:10C830002F46BB420D46F4D9082B0BD12368DF07E6
:10C8400008D5236961689942DEBF302306F8013CB0
:10C8500006F1FF36921B2261CDF800A04B4603AAD9
:10C8600021464046FFF700FF01306FD14FF0FF3007
:10C8700004B0BDE8F08723F004032360CDE721680E
:10C880003368080653F8045B02D4490648BFADB2CA
:10C890006F2F4048336014BF0A230823002184F817
:10C8A00043106668A660002EBADB216821F00401FF
:10C8B0002160002DB4D1002EB2D11646BCE723680A
:10C8C00043F0200323603448782784F845702368B8
:10C8D00031681F0651F8045B02D45F0648BFADB251
:10C8E0003160D90744BF43F0200323601DB11023FA
:10C8F000D4E72848E9E7236823F020032360F6E71C
:10C9000024480A23CDE7336825686169181D306023
:10C910002E061B6801D5196002E06806FBD5198058
:10C9200000232361164697E733681A1D32601E689C
:10C9300062680021304600F0B3FA08B1801B6060E5
:10C9400063682361002384F8433085E72369324616
:10C9500049464046D047013088D023689B0714D40D
:10C96000E068039B9842B8BF184681E7012332462E
:10C9700049464046D04701303FF478AF0135E3687F
:10C9800003995B1AAB42F1DCEAE7002504F11906D2
:10C99000F5E700BF0603210817032108002310B59F
:10C9A0000446C0E90033C0E90433836081814366F3
:10C9B000C2818361194608225C3000F001FA0D4BF8
:10C9C00063620D4BA3620D4BE3620D4B23630D4B72
:10C9D00024629C4206D003F16802944202D0D03314
:10C9E0009C4205D104F15800BDE8104000F050BA57
:10C9F00010BD00BF11DC200833DC20086BDC2008F0
:10CA00008FDC2008C83A0000024A0349034800F0BE
:10CA100069B800BF5C03000001F820086C03000047
:10CA200041680C4B994210B5044601D001F0E8FE74
:10CA3000A168094B994202D0204601F0E1FEE1686D
:10CA4000064B994204D02046BDE8104001F0D8BE04
:10CA500010BD00BFC83A0000303B0000983B00000A
:10CA600010B50B4B0B4C0C4A1A60204600220421D7
:10CA7000FFF794FF04F1680001220921FFF78EFF00
:10CA800004F1D0000222BDE810401221FFF786BF5A
:10CA9000003C0000C83A000009DA2008014800F014
:10CAA000F8B900BF093C0000014800F0F3B900BF2D
:10CAB000093C000010B50446FFF7F0FF236A1BB1E4
:10CAC000BDE81040FFF7F0BF044B2362044B1B6826
:10CAD000002BF5D1FFF7C4FFF2E700BF21DA2008F1
:10CAE000003C00002DE9F84307468846144600261E
:10CAF000D4E90195B9F1010905D52468002CF7D1D5
:10CB00003046BDE8F883AB89012B07D9B5F90E3063
:10CB1000013303D029463846C04706436835E9E764
:10CB20000FB407B5064904AB086853F8042B8168B5
:10CB3000019301F0C9FC03B05DF804EB04B0704749
:10CB400068030000024B01461868826801F0E2BEEB
:10CB500068030000036A70B5846805460E460BB989
:10CB6000FFF7A8FF636EDB0705D4A389980502D4FD
:10CB7000A06D00F08EF9A389190702D52369002B57
:10CB800035D12146284600F0C5F880B34FF0FF3577
:10CB9000636EDA0705D4A3899B0502D4A06D00F06B
:10CBA00079F9284670BD002B15DB23685A1C2260DA
:10CBB0001970A36816F8011F013BA3600029F2D188
:10CBC000002B16DA22460A21284600F064F80130CC
:10CBD000DCD00A25DCE7A2699A4201DC0A29E4D10B
:10CBE0002246284600F057F80130E2D1CEE7013E58
:10CBF000DFE723685A1C22600A221A70E9E7000066
:10CC0000024B01461868FFF7A5BF00BF680300008C
:10CC100010B50C46B1F90E1000F000F90028ABBFBA
:10CC2000636DA3891B1823F48053ACBF6365A38194
:10CC300010BD2DE9F0411F468B89DB0505460C46EA
:10CC4000164605D5B1F90E100223002200F0D4F8E3
:10CC5000A389B4F90E1023F48053A38132463B46D6
:10CC60002846BDE8F04100F0FBB810B50C46B1F91C
:10CC70000E1000F0C1F8431CA38915BF606523F4B2
:10CC8000805343F48053A38118BFA38110BDB1F931
:10CC90000E1000F0A1B8F8B50E461446054618B1BE
:10CCA000036A0BB9FFF706FFA369A360A3891A07FC
:10CCB00001D5236943B92146284600F02BF818B165
:10CCC0004FF0FF373846F8BD23682269981A636928
:10CCD000F6B28342374605DC2146284601F090FD36
:10CCE0000028EDD1A368013BA36023685A1C226091
:10CCF0001E706269431C9A4204D0A389DB07E1D508
:10CD00000A2EDFD12146284601F07AFD0028D9D02D
:10CD1000D6E7000038B5294B054618680C4618B10F
:10CD2000036A0BB9FFF7C6FEB4F90C30190722D419
:10CD3000DA0607D409222A6043F04003A3814FF0AA
:10CD4000FF3033E0580712D5616B41B104F1440361
:10CD5000994202D0284600F0BDFF00236363A389F7
:10CD600023F02403A3810023636023692360A38944
:10CD700043F00803A38123694BB9A38903F420730B
:10CD8000B3F5007F03D02146284601F087FDB4F9B2
:10CD90000C3013F001020AD00022A26062695242F4
:10CDA000A261226942B913F08000C5D138BD99074C
:10CDB00058BF6269A260F4E70020F7E7680300004B
:10CDC00002440346934200D1704703F8011BF9E780
:10CDD00000487047A804000038B5064D00230446FB
:10CDE00008462B60F6F71EFB431C02D12B6803B1EB
:10CDF000236038BD043C000038B5074D04460846A2
:10CE0000114600222A601A46F6F716FB431C02D18F
:10CE10002B6803B1236038BD043C000038B5074DD2
:10CE200004460846114600222A601A46F6F706FB19
:10CE3000431C02D12B6803B1236038BD043C0000C1
:10CE400038B5064D0023044608462B6001F022FF4A
:10CE5000431C02D12B6803B1236038BD043C0000A1
:10CE600038B5074D04460846114600222A601A4686
:10CE7000F6F7B6FA431C02D12B6803B1236038BD24
:10CE8000043C0000014B1868704700BF68030000B5
:10CE9000704770477047000000000000000000006D
:10CEA00001F0FF01102A2BDB10F0070F08D010F85B
:10CEB000013B013A8B422DD010F0070F42B3F6D15F
:10CEC000F0B441EA012141EA014122F007047FF078
:10CED00000070023F0E80256083C85EA010586EACF
:10CEE000010685FA47F5A3FA87F586FA47F6A5FA0B
:10CEF00087F68EB9EED1F0BC01F0FF0102F0070217
:10CF000032B110F8013B013A83EA010313B1F8D1C1
:10CF10000020704701387047002D06BF35460338A2
:10CF2000073815F0010F07D1013015F4807F02BFDB
:10CF3000013015F4C03F0130F0BC0138704700BF2C
:10CF40000A44914200F1FF3300D1704710B511F847
:10CF5000014B03F8014F9142F9D110BD034613F87C
:10CF6000012B002AFBD1181A013870472DE9F74F21
:10CF700003690C69A34207467EDB013C01F11408FA
:10CF8000A30000F11405009305EB8403019358F806
:10CF9000243055F8242001339A4208EB8409B2FB6F
:10CFA000F3F62ED34FF0000AC446AE46D3465CF8E3
:10CFB000043B98B206FB00A0020C1B0C06FB0323EB
:10CFC000DEF8002080B292B2121A5A44DEF8000055
:10CFD0004FEA134A9BB2C3EB224303EB104392B2D6
:10CFE00042EA0342E1454EF8042B4FEA234BDED2DE
:10CFF000009BEB582BB9019B043B9D421A462FD353
:10D000003C61384601F02EF9002825DB2946002036
:10D0100058F8042BD1F800C01FFA82FE1FFA8CF3D7
:10D02000A3EB0E030344120CC2EB234202EB1C429F
:10D030009BB243EA0243C14541F8043B4FEA224018
:10D04000E6D255F8242005EB840322B9043B9D4227
:10D050001A460BD33C610136304603B0BDE8F08F71
:10D060001268043B002ACBD1013CC6E71268043B9E
:10D07000002AEFD1013CEAE70020EEE700000000C3
:10D080002DE9F04FC76997B014461D46CDE9044518
:10D09000239E83467FB91020FEF758FF0246CBF847
:10D0A0001C0020B9A64BEF21A64801F089FCC0E97D
:10D0B00001770760C760DBF81C30196859B15A68FE
:10D0C0004A60012393408B60584600F08DFEDBF8E8
:10D0D0001C3000221A602B1EB9BF23F000430593B9
:10D0E00000233360059F984BBCBF01223260BB43D5
:10D0F00019D1229A42F20F731360C7F3130323432B
:10D1000000F0DE85249B53B9904B21E0904B0893AF
:10D110000833249A1360089817B0BDE8F08F8B4B42
:10D1200008930333F5E79DED047B002251EC170BC8
:10D1300000238DED0C7BFEF73FFD804650B1229A17
:10D1400001231360249B13B1249A824B1360824BFA
:10D150000893E0E714AB019315AB00935846DDE963
:10D160000C2301F02FF9C7F30A560390002E79D053
:10D170000D9BCDF84C80C3F31303DDE90C0143F0A4
:10D180007F5343F44013A6F2FF3619460022734B37
:10D19000FEF7F2F864A3D3E90023FEF7A5FA64A32F
:10D1A000D3E90023FEF7EAF8044630460D46FEF7C1
:10D1B00031FA61A3D3E90023FEF796FA02460B4643
:10D1C00020462946FEF7DAF804460D4601F03AFDFE
:10D1D00000220746002320462946FEF7F7FC40B10F
:10D1E0003846FEF717FA22462B46FEF7E5FC00B953
:10D1F000013F162F53D85A4B03EBC703D3E9002343
:10D20000DDE90C01FEF7E2FC00284AD0013F0023D3
:10D210001293149B9B1B5A1E45BFC3F10103099334
:10D22000002300230A9254BF09930A93002F3ADB8C
:10D230000A9B0F973B440A9300230B93209B092BD7
:10D2400067D8052BC4BF043B2093209BA3F10203A6
:10D25000CCBF00240124032B00F28680DFE803F01A
:10D260002B383657DDE914631E4406F23243202B77
:10D27000C1BFC3F140039F4006F2124324FA03F3F7
:10D28000D6BFC3F1200347EA030004FA03F0FEF718
:10D29000B1F90122A1F1F873013E139275E7012360
:10D2A000B6E71290B5E7099BDB1B09937B420B9312
:10D2B00000230F93C2E700230E93219B002B56DC23
:10D2C0000123069399461A4621920CE00123F3E7C5
:10D2D00000230E93219BFB1803F1010906934B4693
:10D2E000012BB8BF0123DBF81C000021042202F14E
:10D2F00014059D423FD94160584600F035FD089025
:10D3000000283BD1174B024640F2AF11CCE6012377
:10D31000DFE70124002320930E944FF0FF330693A0
:10D32000994600221223CFE761436F63A787D23F5C
:10D33000B3C8608B288AC63FFB799F501344D33F04
:10D34000350321084C0321080000F07F3103210838
:10D350002803210805032108040321080000F83FE1
:10D3600048042108A503210801230E93D5E7219B3A
:10D3700006939946B7E701315200B8E7DBF81C3055
:10D38000089A1A60B9F10E0F6FD8002C6DD0002FDB
:10D3900036DDA14B07F00F0203EBC20393ED007BD8
:10D3A000F8058DED107B4FEA271417D59B4BDDE96F
:10D3B0000C01D3E90823FEF7C1FACDE9040104F01A
:10D3C0000F044FF00308954D5CB9DDE91023DDE94A
:10D3D0000401FEF7B3FACDE904012BE04FF0020897
:10D3E000F1E7E10709D5DDE91001D5E90023FEF7F2
:10D3F0007BF9CDE9100108F1010864100835E3E775
:10D4000000F007817C42844B844D04F00F0203EB53
:10D41000C203D3E90023DDE90C01FEF765F9CDE98C
:10D420000401241100234FF00208002C40F0E58095
:10D43000002BD0D1129BDDE90445002B00F04B817D
:10D44000774B002220462946FEF7C0FB002800F05B
:10D450004281B9F1000F00F03E81069B002B00F3E2
:10D46000E380DDE90C34CDE90434159B002B02DBAD
:10D470000E2F40F341820E9A002A40F066820B9CE8
:10D48000DDF824800025B8F1000F0DD00A9B002B99
:10D490000ADD4345099AA8BF4346D21A09920A9A5F
:10D4A000A8EB0308D31A0A930B9B0BB30E9B002B1C
:10D4B00000F0A582002C00F0A082294622465846A2
:10D4C00000F00AFE039A01460546584600F05AFD50
:10D4D00003990646584600F087FC0B9B1B1B0B93D9
:10D4E00000F090820B9A3146584600F0F5FD03900B
:10D4F0000121584600F030FD0F9B0446002B00F040
:10D5000083821A460146584600F0E6FD209B012B17
:10D51000044603DC049B002B00F07B820026236979
:10D5200004EB8303186900F0C7FC0F96C0F12000DC
:10D530000A9B184410F01F0000F09082C0F12003F5
:10D54000042B40F38082099BC0F11C000344099323
:10D550000A9B034480440A93099B002B05DD039931
:10D560001A46584600F012FE03900A9B002B05DD78
:10D5700021461A46584600F009FE0446129B002B2D
:10D5800000F075820398214600F06CFE002880F2BE
:10D590006E82002303990A22584600F047FC0E9B36
:10D5A00003907E1E002B00F05B82002329460A2296
:10D5B000584600F03BFC069B002B054603DC209BF5
:10D5C000022B00F35D82B8F1000F05DD29464246CB
:10D5D000584600F0DBFD05460F9B002B00F0CF8284
:10D5E0006968584600F0C0FB0746002840F07E827C
:10D5F0000C4B024640F2EF2156E5E20706D5D5E98D
:10D600000023FEF771F808F10108012364100835C2
:10D610000BE74FF002080DE7480421082004210819
:10D620000000F03FA50321082046AD4B002229460B
:10D63000FEF75AF8CDE90401069C7E1E08F10108A8
:10D640004046FDF7E7FFDDE90423FEF74DF8A54B63
:10D650000022FDF793FEA1F15073CDE91001119363
:10D66000002C3BD1DDE904019F4B0022FDF784FE35
:10D6700002460B46CDE90423DDE91023FEF7C4FA88
:10D68000002840F05781DDE9102101F10043DDE978
:10D690000401FEF79BFA00283FF4E3AE0024254680
:10D6A000219BDDF820A0DE434FF0000821465846BC
:10D6B00000F09AFB002D00F0A980B8F1000F05D012
:10D6C000A84503D04146584600F08EFB29465846EF
:10D6D00000F08AFB9AE03E464C46B1E7834B03EBF1
:10D6E000C40353E90201089B1C440E9B002B4AD043
:10D6F00002460B4600207E49FEF720F9DDE91023A3
:10D70000FDF73AFECDE91001DDF820A0DDE90401C6
:10D7100001F098FA0546FDF77DFF02460B46DDE96C
:10D720000401FDF729FE3035CDE9040102460B4620
:10D730000AF8015BDDE91001FEF766FA002865D101
:10D74000DDE904236B490020FDF716FE02460B4677
:10D75000DDE91001FEF758FA002840F00D81A245DE
:10D7600000F0EA80DDE910015D4B0022FDF7BCFF0F
:10D770005B4BCDE910010022DDE90401FDF7B4FFA8
:10D78000CDE90401C2E7DDE91023FDF7ADFFCDE9E6
:10D790001001DDF820A0A046DDE9040101F052FAF5
:10D7A0000546FDF737FF02460B46DDE90401FDF7AC
:10D7B000E3FD30350AF8015B02460B46A245CDE990
:10D7C00004234FF0000223D1494BDDE91001FDF79E
:10D7D000D5FD02460B46DDE90401FEF715FA0028E7
:10D7E00040F0CA80DDE9102341490020FDF7C4FD67
:10D7F00002460B46DDE90401FEF7E8F970B1C246C6
:10D8000008F1FF381AF8013C302BF8D0374655E0C4
:10D81000334BFDF769FFCDE90401BDE7DDE90C34C9
:10D82000CDE90434159B002BFFF629AE0E2F3FF7F0
:10D8300026AE2E4B03EBC70393ED007B219B002B01
:10D840008DED067B02DAB9F1000F64D0DDE9044505
:10D85000DDF820A0DDE9062320462946FEF76EF814
:10D8600001F0F0F90646FDF7D5FEDDE90623FDF7E8
:10D870003BFF02460B462046294606F13004FDF7E1
:10D880007BFD0AF8014B089CAAEB0404A145024663
:10D890000B4640F08280FDF771FDDDE9062304466A
:10D8A0000D46FEF7B1F9002865D1DDE906232046D3
:10D8B0002946FEF781F908B1F3075CD4039958466D
:10D8C00000F092FA00238AF80030229B01371F6093
:10D8D000249B002B3FF41FACC3F800A01BE400BF47
:10D8E0000000244000001C400000144048042108AF
:10D8F0000000E03F0000F03FA24B03EBC70393EDB5
:10D90000007B219B002B8DED067B9FDAB9F1000F88
:10D910009CDC7FF4C3AE9C4B0022DDE90601FDF7E1
:10D92000E3FEDDE90423FEF765F9044600287FF4F1
:10D93000B5AE3E462546B4E0DDE90C34CDE904340D
:10D94000159B002B01DB0E2FD6DD209A012A36DC39
:10D95000139A82B303F233430B9CDDF82480099AB7
:10D960001A4409920A9A01211A4458460A9200F070
:10D97000F3FA054687E53E4653469A4613F8012DCD
:10D98000392A06D1089A9A42F7D1089930220136ED
:10D990000A701A7801321A7038E77C4B0022FDF7C2
:10D9A000A3FE0022002304460D46FEF705F90028D9
:10D9B0003FF450AF82E7149BC3F13603CCE70B9BD7
:10D9C00009F1FF34A34208DBB9F1000FA3EB040413
:10D9D0000EDBDDF824804B46C1E70B9B0F9A0B94BE
:10D9E000E31A1A44DDF824800F924B460024B6E770
:10D9F000099BA3EB09080023B1E7039E72E50B9A8C
:10DA0000039971E5039673E5209B012B17DC049BBA
:10DA1000ABB9059BC3F313039BB9059B23F00046E9
:10DA2000360D360536B1099B013309930A9B013344
:10DA30000A9301260F9B002B7FF471AD0F960120F6
:10DA400076E50026F6E73FF487AD099A1C331A44C1
:10DA500009920A9A1A4498440A927DE50346F4E72B
:10DA6000069B002B2BDC209B022B09DC27E0B9F165
:10DA7000000F1DDC209B022B1ADDCDF818903E46CE
:10DA8000069B002B7FF40CAE21460522584600F081
:10DA9000CDF901460446039800F0E4FB00287FF727
:10DAA000FFADDDF820A031230AF8013B0136FBE58C
:10DAB0000E9BCDF818903E46002B7FF484AD089F56
:10DAC00003982146FFF752FA00F1300907F8019B4D
:10DAD000089B069AFB1A9A4240F3CB8003990023D5
:10DAE0000A22584600F0A2F90390E9E72A690232B7
:10DAF000920005F10C010C30FFF722FA01223946A1
:10DB0000584600F043FB089B089A03F1010A069B64
:10DB100013440A93049B03F00103A8460B930546A4
:10DB20000AF1FF33214603980693FFF71FFA414697
:10DB3000099000F13009039800F094FB2A46214631
:10DB40000746584600F0AAFBC268014602B3584691
:10DB500000F04AF9002F3ADA03990122584600F002
:10DB600015FB2146039000F07DFB002803DC29D142
:10DB700019F0010F26D0B9F1390F1DD132E0284636
:10DB8000C1E700BF48042108000014400000244001
:10DB90000E90039800F066FB0E990C90584600F02A
:10DBA00023F90C9A5ABB209B53B90B9B43B9B9F18B
:10DBB000390F17D0002F05DD099B03F1310901E072
:10DBC000002F2ADADDF818A00AF8019B6EE5209BE9
:10DBD0003B4304D1049B03F00103002BBCD0B9F1FB
:10DBE000390F36D1069F392307F8013BBA46013F6A
:10DBF0001AF8013C392B5BD001333B7056E5002FFE
:10DC000006DB209B3B4306D1049B03F0010313B9C1
:10DC1000002AA1DCD6E7002AE1DC0A9B0AF8019C75
:10DC2000534557462FD0039900230A22584600F047
:10DC3000FDF8A84503904FF000034FF00A0241465B
:10DC400058460BD100F0F2F8804605460AF1010A69
:10DC500066E7DDF818A009F10109B5E700F0E6F87C
:10DC60002946804600230A22584600F0DFF8054680
:10DC7000ECE7069B002BC8BF1F46089BD8BF0127B7
:10DC80001F444FF0000803990122584600F07EFA25
:10DC90002146039000F0E6FA0028A7DC02D119F033
:10DCA000010FA3D1BA4617F8013D302BFAD0FDE49D
:10DCB000089BBB429AD1089A312301361370F5E4D0
:10DCC000249B002B7FF422AA014BFFF741BA00BF2F
:10DCD0002803210838B50546002941D051F8043CF5
:10DCE0000C1F002BB8BFE418FEF7DAF91D4A1368C1
:10DCF00033B9636014602846BDE83840FEF7D6B9F2
:10DD0000A34208D9206821188B4201BF19685B68BB
:10DD100009182160EDE71A465B680BB1A342FAD9F6
:10DD200011685018A0420BD120680144501883425A
:10DD30001160E0D118685B68536008441060DAE74E
:10DD400002D90C232B60D6E7206821188B4204BF30
:10DD500019685B68636004BF091821605460CAE7F2
:10DD600038BD00BFC43A000070B5C66904460D4610
:10DD700076B91020FEF7EAF80246E06120B9184BA8
:10DD800018486B2100F01CFEC0E901660660C66001
:10DD9000E669F36883B1E369DB6853F82500B8B935
:10DDA000012101FA05F6721D9200204600F026FEC0
:10DDB00060B1C0E901560EE021220421204600F0A6
:10DDC0001DFEE369F060DB68002BE4D1002070BD2C
:10DDD000026843F825200023C0E90333F7E700BFBA
:10DDE00035032108B603210870B5C66905460C46FF
:10DDF00076B91020FEF7AAF80246E86120B9094B6F
:10DE000009488F2100F0DCFDC0E901660660C660AC
:10DE10003CB1EB696268DB6853F82210216043F87B
:10DE2000224070BD35032108B60321082DE9F041D9
:10DE30000D6907460C461E4601F1140C0020DCF863
:10DE4000003099B202FB01611E0C0B0C02FB063381
:10DE500089B2013001EB034185424CF8041B4FEAC3
:10DE60001346ECDC0EB3A368AB4219DC616838469C
:10DE70000131FFF779FF804628B902460C4B0D4867
:10DE8000BA2100F09DFD2269023204F10C019200DA
:10DE90000C30FFF755F821463846FFF7A5FF4446FA
:10DEA00004EB850301355E6125612046BDE8F08104
:10DEB000A5032108B6032108B0F5803F034636BF0D
:10DEC000030400201020B3F1807F3CBF1B02083008
:10DED000B3F1805F3CBF1B010430B3F1804F03D32B
:10DEE000002B0ADB013070479B0001D502307047E0
:10DEF0005B0001D50330704720207047036802465D
:10DF000013F007000BD0D90721D4980749BF5B084D
:10DF10009B08012013605CBF13600220704799B218
:10DF200009B91B0C1020D9B209B908301B0A19070E
:10DF300004BF1B090430990704BF9B080230D907AE
:10DF400003D45B0800F1010003D013607047002088
:10DF5000704720207047000010B50C460121FFF7E4
:10DF600003FF024628B9054B054840F2451100F071
:10DF700027FD01234461036110BD00BFA5032108F3
:10DF8000B60321082DE9F04F14460A6923699A4225
:10DF9000A8BF23460F46A4BF0C461F46D4F810A0C6
:10DFA000D7F81090A36861680AEB0906B34285B000
:10DFB000B8BF0131FFF7D8FE30B90246444B45489F
:10DFC0004FF4B17100F0FCFC00F1140505EB86087C
:10DFD0002B460022434521D307F1140104F114021A
:10DFE00002EB8A0201EB89030293131B153B23F01A
:10DFF0000303043304F11507BA4238BF0423019325
:10E00000029B03918B420CD8002E03DD58F8043D8F
:10E01000002B5BD0066105B0BDE8F08F43F8042B00
:10E02000D8E7B1F800A0BAF1000F24D004F1140E23
:10E03000A9464FF0000C5EF8047BD9F800301FFAB7
:10E0400087FB9BB20AFB0B334FEA174BD9F80070E2
:10E0500063444FEA174C0AFB0BC707EB13479BB20D
:10E0600043EA0743724549F8043B4FEA174CE2D8AC
:10E07000019B45F803C0039BB3F802900431B9F14A
:10E08000000F21D02B6804F1140CAE464FF0000AAB
:10E09000BCF800B0BEF8027009FB0B7757449BB286
:10E0A00043EA07434EF8043B5CF8043B4FEA134A4B
:10E0B000BEF8003009FB0A3303EB174362454FEA11
:10E0C000134AE5D8019FEB51043599E7013E9BE7E0
:10E0D000A5032108B60321082DE9F843154612F0DF
:10E0E000030207460E4607D0254C013A002354F898
:10E0F0002220FFF79BFE0646AD103DD0FC697CB99F
:10E100001020FDF723FF0246F86128B91D4B1E4879
:10E1100040F2B31100F054FCC0E901440460C46053
:10E12000D7F81C80D8F808404CB940F27121384625
:10E13000FFF712FF0023C8F80800044603604FF001
:10E140000009EB070AD5314622463846FFF71AFF89
:10E15000314680463846FFF747FE46466D100BD0E5
:10E16000206838B9224621463846FFF70BFF206069
:10E17000C0F800900446E4E73046BDE8F88300BFED
:10E180001004210835032108B60321082DE9F047C2
:10E190000C464968236903EB6218A3680746914659
:10E1A0004FEA621A08F10106B3420BDB3846FFF76B
:10E1B000DBFD054648B90246284B29484FF4EF716C
:10E1C00000F0FEFB01315B00EEE7002300F11401DB
:10E1D00000F110021846534533DB20692AEAEA7A37
:10E1E00004F1140319F01F0901EB8A0103EB800C01
:10E1F0002BD0C9F1200E8A460022186800FA09F0D7
:10E2000010434AF8040B53F8042B9C4522FA0EF2F3
:10E21000F3D8ACEB0403153B23F00303043304F100
:10E220001500844538BF0423CA500AB108F102061C
:10E23000013E38462E612146FFF7D6FD2846BDE84F
:10E24000F08742F8040F0133C5E7043953F8042B73
:10E2500041F8042F9C45F9D8EAE700BFA50321083F
:10E26000B60321080A6903460069801A30B50ED149
:10E270001433143103EB820401EB820154F8045D82
:10E2800051F8042D954203D005D24FF0FF3030BD38
:10E29000A342F3D3FBE70120F9E700002DE9F74F94
:10E2A00089460646114648461446FFF7DBFF051E21
:10E2B00012D129463046FFF757FD024628B93F4B99
:10E2C00040F237213E4800F07BFB0123C0E90435D2
:10E2D000104603B0BDE8F08FBCBF4B46A1463046A8
:10E2E000D9F80410BABF1C4601250025FFF73CFDF4
:10E2F000024618B9314B40F24521E3E7D9F81070D6
:10E300002669C56009F1100309F1140504F1140E22
:10E3100000F1140B05EB87080EEB86060193D94636
:10E320004FF0000C019B5EF8040B53F804AF01930F
:10E330001FFA8AF3194683B2CB1A000C6344C0EB70
:10E340001A4000EB23409BB243EA0043764549F86C
:10E35000043B4FEA204CE5D8331B153B23F0030365
:10E3600015340433A64238BF04231D445B441E46C3
:10E370002C4644450ED308F10301491B21F003014B
:10E38000033DA84538BF00210B4453F8041D91B14B
:10E3900017619DE754F8041BE646080C1CFA81FC43
:10E3A000714400EB2C4089B241EA004146F8041B5D
:10E3B0004FEA204CDDE7013FE7E700BFA503210856
:10E3C000B60321082DE973430121089E9046994622
:10E3D000FFF7CAFC044630B90246244B244840F2F9
:10E3E0000F3100F0EDFAC9F30A55C9F313030DB16B
:10E3F00043F480130193B8F1000324D068460093DE
:10E40000FFF77CFDDDE90012D8B1C0F1200302FA6C
:10E4100003F30B43C24063610192019BA361002B94
:10E420000CBF012202222261ADB1A5F233450544A1
:10E430003560C0F13500099B1860204602B0BDE888
:10E4400070836161E9E701A8FFF758FD019B6361F3
:10E4500020300122E7E704EB8203A0F23240306073
:10E460001869FFF729FDC0EB4210E4E7A503210876
:10E47000B60321089368013B002B10B4936008DABF
:10E480009469A34201DB0A2903D15DF8044BFEF72E
:10E4900002BC1368581C1060197008465DF8044BE4
:10E4A0007047F8B506460F461446D518AC4201D160
:10E4B000002007E014F8011B3A463046FFF7DAFF68
:10E4C000431CF3D1F8BD00002DE9F04F0D469DB07F
:10E4D00014469846064618B1036A0BB9FEF7EAFAE5
:10E4E0006B6ED90705D4AB899A0502D4A86DFEF7E7
:10E4F000D0FCAB891B0701D52B699BB92946304657
:10E50000FEF708FC70B16B6EDC0704D54FF0FF30EE
:10E510001DB0BDE8F08FAB899805F7D4A86DFEF764
:10E52000B9FCF3E70023099320238DF82930CDF8B7
:10E530000C803023DFF8AC818DF82A304FF00109D0
:10E5400023469A4613F8012B0AB1252AF9D1BAEBD2
:10E55000040B0BD05B46224629463046FFF7A1FF4D
:10E56000013000F0A780099A5A4409929AF80030C5
:10E57000002B00F09F8000234FF0FF32CDE90523F0
:10E580000AF1010A049307938DF853301A93544605
:10E59000052214F8011B5348FEF782FC049AD8B9EF
:10E5A000D10644BF20238DF85330130744BF2B23DB
:10E5B0008DF853309AF800302A2B15D0079A54461C
:10E5C00000204FF00A0C214611F8013B303B092B8B
:10E5D0004BD9B0B1079214E0A0EB080309FA03F39A
:10E5E00013430493A246D2E7039B191D1B680391B2
:10E5F000002BBBBF5B4242F0020207930793B8BFF8
:10E60000049223782E2B0AD163782A2B32D1039BD4
:10E610001A1D1B68039243EAE37302340593DFF883
:10E62000D4A0217803225046FEF73AFC38B1049B6F
:10E63000A0EB0A004022824013430134049314F8F3
:10E64000011B29488DF828100622FEF729FC002816
:10E650003FD0264B1BBB039B073323F00703083334
:10E660000393099B3B4409936AE70CFB02320C4677
:10E670000120A8E700230134059319464FF00A0C46
:10E68000204610F8012B303A092A03D9002BC6D0B6
:10E690000591C4E70CFB012104460123F0E703AB1D
:10E6A00000932A46124B04A93046FDF7A7FD074602
:10E6B000781CD6D16B6ED90705D4AB899A0502D4E4
:10E6C000A86DFEF7E7FBAB895B063FF51FAF099826
:10E6D0001EE703AB00932A46054B04A93046FEF71C
:10E6E00031F8E4E7100521081A052108FDD12008BA
:10E6F000A3F4200816052108B1F90C202DE9F041FA
:10E70000170705460C4656D44B68002B02DC0B6CF1
:10E71000002B3DDDE66A002E3AD0002312F4805231
:10E720002F68216A2B6025D0626DA389580705D513
:10E730006368D21A636B0BB1236CD21A216AE66A42
:10E7400000232846B047411C24D00023636023697E
:10E750002360A389DA0400D56065616B2F60B9B1CD
:10E7600004F14403994202D02846FFF7B3FA00238C
:10E7700063630DE001232846B047461C0246D4D10E
:10E780002B68002BD1D01D2B01D0162B2BD12F6045
:10E7900000202FE02A68B4F90C3042B11D2A01D0C4
:10E7A000162A22D10023636023692360D5E76260C3
:10E7B00022692260CEE70F69002FE9D093070E6827
:10E7C00008BF4B690F6018BF0023A6EB07088B60DA
:10E7D000B8F1000FDCDD216AA66A43463A462846B6
:10E7E000B047002808DCB4F90C3043F04003A381A3
:10E7F0004FF0FF30BDE8F0810744A8EB0008E7E7E1
:10E8000038B50B6905460C4613B90025284638BDB6
:10E8100018B1036A0BB9FEF74DF9B4F90C30002BAF
:10E82000F3D0626ED00704D4990502D4A06DFEF730
:10E8300030FB28462146FFF75FFF636EDA07054687
:10E84000E4D4A3899B05E1D4A06DFEF723FBDDE7AB
:10E8500070B50C46B1F90E10002996B015461E464B
:10E860000DDAA38913F0800F4FF0000114BF40238D
:10E870004FF48063002031602B6016B070BD6A4693
:10E8800000F07CF80028ECDB019901F47041A1F55F
:10E890000053594259414FF48063EBE78B89F7B538
:10E8A0009D0706460C4607D504F147032360236104
:10E8B0000123636103B0F0BD01AB6A46FFF7C8FFF7
:10E8C000009F054639463046FDF772FB48B9B4F95A
:10E8D0000C309A05EED423F0030343F00203A38126
:10E8E000E2E7A389206043F08003A381019BC4E990
:10E8F00004075BB1B4F90E10304600F051F828B1AE
:10E90000A38923F0030343F00103A381A3891D43DB
:10E91000A581CFE770B50D461446064618B1036AC7
:10E920000BB9FEF7C7F8636ED80705D4A38999051C
:10E9300002D4A06DFEF7ADFAA368013B002BA360E3
:10E9400005DAA269934212DBEBB20A2B0FD02368DF
:10E950005A1C22601D70EDB2636EDA0705D4A389DC
:10E960009B0502D4A06DFEF795FA284670BD294696
:10E9700022463046FEF78FF90546EDE738B5074DDC
:10E9800000230446084611462B60F4F74EFD431C55
:10E9900002D12B6803B1236038BD00BF043C0000E6
:10E9A00038B5064D0023044608462B60F4F742FDB7
:10E9B000431C02D12B6803B1236038BD043C000026
:10E9C0001FB514461A46094B1B680546D86854B94A
:10E9D000074B1C46CDE9013400912B46054900F058
:10E9E00041F800F051F8044BF4E700BF6803000061
:10E9F0003E022108380521082B05210870B5A1FB2E
:10EA000002543CB92946FDF7D3FA064628B9002638
:10EA1000304670BD0C220260F9E72A462146FEF717
:10EA2000CFF9F5E782B001B901A942B14BB1137832
:10EA30000B601278101E18BF012002B070471046FC
:10EA4000FBE76FF00100F8E70346084641B1FF2AF3
:10EA500004D98A221A604FF0FF3070470A700120F3
:10EA6000704700000EB403B5014603AB054853F8E8
:10EA7000042B00680193FFF727FD02B05DF804EB5B
:10EA800003B070476803000008B5062000F02CF8BA
:10EA90000120F4F79FFC1F2938B505460C4604D920
:10EAA000162303604FF0FF3038BDC26B12B152F82D
:10EAB00021304BB9284600F031F82246014628465D
:10EAC000BDE8384000F018B8012B0AD0591C03D11A
:10EAD000162303600120E7E7002142F824102046B6
:10EAE00098470020E0E70000024B01461868FFF756
:10EAF000D2BF00BF6803000038B5074D00230446AD
:10EB0000084611462B60F4F75DFC431C02D12B68CC
:10EB100003B1236038BD00BF043C0000F4F750BCD3
:10EB2000C1F30A5C2DE9F041ACF2FF35132D02462A
:10EB30000B460C46064634DC002D20DBDFF8D48083
:10EB400048FA05F801EA080C5CEA000C0F462DD0E3
:10EB50002DA3D3E90023FCF711FC00220023FDF7CD
:10EB600053F840B1002C03DD4FF480132B411F44B8
:10EB700027EA0804002621463046BDE8F08122A39A
:10EB8000D3E90023FCF7FAFB00220023FDF73CF851
:10EB90000028F0D0002C33DB344300D01C4C00267E
:10EBA000E9E7332D06DDB5F5806F26D0104619460E
:10EBB000BDE8F081ACF2134C4FF0FF3727FA0CF7A9
:10EBC0003842F3D010A3D3E90023FCF7D7FB00228F
:10EBD0000023FDF719F80028CDD0002C334609DDBD
:10EBE000142D06D0C5F134050122AA4013449E42DB
:10EBF00000D9013423EA0706BDE7FCF7BFFBD7E7DE
:10EC000000264FF00044B6E79C7500883CE4377E50
:10EC10000000F03FFFFF0F004FEA410C7FEA6C5C01
:10EC200002D150EA013C0AD14FEA430C7FEA6C5C06
:10EC300002D152EA033C02D14FF0000070474FF07E
:10EC4000010070474FEA410212F5001215D211D5AA
:10EC50006FF47873B3EB625212D94FEAC12343F0D9
:10EC6000004343EA505311F0004F23FA02F018BF5B
:10EC7000404270474FF00000704750EA013005D124
:10EC800011F0004008BF6FF0004070474FF00000E7
:10EC9000704700BF044A05491368002B08BF0B46A4
:10ECA00018441060184670470C3C0000106C0000BF
:10ECB000F8B500BFF8BC08BC9E467047F8B500BF69
:10ECC000F8BC08BC9E4670475FF800F04110000099
:10ECD0005FF800F0CD0900005FF800F0290A00009D
:10ECE0005FF800F0E90C00005FF800F0410F000051
:10ECF0005FF800F0C90A00005FF800F0710D000035
:10ED00005FF800F0210F00005FF800F0A50D000093
:10ED10005FF800F0E10D00005FF800F05D09000011
:10ED20005FF800F0010C00005FF800F0610E0000D9
:10ED30005FF800F0DD1000005FF800F0790E0000D1
:10ED40005FF800F0090F00005FF800F0150F0000F9
:10ED50005FF800F0D50A00005FF800F0BD0F00007A
:10ED60005FF800F0B90A000048656C6C6F20576FBF
:10ED7000726C64210D004661696C656420746F20BB
:10ED80006372656174652053504920525820736541
:10ED90006D6170686F72650D005350495F52580085
:10EDA0000D0A204D345F4750494F5F50494E207443
:10EDB00065737420737461727473200D00676574D9
:10EDC0005F70696E5F6F7574707574203D20256487
:10EDD0000A004750494F20746F67676C650D0053F8
:10EDE0005049207472616E7366657220646F6E653F
:10EDF0000D0049535220696E204D4F44455F5245E6
:10EE000043454956450D0049535220696E204D4FE8
:10EE100044455F53454E440D00496E697469616C09
:10EE200069617A652053504920534C41564520660C
:10EE3000726F6D205353490D00496E69742046610D
:10EE4000696C65640053657420436F6E6669672062
:10EE50004661696C65640D5C6E00524543454956D8
:10EE600045204661696C656420256C640D0A004488
:10EE700061746120726563656976656420697320D9
:10EE80002530780D0A0072656163686564207278C8
:10EE90005F68616E646C65720D004C454E47544866
:10EEA0002072656365697665640D0046756E6374EE
:10EEB000696F6E20666F722068616E646C696E6740
:10EEC00020524543454956450D0046756E637469A9
:10EED0006F6E20666F722068616E646C696E672069
:10EEE00053454E440D00020500000C020400494445
:10EEF0004C4500546D725100546D7220537663007E
:10EF00006147200881472008B94A20082D4A200877
:10EF1000014A2008BD49200839492008B548200881
:10EF200051482008FD4720089D47200861472008D8
:10EF300081472008814A20081D4A2008F5492008F9
:10EF4000914920080D492008894820084548200893
:10EF5000A9472008914720086147200881472008D9
:10EF6000494A20080D4A2008E94920086549200837
:10EF7000E14820085D48200839482008C14720089A
:10EF80008547200800080424D0FF2008CCFF200873
:10EF9000C8FF2008C4FF2008000000000000000097
:10EFA0000000000010000000000000000000000051
:10EFB000202C0000042C00000300000003000000CF
:10EFC00000000000000A010000080100000201002A
:10EFD0000001010000000145200021081C0021085B
:10EFE00018002108140021080000000000000000A3
:10EFF000000000002C0000000000000000000000E5
:10F00000482C00002C2C000002000000030400002B
:10F010000000000000190800001A0800001C080089
:10F02000001B080000000244700021086C00210849
:10F0300068002108640021080000000000000000B2
:10F04000000000002F000000000000000000000091
:10F05000702C0000542C000001000000030400008C
:10F06000000000000009030400080303000C03076C
:10F07000000B030600020002C94B2008E94B2008E0
:10F080007D4D2008614D2008494D2008014D200884
:10F09000B94C2008654C2008594C20084D4C2008DC
:10F0A000194C20080D4C2008014C2008F54B200875
:10F0B000000A08000001030000090300000B030020
:10F0C000000A0605000B06060006060100070602F8
:10F0D000002F020B0030020C00090204000602019E
:10F0E000001D0200001E02000008020302020A02C4
:10F0F000633A5C75736572735C666C6F72696E2ED1
:10F100006D6F74615C73696D706C69636974797338
:10F11000747564696F5C73646B735C73696D706C38
:10F1200069636974795F73646B5C657874656E7329
:10F13000696F6E5C77697365636F6E6E6563745C2F
:10F14000636F6D706F6E656E74735C646576696312
:10F15000655C73696C6162735C73693931785C6D8D
:10F1600063755C647269766572735C756E696669F5
:10F1700065645F7065726970686572616C5F647206
:10F1800069766572735C696E635C736C5F73693911
:10F1900031785F7065726970686572616C5F677005
:10F1A000696F2E6800161718191A1B1C1D1E1F20C8
:10F1B0002100000000000001020304050607000012
:10F1C00008000000000000000000191A1B1C1D1E92
:10F1D0000909090900000000000000000000000A01
:10F1E0000B0C0D0E0F10111213141500000000006F
:10F1F00000161718191A1B1C1D1E1F202134353626
:10F200003738393A3B3435363738393A3B212828B4
:10F21000262401210F0704010041737365727420D5
:10F220006661696C65643A2066696C6520257320A7
:10F230006F6E206C696E6520256C75200D0A004389
:10F240003A2F55736572732F666C6F72696E2E6DEF
:10F250006F74612F53696D706C696369747953744D
:10F260007564696F2F53444B732F73696D706C69AC
:10F27000636974795F73646B2F657874656E736905
:10F280006F6E2F77697365636F6E6E6563742F633E
:10F290006F6D706F6E656E74732F646576696365EC
:10F2A0002F73696C6162732F73693931782F6D63C5
:10F2B000752F647269766572732F756E69666965FC
:10F2C000645F7065726970686572616C5F647269B1
:10F2D000766572732F7372632F736C5F7369393144
:10F2E000785F7065726970686572616C5F6770697C
:10F2F0006F2E6300494E4600696E66004E414E0017
:10F300006E616E0030003031323334353637383983
:10F310004142434445460030313233343536373884
:10F320003961626364656600496E66696E69747905
:10F33000004E614E005245454E54206D616C6C6F1D
:10F340006320737563636565646564002F6461742D
:10F35000612F6A656E6B696E732F776F726B737056
:10F360006163652F474E552D746F6F6C63686169DB
:10F370006E2F61726D2D31322F7372632F6E657730
:10F380006C69622D63796777696E2F6E65776C693A
:10F39000622F6C6962632F7374646C69622F64748A
:10F3A0006F612E630042616C6C6F632073756363E1
:10F3B0006565646564002F646174612F6A656E6BB6
:10F3C000696E732F776F726B73706163652F474E31
:10F3D000552D746F6F6C636861696E2F61726D2D4E
:10F3E00031322F7372632F6E65776C69622D63798A
:10F3F0006777696E2F6E65776C69622F6C696263DF
:10F400002F7374646C69622F6D707265632E630074
:10F4100005000000190000007D0000000000000051
:10F420000080E03779C34143176E05B5B5B8934600
:10F43000F5F93FE9034F384D321D30F94877825ACC
:10F440003CBF737FDD4F1575000000000000F03FEA
:10F4500000000000000024400000000000005940AF
:10F460000000000000408F40000000000088C34002
:10F4700000000000006AF8400000000080842E4177
:10F4800000000000D01263410000000084D79741C3
:10F490000000000065CDCD41000000205FA00242C9
:10F4A000000000E876483742000000A2941A6D423E
:10F4B000000040E59C30A2420000901EC4BCD64231
:10F4C00000003426F56B0C430080E03779C34143DC
:10F4D00000A0D8855734764300C84E676DC1AB4352
:10F4E000003D9160E458E143408CB5781DAF154470
:10F4F00050EFE2D6E41A4B4492D54D06CFF080444B
:10F50000F64AE1C7022DB544B49DD9794378EA445F
:10F51000232D302B2000686C4C00656667454647FC
:10F52000004300504F534958002E002C2066756E42
:10F530006374696F6E3A2000617373657274696FEA
:10F540006E2022257322206661696C65643A20660C
:10F55000696C6520222573222C206C696E6520253C
:10F5600064257325730A00002020202020202020FD
:10F570002028282828282020202020202020202063
:10F580002020202020202020881010101010101083
:10F5900010101010101010100404040404040404CB
:10F5A000040410101010101010414141414141015C
:10F5B000010101010101010101010101010101013B
:10F5C000010101101010101010424242424242024A
:10F5D000020202020202020202020202020202020B
:10F5E00002020210101010200000000000000000B5
:10F5F000000000000000000000000000000000000B
:10F6000000000000000000000000000000000000FA
:10F6100000000000000000000000000000000000EA
:10F6200000000000000000000000000000000000DA
:10F6300000000000000000000000000000000000CA
:10F6400000000000000000000000000000000000BA
:10F6500000000000000000000000000000000000AA
:10F6600000000000000000007F490278D1F800355A
:10F67000F0B502F001024478877CC57CDFF8E8E150
:10F6800023F4802343EA8243C1F80035427F0178A6
:10F6900004F001039B0012F00F0643EA91134FEAB6
:10F6A000C3431FBFC7F3021C43EA8C2305F0030CBE
:10F6B0004FEA4C0C1CBF4CEAD71C43EACC13DEF8D3
:10F6C0009CC42CF4601C08BF43F410632CF4FC5C55
:10F6D00043EA0C0CCEF89CC4DFF8A0C1ACF80030B3
:10F6E000C3F3C21CC3F38223042B98BF0133BCF1C4
:10F6F000000F00F0B080BCF1010F00F0AF80ACF162
:10F70000020EBEF1020F01D80CF1010C9B0243EA7C
:10F71000CC13DFF86CC1ACF80030534BD3F8ACC459
:10F72000C1F344012CF01F0C41EA0C01C3F8AC14E6
:10F73000D3F8101421F4FE1C817801F00301490173
:10F7400041EAD4014CEA8131C3F81014D3F804140F
:10F75000847821F4FC11A40841EAC431C3F80414EC
:10F76000D3F80814447C07F00F077F0047EAD4174A
:10F7700021F4F81141EA0741C3F80814D3F80C1436
:10F7800084793A4F640821F4FE1141EA8431C3F8C8
:10F790000C14D3F83814C47921F4F03104F00F04B8
:10F7A00041EA4431C3F83814D3F81414047A21F42C
:10F7B000FE1104F07F0441EA8431C3F81414C37AC3
:10F7C000847AD7F808155B0043EAD413047B21F44C
:10F7D0007F7104F0010421F0030143EA44230B4349
:10F7E0002349C7F80835234CD1F834740123C1F8F4
:10F7F0003434D4F8103A23F00F0343EA1513C4F855
:10F80000103AC1F8347466B302F00F0252041A4978
:10F8100090F82440D1F8403723F4F0131A43C1F88C
:10F820004027D1F87C27837F22F00F02C3F38303A4
:10F830001343C1F87C3790F82530D1F8482703F0FE
:10F8400007035B0022F4F03243EAD41342EA433365
:10F85000C1F84837F0BD4FF0020C57E74FF0000CED
:10F8600054E74FF4C012D2E700A00524008004241E
:10F87000001004240030042400800524802B0000A4
:10F880007E2B000008C4FF7F010000000102AAAA2D
:10F89000AAAAAAAAAAAAAAAAABABABABABABABABC0
:10F8A000ABABACACACACACACACACACACADADADAD96
:10F8B000ADADADADADADAEAEAEAEAEAEAEAEAEAE6E
:10F8C000AFAFAFAFAFAFAFAFAFAFB0B0B0B0B0B042
:10F8D000B000000037000000AAAAAAAAA5000000F4
:10F8E000008007240A000000001C062400000344D6
:10F8F0002100000000FC020009060000001804249A
:10F900000C0000000000000000000000E4300000D7
:10F9100000000000BC002108B8002108B400210844
:10F92000B0002108000000000000000000000000FE
:10F93000000000000000000000000000891F00001F
:10F940000000024527000000000000000000000049
:10F950001431000000000000CC002108C80021087C
:10F96000C4002108C00021080000000000000000C1
:10F970000000000001000000000000000000000086
:10F980009FFF1F0000000044260000000000000050
:10F990000000000044310000E8002108E4002108D4
:10F9A000E0002108D8002108DC002108D40021084B
:10F9B000D00021080000000001000000000000004D
:10F9C0000000000000010203040506070001020315
:10F9D0000405060701000104000100000000010009
:10F9E000010002030001000000000101000000000E
:10F9F0000000000000000000000000000000000007
:10FA000000000000000000000000000028230000AB
:10FA100000000000000000000000000000000000E6
:10FA200000000000000000000000000000000000D6
:10FA300000000000000000000000000000000000C6
:10FA400000000000000000000000000000000000B6
:10FA500000000000000000000000000000000000A6
:10FA60000000000000000000000000000000000096
:10FA70000000000000000000000000000000000086
:10FA80000000000000000000000000000000000076
:10FA90000000000000000000000000000000000066
:10FAA0000000000000000000000000000000000056
:10FAB0000000000000000000000000000000000046
:10FAC0000000000000000000000000000000000036
:10FAD0000000000000000000000000000000000026
:10FAE0000000000000000000000000000100000015
:10FAF0000000000000000000000000000000000006
:10FB000000000000000000000000000000000000F5
:10FB100000000000000000000000000000000000E5
:10FB200000000000000000000000000000000000D5
:10FB300000000000000000000000000000000000C5
:10FB400000000000000000000000000000000000B5
:10FB500000000000000000000000000000000000A5
:10FB60000000000000000000000000000000000095
:10FB70000000000000000000000000000000000085
:10FB80000000000000000000000000000101000073
:10FB900000FC0200001C06246C2D00007C2C0000E0
:10FBA0007000000064000000D039000058390000E7
:10FBB000080000000200000000000000000000003B
:10FBC000000000000800000001000000000000002C
:10FBD0008096980000000000000000000300000074
:10FBE000C83A00006C03000000000000C83A0000A2
:10FBF000303B0000983B00000000000000000000C7
:10FC000000000000000000000000000000000000F4
:10FC100000000000000000000000000000000000E4
:10FC200000000000000000000000000000000000D4
:10FC30000000000043000000000000000000000081
:10FC400000000000000000000000000000000000B4
:10FC50000000000043000000000000000000000061
:10FC60000000000000000000000000000000000094
:10FC70000000000043000000000000000000000041
:10FC80000000000000000000000000000000000074
:10FC90000000000043000000000000000000000021
:10FCA0000000000000000000000000000000000054
:10FCB0000000000043000000000000000000000001
:10FCC0000000000000000000000000000000000034
:10FCD00000000000430000000000000000000000E1
:10FCE0000000000000000000000000000000000014
:10FCF00000000000430000000000000000000000C1
:10FD000000000000000000000000000000000000F3
:10FD10000000000049FA200825FA20080000000031
:10FD200067052108290521083E0221083E02210815
:10FD30003E0221083E0221083E0221083E0221081F
:10FD40003E0221083E0221083E022108FFFFFFFF7C
:10FD5000FFFFFFFFFFFFFFFFFFFF00000100415318
:10FD600043494900000000000000000000000000BE
:10FD700000000000000000000000000000004153EF
:10FD8000434949000000000000000000000000009E
:10FD90000000000000000000000000000000000063
:10FDA00038B5234B0222C3F88420BFF34F8FBFF333
:10FDB0006F8F204BD3F80028D30735D40123194681
:10FDC000202B01D11C4606E001FA03F4144203F192
:10FDD000010027D0DCB2184B03EB04139A68C2F37E
:10FDE0008162032A22D09B689B0F032B1ED0134BEA
:10FDF000142202FB0433D3E90253ED1A18BF012584
:10FE00000F4B0E4ADB680C49DB690E4898472DB151
:10FE1000084A01235169A3400B435361044B02225A
:10FE20005A6038BD0346CBE70024D4E70025E7E756
:10FE300000E100E00000034400FC02006C2D000023
:10FE4000000130007000000038B5244B4FF4806290
:10FE5000C3F88020BFF34F8FBFF36F8F204BD3F8D1
:10FE60000028D30736D4012319460C2B01D11C4698
:10FE700006E001FA03F4144203F1010028D0DCB2D9
:10FE8000184B03EB04139A68C2F38162032A23D050
:10FE90009B689B0F032B1FD0134B142202FB0433D0
:10FEA000D3E90253ED1A18BF0125104B0E4ADB6847
:10FEB0000C49DB690E4898472DB1094A0123516965
:10FEC000A3400B435361054B4FF480621A6038BD69
:10FED0000346CAE70024D3E70025E6E700E100E097
:10FEE00000800724001C06247C2C00000001300048
:10FEF000640000002DE9F041044600F053FD304B52
:10FF0000304E1A68304F01321A603568002D4BD1DF
:10FF100034601B68012B1FD1B8464046013500F004
:10FF200045FD382D08F11408F7D1DFF8C480274DBE
:10FF3000404600F03BFD284600F038FD244800F024
:10FF400035FD244800F032FD234800F02FFD234BFF
:10FF5000C3F80080224B1D60224A136801331360EE
:10FF6000214AA3641168E36A14208B4200FB0370EA
:10FF700004F1040188BF136000F01CFD00F0FAFCDE
:10FF80001A4B1B6873B13368DA6AE36A9A4209D282
:10FF90004FF0E0234FF08052C3F8042DBFF34F8F92
:10FFA000BFF36F8FBDE8F081104B1A68E36A002A37
:10FFB000D2D13268D26A9A4298BF3460CCE700BF8F
:10FFC000C0250000982A00003826000010260000F6
:10FFD000F4250000E0250000C82500000C260000E4
:10FFE00008260000A4250000B8250000B425000064
:10FFF00024260000F8B5174B174D1C682B680646E1
:020000040001F9
:100000002868002283F8722004300F4600F0E2FCDA
:10001000731C07D137B129681048BDE8F840043196
:1000200000F0C8BC2B68A4195C6007D30C4B18689F
:100030002968BDE8F840043100F0D0BC094B1868CD
:100040002968043100F0CAFC074B1A68A24288BF35
:100050001C60F8BDBC250000982A0000C8250000DF
:10006000082600000C260000A0250000064A1368A0
:100070001968064B19B94FF0FF321A6070471268C1
:10008000D2681268F9E700BF0C260000A025000026
:1000900010B590F8713004463BB9006B00F092FC4B
:1000A0002046BDE8104000F08DBC012BF9D0022B9A
:1000B00008D04FF0140383F31188BFF36F8FBFF3A1
:1000C0004F8FFEE710BD000080B5134C134F144D49
:1000D000236873B9134B1B68012BF8D94FF0E02349
:1000E0004FF08052C3F8042DBFF34F8FBFF36F8FD3
:1000F000EDE700F057FCFB68DE68301D00F06AFC9D
:100100002B68013B2B602368013B236000F032FC2D
:100110003046FFF7BDFFDBE7DC250000E0250000EF
:10012000C0250000382600002DE9F047DDE90984EC
:100130004FEA82094A4606460D46206BA5211F4616
:1001400000F01CFC236BA9F104094B4423F00709C0
:10015000C4F84490002D3CD06B1E04F133020E35E0
:1001600013F8011F02F8011F09B1AB42F8D10023B7
:1001700084F84230089D372D28BF37254FF0000AFC
:10018000E5622565201DC4F854A000F0FFFBC5F111
:10019000380504F1180000F0F9FB142251462461DF
:1001A000A561646204F1580000F0E8FBC4F86CA09B
:1001B00084F870A084F872A03A463146484600F0B0
:1001C00005FC2060B8F1000F01D0C8F80040BDE880
:1001D000F08784F83450CDE770B586B0DDE90B5474
:1001E00045B94FF0140383F31188BFF36F8FBFF34A
:1001F0004F8FFEE744B94FF0140383F31188BFF328
:100200006F8FBFF34F8FFEE778260596059E782EF9
:1002100008D04FF0140383F31188BFF36F8FBFF33F
:100220004F8FFEE72563022584F8715004AD0195D8
:100230000A9D02940095059EFFF776FF2046FFF782
:1002400059FE049806B070BD2DE9F043074685B00D
:10025000900088461646994600F0B0FB054620B946
:100260004FF0FF3005B0BDE8F083782000F0A6FB2A
:10027000044698B1002380F871300D9B056301930B
:100280000C9B0290009332464B4641463846FFF79E
:100290004BFF2046FFF72EFE0120E3E7284600F043
:1002A00091FBDDE710B588B0002407AA06A905A8D0
:1002B000CDE9054400F066FB059B0293069B079A77
:1002C00016491748CDE900432346FFF785FFA8B13B
:1002D00000F060FB012815D14FF0140383F311885F
:1002E000BFF36F8FBFF34F8F0E4B4FF0FF321A608B
:1002F0000D4B18600D4B1C6000F050FB0C4B1B6845
:1003000008B010BD0130F9D14FF0140383F3118808
:10031000BFF36F8FBFF34F8FFEE700BFEEFE2008E5
:100320004D080000A0250000B4250000BC250000F9
:1003300058000000024A136801331360704700BF81
:100340009C250000014B1868704700BFBC250000C9
:100350003F4B1B682DE9F74F002B72D13D4B1C68BA
:1003600001341C60BCB93C4B1A68126842B14FF0B2
:10037000140383F31188BFF36F8FBFF34F8FFEE732
:10038000364A1968106818601160354A13680133DD
:100390001360FFF76BFE334D334E2B68334F9C4297
:1003A0004FF0000B12D23A68D26A14214A43B25875
:1003B000022A2F4A126828BF4FF0010B002A18BFEB
:1003C0004FF0010B584603B0BDE8F08FDFF888907E
:1003D000DFF8A4A0D9F8002012681AB94FF0FF3254
:1003E0002A60E0E7D9F80020D268D2F80C80D8F86B
:1003F00004108C4201D22960D5E708F104031846A5
:10040000019300F0E7FAD8F8281019B108F11800A4
:1004100000F0E0FAD8F82C00DAF800101423884233
:1004200088BFCAF80000019903FB006000F0C2FA1F
:100430003868D8F82C10C26A914228BF4FF0010BDF
:10044000C8E70C4A1368013313604FF0000BB9E79B
:100450009C250000BC2500000C260000082600009A
:10046000A8250000A025000038260000982A0000DA
:10047000AC250000B0250000B82500002DE9F041B2
:10048000304C236843B94FF0140383F31188BFF352
:100490006F8FBFF34F8FFEE700F084FA2368013BB4
:1004A000236024682CB1002400F064FA2046BDE8E3
:1004B000F081254B1B68002BF5D0244D244EDFF82E
:1004C000A0801DE0EB68DC68271D04F1180000F037
:1004D00081FA384600F07EFAE36A326814209342CB
:1004E00000FB0380394688BF336000F063FA194B84
:1004F000E26A1B68DB6A9A4202D3174B01221A6038
:100500002B68002BDED10CB1FFF7B0FD134D2C682A
:1005100044B1114E0127FFF71BFF00B13760013CCA
:10052000F9D12C600C4B1B68002BBCD04FF0E023A2
:100530004FF08052C3F8042DBFF34F8FBFF36F8F7E
:100540000124B1E79C250000C0250000F42500002F
:10055000B8250000982A0000AC250000B025000056
:10056000382600001B4B1A681B4BF0B512B1012254
:100570001A60F0BD19481A60194E0368194F3268A5
:100580005A6719493A684FF0140C0CFB02F3CC1867
:10059000CD589DB1656808336D6865600B449D4218
:1005A00004BF6B686360142303FB02114B68DB68B4
:1005B00003603A6003685B6F3360DAE742B94FF07B
:1005C000140383F31188BFF36F8FBFF34F8FFEE7E0
:1005D000013ADAE79C250000AC250000982A0000CB
:1005E000C4250000B82500003826000010B50C46D0
:1005F00040B94FF0140383F31188BFF36F8FBFF33B
:100600004F8FFEE7054B1968183100F0E7F92046D7
:100610000121BDE81040FFF7EDBC00BF982A0000A3
:1006200038B50D46144640B94FF0140383F31188D2
:10063000BFF36F8FBFF34F8FFEE7074B1968183179
:1006400000F0B8F9002C21460CBF28464FF0FF30CF
:10065000BDE83840FFF7CEBC982A000038B5C36823
:10066000DC6844B94FF0140383F31188BFF36F8F34
:10067000BFF34F8FFEE704F11805284600F0AAF9F2
:10068000104B1B68DBB9251D284600F0A3F90E4A64
:10069000E36A11688B4288BF13600C4A1420294614
:1006A00000FB032000F086F9094BE26A1B68DB6A55
:1006B0009A4283BF074B01201860002038BD0648CE
:1006C0002946EFE79C250000B825000038260000E9
:1006D000982A0000AC250000F4250000034B1B689D
:1006E0000360034B1B684360704700BFA8250000F0
:1006F000BC25000070B50D46044640B94FF0140308
:1007000083F31188BFF36F8FBFF34F8FFEE741B9BB
:100710004FF0140383F31188BFF36F8FBFF34F8F34
:10072000FEE700F03FF9144B62681968134B186834
:1007300090F8720040B11B68002283F872200124F7
:1007400000F018F9204670BD2B68581C12D00C48D8
:1007500026680068864204D08A4202D800232B60B3
:10076000EDE7881A8342F9D95B1A13442B602046BF
:10077000FFF7B4FF0024E3E7BC250000982A00003F
:10078000A8250000014B01221A607047AC2500002B
:10079000014B1868704700BF982A0000054B1B6882
:1007A00033B1054B1868B0FA80F04009400070473B
:1007B00001207047B42500009C250000F8B50446D0
:1007C00038B31A4DC36A2A68D26A934226D2826924
:1007D000174E002AA1BF2A68D26AC2F1380282618C
:1007E000142202FB036342699A4213D1071D384663
:1007F00000F0F0F82B680F4ADB6A1168E3621420FE
:100800008B4200FB0360394688BF136000F0D2F8CA
:100810000120F8BD2B68DB6AC362F9E72B68006D25
:10082000DB6A98422CBF00200120F2E7982A0000E2
:1008300038260000B825000038B508B9002038BDBA
:100840001B4B1C68844208D04FF0140383F31188BB
:10085000BFF36F8FBFF34F8FFEE7636D43B94FF068
:10086000140383F31188BFF36F8FBFF34F8FFEE73D
:10087000E16A226D013B91426365DFD0002BDDD13F
:10088000251D284600F0A6F8236DE362C3F1380267
:10089000A261084A11688B4288BF1360064A14207F
:1008A00000FB0320294600F085F80120C7E700BFC0
:1008B000982A0000B82500003826000070B50446CC
:1008C000002841D0426D42B94FF0140383F31188E0
:1008D000BFF36F8FBFF34F8FFEE7036D994238BFB1
:1008E0001946C36A8B422FD0012A2DD1174A1268AC
:1008F000824208D14FF0140383F31188BFF36F8F46
:10090000BFF34F8FFEE78269114DC162002A4FF09D
:10091000140202FB03534269A4BFC1F13801816193
:100920009A4211D1061D304600F054F8094AE36A94
:10093000116814208B4200FB03503146BDE8704023
:1009400088BF136000F036B870BD00BF982A000061
:1009500038260000B8250000044B1A681AB119683F
:100960004A6D01324A651868704700BF982A000036
:10097000000000005FF800F0A53A20085FF800F0E2
:10098000C1DD20085FF800F0592B20085FF800F067
:100990009F2B20085FF800F06D3620085FF800F00C
:1009A000853B20085FF800F0653A20085FF800F00A
:1009B000892B20085FF800F0A52B20085FF800F0D5
:1009C000ED3C20085FF800F0053D20085FF800F0DE
:1009D000153A20085FF800F0E92B20085FF800F0D6
:1009E000BB2B20080100000004A4052400000042E5
:1009F00001000000ACA40524000040290100000013
:100A0000ACA40524010040290100000004A5052430
:100A10000000C02001000000C4A405241F00002025
:100A2000010000009CA405240100C0490100000051
:100A30009CA405240000806201000000A4A40524F9
:100A4000000080A401000000A4A40524000080A4EC
:100A5000010000009CA405240100C0490100000021
:100A60009CA4052400008062010000004887052442
:100A700000004083010000007C870524000000186E
:100A800001000000408705240C0040A40100000084
:100A9000CCA405240080007801000000C8A405242F
:100AA0006400005801000000C4A405240080007800
:100AB00001000000C0A405246400005801000000EB
:100AC000E0A40524D903005001000000DCA40524A3
:100AD000BF04005801000000D8A405240E010048FE
:100AE0000100000038A405240000002801000000D7
:100AF00014A40524270080A30100000038A40524C5
:100B0000030040830100000038A405240300408353
:100B1000030000000CA405245A0080A30CA40524A3
:100B2000020040100CA40524000000000300000097
:100B30000CA405245A0080A30CA405240300401033
:100B40000CA4052400000000030000000CA40524F0
:100B50005A0080A30CA40524000040100CA4052416
:100B6000000000000100000008A40524150000A4F6
:100B70000100000008A40524070000A401000000F3
:100B800004A405242000C0A30100000010A4052433
:100B9000380080A30100000010A405245A0080A39F
:100BA0000100000000A505240000805A020000009A
:100BB0009CA405240300C0ACACA4052410000020B4
:100BC0000100000000A505240300809C0100000036
:100BD000D4A405240100007801000000D0A405245D
:100BE000F2000080010000005887052403008059AE
:100BF00001000000588705240C00002801000000B7
:100C0000408705240C0040A40100000000A4052436
:100C1000000000080100000000A40524560583A080
:100C20000100000038A40524070040A401000000D2
:100C300038A405240F0040A40100000038A40524B6
:100C4000070040A40100000038A405240F0040A4C0
:100C5000010000009CA40524000000210100000008
:100C60009CA4052401000021010000009CA405248F
:100C70000000C018010000009CA405240100C01859
:100C80000200000094A405240100009494A405240B
:100C9000020000AD010000009CA40524000000102B
:100CA0000100000000A505240300809C0100000055
:100CB00000A505240000809C02000000A4A40524D7
:100CC000000080A4A4A40524000000840200000009
:100CD000A4A40524000080A4A4A405240100008489
:100CE00001000000A4A40524010080A4010000006C
:100CF000A4A40524020080A40300000098A40524F5
:100D0000F80040A3A0A4052410008051A0A405244D
:100D1000010040AD01000000A0A40524000040AD8A
:100D2000020000009CA405240000C049A0A40524E2
:100D3000000040AD05000000A0A40524000040AD67
:100D40009CA405240200806298A40524F80040A316
:100D5000A0A4052410008051A0A40524010040ADEA
:100D60000200000098A40524F00040A3A0A40524DC
:100D7000010040AD020000009CA405240200C0490F
:100D8000A0A40524000040AD0200000098A40524A2
:100D90002F003EA8A0A40524200020A802000000E7
:100DA000548705240100C03958870524010000211B
:100DB0000100000058870524010080520300000054
:100DC00060870524030080AC748705240600409CDE
:100DD000748705240400405A02000000608705243F
:100DE000030080AC70870524010040AD01000000C5
:100DF0007887052409000018010000007887052481
:100E0000080000180500000074870524DA2422A8D1
:100E10004887052400004083408705240C00408358
:100E2000708705240C00007B7087052404000010E7
:100E300006000000748705240300804148870524CC
:100E40000000408340870524030040837087052409
:100E50000200007B708705240700001074870524BA
:100E6000020000AD0100000040870524090040A4F5
:100E700001000000408705240C0040A4020000008F
:100E80005487052400000021448705240000408C7D
:100E90000200000054870524010000214487052436
:100EA0000100408C13000000408705240C0040A482
:100EB00040870524BF0000604887052426000060A5
:100EC00048870524030040944C87052420030070C4
:100ED000688705240300C020448705240100C09CC6
:100EE00060870524010080107887052407004041B1
:100EF00058870524CC000058748705249A2412A82A
:100F0000748705240300804140870524080040833E
:100F1000708705240500007B7087052404000010FD
:100F200074870524020000AD708705240100008449
:100F30007C8705240100408C38870524010080103F
:100F4000090000009CA405240100C049A4A40524B4
:100F50000100008400A505241900C09B94A4052469
:100F60000100801014A405240100006394A405244A
:100F70000100008C94A40524020000ADACA405245B
:100F80000000402910A5052401004029E92120087E
:100F9000C121200800000000000000000000000047
:100FA0000000000000000000000000000000000041
:100FB0000000000000000000000000000000000031
:100FC0000000000000000000000000000000000021
:100FD0000000000000000000000000000000000011
:100FE0000000000000000000000000000000000001
:100FF00000000000000000000000000000000000F1
:1010000000000000000000000000000000000000E0
:1010100000000000000000000000000000000000D0
:1010200000000000000000000000000000000000C0
:1010300000000000000000000000000000000000B0
:1010400000000000000000000000000000000000A0
:101050000000000000000000000000000000000090
:101060000000000000000000000000000000000080
:101070000000000000000000000000000000000070
:101080000000000000000000000000000000000060
:101090000000000000000000000000000000000050
:1010A0000000000000000000000000000000000040
:1010B0000000000000000000000000000000000030
:1010C0000000000000000000000000000000000020
:1010D0000000000000000000000000000000000010
:1010E0000000000000000000000000000000000000
:1010F00000000000000000000000000000000000F0
:1011000000000000000000000000000000000000DF
:1011100000000000000000000000000000000000CF
:1011200000000000000000000000000000000000BF
:1011300000000000000000000000000000000000AF
:10114000000000000000000000000000000000009F
:10115000000000000000000000000000000000008F
:10116000000000000000000000000000000000007F
:10117000000000000000000000000000000000006F
:10118000000000000000000000000000000000005F
:10119000000000000000000000000000000000004F
:1011A000000000000000000000000000000000003F
:1011B000000000000000000000000000000000002F
:1011C000000000000000000000000000000000001F
:1011D000000000000000000000000000000000000F
:1011E00000000000000000000000000000000000FF
:1011F00000000000000000000000000000000000EF
:1012000000000000000000000000000000000000DE
:1012100000000000000000000000000000000000CE
:1012200000000000000000000000000000000000BE
:1012300000000000000000000000000000000000AE
:10124000000000000000000000000000000000009E
:10125000000000000000000000000000000000008E
:10126000000000000000000000000000000000007E
:10127000000000000000000000000000000000006E
:10128000000000000000000000000000000000005E
:10129000000000000000000000000000000000004E
:1012A000000000000000000000000000000000003E
:1012B000000000000000000000000000000000002E
:1012C000000000000000000000000000000000001E
:1012D000000000000000000000000000000000000E
:1012E00000000000000000000000000000000000FE
:1012F00000000000000000000000000000000000EE
:1013000000000000000000000000000000000000DD
:1013100000000000000000000000000000000000CD
:1013200000000000000000000000000000000000BD
:1013300000000000000000000000000000000000AD
:10134000000000000000000000000000000000009D
:10135000000000000000000000000000000000008D
:10136000000000000000000000000000000000007D
:10137000000000000000000000000000000000006D
:10138000000000000000000000000000000000005D
:10139000000000000000000000000000000000004D
:1013A000000000000000000000000000000000003D
:1013B000000000000000000000000000000000002D
:1013C000000000000000000000000000000000001D
:1013D000000000000000000000000000000000000D
:1013E00000000000000000000000000000000000FD
:1013F00000000000000000000000000000000000ED
:1014000000000000000000000000000000000000DC
:1014100000000000000000000000000000000000CC
:1014200000000000000000000000000000000000BC
:1014300000000000000000000000000000000000AC
:10144000000000000000000000000000000000009C
:10145000000000000000000000000000000000008C
:10146000000000000000000000000000000000007C
:10147000000000000000000000000000000000006C
:10148000000000000000000000000000000000005C
:10149000000000000000000000000000000000004C
:1014A000000000000000000000000000000000003C
:1014B000000000000000000000000000000000002C
:1014C000000000000000000000000000000000001C
:1014D000000000000000000000000000000000000C
:1014E00000000000000000000000000000000000FC
:1014F00000000000000000000000000000000000EC
:1015000000000000000000000000000000000000DB
:0415100000000000D7
:00000001FF
