S011000073693931785F6D61696E2E73333721
S31500000000010000000D900D908078010001000000B5
S3150000001000102000BD5F28BD0000000000000000A9
S3150000002000000000000000000000000000000000CA
S315000000300000000000000000000000000D900D9080
S31500000040A55A0000002020080000008000000000E3
S31500000050000000000000000000000000000000009A
S31500000060000000000000000000000000000000008A
S31500000070000000000000000000000000000000007A
S31500000080000000000000000000000000000000006A
S31500000090000000000000000000000000000000005A
S315000000A0000000000000000000000000000000004A
S315000000B0000000000000000000000000000000003A
S315000000C0000000000000000000000000000000002A
S315000000D0000000000000000000000000000000001A
S315000000E0000000000000000000000000000000000A
S315000000F000000000000000000000000000000000FA
S3150000010000000000000000000000000000000000E9
S3150000011000000000000000000000000000000000D9
S3150000012000000000000000000000000000000000C9
S3150000013000000000000000000000000000000000B9
S3150000014000000000000000000000000000000000A9
S315000001500000000000000000000000000000000099
S315000001600000000000000000000000000000000089
S315000001700000000000000000000000000000000079
S315000001800000000000000000000000000000000069
S315000001900000000000000000000000000000000059
S315000001A00000000000000000000000000000000049
S315000001B00000000000000000000000000000000039
S315000001C00000000000000000000000000000000029
S315000001D00000000000000000000000000000000019
S315000001E00000000000000000000000000000000009
S315000001F000000000000000000000000000000000F9
S3150000020000000000000000000000000000000000E8
S3150000021000000000000000000000000000000000D8
S3150000022000000000000000000000000000000000C8
S3150000023000000000000000000000000000000000B8
S3150000024000000000000000000000000000000000A8
S315000002500000000000000000000000000000000098
S315000002600000000000000000000000000000000088
S315000002700000000000000000000000000000000078
S315000002800000000000000000000000000000000068
S315000002900000000000000000000000000000000058
S315000002A00000000000000000000000000000000048
S315000002B00000000000000000000000000000000038
S315000002C00000000000000000000000000000000028
S315000002D00000000000000000000000000000000018
S315000002E00000000000000000000000000000000008
S315000002F000000000000000000000000000000000F8
S3150000030000000000000000000000000000000000E7
S3150000031000000000000000000000000000000000D7
S3150000032000000000000000000000000000000000C7
S3150000033000000000000000000000000000000000B7
S3150000034000000000000000000000000000000000A7
S315000003500000000000000000000000000000000097
S315000003600000000000000000000000000000000087
S315000003700000000000000000000000000000000077
S315000003800000000000000000000000000000000067
S315000003900000000000000000000000000000000057
S315000003A00000000000000000000000000000000047
S315000003B00000000000000000000000000000000037
S315000003C00000000000000000000000000000000027
S315000003D00000000000000000000000000000000017
S315000003E00000000000000000000000000000000007
S315000003F000000000000000000000000000000000F7
S3150000040000000000000000000000000000000000E6
S3150000041000000000000000000000000000000000D6
S3150000042000000000000000000000000000000000C6
S3150000043000000000000000000000000000000000B6
S3150000044000000000000000000000000000000000A6
S315000004500000000000000000000000000000000096
S315000004600000000000000000000000000000000086
S315000004700000000000000000000000000000000076
S315000004800000000000000000000000000000000066
S315000004900000000000000000000000000000000056
S315000004A00000000000000000000000000000000046
S315000004B00000000000000000000000000000000036
S315000004C00000000000000000000000000000000026
S315000004D00000000000000000000000000000000016
S315000004E00000000000000000000000000000000006
S315000004F000000000000000000000000000000000F6
S3150000050000000000000000000000000000000000E5
S3150000051000000000000000000000000000000000D5
S3150000052000000000000000000000000000000000C5
S3150000053000000000000000000000000000000000B5
S3150000054000000000000000000000000000000000A5
S315000005500000000000000000000000000000000095
S315000005600000000000000000000000000000000085
S315000005700000000000000000000000000000000075
S315000005800000000000000000000000000000000065
S315000005900000000000000000000000000000000055
S315000005A00000000000000000000000000000000045
S315000005B00000000000000000000000000000000035
S315000005C00000000000000000000000000000000025
S315000005D00000000000000000000000000000000015
S315000005E00000000000000000000000000000000005
S315000005F000000000000000000000000000000000F5
S3150000060000000000000000000000000000000000E4
S3150000061000000000000000000000000000000000D4
S3150000062000000000000000000000000000000000C4
S3150000063000000000000000000000000000000000B4
S3150000064000000000000000000000000000000000A4
S315000006500000000000000000000000000000000094
S315000006600000000000000000000000000000000084
S315000006700000000000000000000000000000000074
S315000006800000000000000000000000000000000064
S315000006900000000000000000000000000000000054
S315000006A00000000000000000000000000000000044
S315000006B00000000000000000000000000000000034
S315000006C00000000000000000000000000000000024
S315000006D00000000000000000000000000000000014
S315000006E00000000000000000000000000000000004
S315000006F000000000000000000000000000000000F4
S3150000070000000000000000000000000000000000E3
S3150000071000000000000000000000000000000000D3
S3150000072000000000000000000000000000000000C3
S3150000073000000000000000000000000000000000B3
S3150000074000000000000000000000000000000000A3
S315000007500000000000000000000000000000000093
S315000007600000000000000000000000000000000083
S315000007700000000000000000000000000000000073
S315000007800000000000000000000000000000000063
S315000007900000000000000000000000000000000053
S315000007A00000000000000000000000000000000043
S315000007B00000000000000000000000000000000033
S315000007C00000000000000000000000000000000023
S315000007D00000000000000000000000000000000013
S315000007E00000000000000000000000000000000003
S315000007F000000000000000000000000000000000F3
S3150000080000000000000000000000000000000000E2
S3150000081000000000000000000000000000000000D2
S3150000082000000000000000000000000000000000C2
S3150000083000000000000000000000000000000000B2
S3150000084000000000000000000000000000000000A2
S315000008500000000000000000000000000000000092
S315000008600000000000000000000000000000000082
S315000008700000000000000000000000000000000072
S315000008800000000000000000000000000000000062
S315000008900000000000000000000000000000000052
S315000008A00000000000000000000000000000000042
S315000008B00000000000000000000000000000000032
S315000008C00000000000000000000000000000000022
S315000008D00000000000000000000000000000000012
S315000008E00000000000000000000000000000000002
S315000008F000000000000000000000000000000000F2
S3150000090000000000000000000000000000000000E1
S3150000091000000000000000000000000000000000D1
S3150000092000000000000000000000000000000000C1
S3150000093000000000000000000000000000000000B1
S3150000094000000000000000000000000000000000A1
S315000009500000000000000000000000000000000091
S315000009600000000000000000000000000000000081
S315000009700000000000000000000000000000000071
S315000009800000000000000000000000000000000061
S315000009900000000000000000000000000000000051
S315000009A00000000000000000000000000000000041
S315000009B00000000000000000000000000000000031
S315000009C00000000000000000000000000000000021
S315000009D00000000000000000000000000000000011
S315000009E00000000000000000000000000000000001
S315000009F000000000000000000000000000000000F1
S31500000A0000000000000000000000000000000000E0
S31500000A1000000000000000000000000000000000D0
S31500000A2000000000000000000000000000000000C0
S31500000A3000000000000000000000000000000000B0
S31500000A4000000000000000000000000000000000A0
S31500000A500000000000000000000000000000000090
S31500000A600000000000000000000000000000000080
S31500000A700000000000000000000000000000000070
S31500000A800000000000000000000000000000000060
S31500000A900000000000000000000000000000000050
S31500000AA00000000000000000000000000000000040
S31500000AB00000000000000000000000000000000030
S31500000AC00000000000000000000000000000000020
S31500000AD00000000000000000000000000000000010
S31500000AE00000000000000000000000000000000000
S31500000AF000000000000000000000000000000000F0
S31500000B0000000000000000000000000000000000DF
S31500000B1000000000000000000000000000000000CF
S31500000B2000000000000000000000000000000000BF
S31500000B3000000000000000000000000000000000AF
S31500000B40000000000000000000000000000000009F
S31500000B50000000000000000000000000000000008F
S31500000B60000000000000000000000000000000007F
S31500000B70000000000000000000000000000000006F
S31500000B80000000000000000000000000000000005F
S31500000B90000000000000000000000000000000004F
S31500000BA0000000000000000000000000000000003F
S31500000BB0000000000000000000000000000000002F
S31500000BC0000000000000000000000000000000001F
S31500000BD0000000000000000000000000000000000F
S31500000BE000000000000000000000000000000000FF
S31500000BF000000000000000000000000000000000EF
S31500000C0000000000000000000000000000000000DE
S31500000C1000000000000000000000000000000000CE
S31500000C2000000000000000000000000000000000BE
S31500000C3000000000000000000000000000000000AE
S31500000C40000000000000000000000000000000009E
S31500000C50000000000000000000000000000000008E
S31500000C60000000000000000000000000000000007E
S31500000C70000000000000000000000000000000006E
S31500000C80000000000000000000000000000000005E
S31500000C90000000000000000000000000000000004E
S31500000CA0000000000000000000000000000000003E
S31500000CB0000000000000000000000000000000002E
S31500000CC0000000000000000000000000000000001E
S31500000CD0000000000000000000000000000000000E
S31500000CE000000000000000000000000000000000FE
S31500000CF000000000000000000000000000000000EE
S31500000D0000000000000000000000000000000000DD
S31500000D1000000000000000000000000000000000CD
S31500000D2000000000000000000000000000000000BD
S31500000D3000000000000000000000000000000000AD
S31500000D40000000000000000000000000000000009D
S31500000D50000000000000000000000000000000008D
S31500000D60000000000000000000000000000000007D
S31500000D70000000000000000000000000000000006D
S31500000D80000000000000000000000000000000005D
S31500000D90000000000000000000000000000000004D
S31500000DA0000000000000000000000000000000003D
S31500000DB0000000000000000000000000000000002D
S31500000DC0000000000000000000000000000000001D
S31500000DD0000000000000000000000000000000000D
S31500000DE000000000000000000000000000000000FD
S31500000DF000000000000000000000000000000000ED
S31500000E0000000000000000000000000000000000DC
S31500000E1000000000000000000000000000000000CC
S31500000E2000000000000000000000000000000000BC
S31500000E3000000000000000000000000000000000AC
S31500000E40000000000000000000000000000000009C
S31500000E50000000000000000000000000000000008C
S31500000E60000000000000000000000000000000007C
S31500000E70000000000000000000000000000000006C
S31500000E80000000000000000000000000000000005C
S31500000E90000000000000000000000000000000004C
S31500000EA0000000000000000000000000000000003C
S31500000EB0000000000000000000000000000000002C
S31500000EC0000000000000000000000000000000001C
S31500000ED0000000000000000000000000000000000C
S31500000EE000000000000000000000000000000000FC
S31500000EF000000000000000000000000000000000EC
S31500000F0000000000000000000000000000000000DB
S31500000F1000000000000000000000000000000000CB
S31500000F2000000000000000000000000000000000BB
S31500000F3000000000000000000000000000000000AB
S31500000F40000000000000000000000000000000009B
S31500000F50000000000000000000000000000000008B
S31500000F60000000000000000000000000000000007B
S31500000F70000000000000000000000000000000006B
S31500000F80000000000000000000000000000000005B
S31500000F90000000000000000000000000000000004B
S31500000FA0000000000000000000000000000000003B
S31500000FB0000000000000000000000000000000002B
S31500000FC0000000000000000000000000000000001B
S31500000FD0000000000000000000000000000000000B
S31500000FE000000000000000000000000000000000FB
S31500000FF000000000000000000000000000000000EB
S31500001000587900007D5320083153200831532008B9
S3150000101031532008315320083153200800000000C6
S31500001020000000000000000000000000214D200824
S315000010303153200800000000B14D2008333320084A
S3150000104031532008315320083153200831532008EA
S3150000105031532008315320083153200831532008DA
S3150000106031532008315320088905000011822008D9
S31500001070BD60200831532008315320083153200821
S315000010802D5E200831532008F5CA200899CB200888
S31500001090315320088DCA200869AE20083153200834
S315000010A0315320083153200831532008315320088A
S315000010B03153200831532008587900003153200855
S315000010C07D532008E10400003153200831532008E5
S315000010D03153200831532008A5602008B16020084C
S315000010E0AD5220083153200831532008AFC9AC69EE
S315000010F0215E20083153200831532008155E200850
S3150000110031532008315320085DCA200875CA2008CB
S315000011109DC92008B5C92008CDC92008E5C9200801
S31500001120FDC9200815CA20082DCA200845CA20086E
S3150000113031532008315320083153200831532008F9
S3150000114031532008315320083153200831532008E9
S3150000115031532008315320083153200831532008D9
S31500001160315320083153200811D92008000000000F
S315000011700000000000000000000000000000000069
S315000011800348044B834202D0034B03B11847704710
S315000011908819000088190000000000000548064B69
S315000011A01B1AD90F01EBA301491002D0034B03B15F
S315000011B018477047881900008819000000000000D1
S315000011C010B5064C237843B9FFF7DAFF044B13B189
S315000011D00448AFF300800123237010BD8819000076
S315000011E000000000A467210808B5054B1BB105499E
S315000011F00548AFF30080BDE80840FFF7CFBF00BF4A
S31500001200000000008C190000A467210882B070B5A8
S31500001210C4B00C4648A981E80C0005464FF4887214
S31500001220002168469DF83C6111F088F9009548ADAB
S315000012300FCDADF8044002AC0FC42B6823604E9965
S315000012409DF834318DF81C30324608A8ADF81E6082
S3150000125011F03EFA68460BF0D5FD44B0BDE870408B
S3150000126002B0704713B50C4607230246C9880648E4
S315000012708DF8073011F002F8E0880DF10702012120
S315000012800BF0C5FD02B010BDD8542108F0B5C5B0AD
S3150000129007460E46154600214FF4887268461C46DE
S315000012A011F04CF9022342F603028DF808308DF84E
S315000012B01C30214606230DF12200ADF80C20ADF8B6
S315000012C01E300097ADF804608DF820500CF0EEFF4C
S315000012D0BDF8281109A80CF0E9FF68460BF092FD4D
S315000012E045B0F0BD2DE9F0438FB009AC14220021C2
S315000012F0204611F023F904224FF00208002707AB1D
S315000013008DF81A2041F60D028DF82480ADF82820BC
S315000013100193009794E80F00CDE907778DF81B70CD
S315000013200BF058FDBDF82010079842F6372201EB66
S3150000133008030131ADF8282000929BB2102289B231
S31500001340FFF7A4FFBDF820602F4B4644B6B21E80BF
S31500001350062305932D4B0493102303930BAD95E8B9
S3150000136007008DE80700079894E80C003146FFF760
S315000013704DFFBDF82010079842F638224B1D043168
S31500001380ADF8282000929BB2424689B2FFF77EFF55
S315000013900DF11A03CDE903834FF00109CDF814903E
S315000013A095E807008DE80700BDF820600798053628
S315000013B094E80C00B1B2FFF729FFBDF8201007989A
S315000013C042F63922CB1D0631ADF8282000929BB299
S315000013D0082289B2FFF75AFF0DF11B030493082375
S315000013E0CDF81490039395E807008DE80700BDF843
S315000013F020600798073694E80C00B1B2FFF706FFA5
S3150000140038460FB0BDE8F083E41A00001000000073
S315000014101F2895BF064A074A1168116888BF2038F9
S31500001420012383400B431360034B186801F09CBAF9
S31500001430281C0000241C0000AC1900000920FFF73E
S31500001440E7BF000070B5174D2B78012B044627D057
S315000014501F2200211448154E11F070F8E279124847
S3150000146004F108010BF09CFC2146114811F8013BE0
S3150000147033700CF0A0FF2B7893B90E490A4811F08F
S31500001480C2F830B133785BB90B49094811F0BBF8A3
S3150000149030B901232B70BDE870400020FFF7B8BFBC
S315000014A070BD00BFEC1B0000FF1B00001E1C0000EF
S315000014B0ED1B0000005521080755210810B40A4B02
S315000014C001461A4611F8014B02F8014BD0F80140CB
S315000014D0C3F80140898891805DF8044B828B1A819C
S315000014E00120FFF795BF00BFE21B000008B50448C6
S315000014F0942211F0EDF8BDE808400520FFF788BFFB
S31500001500501A0000044B0A681A604A685A600A8931
S315000015101A810420FFF77CBF441A00000720FFF75A
S3150000152077BF000008B50448802211F0D1F8BDE865
S3150000153008400620FFF76CBFC419000038B5264CDA
S3150000154026480D46218910F099FEFB2229462046A1
S3150000155011F0BEF8224B22891B880133934207D132
S31500001560E37A012B20D11F4A08201370FFF750FFA2
S315000015701D4B22891B880133934210D1E37A1B4A03
S31500001580B4F80B101180012B18D1164A18481370A5
S3150000159010F0E4FE00F094FB0B20FFF739FFBDE8E6
S315000015A038400320FFF734BF002BE1D10D4A1370FA
S315000015B0104A136823F480731360D9E7002BEED129
S315000015C0084A0D48137010F0C9FE0A4A136823F43E
S315000015D000631360E3E700BFE61A0000195521080F
S315000015E0E41A0000C21900002E1C0000301C000086
S315000015F03A552108281C0000505521080220FFF703
S3150000160007BF0000044B02681A6042685A600289EC
S315000016101A810120FFF7FCBEE21B000037B502ABC2
S3150000162003E903009DF900509DF901301570E907A3
S3150000163014461CD4542B18DC10F09CF8642390FB41
S31500001640F3F202FB130040B2607002202A0742BF89
S315000016509DF9043023520230EB0642BF9DF9053056
S3150000166023520230C0B203B030BD4B20ECE7BDF8C8
S315000016700230A2F801300320E8E7000037B504463F
S3150000168000F06EFB0E4BC1B218700E4810F0F6FD5E
S315000016900D4B0E4819780131C9B21970002510F0AA
S315000016A0EDFD0DF107008DF8075000F03DFB9DF8AC
S315000016B007102070064810F0E1FD284603B030BD43
S315000016C02C1C0000675521082D1C00007E552108A2
S315000016D09D5521082DE9F04F0024F7B00E22214632
S315000016E021A8CDE91944CDE91D44ADF87C402094EC
S315000016F010F024FFBC4B2A931B2221462BA810F086
S315000017001DFFBA4ABA4821460FF04EF8002840F0AD
S315000017103582B84810F022FE1DA80FF06CF810B9FB
S315000017201DA802F09BFCB4480CF06EFD064600288E
S3150000173040F0248218ADB04920A81BAC0DF15F091A
S315000017400CF039FEFFF7CEFDC4E900662E80372384
S3150000175025AE89F8003010233360A84B26AA03F182
S31500001760100E1746186859689446ACE8030008330B
S3150000177073456246F6D101943369009396E80F00EB
S315000017800BF028FB014680469D4810F077FD9D4BE7
S315000017903A4603F1100C18685968174603C7083310
S315000017A063453A46F7D1A188974F4EF6EC42009230
S315000017B08B1C013120689BB2102289B2FFF766FDAF
S315000017C0B4F804C00CF1020C1FFA8CFC4FF0020AAC
S315000017D0A7F800C0CDE9045A1023039327AD95E876
S315000017E007008DE80700614696E80C002068FFF7C1
S315000017F00DFD4FF48872002132A810F09FFE236879
S315000018003293A3888DF8D0A00333ADF8CC3042F6DE
S315000018100213ADF8D43032A80A238DF8E430ADF8BF
S31500001820E6A00BF0EFFA794B0DF1980C03F1100ED0
S3150000183018685968624603C2083373459446F7D15F
S31500001840A1884FF6EA2200924B1D043120689BB214
S31500001850022289B2FFF71AFD0123B4F804C0CDE9CC
S3150000186004930223039395E807008DE807000CF123
S31500001870050C96E80C0020681FFA8CF1FFF7C6FCF1
S31500001880B8F1000F65D06248414610F0F7FC614B95
S31500001890614A62496248DFF8D0A10024CDE90143DC
S315000018A0604B0093CDE90444234603940BF0F8FE05
S315000018B05D4B0C935D4B0B935D4B0A935D4B07940D
S315000018C0CDE908435C4B0494CDE905435B4B2246C6
S315000018D0CDE90243214623462046CDE90044CDE921
S315000018E01144CDE90F44CDE90D440BF0F3FE224639
S315000018F02146012000F0A6FFCAF80000002800F0EB
S315000019003D814F4B4F4D50482C604FF0FF321A60CF
S315000019101A681A600CF054FC09234B498DF8AB3059
S315000019200DF1AD008DF8AC3010F077FE0D212AA830
S315000019300BF002FA0BF0D2F9DFF830910023012107
S315000019401F2B35D82A6801FA03F0104211D1013352
S31500001950F6E73E4810F002FD39883D48013910F09F
S315000019608DFC39883B4810F089FC39883A480131AA
S315000019708BE7013B4FF000080A2BDFD801A252F893
S3150000198023F000BFD5292008712A2008932A2008B1
S315000019903D2920083D2920083D2920083D29200809
S315000019A0F52A2008752B20083D2B20081F2B200820
S315000019B02A4A1068A3F1200201FA02F20242BDD1BE
S315000019C00133402BBCD1DAF800004FF0FF3100F0B4
S315000019D091FFB3E72B682249224823F002032B60CC
S315000019E00CF0E9FC0124A9E702010600B918210858
S315000019F020572108C5552108A4190000ED562108D5
S31500001A00E8552108FE5621082E1C00000F57210814
S31500001A1006562108BD242008FD2520080526200895
S31500001A20452420083D242008ED242008052520080B
S31500001A301D25200825252008652220083D2520088B
S31500001A40201C0000281C00009C562108275621084F
S31500001A5045562108625621087F562108241C00009D
S31500001A60E31B0000B0190000AC19000016000000CE
S31500001A70444B83F800802B6823F480732B602B681B
S31500001A8023F004032B600BF029F90028FBD1002476
S31500001A9054E73D4810F062FC3F22002186F80080A2
S31500001AA033A8CDF8C88010F049FD00F059F95FFA67
S31500001AB080F84146354810F0E1FB0DF1C80B0023D4
S31500001AC0DAB2904509D8388832AA43210BF09FF93B
S31500001AD02B6823F008032B6030E73046159300F09F
S31500001AE023F931780BF8011B294810F0C7FB159B29
S31500001AF00133E5E7002CCAD0224B93F90030012BC5
S31500001B007FF470AF234B19AA99881868FFF786FDF2
S31500001B10214B0146188819AA0BF079F962E7002CC7
S31500001B20B5D0184B93F90030012B7FF45BAF19A8A1
S31500001B30FFF7A4FD388819AA2146EDE72B6823F4A0
S31500001B4080632B60002CA2D099F80020022A4FF067
S31500001B50000306D1114811460BF00AF989F8004036
S31500001B6040E70E48224621460BF002F9022389F887
S31500001B70003037E72B6823F40073ACE777B0BDE895
S31500001B80F08F00BFC2190000A5562108675521082D
S31500001B90C756210810000000E41A0000E31B0000ED
S31500001BA030B5164D0FCD8DB003AC0FC40FCD0FC49D
S31500001BB02B681348236003AA002100F029FC00F0DB
S31500001BC041F8104810F0CAFB03220021012001F061
S31500001BD008FA0D4B186018B90C4810F0BFFBFEE769
S31500001BE000230522CDE9002309490A484FF4007273
S31500001BF012F03EFC00F0C8F80DB030BDA457210825
S31500001C00D526200858572108341C0000665721089D
S31500001C1089572108652F200808B5084B1B78834291
S31500001C200BD1012909D1064B187803F04DFB00F0C2
S31500001C30DDF8BDE8084000F043B808BDCA582108E1
S31500001C40CF58210810B51A481A4C10F087FB0D2002
S31500001C5010F026FB00200AF09DFB012021282070B1
S31500001C601ED92E200AF080FB0022012310462E21C9
S31500001C700AF096FA002210460F4C2E210AF010FBAD
S31500001C800123C4F8E432D4F8E4120C48C9B210F0C7
S31500001C90F5FA0D2010F004FB0023C4F8E43210BD61
S31500001CA0092801D00AF0EEF820780130C0B2D5E755
S31500001CB0C85721081700000000001346E557210801
S31500001CC008B500F093F8084A0023C2F8E432074B3F
S31500001CD000BF013BFCD10123C2F8E4320448BDE851
S31500001CE0084010F03BBB00BF00001346E0040700AD
S31500001CF0FA57210808B500F00DFBFFF751FF00F079
S31500001D0016FB002008BD0000054A064913889BB251
S31500001D10C8541388013303F07F031380704700BF54
S31500001D20421D0000C01C00000A4B0B4A198813888C
S31500001D3089B29BB299420BD0138808499BB2CB5CFF
S31500001D4003701388013303F07F031380012070476B
S31500001D5000207047421D0000401D0000C01C00000E
S31500001D60074B1888074B1B8880B29BB28030C01A7D
S31500001D70434203F07F0300F07F0058BF584270478C
S31500001D80421D0000401D000010B5114810F0E6FA93
S31500001D901049022009F078FF10B10F4810F0DEFA62
S31500001DA00C4C0E492068002209F0BAFF10B10C480D
S31500001DB010F064FA0B4920680AF038F8002003F0A6
S31500001DC023F8094B00221A7083F8442010BD00BF87
S31500001DD007582108441D000027582108F402000076
S31500001DE033582108192E2008381C000008B5074B67
S31500001DF007491868432209F0F1FF014620B1BDE802
S31500001E000840044810F03ABA08BD00BF441D00005F
S31500001E107D1C000048582108C30737B521D5124854
S31500001E20124D10F09BFA0024013415F8010BE4B2B0
S31500001E30FFF76AFF432CF7D1002301930C4B01A94E
S31500001E40186801F084FA019B4BB14FF0E0234FF084
S31500001E508052C3F8042DBFF34F8FBFF36F8FFFF788
S31500001E60C5FF03B030BD00BF5D5821087D1C0000D2
S31500001E70341C000030B5044693B00146432201A845
S31500001E8010F026FC6178237894F842004B400DF15F
S31500001E9005040022D5B2A94204D81B1A584258415B
S31500001EA013B030BD14F8015F01326B40F2E7000059
S31500001EB070B5054690B000243C22214601A8009446
S31500001EC010F03CFB6A780A4EA91C684610F000FC2C
S31500001ED06A78E3B29A4201D810B070BD40336B44C1
S31500001EE0304613F8401C10F0C9F90134F0E700BF82
S31500001EF07058210810B5184C2378032B08D8DFE852
S31500001F0003F00208131FB62802D160700123237064
S31500001F1010BD002384F844300223A0702370BDE86E
S31500001F2010400E4810F01ABA94F84420531CDBB245
S31500001F3022443F2B84F84430D070E9D90323E6E7E6
S31500001F4084F843000648FFF795FF10B10448FFF7F1
S31500001F50AFFF0023DBE700BF381C000087582108CD
S31500001F60391C000007B50C4D0C4E28684FF0FF31A8
S31500001F7001F0E8FA0128F8D10DF10700FFF7D4FEC9
S31500001F800028F2D09DF807402046FFF7B3FF214610
S31500001F90304610F073F9EFE7341C0000985821081A
S31500001FA008B502F0F7F902F059FD07F077FE0AF0DE
S31500001FB0BBFC02F025F802F01FFBBDE8084000F06C
S31500001FC0C5B900F0EDB908B500F008F8BDE808405D
S31500001FD000F00AB800F0D0B870477047014803F027
S31500001FE075B800BFCA582108014803F054B900BFAC
S31500001FF0CF582108EFF3108072B6704710B962B659
S31500002000BFF36F8F7047EFF311800C2383F31188B2
S31500002010704780F31188BFF36F8F7047034638B15E
S315000020200020814204D01A5C02B970470130F8E7FB
S3150000203070474FF0FF31FFF7F1BF000040B1054A8E
S315000020401378012B04D803700133137000207047F6
S3150000205001207047481D000008B512F0CDF9002098
S3150000206008BD000030B50E4C416123688BB9206075
S3150000207083600DE0891A9A6841611D466AB113466C
S315000020805A698A42F6D935B1A860521A83605A61F4
S3150000209030BD0025F4E72060F7E798608260F7E737
S315000020A0581D000038B507F06DFE094C094B1A683B
S315000020B023680025C31A2AB123B15169994203D373
S315000020C0C91A5161206038BD55615B1A9268F2E702
S315000020D0541D0000581D000038B5154D2B682BB354
S315000020E05B69A3B1134A146802201C4407F054FE2E
S315000020F0204607F05BFE10492A6800230B7022B1C8
S31500002100D08880070AD501230B70002038BD022035
S3150000211007F042FE022007F09DFEECE79268002AD7
S31500002120F3D050690344012BEAD9EEE72220EDE70C
S31500002130581D0000541D0000501D00000D490B687D
S3150000214098B100229BB1834203D1836822B90B6008
S3150000215003E01A469B68F5E7936083681BB15A69EA
S3150000216041690A445A6100207047222070470220C4
S31500002170704700BF581D000070B5154EFFF743FFAE
S3150000218034780546FCB9134B1C60134B1C60134B8B
S315000021901C6007F0B1FD012007F0FEFD07F082FE8E
S315000021A00F4B0246186020B92846FFF732FF23205E
S315000021B070BD23460B4840F2E7310FF08FF80A4B0B
S315000021C01860012333702846FFF723FF0020EFE74E
S315000021D0511D0000581D0000541D0000601D000028
S315000021E05C1D000018FCFFFF4C1D0000C2072DE916
S315000021F0F843044607D5444A136801331360FFF7D2
S3150000220051FFFFF769FFA3077CD5FFF7FCFE0546E4
S31500002210FFF748FF4FF000083C4F46463C680CB1BC
S315000022206369A3B13A4B0022012E1A7003D118F04C
S31500002230020F18BF1E70FFF74FFF222802D102209F
S3150000224007F0F2FD2846BDE8F843FFF7E2BE234655
S315000022505A693AB91A792179914288BF1C469B6816
S31500002260002BF5D12846FFF7D4FE2569DDB107F02E
S3150000227089FDA269A0EB02084FEAE873A84573F14D
S31500002280000311DB23691344A361E36813B12168DA
S3150000229020469847B4F80680FFF7B5FE0136054696
S315000022A0FFF700FFBAE7A846FFF7ADFE81462046D6
S315000022B0FFF744FF4846FFF7ACFE2369002BE4D046
S315000022C0A38BB5EB080533B1E28B13449BB2B3F590
S315000022D07A7F0FD2E383FFF796FE29468046204693
S315000022E0FFF7C0FEA36922691344A3614046FFF7C6
S315000022F090FECAE7A3F57A73E383A369013B013D28
S31500002300A361E8E7BDE8F883601D0000581D0000E2
S31500002310491D000008B5FFF743FEFFF754FEFFF71F
S3150000232059FEFFF759FEBDE80840FFF756BEFFF716
S3150000233048BE08B54FF0E0231B6912F071F801287A
S3150000234003D0BDE8084001F065BD08BDEFF3058385
S3150000235073B9EFF31082094B12B9EFF3118212B180
S315000023601A68022A04D0186828B901221A60704730
S315000023706FF0050070474FF0FF307047542A000099
S3150000238008B512F04DF838B1022804D0034B18688E
S31500002390431E5842584108BD0320FCE7542A00005A
S315000023A010B5EFF30583ABB9EFF310820C4B12B9FE
S315000023B0EFF3118212B11A68022A0BD01A68012AA9
S315000023C00BD1084A0024D47702221A6012F04CF886
S315000023D0204610BD6FF00500FBE74FF0FF30F8E731
S315000023E0542A000000ED00E0EFF305834BB9EFF34C
S315000023F0108313B9EFF311832BB1044B1B68022B27
S3150000240001D112F001B812F05BB800BF542A0000E7
S31500002410F0B587B0144600220B460592EFF305820D
S3150000242022BBEFF3108212B9EFF311821AB1214ADF
S315000024301268022A1AD0C8B1002C35D0A56925B178
S315000024406A1E372A02D9002011E018256268D207D1
S31500002450F9D466696EB1B208D4E9027C21685FB12D
S31500002460BCF1770F02D9246904B1B6B9059807B053
S31500002470F0BD4FF48072EFE7BCF1000FF6D124698E
S31500002480002CF3D105ACCDE9005492B211F0F0FF67
S3150000249001281CBF00230593E8E7CDE90147009515
S315000024A011F0DEFF0590E1E7214618254FF4807212
S315000024B0E8E700BF542A000011F0CEBF10B504466D
S315000024C0EFF30583A3B9EFF3108313B9EFF3118389
S315000024D01BB10C4B1B68022B0AD064B1204611F0CD
S315000024E0F3FF04280AD0204611F0AEFF002010BDED
S315000024F06FF00500FBE76FF00300F8E76FF00200EE
S31500002500F5E700BF542A000008B5EFF3058373B959
S31500002510EFF3108313B9EFF311831BB1054B1B685F
S31500002520022B04D008B111F0B3FF002008BD6FF0F4
S315000025300500FBE7542A00000346EFF3058292B933
S31500002540EFF3108212B9EFF311821AB1084A12683A
S31500002550022A08D04BB1D3E9020318B11F2B02D9C6
S3150000256000F050BA0BB10020704700F06FBA00BF00
S31500002570542A000013B50C4658B3B1F1807F28D217
S31500002580EFF305834BB9EFF3108313B9EFF3118320
S31500002590CBB1134B1B68022B15D1002301AA214690
S315000025A0019300F07BFBB8B1019B4BB14FF0E023E8
S315000025B04FF08052C3F8042DBFF34F8FBFF36F8FD8
S315000025C0204602B010BD214602B0BDE8104000F022
S315000025D01FBB6FF00304F3E76FF00204F0E700BFE0
S315000025E0542A000070B50E46054618B3B1F1807F37
S315000025F020D2EFF305834BB9EFF3108313B9EFF352
S3150000260011838BB10D4B1B68022B0DD1284600F0B0
S31500002610F1FA31460446284600F0E4FA002808BFDD
S315000026206FF00204204670BD31462846BDE8704072
S3150000263000F0B2BA6FF00304F4E700BF542A0000BA
S3150000264073B50C461D4650B3B1F1807F27D2EFF328
S3150000265005833BBBEFF3108313B9EFF311831BB173
S31500002660124B1B68022B1DD002F0010682F00202FB
S31500002670C2F3400200953346214600F0F5F904EA1C
S3150000268000024EB1A24205D0002D14BF6FF001002A
S315000026906FF0020002B070BD002AF5D0FAE76FF0C5
S315000026A00300F7E76FF00500F4E700BF542A0000C7
S315000026B038B50546EFF3058313B10024204638BD2F
S315000026C0EFF3108313B9EFF311831BB11C4B1B6897
S315000026D0022BF2D02DB36B681A07EED4D5E902129D
S315000026E003F0010371B14F2AE7D993B1042000F03A
S315000026F080FD04460028E0D0296801F059F844F02E
S315000027000104DBE7002AD8D1ABB1042000F0A5FD17
S31500002710EFE7012000F06DFD04460028CDD02968C2
S3150000272006E0012000F099FD04460028C5D02946A0
S3150000273001F03EF8C2E7012000F08FFDECE700BF94
S31500002740542A0000034610B520F001000C4603F0A1
S315000027500102EFF30581E9B9EFF3108111B9EFF347
S31500002760118119B10E490968022913D0012B14D918
S31500002770214662B100F0A3FF012801D1002010BD5F
S31500002780002C14BF6FF001006FF00200F7E700F0B5
S31500002790D9FEF1E76FF00500F1E76FF00300EEE711
S315000027A0542A0000024608B520F0010002F0010399
S315000027B0EFF30581C9B9EFF3108111B9EFF3118178
S315000027C019B10D49096802290FD0012A10D93BB168
S315000027D000F024FD01280CBF00206FF0020008BDA8
S315000027E01A46194600F049FCF4E76FF00500F6E7D3
S315000027F06FF00300F3E700BF542A000010B503464C
S3150000280020F00104EFF305829AB9EFF3108212B9B2
S31500002810EFF311821AB10A4A1268022A09D0012B73
S315000028200AD9204600F0D6FF204600F0EBFF002034
S3150000283010BD6FF00500FBE76FF00300F8E700BF7F
S31500002840542A000073B50E461546EFF30583D3BB35
S31500002850EFF3108313B9EFF311831BB1244B1B68FD
S31500002860022B30D078B3B0422DD375B9012837D1B9
S315000028700322002100F0B5FB044620B3AEB96DBBC0
S315000028802946204600F094FF1EE0D5E90232C3B186
S315000028904F2A18D901281AD1032200920022114684
S315000028A000F04CFB044670B1C6B100231A46194627
S315000028B0204600F0E2FB0128E1D0204600F0A2FF0E
S315000028C001E0002AD2D00024204602B070BD1A468C
S315000028D0314600F092FB04460028F4D02D68CFE77D
S315000028E0314600F0ACFB04460028C8D1EBE700BF38
S315000028F0542A000013B50C4688B3EFF305834BB991
S31500002900EFF3108313B9EFF31183F3B1154B1B6883
S31500002910022B1AD11CBB01AA2146019400F0F0FE3D
S31500002920012803D06FF0020002B010BD019B0BB965
S315000029300020F9E74FF0E0234FF08052C3F8042D52
S31500002940BFF34F8FBFF36F8FF2E7214600F0FAFD1A
S315000029500128EDD0002CE5D06FF00100E4E76FF020
S315000029600300E1E7542A000007B570B3EFF30583CF
S315000029704BB9EFF3108313B9EFF31183EBB1144B9B
S315000029801B68022B19D1002301A9019300F0DFFC7B
S31500002990012804D06FF0020003B05DF804FB019B30
S315000029A04BB14FF0E0234FF08052C3F8042DBFF334
S315000029B04F8FBFF36F8F0020EEE700231A461946AC
S315000029C000F05BFB0128F6D0E4E76FF00300E3E7D5
S315000029D0542A0000034B0360034B0B604FF48073D3
S315000029E013607047DC290000DC250000034B036000
S315000029F0034B0B604FF400731360704764250000AF
S31500002A00641D000013B5044640B94FF0140383F368
S31500002A101188BFF36F8FBFF34F8FFEE7202301931B
S31500002A20019B202B08D04FF0140383F31188BFF3CA
S31500002A306F8FBFF34F8FFEE7002340F8043B00F093
S31500002A4035F901232046237702B010BD38B5202082
S31500002A5001F0BCFA044628B1002540F8045B00F0FA
S31500002A6025F92577204638BD2DE9F843DDF8209075
S31500002A700C4617469846064640B94FF0140383F3B2
S31500002A801188BFF36F8FBFF34F8FFEE7B1F1807FE1
S31500002A9008D34FF0140383F31188BFF36F8FBFF38E
S31500002AA04F8FFEE741B94FF0140383F31188BFF34C
S31500002AB06F8FBFF34F8FFEE711F0B2FCD0B9B9F1BB
S31500002AC0000F08D04FF0140383F31188BFF36F8F04
S31500002AD0BFF34F8FFEE711F0ABFC356804EA050340
S31500002AE0B8F1000F32D09C4232D18FB325EA0404EC
S31500002AF034602DE011F09CFC356804EA0503B8F15A
S31500002B00000F2AD1002BF0D1B9F1000F20D0391EC9
S31500002B1018BF012109064A462143301D11F0CCFC9D
S31500002B2011F096FC28B311F0AFFC830105460AD4D8
S31500002B3001F008F9356804EA0503B8F1000F23D15E
S31500002B4023BB01F01FF925F07F4503E0002BCCD114
S31500002B5011F07EFC2846BDE8F8839C42C5D0B9F149
S31500002B60000FF5D0391E18BF0121090641F080611A
S31500002B70D1E74FF0E0234FF08052C3F8042DBFF3A6
S31500002B804F8FBFF36F8FCEE79C42DAD1002FD8D09C
S31500002B9025EA04043460D4E770B50C46054640B90E
S31500002BA04FF0140383F31188BFF36F8FBFF34F8F7A
S31500002BB0FEE7B1F1807F08D34FF0140383F3118849
S31500002BC0BFF36F8FBFF34F8FFEE701F0BBF82E68A0
S31500002BD026EA04042C6001F0D5F8304670BDFFF7F4
S31500002BE0DBBF00000A4600230146014801F02AB86F
S31500002BF0DF3B2008EFF311834FF0140282F31188B4
S31500002C00BFF36F8FBFF34F8F006883F31188704750
S31500002C102DE9F0410D46044640B94FF0140383F305
S31500002C201188BFF36F8FBFF34F8FFEE7B1F1807F3F
S31500002C3008D34FF0140383F31188BFF36F8FBFF3EC
S31500002C404F8FFEE700F10C0611F0F2FB23682069B6
S31500002C502B43236000258642216807D121EA05011E
S31500002C60216011F0F5FB2068BDE8F081D0E900286D
S31500002C7022F07F4312F0806F03EA010702D11FB9E9
S31500002C804046E8E7BB42FBD1D20141F0007148BFA4
S31500002C901D4311F001FCF3E7FFF7BABF13460A46DE
S31500002CA00146014800F0CEBF993C200800F1080318
S31500002CB04FF0FF32C0E90223436003610023036043
S31500002CC0704700230361704743684B609A688A60C7
S31500002CD0516099600368086101330360704730B53D
S31500002CE00C68631C0AD103695A684A6091608B605C
S31500002CF05960036808610133036030BD00F10802C2
S31500002D00134652681568A542FAD9EDE7D0E90112D3
S31500002D1003698A6051605968814208BF5A6000227F
S31500002D2002611A68013A1A601868704710B50446BD
S31500002D3001F008F8A46B01F025F8B4FA84F0400914
S31500002D4010BD70B51646026C856B044642B906681E
S31500002D509EB9806811F0A4FBA6600135A56370BD1D
S31500002D606EB940680FF0B4FC6368226C1344A26825
S31500002D706360934224BF236863600020EDE7C06868
S31500002D800FF0A6FC226CE36851429B1A2268E360AE
S31500002D9093423EBFA3685B18E360022EEDD10DB1EE
S31500002DA0013DEAE72846D8E7034610B41A6C084600
S31500002DB06AB1DC68996814448C4228BF1968DC60E3
S31500002DC028BFD960D9685DF8044B0FF081BC5DF867
S31500002DD0044B704770B5044600F0B4FF94F84550B4
S31500002DE004F124066DB2002D14DCFF2384F845306F
S31500002DF000F0C8FF00F0A6FF94F8445004F1100656
S31500002E006DB2002D12DCFF2384F84430BDE870401B
S31500002E1000F0B8BF636A002BE7D0304611F010FB14
S31500002E2008B111F02DFB013D6DB2DCE72369002BE3
S31500002E30E9D0304611F004FB08B111F021FB013D49
S31500002E406DB2DEE738B50D46044640B94FF01403BF
S31500002E5083F31188BFF36F8FBFF34F8FFEE700F048
S31500002E6071FFD4E90F31226862604B43D0185B1AB8
S31500002E701A44A060FF230020A063E26084F8443077
S31500002E8084F84530A5B9236973B104F1100011F037
S31500002E90D7FA48B14FF0E0234FF08052C3F8042D23
S31500002EA0BFF34F8FBFF36F8F00F06CFF012038BD6B
S31500002EB004F11000FFF7FAFE04F12400FFF7F6FE16
S31500002EC0F2E7F8B5064617460D46C9B14843B0FBCA
S31500002ED0F1F39E4208D04FF0140383F31188BFF339
S31500002EE06F8FBFF34F8FFEE710F1510F19D94FF0D7
S31500002EF0140383F31188BFF36F8FBFF34F8FFEE781
S31500002F00502001F063F888B180F8465004462060EE
S31500002F10C4E90F6501212046FFF794FF84F84C7041
S31500002F2005E0503001F052F8044610B9002420465E
S31500002F30F8BD002380F846305030E8E737B50D4637
S31500002F401C4640B94FF0140383F31188BFF36F8F0B
S31500002F50BFF34F8FFEE743B94FF0140383F3118895
S31500002F60BFF36F8FBFF34F8FFEE74AB191BB4FF0B0
S31500002F70140383F31188BFF36F8FBFF34F8FFEE700
S31500002F8041B14FF0140383F31188BFF36F8FBFF382
S31500002F904F8FFEE750230193019B502B08D04FF033
S31500002FA0140383F31188BFF36F8FBFF34F8FFEE7D0
S31500002FB0019B22460121C4E90F0584F846102260D0
S31500002FC02046FFF73FFF9DF8183084F84C30204626
S31500002FD003B030BD50230193019B502BDFD1019BE1
S31500002FE0E8E740B94FF0140383F31188BFF36F8FFE
S31500002FF0BFF34F8FFEE7FFF764BF13B513460C46CA
S3150000300040B94FF0140383F31188BFF36F8FBFF3FA
S315000030104F8FFEE7884208D24FF0140383F31188DE
S31500003020BFF36F8FBFF34F8FFEE70222009200229D
S315000030301146FFF783FF00B1846302B010BD10B5DF
S315000030400C4640B94FF0140383F31188BFF36F8F1A
S31500003050BFF34F8FFEE7884208D24FF0140383F385
S315000030601188BFF36F8FBFF34F8FFEE70222002157
S31500003070FFF7B7FF00B1846310BDF0B585B00E460B
S3150000308001921D46044640B94FF0140383F311889C
S31500003090BFF36F8FBFF34F8FFEE751B9036C43B198
S315000030A04FF0140383F31188BFF36F8FBFF34F8F75
S315000030B0FEE7022D0BD1E36B012B08D04FF0140372
S315000030C083F31188BFF36F8FBFF34F8FFEE711F0C5
S315000030D0A7F908B9019B03BB00F034FEA26BE36BB2
S315000030E09A4223D22A4631462046FFF72AFE636AD1
S315000030F01BB104F1240011F0A3F948B14FF0E0230D
S315000031004FF08052C3F8042DBFF34F8FBFF36F8F7C
S3150000311000F038FE012005B0F0BD4FF0140383F334
S315000031201188BFF36F8FBFF34F8FFEE7022DD9D003
S3150000313000231F4637E013B902A811F069F900F021
S3150000314021FE11F075F900F0FDFD94F84430FF2BD7
S3150000315008BF84F8447094F84530FF2B08BF84F804
S31500003160457000F00FFE01A902A811F085F90028AC
S3150000317039D100F0E7FDA26BE36B9A421AD100F059
S3150000318001FE019904F1100011F0A2F92046FFF7A3
S3150000319021FE11F05DF9D8B100F0D4FDA36BE26B0E
S315000031A09A429FD80123019A002AC4D100F0EAFD71
S315000031B00020B0E700F0E6FD2046FFF70BFE11F019
S315000031C047F900F0BFFDA26BE36B9A42EAD289E7AA
S315000031D04FF0E0234FF08052C3F8042DBFF34F8F1A
S315000031E0BFF36F8FEDE72046FFF7F4FD11F030F9DE
S315000031F0DEE713B500220B46009011460120FFF7CB
S315000032009DFE044638B1002383600360C3601A46FE
S315000032101946FFF732FF204602B010BD38B5044606
S3150000322040B94FF0140383F31188BFF36F8FBFF3D8
S315000032304F8FFEE7856811F00FF985420BD1E368E1
S31500003240013BE3600BB1012038BD1A461946204602
S31500003250FFF713FFF7E70020F6E710B50246002157
S315000032600120FFF72EFE044638B100238360036079
S31500003270C3601A461946FFF700FF204610BD2DE928
S31500003280F843894617461E46044640B94FF01403D4
S3150000329083F31188BFF36F8FBFF34F8FFEE751B9EA
S315000032A0036C43B14FF0140383F31188BFF36F8FA0
S315000032B0BFF34F8FFEE7022E0BD1E36B012B08D035
S315000032C04FF0140383F31188BFF36F8FBFF34F8F53
S315000032D0FEE700F04DFEEFF311884FF0140383F381
S315000032E01188BFF36F8FBFF34F8FA26BE36B9A42C8
S315000032F001D3022E29D194F84550A36B6DB2324604
S3150000330049462046FFF71DFD6B1C0ED1636A3BB193
S3150000331004F1240011F094F810B10FB101233B60C1
S31500003320012088F31188BDE8F8837F2D08D14FF07E
S31500003330140383F31188BFF36F8FBFF34F8FFEE73C
S3150000334001356DB284F84550EAE70020E9E770B52B
S315000033500D46044640B94FF0140383F31188BFF3BA
S315000033606F8FBFF34F8FFEE7036C43B14FF014032B
S3150000337083F31188BFF36F8FBFF34F8FFEE70368A8
S3150000338053B9836843B14FF0140383F31188BFF335
S315000033906F8FBFF34F8FFEE700F0EAFDEFF3118664
S315000033A04FF0140383F31188BFF36F8FBFF34F8F72
S315000033B0A26BE36B934224D994F845100132FF299E
S315000033C04BB2A2630DD1636A3BB104F1240011F044
S315000033D037F810B10DB101232B60012086F3118857
S315000033E070BD7F2B08D14FF0140383F31188BFF310
S315000033F06F8FBFF34F8FFEE701335BB284F8453022
S31500003400EBE70020EAE7F0B585B00E4601920446E8
S3150000341040B94FF0140383F31188BFF36F8FBFF3E6
S315000034204F8FFEE751B9036C43B14FF0140383F39A
S315000034301188BFF36F8FBFF34F8FFEE710F0F0FFD9
S3150000344050B9019B43B14FF0140383F31188BFF3C6
S315000034506F8FBFF34F8FFEE700F074FCA56BDDB1F5
S3150000346031462046013DFFF79FFCA563236973B1F2
S3150000347004F1100010F0E4FF48B14FF0E0234FF0E4
S315000034808052C3F8042DBFF34F8FBFF36F8F00F048
S3150000349079FC012005B0F0BD019B1BB900F072FC60
S315000034A00020F7E702A810F0B3FF2F4600F06AFCF1
S315000034B010F0BEFF00F046FC94F84430FF2B08BF26
S315000034C084F8447094F84530FF2B08BF84F84570A3
S315000034D000F058FC01A902A810F0CEFF38BB204628
S315000034E0FFF724FCE8B1019904F1240010F0F0FF85
S315000034F02046FFF76FFC10F0ABFF48B94FF0E02312
S315000035004FF08052C3F8042DBFF34F8FBFF36F8F78
S3150000351000F018FCA56B002DA2D1019B002BC5D194
S31500003520BCE72046FFF756FC10F092FFF0E7204676
S31500003530FFF750FC10F08CFF2046FFF7F7FB002842
S31500003540E6D0ADE7F0B585B00446019140B94FF03D
S31500003550140383F31188BFF36F8FBFF34F8FFEE71A
S31500003560056C45B14FF0140383F31188BFF36F8FD9
S31500003570BFF34F8FFEE710F053FF064620B32E46EB
S31500003580002700F0DFFBA36B53B3013BA363236863
S3150000359013B910F041FFA060236973B104F1100064
S315000035A010F04EFF48B14FF0E0234FF08052C3F8C1
S315000035B0042DBFF34F8FBFF36F8F00F0E3FB0120A5
S315000035C005B0F0BD3546DBE7019B002BFAD04FF086
S315000035D0140383F31188BFF36F8FBFF34F8FFEE79A
S315000035E0019B53B9002D66D04FF0140383F3118865
S315000035F0BFF36F8FBFF34F8FFEE716B902A810F027
S3150000360007FF00F0BFFB10F013FF00F09BFB94F8E0
S315000036104430FF2B08BF84F8447094F84530FF2BE4
S3150000362008BF84F8457000F0ADFB01A902A810F0B0
S3150000363023FF50BB2046FFF779FB00B323683BB955
S3150000364000F080FBA06810F0F7FE054600F09AFB3C
S31500003650019904F1240010F03BFF2046FFF7BAFB66
S3150000366010F0F6FE48B94FF0E0234FF08052C3F851
S31500003670042DBFF34F8FBFF36F8F012681E72046DE
S31500003680FFF7A8FB10F0E4FEF7E72046FFF7A2FBE2
S3150000369010F0DEFE2046FFF749FB0028EDD065B1AD
S315000036A000F050FB616A19B1236B1968C1F138014A
S315000036B0A06810F0B9FE00F065FB002080E770B549
S315000036C00D46044640B94FF0140383F31188BFF347
S315000036D06F8FBFF34F8FFEE7866810F0BDFE864200
S315000036E004D1E3680133E360012070BD294620461A
S315000036F0FFF728FF0028F8D0E3680133E360F4E71A
S315000037002DE9F84389469046044640B94FF0140324
S3150000371083F31188BFF36F8FBFF34F8FFEE751B965
S31500003720036C43B14FF0140383F31188BFF36F8F1B
S31500003730BFF34F8FFEE700F01BFCEFF311874FF04E
S31500003740140383F31188BFF36F8FBFF34F8FA66BFC
S3150000375066B394F8445049466DB22046FFF724FB01
S31500003760013E6B1CA66311D1236953B104F110000D
S3150000377010F066FE28B1B8F1000F02D00123C8F898
S315000037800030012087F31188BDE8F8837F2D08D12A
S315000037904FF0140383F31188BFF36F8FBFF34F8F7E
S315000037A0FEE701356DB284F84450EAE73046E9E7B2
S315000037B030B5074A002352F8335002EBC3041DB953
S315000037C042F83310606030BD0133082BF3D1FAE7BD
S315000037D0582A000010B5094A002352F833108142D6
S315000037E04FEAC30406D1064A002142F833102244A8
S315000037F0516010BD0133082BEFD1FAE75C2A0000B7
S31500003800582A000010B540B94FF0140383F311880D
S31500003810BFF36F8FBFF34F8FFEE7FFF7DBFF90F825
S3150000382046301BB9BDE8104000F0DCBB10BD70B5DA
S3150000383004460D46164600F085FA94F84430FF2BF0
S3150000384004BF002384F8443094F84530FF2B04BFAE
S31500003850002384F8453000F095FAA36B2BB9324665
S31500003860294604F1240010F023FE2046BDE87040EE
S31500003870FFF7B0BA914208B5416000610AD8D21A82
S3150000388083699A420DD2084B011D1868FFF727FA83
S31500003890002008BD9A4201D2994202D2034B011D73
S315000038A0F3E70120F5E700BF443000004830000090
S315000038B0F7B5114C00F046FA2568BDB90F4F104E0A
S315000038C03846FFF7F3F93046FFF7F0F90D4B0E4A8D
S315000038D01F600E4B10211E6005200D4B0095FFF753
S315000038E02DFB206010B10B49FFF762FF03B0BDE866
S315000038F0F04000F047BA00BF4030000060300000E2
S315000039004C30000048300000E82F00004430000032
S31500003910982F0000D758210810B588B0FFF7C8FFC8
S31500003920124B1B68B3B1002407AA06A905A8CDE966
S315000039300544FFF75BF8059B0293069B019337232B
S315000039400093079A0A490B48234610F089FD0A4B53
S31500003950186040B94FF0140383F31188BFF36F8FDB
S31500003960BFF34F8FFEE7012008B010BD40300000C6
S31500003970DC582108794A20083C3000007FB51646FD
S3150000398004461A4640B94FF0140383F31188BFF377
S315000039906F8FBFF34F8FFEE70D4D286880B1052965
S315000039A0CDE9001602940DDC10F03AFD0023022842
S315000039B008BF089A286818BF1A466946FFF75DFBD4
S315000039C004B070BD00236946FFF759FCF8E700BF55
S315000039D0403000002DE9F347DFF89880064610F0E6
S315000039E06FFDD8F800308342054609D91F4F3B6862
S315000039F01A686AB91E4A116839601360012300E02B
S31500003A00002328463360C8F8005002B0BDE8F087AE
S31500003A10DB68DC68D3F8009004F1040A5046FFF72F
S31500003A2075F9236A2046984794F828305B07DED557
S31500003A30A3694B44994506D23868636024615146B0
S31500003A40FFF74DF9D3E7002300934A46194620466F
S31500003A50FFF794FF0028CAD14FF0140383F31188AF
S31500003A60BFF36F8FBFF34F8FFEE700BF48300000F4
S31500003A7044300000383000002DE9F0436E4D6F4EA3
S31500003A8089B02B68D3F80080B8F1000F35D0DB6819
S31500003A90D3F80080002410F0CBFC04A8FFF79AFFAF
S31500003AA0049B8146002B69D1002C4CD1404550D354
S31500003AB010F0CEFC2B68DB68DF68381DFFF726F9AF
S31500003AC097F8283058071AD5B96943464A464144FB
S31500003AD03846FFF7CFFEB0B1009423464246214652
S31500003AE03846FFF74BFF70B94FF0140383F3118884
S31500003AF0BFF36F8FBFF34F8FFEE70124CBE723F0B1
S31500003B00010387F828303B6A384698473068002218
S31500003B1004A9FFF778FC0028B3D0049B0698002B75
S31500003B202FDB069C6369002B32D103A8FFF752FFF7
S31500003B30049B0246092BE9D8DFE803F02E2E2E5708
S31500003B405E762E2E575E3E4B1B681C68B4FA84F4D4
S31500003B50640930682246A8EB0901FFF768FE10F0F9
S31500003B6077FC0028D2D14FF0E0234FF08052C3F803
S31500003B70042DBFF34F8FBFF36F8FC7E710F068FCBC
S31500003B80C4E7059B07999847049B002BBEDBC8E753
S31500003B90201DFFF7BBF8C8E794F82830A16943F069
S31500003BA0010384F82830059B20461944FFF762FE7E
S31500003BB00028ABD0236A2046984794F82830590746
S31500003BC0A4D5A269059900230A4400931946204604
S31500003BD0FFF7D4FE002899D14FF0140383F3118820
S31500003BE0BFF36F8FBFF34F8FFEE794F8283023F0B3
S31500003BF0010384F8283089E794F8283043F001035C
S31500003C0084F828300599A16141B94FF0140383F374
S31500003C101188BFF36F8FBFF34F8FFEE70346014452
S31500003C202046FFF727FE71E794F828309A07DED47E
S31500003C30204600F0D7F969E7483000004030000020
S31500003C40443000001FB514461A466FF00103CDE953
S31500003C5000300548CDE90214002369460068FFF7E5
S31500003C600EFB04B010BD00BF4030000008480068DD
S31500003C70006880F308884FF0000080F3148862B66D
S31500003C8061B6BFF34F8FBFF36F8F00DF00BF000039
S31500003C9008ED00E0DFF80C00016841F470010160F6
S31500003CA07047000088ED00E082B0002301930D4BC1
S31500003CB01B68013308D04FF0140383F31188BFF358
S31500003CC06F8FBFF34F8FFEE74FF0140383F3118816
S31500003CD0BFF36F8FBFF34F8F019B002BFCD002B059
S31500003CE0704700BF1C0000004FF0807340F8043C92
S31500003CF0074B40F80C3C21F001016FF0020340F83D
S31500003D00081C40F8202C40F8243C4438704700BF7B
S31500003D10A94C200800000000000000000000000080
S31500003D20074B19680868B0E8F04F80F30988BFF3BD
S31500003D306F8F4FF0000080F311887047AFF300805B
S31500003D40942F00004FF0140383F31188BFF36F8F95
S31500003D50BFF34F8F0A4A13680133012B13600ED14C
S31500003D604FF0E023D3F8043DDBB243B14FF0140328
S31500003D7083F31188BFF36F8FBFF34F8FFEE7704752
S31500003D801C000000084A136843B94FF0140383F37C
S31500003D901188BFF36F8FBFF34F8FFEE7013B1360B0
S31500003DA00BB983F3118870471C0000000000000067
S31500003DB0EFF30980BFF36F8F154B1A681EF0100FD3
S31500003DC008BF20ED108A20E9F04F10602DE90900A8
S31500003DD04FF0140080F31188BFF34F8FBFF36F8F3E
S31500003DE010F00EFB4FF0000080F3118809BC196833
S31500003DF00868B0E8F04F1EF0100F08BFB0EC108A4C
S31500003E0080F30988BFF36F8F704700BFAFF3008060
S31500003E10942F000008B54FF0140383F31188BFF305
S31500003E206F8FBFF34F8F10F03FFB28B14FF0E023A9
S31500003E304FF08052C3F8042D002383F3118808BD88
S31500003E404FF0E022002313619361054B4FF47A7122
S31500003E501B68B3FBF1F3013B536107231361704702
S31500003E60DC3000004FF0E02337B5D3F8001D3A4AA6
S31500003E70914208D14FF0140383F31188BFF36F8F7B
S31500003E80BFF34F8FFEE7D3F8002D344B9A4208D18B
S31500003E904FF0140383F31188BFF36F8FBFF34F8F77
S31500003EA0FEE72F4B1A78D2B20192FF221A701B78C6
S31500003EB02C4ADBB28DF803309DF8033003F014036F
S31500003EC01370294A0723136000219DF8030000069A
S31500003ED003F1FF340CD411B1012B136011D04FF054
S31500003EE0140383F31188BFF36F8FBFF34F8FFEE781
S31500003EF09DF803305B00DBB28DF8033001212346C9
S31500003F00E3E74FF480731360019B154A4FF0E024FA
S31500003F10DBB21370D4F8203D43F47C03C4F8203D93
S31500003F20D4F8203D43F07C43C4F8203DFFF788FFDA
S31500003F300E4B00251D60FFF7ADFED4F8343F43F06D
S31500003F404043C4F8343FFFF791FE10F059FAFFF7EB
S31500003F50ABFE284603B030BD71C20F4170C20F419F
S31500003F6000E400E078300000743000001C0000001F
S31500003F70EFF305830F2B0ED9114A9B5C114A127879
S31500003F809A4208D94FF0140383F31188BFF36F8F59
S31500003F90BFF34F8FFEE74FF0E0230B4AD3F80C3DFB
S31500003FA0126803F4E063934208D94FF0140383F3D5
S31500003FB01188BFF36F8FBFF34F8FFEE7704700BFC7
S31500003FC0F0E300E0783000007430000010B50446DD
S31500003FD010F02EFA20460DF017FB044610F038FAC2
S31500003FE0204610BD10B5044640B110F021FA204617
S31500003FF00DF012FBBDE8104010F02ABA10BD00000B
S3150000400070B5134C134D23685E6C00231946284681
S315000040100222B04723681E6800231946022228465A
S31500004020B04723680C4DD3F8C03005209847236865
S315000040305E6C0023194628460A22B04723681C688E
S3150000404000232846A4460A22BDE870401946604768
S315000040500001300000C00424000013467FB5038928
S315000040600493837903934379029303790193C37885
S31500004070009383784278017802480EF0FFF807B083
S315000040805DF804FBE45821080FB404B07047000043
S3150000409030B5114B93F85830013BDBB2FD2B8FB096
S315000040A018D80E4D0FCD6C460FC40FCD0FC40FCDD3
S315000040B00FC495E8030084E80300094C6846D4F869
S315000040C0443711F06FFB05F063FFD4F84437002046
S315000040D00FB030BD0120FBE700021F0858021F0881
S315000040E000800524134B0168D3F84437F0B5012747
S315000040F0013900D2F0BDD0F808C04668CCF384552B
S31500004100C5EBDC62346801320023013A0CD203FAB3
S3150000411005F203EA0C03C3F3150324EA0202AB40DB
S31500004120134333600830E3E707FA02FE43EA0E035F
S31500004130EBE700BF0080052408B51848FFF7D2FF5B
S315000041401748FFF7CFFF06F02BFA06F03DFA06F008
S3150000415047FA06F059FA06F063FA1248FFF7C2FF6B
S315000041601148FFF7BFFF1148FFF7BCFF1048FFF7E4
S31500004170B9FF1048FFF7B6FF0F48FFF7B3FF0F4828
S31500004180FFF7B0FF0E48FFF7ADFF0E48FFF7AAFF97
S31500004190BDE808400C48FFF7A5BF00BF3419000072
S315000041A098180000D4140000A01500009415000013
S315000041B0B415000074140000681400005C140000BC
S315000041C0B0140000F8140000EC14000010B5254CE3
S315000041D0FFF7B2FF94F8040600F00100FFF758FF5E
S315000041E04FF4C023C4F86C34D4F840311E4843F46D
S315000041F00023C4F84031D4F8403143F00103C4F839
S315000042004031D4F8403143F00203C4F84031FFF79F
S3150000421069FF16491648D1F8103543F00203C1F874
S315000042201035636923F400336361636943F48033B3
S315000042306361D0F84027D0F87837C2F34342023A98
S3150000424023F4F07343EA4213C0F87837D1F8943474
S3150000425043F40023C1F89434236943F460132361C3
S3150000426010BD00BF00800424C016000000A0052475
S315000042700080052408B550B10748FFF733FF07480B
S31500004280FFF730FF0648BDE80840FFF72BBF05489B
S31500004290FFF728FF0448F6E708170000B0170000EC
S315000042A0A41700007C170000281700000B48D0F860
S315000042B000D05DF804EB5DF804CB5DF804BB5DF857
S315000042C004AB5DF8049B5DF8048B80BC40BC20BC4D
S315000042D010BC08BC04BC02BC01BC7047883000009E
S315000042E0114AD2F8103623F48073C2F810360F4BF9
S315000042F0596B41F001015963596B41F00201596351
S315000043000423C2F8383482B000238DF807309DF8B4
S315000043100730092B01D902B0704700BF9DF807305E
S315000043200133DBB2F1E700BF0080042400840424DB
S31500004330FEE7FEE7054B064A06498B4200D3704767
S3150000434052F8040B43F8040BF7E700BF1000000017
S31500004350C869210888190000064B0748DA1C121A9A
S31500004360C11E22F00302994288BF002200210EF0EE
S31500004370E5B800BF544900008819000008B5FFF7EA
S31500004380D9FFFFF7E9FF00F0B3F8BDE80840FDF7F5
S31500004390B1BC000038B5374B374A1A60374B384A3C
S315000043A093F80636374C03F00F030F2B15BF364B29
S315000043B04FF00063D3F89312D3F837140CBF116093
S315000043C01160324A0CBFD3F83634D3F892321360F8
S315000043D005F05EFF05F05EFF2D4BDB694FF0806157
S315000043E0D3F880304FF08C409847E369022060F3A1
S315000043F00E33E361274BDA696FF30202DA6105F0E7
S31500004400C3FF1E4B1A6A042161F302021A621A6A7A
S315000044101207FCD5A369022262F38403A361A36990
S315000044201B04FCD51C4B1D4D5A6E6FF341025A6698
S315000044305A6E6FF300025A66FFF752FF184B19487F
S315000044400D4A18614FF4FA44D86117485C6200219E
S315000044501C624FF40044C3E90022C3E90B05C3E91B
S315000044600F2299605961DA609C625A6358649961B7
S3150000447038BD00BFDC300000005A62020080042410
S31500004480843000000081042400001F0880300000F2
S31500004490000130000086042400840424002D31012C
S315000044A08C30000000B4C4040048E8014FF0E0235B
S315000044B084B0D3F8402F0192D3F8442F0292019989
S315000044C0094A91420DD10299084A914209D1D3F87D
S315000044D0882D0392039A42F470020392039AC3F85A
S315000044E0882D04B0704700BF210011101100001183
S315000044F013B50023009301932F4BD3F81025009298
S31500004500009A00922D4A116821F00F01116011687E
S315000045101160D3F89C1421F46071C3F89C14D3F88D
S31500004520041701910199C3F80415D3F800170191F6
S315000045300199C3F80015D3F8101541F01C01C3F812
S315000045401015D2F8024014F48074FAD11C4843695D
S3150000455043F480334361436964F351434361FFF796
S31500004560A5FF184B4FF080725A60174BC0F84031C8
S31500004570164B5A6864F3C3025A60036A0E4A43F440
S3150000458080330362036A43F400330362D2F894343F
S3150000459043F40023C2F89434036943F460130361BF
S315000045A00B4B1A6842F400221A601A6842F4802201
S315000045B01A6002B010BD00BF00A00524000005244B
S315000045C00080042400003041030008000081042418
S315000045D00084042420F04040012802D0022805D09F
S315000045E07047034A1368013313607047014AF9E7BD
S315000045F0E4300000E030000010B5124CE368984744
S31500004600A36811489847236902209847A46A0121A4
S315000046101520A04701211620A0474FF4E1310120C3
S31500004620A0470A4C206810B9FEF742F82060084BF4
S315000046304FF48052C3F88020BFF34F8FBFF36F8FC4
S3150000464010BD00BF8C5A2108D5552008E83000005F
S3150000465000E100E013B5094C00238DF80430236017
S31500004660074B01219B6901A8984723681BB19DF858
S31500004670040002B010BD00F027FDF6E7E0300000B0
S315000046808C5A210813B5094C8DF8070000232360C6
S31500004690074B01215B690DF10700984723680BB1B1
S315000046A002B010BD00F010FDF8E700BFE4300000D6
S315000046B08C5A210803681B780022202B04D0093B62
S315000046C0042B01D9D0B270470368591C01605B788E
S315000046D00132F2E70120704708B509F087FE16237C
S315000046E003604FF0FF3008BD08B509F07FFE1623C2
S315000046F00360FEE770B50D461446FDF741FE02283D
S3150000470005D10C4B4FF0FF311868FEF71BF82E460B
S31500004710731BA34209DBFDF733FE022803D1054BC9
S315000047201868FEF73FF8204670BD16F8010BFFF734
S31500004730A9FFEDE7E83000004FF0FF3070474FF477
S3150000474000534B60002070470120704700207047DF
S315000047500FB42DE9F0438BB012AB002453F8046B71
S3150000476001938DF81040FFF775FF0D288DF81000A6
S31500004770F7D00A28F5D0002425460134142C2ED073
S31500004780FFF768FF04F128036B440D2803F8180CA3
S3150000479001D00A28F0D105F128030DEB030500230B
S315000047A005F8163C04AB03939DF81030019F029662
S315000047B0002B00F04E810025029B1B78002B3BD07E
S315000047C0DDF80C9099F80060002E35D002A8FFF7AE
S315000047D071FF044638B103A8FFF76CFFECE700232E
S315000047E08DF82430DEE7029A1346517813F8010B50
S315000047F00293252801D1252907D18E421CD109F122
S315000048000103023203930292D6E726462046A046CB
S315000048101A7806F07C01002A67D100B102930029BC
S3150000482067D109E0692A51D01ED8632A53D011D81E
S31500004830392A07D82F2A35D8E8B20BB0BDE8F0439D
S3150000484004B07047582AF7D146F0200601334FF0DE
S31500004850100833E0642AEFD146F4005646F02006ED
S3150000486001334FF00A0829E06F3AD1B20929E3D89B
S31500004870092AE1D801A151F822F000BFC158200849
S31500004880395820083958200839582008E558200892
S31500004890395820085D58200839582008395820080A
S315000048A049582008002CC7D10A211A78303A01FB52
S315000048B0042413F8012F303A092AF6D90120A7E774
S315000048C046F0200601334FF00808F7E746F02006C9
S315000048D001338846F2E7012C46F0040638BF01246E
S315000048E00133EBE746F00806FAE700299AD000B153
S315000048F00293002C08BF632408291BD0202940D02E
S31500004900042999D157F8042B4946144400200E78FF
S315000049100B4601310EB938B94EE702F8016B9442E5
S315000049204FF00100F3D10B46994503933FF444AF92
S31500004930013541E703A8FFF7BDFEDDF80CC057F8C7
S31500004940042B664614440021307810F0DF0F3346FE
S3150000495006F1010601D161B92EE7A0F1090EBEF1FB
S31500004960040FF8D902F8010BA2424FF00101EBD176
S3150000497033469C4503933FF41FAF374B00221A7012
S31500004980D6E703A8FFF796FE039BB8F1000F10D0F9
S31500004990B8F1100F17D11A78302A14D15A7802F0CC
S315000049A0DF02582A0FD102330393023C4FF010085E
S315000049B009E01A78302A16D15A7802F0DF02582A0E
S315000049C0F1D04FF00808039B1A782B2A0ED02D2A17
S315000049D00FD101330393013C4FF0FF31039A0020BE
S315000049E01444844614E04FF00A08ECE701330393BD
S315000049F0013C0121F2E7A9F14103052B02D910B3CD
S31500004A00039220E0A9F1370315E00CFB083C0120D6
S31500004A1092F800909646B9F1000FF0D0A242EED07F
S31500004A20A9F13003DBB2092B06D9A9F16103052BE5
S31500004A30E1D8A9F15703DBB2984502F10102E4D8A7
S31500004A4008B1CDF80CE057F8043B0CFB01F11960F6
S31500004A506EE74FF0FF35EFE6EC3000000448022326
S31500004A601421C21801334B2B82F80013F9D1704779
S31500004A7000E100E0064B1868002382B262F30F03E0
S31500004A80000C60F31F4382B0184602B0704700BFA7
S31500004A90885A21080E207047014803F03DBA00BF2E
S31500004AA0385A2108014803F037BA00BFE8592108EF
S31500004AB0014803F031BA00BF9859210807B5002311
S31500004AC0034A009303F01EF803B05DF804FB00BF31
S31500004AD0E859210837B5044602200D4600F094FC3B
S31500004AE0E2B2132A0346084A02D11178A52908D052
S31500004AF0127800922946054A204603F003F803B0CF
S31500004B0030BD6FF00600FAE720000000385A210891
S31500004B1037B5044609200D4600F076FCE2B2132AAA
S31500004B200346084A02D11178A52908D012780092C6
S31500004B302946054A204602F0E5FF03B030BD6FF076
S31500004B400600FAE72000000098592108014802F003
S31500004B50CFBF00BF385A2108014802F0C9BF00BFC5
S31500004B60E8592108014802F0C3BF00BF985921083F
S31500004B701FB5064B1B680293054B0193054B00932B
S31500004B80054B02F0A7FE05B05DF804FBDC3500001E
S31500004B906832000030000000385A21081FB5064B65
S31500004BA01B680293054B0193054B0093054B02F0DE
S31500004BB091FE05B05DF804FBDC35000068320000AC
S31500004BC030000000E85921081FB5064B1B68029308
S31500004BD0054B0193054B0093054B02F07BFE05B098
S31500004BE05DF804FBD8350000783100002400000091
S31500004BF09859210807B5064B064A1B680193064BD0
S31500004C000093064B03F05EFB03B05DF804FB00BFA8
S31500004C10DC350000385A21086832000030000000F8
S31500004C2007B5064B064A1B680193064B0093064BD5
S31500004C3003F048FB03B05DF804FB00BFDC35000061
S31500004C40E8592108683200003000000007B5064B1D
S31500004C50064A1B680193064B0093064B03F032FB92
S31500004C6003B05DF804FB00BFD83500009859210851
S31500004C70783100002400000007B5064B064A1B6881
S31500004C800193064B0093064B03F058FA03B05DF808
S31500004C9004FB00BFDC350000385A210868320000EA
S31500004CA03000000007B5064B064A1B680193064B09
S31500004CB00093064B03F042FA03B05DF804FB00BF15
S31500004CC0DC350000E8592108683200003000000099
S31500004CD007B5064B064A1B680193064B0093064B25
S31500004CE003F02CFA03B05DF804FB00BFD8350000D2
S31500004CF0985921087831000024000000014902F08B
S31500004D005FBD00BF385A2108014902F059BD00BFF6
S31500004D10E8592108014902F053BD00BF98592108FE
S31500004D200149024802F02CBD30000000385A210823
S31500004D300149024802F024BD30000000E85921086C
S31500004D40034B044904484FF480029A6402F018BDEC
S31500004D5000840424240000009859210807B5074B55
S31500004D60074910229A60074B0193074B0093074AA5
S31500004D70074B02F061FB03B05DF804FB00840424DA
S31500004D80385A210860350000DC350000300000008C
S31500004D9000FC020007B5074B074910229A60074B33
S31500004DA00193074B0093074A074B02F045FB03B0FC
S31500004DB05DF804FB00840424E859210860350000EE
S31500004DC0DC3500003000000000FC020007B5084B8F
S31500004DD008494FF480025A64074B0193074B00932E
S31500004DE0074A084B02F028FB03B05DF804FB00BF3E
S31500004DF00084042498592108E8340000D8350000BE
S31500004E0024000000001C0624014B1870704700BFE8
S31500004E1020000000014803F08FB800BF385A21086F
S31500004E20014803F089B800BFE8592108014803F09A
S31500004E3083B800BF98592108012808D1094BC9B287
S31500004E40D3F8F02061F30702C3F8F0207047022878
S31500004E5002D1054BC9B2F3E70328F7D1034BC9B218
S31500004E60EEE700BF000002440000014500080424EC
S31500004E70022808D1044B9A696FF303029A61DA6932
S31500004E806FF30302DA61704700000145012804D17F
S31500004E90074BD87900F001007047022801D1054B75
S31500004EA0F7E7032801D1044BF3E70020704700BF62
S31500004EB06C310000443100001C310000704770471F
S31500004EC0064B1868002382B262F30F03000C60F3EE
S31500004ED01F4382B0184602B0704700BF005B21082E
S31500004EE0014B1868704700BF3C000000014804F001
S31500004EF081BD00BF3C000000014904F039BD00BF80
S31500004F003C000000014804F011BD00BF3C00000059
S31500004F1037B504460B200D4600F076FA064B1B68A3
S31500004F200193064B00930246054B2946204604F0A2
S31500004F308DF803B030BD00BFD83500002400000056
S31500004F403C000000014804F07DB800BF3C000000B2
S31500004F50014804F074B800BF3C0000007FB5104B58
S31500004F60D3E90354B2F5806F2E883ABF02F1FF33BE
S31500004F70C3F3090340F2FF3363F30D162E80258831
S31500004F8063F30D15074B25801B680293064B0193AF
S31500004F90064B0093024B04F019F804B070BD00BF35
S31500004FA03C000000D83500007831000024000000E5
S31500004FB00D4B1A69B1F5806F13B538BF01F1FF3398
S31500004FC0148834BFC3F3090340F2FF3363F30D14AF
S31500004FD0064B14801B680193054B0093024A054B50
S31500004FE003F056FF02B010BD3C000000D8350000AB
S31500004FF078310000240000000D4BDA68B1F5806FAF
S3150000500013B538BF01F1FF33148834BFC3F3090366
S3150000501040F2FF3363F30D14064B14801B680193B3
S31500005020054B0093024A054B03F084FE02B010BD07
S315000050303C000000D8350000783100002400000054
S31500005040024B034A1B68034903F0CCBDD835000068
S31500005050240000003C000000034B044904484FF4C0
S3150000506000129A6403F06EBD00840424240000003C
S315000050703C00000007B5064B0193064B0093064A19
S31500005080064B074903F0CEFC03B05DF804FB00BFF6
S31500005090E8340000D835000024000000001C062477
S315000050A03C000000014803F095BB00BFC4000000AF
S315000050B0014803F08FBB00BF80000000014803F0E9
S315000050C089BB00BF3C000000FFF7F8BF7FB5264E46
S315000050D003788DF80D308DF8093033784278234DFA
S315000050E08DF80C20012104468DF80E108DF808204D
S315000050F0B3B1039806F066FB03462860A8B9627848
S315000051002079052A13D12178194B1A4A43F82140F0
S3150000511006F0D0FBA278184901238B54337004E0C3
S3150000512006F0F2FB28600028E3D004B070BD042A24
S3150000513010D1124D124A297842F8214000930246B6
S31500005140104B1148415C02A806F058FA2B7801333F
S315000051502B70DFE70D4D0E4A297842F82140009367
S3150000516002460C4B0C48EDE78C36000090360000EA
S315000051707036000051622008883600008A3600002A
S315000051807836000041622008080100008B360000D6
S3150000519080360000316220081001000010B5044678
S315000051A029B1042912D0BDE8104007F00DBA4B28EA
S315000051B004D90D4840F2DB1106F0BCFE240104F1CF
S315000051C08C4404F598146068C0B210BD0B2804D94D
S315000051D005484FF4EF7106F0ADFE240104F11054BA
S315000051E004F59824EFE700BF045B210870B5044678
S315000051F041780078FFF7D2FF43B200256178207826
S31500005200DEB2FFF7CBFF43B2B342F6D10135B5F5B7
S31500005210FA7FF3D10549A27820788A5C934214BFBD
S3150000522001210021FCF7F8FC70BD00BF88360000A4
S31500005230024B53F82000FFF7D9BF00BF80360000AD
S31500005240024B53F82000FFF7D1BF00BF78360000AD
S31500005250024B53F82000FFF7C9BF00BF70360000AD
S315000052600278052A15D8437822B93A2B34BF002094
S3150000527021207047511E012905D9032A05D0042A89
S3150000528005D0062BF2E7102BF0E70A2BEEE70C2BE6
S31500005290ECE72120704713B5837804468BB90120CB
S315000052A006F05EFA63788DF8043023788DF80530C1
S315000052B000238DF80630019802B0BDE8104006F0D4
S315000052C081BA0020ECE7000037B5831E5D425D41E0
S315000052D004468DF80500AD0001A88DF80450FFF7CF
S315000052E0BFFF80B98DB94B2C04D90B4840F24A2137
S315000052F006F020FE240104F18C4404F5981463683A
S3150000530083F00103636003B030BD044A536A83F03F
S3150000531001035362F7E700BF045B210800C00424C1
S31500005320354BDFED366AD3F8102242F04002C3F85F
S31500005330102207EE900AD3F81022F4EEE67A42F035
S315000053401002F1EE10FA07EE101A82B0C3F810221E
S3150000535006DCF0EE086AB4EEE67AF1EE10FA08D54D
S31500005360D3F8102242F02002C3F81022002002B027
S3150000537070479FED237AF4EEC77AF1EE10FA10D556
S31500005380D3F810226FF30302C3F81022D3F81022C9
S315000053906FF38612C3F81022D3F810226FF30412AB
S315000053A0E2E777EEC77ADFED176A134A87EEA67A49
S315000053B0F7EE007A77EE277AFCEEE77ACDED017A02
S315000053C09DF80430F6EE007A77EE277A07EE103A6B
S315000053D0B8EE477AB4EEE77AF1EE10FAC2BFFCEE09
S315000053E0E77ACDED017A9DF80430D2F8101263F316
S315000053F00301C2F81012B9E70038042433333340EE
S31500005400CDCCCC3F0AD7A33DD0B50E2800F27C8286
S31500005410DFE810F00F005A009500D00004010F01DC
S315000054204101710181019001B701DC0107023202DD
S3150000543054024FF08C43DB6903F00703042B41D879
S31500005440DFE803F0033A34373D00844B9A6C013AA7
S31500005450052A37D8DFE802F0032224222628586CD2
S315000054604FF08C43DC69DB69C4F3C30413F0005FBF
S3150000547060D094B10BF0FEFB064620460F460BF0BB
S31500005480F9FB774B00220BF0B9FA02460B46304681
S3150000549039460BF093FD0BF001FFD0BDD86ADFE76C
S315000054A0D86BDDE7186BDBE7586BD9E76B4BD86930
S315000054B0D6E76A4B5869D3E7684B9868D0E7674BDD
S315000054C0D868CDE70020CBE74FF08C43DB69C3F308
S315000054D0C213042B2CD8DFE803F003251F22280073
S315000054E05E4B9A6C013A052A22D8DFE802F0030DDA
S315000054F00F0D1113586C4FF08C43DC69DB69C4F354
S31500005500832413F0804FB3E7D86AF4E7D86BF2E749
S31500005510186BF0E7586BEEE7504BD869EBE74F4B4B
S315000055205869E8E74D4B9868E5E74C4BD868E2E7E1
S315000055300020E0E7002CB0D0B0FBF4F0ADE74FF070
S315000055408C439B69C3F3C233052B31D8DFE803F0E4
S31500005550032124272A2D414B9A6C013A052A27D884
S31500005560DFE802F0030F110F1315586C4FF08C4350
S315000055709B69C3F3C32213F4F04F8ED0B0FBF2F055
S315000055808BE7D86AF2E7D86BF0E7186BEEE7586B53
S31500005590ECE7324B9868E9E7304B1869E6E72F4BA2
S315000055A05869E3E72D4BD869E0E72C4BD868DDE76F
S315000055B00020DBE74FF08C439B6AC3F34243032B87
S315000055C02AD8DFE803F002202326244B9A6C013AFE
S315000055D0052A21D8DFE802F0030F110F1315586CC6
S315000055E04FF08C439A6AC2F3055312F07C7F3FF466
S315000055F054AF5B004CE0D86AF2E7D86BF0E7186B63
S31500005600EEE7586BECE7154B5869E9E7134B9868DA
S31500005610E6E7124BD868E3E70020E1E74FF08C425B
S31500005620936903F00703032B25D8DFE803F0081B73
S315000056301E214FF08C42D36FC3F34223F3E7074B8F
S31500005640D86A91699369D2698C05C3F3C503C2F31D
S31500005650007212D5B2B9DBB91FE700BF8C3000006B
S315000056600000E03F824BD869EBE7814B5869E8E7D9
S315000056707F4B9868E5E70020E3E71AB9002BB8D11D
S3150000568040080AE7D9077FF508AF022B7FF605AF7A
S31500005690B0FBF3F001E74FF08C439B69C3F3026361
S315000056A0042B00F23181DFE813F0DF0005001D0056
S315000056B0200023006E4B9A6C013A052A00F22481E1
S315000056C0DFE812F0060008000B0008000D00F700E6
S315000056D0586CE2E6664BD86ADFE6D86BDDE6644BCB
S315000056E0186BDAE6624B9868D7E6614BD869D4E660
S315000056F05F4B5869D1E64FF08C42936913F4802FC3
S315000057005B4B0CBF58699868936992691202C3F3A0
S31500005710C343B3D59FE74FF08C439A6A12F4806F68
S31500005720534A0CBF9069D0689A6AC2F3C52312F433
S31500005730FC3F5CE74F4A93691B0F062B1FD8DFE837
S3150000574003F0040C0F1215181B00494B5868936997
S31500005750C3F3464213F47E0F0FE7454B186AF6E78C
S31500005760434B586AF3E7424B986AF0E7404BD86AD6
S31500005770EDE73F4B186BEAE73D4BD868E7E70020BB
S31500005780E5E73C4AD369C3F34303052B1CD8DFE89E
S3150000579003F0030C0F121518354B5868D369C3F381
S315000057A04713002B7FF425AF77E6314B186AF5E7F0
S315000057B02F4B586AF2E72E4B986AEFE72C4BD86AC4
S315000057C0ECE72B4B186BE9E70020E7E7294A136A59
S315000057D0C3F34303072B22D8DFE803F0040C0F12B0
S315000057E015181B1E224B5868136AC3F3421213F096
S315000057F0E00FC2E61E4B186AF6E71D4B586AF3E740
S315000058001B4B986AF0E71A4BD86AEDE7184B186BF2
S31500005810EAE7174BD868E7E7154B586BE4E7002033
S31500005820E2E7144B1B6BC3F34303062B6CD801A2B0
S3150000583052F823F051682008576820085D68200850
S3150000584063682008D5662008DF6620086968200896
S31500005850074B586821E6064B186A1EE6044B586A41
S315000058601BE6034B986A18E6014BD86815E600BF9D
S315000058708C30000000140424244B5B6BC3F34303F9
S31500005880082B41D801A252F823F000BF5168200826
S31500005890576820085D68200863682008D5662008D8
S315000058A0DF66200869682008B1682008B768200804
S315000058B0174B586BF1E5164B9869EEE5134AD36A18
S315000058C0C3F34303062B1DD8DFE803F0040A0D10CB
S315000058D0131619000E4B5868D36AC3F34713BAE67A
S315000058E00B4B186AF8E70A4B586AF5E7084B986AB3
S315000058F0F2E7074BD86AEFE7054B186BECE7044B6A
S31500005900D868E9E70020E7E70020C6E5001404248C
S315000059108C300000024B1B68D3F8BC30184700BF20
S3150000592000013000024B1B68D3F8CC30184700BF8B
S3150000593000013000024B1B68D3F8EC30184700BF5B
S3150000594000013000024B01219B69C0B2184700BF1D
S31500005950B4360000FFF7F6BF1346054A126810B4C6
S31500005960546C0A46A44600215DF8044B604700BF0C
S3150000597000013000034B1B6A02469B6A0248012164
S31500005980184700BF0001300000140424104B114AD0
S315000059901B7F82B0012BADF804000F4BC0B24FF451
S315000059A000610DD9116020B9D3F808220A43C3F863
S315000059B008225A68002042F001025A6002B070477D
S315000059C011600028F5D1D3F8082242F40062EEE710
S315000059D0B436000000E100E0003804242DE9F04F61
S315000059E0224B234893F81CE0224B1A7800231C46CE
S315000059F002F59875D9B28E450CD8DFF88080002361
S31500005A00A8F5107902F5907CDAB2964509D80020FF
S31500005A10BDE8F08F30F815108C4238BF0C460133C4
S31500005A20E8E743B929F81C300133EDE7B5F820B0B3
S31500005A30594489B20AE000271FFA83FABEB2B4427B
S31500005A40F2D900220C4D104635F8021FA14203D2AE
S31500005A50B142EBD1013292B2013080B25045F3D35C
S31500005A600137002AEAD128F81360DDE7B4360000D2
S31500005A70D4360000B0360000123900001439000098
S31500005A80012800D17047C30701D44008F8E7002079
S31500005A90704703460120834208DC00EBD072A3EB7B
S31500005AA06203B3EBA00FB8BF400870474000F2E7AF
S31500005AB007EE100ADFED087A084837EE277AF7EE88
S31500005AC0006AC6EE877AFCEEE77A17EE903A8342D2
S31500005AD028BF03461846704795BFD633404B4C0047
S31500005AE084B0F0B506AC84E80E00DFED957A0021AF
S31500005AF023AC0DF16B050A460B46CEB2B04200F25E
S31500005B00AF80002B00F0A380B0EE007AF4EEC77AE7
S31500005B10F1EE10FAB0EE047A05DBF4EEC77AF1EE98
S31500005B2010FA00F1DF80F4EEC77AF1EE10FAB0EE6B
S31500005B30087A05DBF4EEC77AF1EE10FA00F1D880A8
S31500005B40F4EEC77AF1EE10FAB1EE007A05DBF4EE68
S31500005B50C77AF1EE10FA00F1CE80F4EEC77AF1EED4
S31500005B6010FAB1EE047A05DBF4EEC77AF1EE10FA1C
S31500005B7000F1C480F4EEC77AF1EE10FA07DBB1EE5D
S31500005B80087AF4EEC77AF1EE10FA00F1BA80B1EEB7
S31500005B900C7AF4EEC77AF1EE10FAB2EE007A05DB73
S31500005BA0F4EEC77AF1EE10FA00F1AE80F4EEC77AA1
S31500005BB0F1EE10FAB2EE027A05DBF4EEC77AF1EEF8
S31500005BC010FA00F1A480F4EEC77AF1EE10FA06DBC3
S31500005BD0B2EE047AF4EEC77AF1EE10FA6FD4B2EEB2
S31500005BE0087AF4EEC77AF1EE10FA06DBB2EE0C7A1A
S31500005BF0F4EEC77AF1EE10FA6ED4B3EE017AF4EE53
S31500005C00C77AF1EE10FA06DBB3EE027AF4EEC77A43
S31500005C10F1EE10FA63D4B3EE097AF4EEC77AF1EE38
S31500005C2010FA06DBB3EE0A7AF4EEC77AF1EE10FA52
S31500005C3070D9B3EE0B7AF4EEC77AF1EE10FA06DB02
S31500005C409FED407AF4EEC77AF1EE10FA74D9DFEDE3
S31500005C503E7A9FED3E7A002A18BFF0EE477A65E05D
S31500005C6015F8016FA6F1140CBCF1020F2F7C0FD8AA
S31500005C7094ED007AB4EEE77AF1EE10FA03DD013323
S31500005C80DBB2F0EE477A0D2F16D00131043434E73B
S31500005C90A7F10A0CBCF1020F0CD894ED007AB4EE11
S31500005CA0E77AF1EE10FA03DD0133DBB2F0EE477A64
S31500005CB0182EE9E7182EE6D10132D2B2E5E7DFED7C
S31500005CC0247A9AB39FED217AF4EEC77AF1EE10FAB0
S31500005CD023D5F0EE477A29E0DFED1E7AF1E7DFED16
S31500005CE01E7AEEE7DFED1D7ABAB1DFED187A1DE018
S31500005CF0DFED1B7AF8E7DFED1B7AF5E7DFED1A7AC1
S31500005D00F2E7DFED1A7AEFE7DFED197AECE7DFED80
S31500005D10197AE9E7DFED187A42B19FED0B7AF4EED6
S31500005D20477AF1EE10FA48BFF0EE477ABDE8F04048
S31500005D3017EE900A04B07047DFED107AECE700BF6B
S31500005D400000000000004C4295BFD6338BE16A3656
S31500005D50ACC5A735EFE608369F9D42362E5A8233EC
S31500005D6001A90C3437F859342439EC3434580F353A
S31500005D70AD186335883E8A35B1B49D36F2DD1C37E1
S31500005D8070B50D4616460446D0B9FFF7D3FDAA48AE
S31500005D9007222146FFF7E0FD002D40F0AA81012EE3
S31500005DA000F09F810B2C1DD00C2C40F0F5800520B7
S31500005DB0FFF7C0FDA04807220521FFF7CDFD98E0BB
S31500005DC0012818D10220FFF7B5FD9B4807220221C2
S31500005DD0FFF7C2FD002D76D1012E00F082810B2C3B
S31500005DE040F0DA800320FFF7A5FD07220321924841
S31500005DF0FFF7B2FD96E002280ED10420FFF79AFDC8
S31500005E00072204218C48FFF7A7FD002D00F06681CC
S31500005E10012D40F0778155E1032805D10620FFF7D3
S31500005E2089FD07220621EDE7042805D10820FFF7A2
S31500005E3081FD07220821E5E7052805D10A20FFF79D
S31500005E4079FD07220A21DDE706280CD17B4B2022AB
S31500005E505A601920FFF766FD1920FFF75BFD7848A9
S31500005E600E221921B4E707281ED1744B20225A604E
S31500005E701B20FFF757FD1B20FFF74CFD0E221B21B1
S31500005E806F48FFF769FD002D00F02881012D40F0D5
S31500005E90D980012E00F019810C2C21D10520FFF7A5
S31500005EA049FD07220521A2E7082840F0FD80634B43
S31500005EB020225A601D20FFF735FD1D20FFF72AFD21
S31500005EC00E221D21DCE70B2C1ED0012D40F01A817D
S31500005ED0012E00F0FA800C2CE0D00D2C00F0C180D1
S31500005EE00E2C50D00F2C6FD0102C75D12EE0022D19
S31500005EF040D0032D52D1012E59D00E2C70D00F2C2C
S31500005F0062D0102C30D121E00320FFF713FD4A4860
S31500005F1007220321FFF720FD022D2BD0032D03D1ED
S31500005F20012E44D0002070BD042D00F0A480052D64
S31500005F30DAD1012E40F0A3800720FFF7FBFC0722F1
S31500005F403D481146FFF708FD102C5ED13B4B202241
S31500005F505A601A20FFF7E6FC1A20FFF7DBFC3848E8
S31500005F600E221A21FFF7F8FC112C50D0072D5CD118
S31500005F70012E88E0012ED5D169E0012E67D00D2CC7
S31500005F800FD00E2CBBD10920FFF7D4FC2A480722DC
S31500005F900921FFF7E1FCCAE70D2C62D00E2C68D16F
S31500005FA0F1E70B20FFF7C6FC07220B211FE70B20AA
S31500005FB0FFF7C0FC204807220B21FFF7CDFC8FE737
S31500005FC00E2CE0D00F2CB2D10720FFF7B3FC07222E
S31500005FD019481146FFF7C0FC062DC5D1012E4FE02A
S31500005FE00920FFF7A7FC0722092100E70920FFF790
S31500005FF0A1FC114807220921FFF7AEFC7FE7072025
S31500006000FFF798FC07221146F1E6112C0DD10B4B38
S3150000601020225A601C20FFF785FC1C20FFF77AFC23
S3150000602007480E221C21FFF797FC122C2FD0082DB3
S315000060307FF478AF012E28E000C004240000304130
S3150000604000001346022D7FF454AF012E99D105208E
S31500006050FFF770FC2E4807220521FFF77DFC0D2C6B
S31500006060AED10B20FFF766FC294807220B21FFF76C
S3150000607073FC042DA6D1012EB8D00F2CBFD0102C46
S315000060803FF464AF112CC2D0122C7FF44BAF214BDE
S3150000609020225A601E20FFF745FC1E20FFF73AFC1F
S315000060A01D480E221E21A3E60A287FF475AE0120A4
S315000060B0FFF740FC164807220121FFF74DFC012D92
S315000060C07FF415AF012E7FF42DAF0320FFF732FCCE
S315000060D00F4807220321FFF73FFC65E6012E7FF4F8
S315000060E021AF0120FFF726FC094807220121FFF70F
S315000060F033FC0B2C3FF408AF012D3FF4E9AE0C2C1A
S315000061003FF455AE022D3FF438AF0D2CA9D0F0E682
S3150000611000C0042400003041000013462DE9F04180
S315000061200F29BDF81850BDF81C609DF820809DF819
S3150000613024E055D845EA0604B4F5806F50D22B4CBE
S3150000614001F1100701F1400C44F8273001F1500726
S315000061509A4244F8212024F81C5024F8176041D0B4
S31500006160B8F1000F17D001F1300802EB4502C0F874
S31500006170D42144F8282045EAC12242F40048C0F858
S31500006180D881D0F8D881C0F8D821D0F8D82144F8E1
S315000061902C8044F82720BEF1000F02D10020BDE874
S315000061A0F08101F1600205EB46052B44C0F8D431BD
S315000061B044F82230CB0203F58063334343F40042B4
S315000061C0C0F8D82101F17002D0F8D85144F8225015
S315000061D08031C0F8D831D0F8D83144F82130DDE725
S315000061E00120DCE742F20210D9E700BFD4360000F6
S315000061F00F2910B528D892B1144A01F1300452F88B
S315000062002440C0F8D44101F1400452F82440C0F8BB
S31500006210D84101F1500452F82420C0F8D8218BB19E
S315000062200A4B01F1600253F82220C0F8D42101F193
S315000062307002803153F8222053F82130C0F8D8215B
S31500006240C0F8D831002010BD0120FCE7D43600008C
S3150000625010B5274B27485A685A6842F001025A601F
S31500006260D3F8082242F48062C3F8082203F5B43357
S315000062701A68026852BBD3F8402442F46752C3F846
S3150000628040241D4AD2F80230DC05FBD41B4BD3F860
S315000062900427D107FBD5D3F80427D207FBD4D3F8BC
S315000062A04824174C174B21681A60930803F4F853D7
S315000062B00B43910001F07C0112020B4302F4783289
S315000062C0134343F081032360012303600C4B1A68D8
S315000062D00A4BC3F84424084AD2F8023013F48073F8
S315000062E0FAD1034A516863F30001516010BD00BF43
S315000062F000380424A43600000000052400A005246C
S31500006300AC360000A83600000F29024610B54FF043
S3150000631001000CD8D2F8CC4100FA01F32343D2F89D
S31500006320CC119BB263F30F01C2F8CC11002010BD53
S315000063300F29024610B54FF001000DD8D2F8CC4116
S3150000634000FA01F343EA1443D2F8CC119BB263F38B
S315000063501F41C2F8CC11002010BD30B50F299DF8A1
S315000063600C402CD81F2A2AD80F2B28D8012C26D827
S3150000637045686D060FD5090134B14518AC6B44EA82
S31500006380835343F08063AB6301448B6B43EA424320
S315000063908B63002030BD5CB1D0F8081241F4007167
S315000063A0C0F80812D0F8081263F34811C0F80812B2
S315000063B0D0F8083262F30403C0F80832E9E7012096
S315000063C0E8E7000029B9D0F8083261F3CB23C0F81A
S315000063D00832064B5B68DB0741BF43686FF3000377
S315000063E04360002058BF4FF0FF3070470038042448
S315000063F0C1B2024882B002B0FFF7E4BF00380424FD
S315000064000F2915D80D4B5A68520603D4D3F8DC3140
S31500006410002B0FDAD0F8DC2101238B401343D0F890
S31500006420DC219BB263F30F02C0F8DC210020704729
S31500006430012070474FF40450704700BF0038042411
S31500006440B1F5007F14D2B2F5806F11D243686FF3B5
S315000064508A234360C36861F31843C360C36862F369
S315000064600903C360436843F48063436000207047B8
S31500006470012070470F2925D8012A05D1436A6FF3F9
S31500006480D753436200207047022A0BD1436A6FF349
S3150000649000034362436A6FF304134362436A6FF374
S315000064A0C303EEE7084BD3F8DC31002BEADA436A84
S315000064B00122C3F3CF138A4023EA0201436A61F340
S315000064C0D613DEE701207047003804240F2903465F
S315000064D04FF0010014D81A6A00FA01F189B2186A5D
S315000064E0C2F30F220A4362F3172018621A6AC2F334
S315000064F00F2222EA0102196A62F3172119620020AB
S315000065007047000008B510B101280ED008BD4FF441
S31500006510006003F0F9FE104B4FF000725A640F4A08
S31500006520137843F001031370F0E74FF4006003F0B3
S3150000653005FF0A4A13786FF300031370DBB2002BD2
S31500006540E4D1074B07481B6A0221DB6B9847024BD5
S315000065504FF000729A64D9E700840424043A0000DC
S31500006560000130000014042484B0F0B52DED028B38
S3150000657083B00AAC84E80F005A4D709B0F9CAB6148
S31500006580594B9DF8BD61BDF81C112E77621E9A42CB
S3150000659080F0A4800FAA01239E420AD8012E40F063
S315000065A081809DF8BC3183B1012911D942F20610D0
S315000065B071E0174652F8040F3F68B84200F28E8029
S315000065C0002800F08B800133E6E7B1F5806FEDD24D
S315000065D00020FFF797FF0420FFF7CCF9434B444810
S315000065E05A686FF38A225A60DA686FF31842DA60E3
S315000065F0DA68042161F30902DA605A683D4942F417
S3150000660080625A60FEF78CFEFFF722FE012E16BF4F
S315000066107443A4006400B4F5FA4F46D20220FFF793
S31500006620A9F94FF4FA436B6004F018F8288104F0D6
S3150000663009F8288204F018F8C0F30D0307EE103AA3
S315000066409FED2D8AB8EEC77A830BC7EE086A07EE70
S31500006650903AF8EEE77A77EEA67AC5ED037A03F07C
S31500006660F7FFC0F30D0307EE103AB8EEC77A830BB7
S31500006670C7EE086A01A807EE903AF8EEE77A00231B
S3150000668077EEA67A0193C5ED057A04F00BFD003886
S3150000669018BF0120404203B0BDEC028BBDE8F040BC
S315000066A004B07047731E0F2B7FE7144BA4F5FA4412
S315000066B09C4204D80420FFF75DF9114BB3E7114B58
S315000066C0DC6914F0080407D1022004F023F92046FF
S315000066D0FFF750F90C4BA6E70C4BA4E742F2041067
S315000066E0D9E700BFB4360000A025260000380424F0
S315000066F033333340CDCC4C4000007A4400B80B0015
S315000067000048E80100000812005A6202002D31011B
S3150000671084B070B52DED028B82B008AC84E80F0012
S31500006720574C9DF820206E99A16108A901EB8201C2
S3150000673054484969544E9DF8B53132700139814249
S31500006740237780F09A80012B7AD108AB03EB4202C3
S31500006750B2F8F4309DF8B42122B1012B05D942F2EA
S31500006760061066E0B3F5806FF9D20020FFF7CAFE87
S315000067700420FFF7FFF8454B45495A6845486FF333
S315000067808A225A60DA686FF31842DA60DA680425FA
S3150000679065F30902DA605A6842F480625A60FEF7CD
S315000067A0BFFDFFF755FD337808AA02EB830342F2DB
S315000067B028325B69934246D80220FFF7DBF84FF494
S315000067C0FA43636003F04AFF208103F03BFF208217
S315000067D003F04AFFC0F30D0307EE103A9FED2E8A31
S315000067E0B8EEC77A830BC7EE086A07EE903AF8EE62
S315000067F0E77A77EEA67AC4ED037A03F029FFC0F3B1
S315000068000D0307EE103AB8EEC77A830BC7EE086A97
S3150000681001A807EE903AF8EEE77A002377EEA67A1B
S315000068200193C4ED057A04F03DFC003818BF012041
S31500006830404202B0BDEC028BBDE8704004B0704728
S31500006840013B0F2B8AE7154AA3F50C53293B9342CC
S315000068500BD82846FFF78EF8114BDA6A114B9A428D
S3150000686001D1104BADE7104BABE7104BDB691B07B3
S31500006870F9D4022004F04EF8EBE742F20410D8E710
S31500006880B4360000A0252600B036000000380424E7
S31500006890CDCC4C403333334000007A44D6110C0043
S315000068A08C3000000048E801002D3101000008127C
S315000068B013B50D4BADF804004FF40062C3F8802009
S315000068C0BFF34F8FBFF36F8F03220121002004F027
S315000068D0BDFC044628B90120FFF714FE204602B08D
S315000068E010BD4FF0FF30FAE700E100E04368064ACA
S315000068F061F349234360D2F8403443EA4143C2F886
S3150000690040340020704700BF00A0052484B02DE964
S31500006910F04F2DED048BEDB07AAC84E80F009DF8B6
S315000069207D3362934FF4C47201237DA9684669934F
S315000069309DF87C53DFF894A30BF0CAFE94E80E0092
S315000069406298FFF7CDF808EE900AFFF7B1F8DAF88B
S31500006950048007EE900A07EE108AF8EE677AB8EE22
S31500006960477AB7EE008A88EE079A88EE277AC7EE4E
S31500006970097A17EE900A0AF09FF90DF069FC0AF001
S315000069808DFCC8EE897A84B217EE900A0AF094F963
S315000069900DF05EFC0AF082FC86B2B44208BF0134F8
S315000069A07F9F08BFA4B2002D65D1B8FBF4F3AAF807
S315000069B00060AAF80240DFF818A363930DF5FC7B8C
S315000069C05146AAF25E284FF00209629AEBB29A4249
S315000069D000F2C880B74DDFF8F4B2FEF7FFFF22469B
S315000069E031462846FFF72CFD01212846FFF77EFF9A
S315000069F06B68B14E43F000636B606B6843F0400315
S31500006A006B606B686FF341036B603323C5F8E43149
S31500006A106B6843F004036B60D5F8DC3143F0004348
S31500006A20C5F8DC310DF2DA23659306F18103A6AFD2
S31500006A3006F13E0A66930DF5F47800246791629A92
S31500006A40E3B29A4200F2D7809C4B6A9300229C4B99
S31500006A506B9369A9104604F05DFB10B1452840F020
S31500006A60258169996AAA002004F0C2FB003818BF84
S31500006A700120404269E020460AF00CF9B8FBF7F71E
S31500006A808046384689460AF0F5F802460B464046E7
S31500006A9049460AF0DBFB00285ED1AAF80060AAF896
S31500006AA00240224631468348FFF7CAFC012181484D
S31500006AB0FFF71CFF7F4B5A6842F000625A605A6823
S31500006AC06FF386125A606A1E012A5A684FF0000157
S31500006AD094BF42F0020265F341025A60C3F8E41122
S31500006AE05A6842F004025A60D3F8DC2161F3DF727F
S31500006AF0C3F8DC219DF8E9219DF83C029DF84C1273
S31500006B005AB1D3F8084262F34924C3F80842D3F8CD
S31500006B10084261F34814C3F80842664CD4F80832B8
S31500006B2060F30403C4F80832FFF72AF92A46002165
S31500006B302046FFF79FFCBAF80220DAF80430B3FBD0
S31500006B40F2F3604A0020C2F880326DB0BDEC048BCF
S31500006B50BDE8F04F04B07047BAB2AAF80060AAF8D0
S31500006B6002209FE79DBB639BB3FBF7F39BB2012B10
S31500006B708CBFA8F86032A8F86092629B012B08D0FF
S31500006B804A881046FEF77CFF18B91046FEF781FFCB
S31500006B904880DFED4D7A524600231FFA85FC32F815
S31500006BA0020F07EE100AB8EE477A0133C8EE076AFD
S31500006BB09BB2634577EEA67AF1D9F4EEC87AF1EE88
S31500006BC010FA0DDC013502310BF1040BFDE6DBE9B1
S31500006BD00032B3FBF2F20B8813FB02F34B80CCE7D7
S31500006BE05246002332F8020F01339BB24000634540
S31500006BF01080F7D9E6E798F8549098F864306493D3
S31500006C0018F8013F639300934A462146649B284641
S31500006C10FFF7A3FB36F8021F328C012A08D0A30027
S31500006C2003F1105303F58723A3F83811C3F878212D
S31500006C3021462846FFF7E4FBDDE963214846FFF7D6
S31500006C409FF821462846FFF773FB659B33F8029FA2
S31500006C506593679BCDE90099CDE902332146D7F8C4
S31500006C60A4307A6E2846FFF759FA21462846FFF7E0
S31500006C704BFB002221462846FFF7FCFBBBF802200F
S31500006C80DBF80430B3FBF2F3328CB3FBF2F34AF8D1
S31500006C90043F57F8043FA6F8D090CAF85030669BD8
S31500006CA0639A03F8012F01346693C8E64FF0FF306C
S31500006CB04BE700BF0038042412390000456920085C
S31500006CC055692008D436000000000000B4360000E4
S31500006CD03239000084B02DE9F04F2DED048BEBB076
S31500006CE078AC84E80F0021469DF87533DFF810A3D1
S31500006CF011F80C8B62934FF4C472012368466793B4
S31500006D009DF874638AF800800BF0E2FC94E80E00AC
S31500006D106298B44DFEF7E4FE08EE900AFEF7C8FE50
S31500006D20D5F804B007EE900A07EE10BAF8EE677AC7
S31500006D30B8EE477AB7EE008A88EE079A88EE277A89
S31500006D40C7EE097A17EE900A09F0B6FF0DF080FA41
S31500006D500AF0A4FAC8EE897A84B217EE900A09F00E
S31500006D60ABFF0DF075FA0AF099FA87B2BC4204BF80
S31500006D700134A4B2002E55D1BBFBF4F378AA649378
S31500006D8008F1040302EB830397492F806C800DF50D
S31500006D90F8796593629AF3B29A4200F2C180934EF3
S31500006DA0FEF71CFE224639463046FFF749FB012115
S31500006DB03046FFF79BFD73688D4C43F000637360AC
S31500006DC0736843F04003736073686FF34103736045
S31500006DD03323C6F8E431736843F004037360D6F8CE
S31500006DE0DC3143F00043C6F8DC310027629AFBB27F
S31500006DF09A4200F207817F4B689300227E4B69938B
S31500006E0067A9104604F086F910B1452840F07B8149
S31500006E10679968AA002004F0EBF9003818BF012032
S31500006E20404271E078AB03EB88082046D8F814306E
S31500006E30BBFBF3FB09F02EFF80465846894609F056
S31500006E4019FF02460B46404649460AF0FFF900285C
S31500006E5061D12F806C80224639466448FFF7F0FAEC
S31500006E6001216248FFF742FD604B5A6842F000621A
S31500006E705A605A686FF386125A60721E012A5A685F
S31500006E804FF0000194BF42F0020266F341025A60DD
S31500006E90C3F8E4115A6842F004025A60D3F8DC21C0
S31500006EA061F3DF72C3F8DC219AF8002002F5F07274
S31500006EB06A4492F8540092F8641052785AB1D3F8A2
S31500006EC0084262F34924C3F80842D3F8084261F342
S31500006ED04814C3F80842454FD7F8083260F3040354
S31500006EE0C7F80832FEF74CFF9AF8004032462146B2
S31500006EF03846FFF7BFFAA0346A886B68B3FBF2F333
S31500006F003B4A42F8243000206BB0BDEC048BBDE850
S31500006F10F04F04B070471FFA8BF22F806A809BE710
S31500006F2008F59873DFF8C8B06393002E50D1659BBF
S31500006F30649A5B68B2FBF3F39BB2639A012B98BF2A
S31500006F4002232BF81230629B012B08D04A88104688
S31500006F50FEF796FD18B91046FEF79BFD488078AB04
S31500006F6003EB4803B0B2B3F8F430012B01BF08F5C8
S31500006F7098723BF812309B082BF81230639B3BF853
S31500006F80133007EE903AF8EE677A002288EE277AF9
S31500006F90DFED1A7A01321FFA82FC844577EE877A92
S31500006FA0F8D9F4EEC87AF1EE10FA0CDD00220132BF
S31500006FB01FFA82FC5B0084459BB2F8D90C4808F5A1
S31500006FC0987220F812300136023109F10409E1E61F
S31500006FD0D9E90032B3FBF2F20B8813FB02F34B80C4
S31500006FE0B1E700BFB436000032390000003804248F
S31500006FF0D4360000456920085569200800000000C5
S31500007000B03600009AF80010639101F5F0736B44F6
S31500007010304693F8548093F8649093F801B0CDF815
S3150000702000B04B464246FFF798F9639901F5907315
S3150000703034F8130001F5987334F81320012A08D0A8
S315000070408B0003F1105303F58723A3F83801C3F827
S3150000705078213046FFF7D4F95A4649464046FEF7AE
S315000070608FFE9AF8008030464146FFF761F978AB0B
S3150000707003EB480378AAB3F8F43002EB8800012248
S31500007080CDE90222CDE900334146D0F85431D0F89B
S3150000709014213046FFF742F89AF800803046414600
S315000070A0FFF732F9414600223046FFF7E3F908F1CF
S315000070B0A00269886B68B3FBF1F308F59871013794
S315000070C034F81110B3FBF1F344F8223078AA02EB3E
S315000070D0480208F5C473B2F8F42024F8132078AAFD
S315000070E002EB880208F1B403D2F8B42044F8232056
S315000070F008F5F07204EB08030DEB020898F801207E
S3150000710083F8C02272E64FF0FF30FDE6D0F8E0319A
S3150000711043F00103C0F8E031002070472DE9F34148
S31500007120374B9A6A0192019A16020DD5426A1502E8
S31500007130C2F3C05008D45A6A42F400025A62314B74
S315000071409B690421984718E0019BDC0709D52C4A66
S31500007150136A43F0010313622A4B05219B69002041
S31500007160F0E7019C14F080740BD02548012100F053
S3150000717095F8254B02201B689847002002B0BDE811
S31500007180F0811F4B5A68500603D4D3F8DC31002B2C
S3150000719024DA1E4D1A4E1B4F019BE21DD340D90720
S315000071A017D521463046FFF791F92B785FFA84F818
S315000071B0B3FA83F2520941463046FFF719F8BB6924
S315000071C013B10021404698472B78B3FA83F35B0945
S315000071D02B700134102C05F10105DDD1084B5A68DE
S315000071E09207CAD4D3F8DC11C90FC6D15A6842F047
S315000071F004025A600198034BC0B29B69A2E700BF24
S3150000720000380424B4360000083A00009436000022
S315000072100148FFF783BF00BF00380424030548BFB9
S3150000722020F40060174B58BF40F40060D1B11A8AB1
S3150000723093ED057A821A07EE902AF8EEE77A67EE62
S31500007240877AFDEEE77A17EE903A18B2B0F5805FCE
S3150000725011DA002812DDB0F5006F10DBA0F5006032
S3150000726000B270471A8993ED037A821A07EE902AC4
S31500007270F8EEE77AE3E740F6FF70EFE7002000F567
S315000072800060EDE7B4360000406921B11146C0F355
S315000072900B00FFF7C3BFC0F30B007047436A012919
S315000072A01DBF43F002034362436A43F0807318BF75
S315000072B043F004034362002070472DE9F04F92F833
S315000072C006C092F802A05378D5781679577992F8C5
S315000072D007E092F8088092F8099092F80AB0D47AFA
S315000072E0127802B35B0643EA4B7343EA8A5343EAD6
S315000072F0495343EA085343EA4E4343EA0C4343EAFD
S3150000730047330901026843EAC62301F1105143EAF3
S31500007310852301F5872142F0004243EA44230260B7
S31500007320CB63BDE8F08F02686CF3C7120260026897
S315000073306AF34F320260026863F313420260036825
S3150000734065F341030360036866F383030360036820
S3150000735067F30613036003686EF30A23036003688A
S3150000736068F3CB230360036869F30C330360036897
S315000073706BF314530360036864F300030360D0E700
S3150000738010B4034C2468646CA4465DF8044B604753
S3150000739000013000024B1B68D3F8B830184700BF15
S315000073A000013000024B1B68D3F8C030184700BFFD
S315000073B000013000024B1B68D3F8C830184700BFE5
S315000073C000013000024B1B68D3F8E830184700BFB5
S315000073D000013000072806D9102834BF02230423F1
S315000073E0024A137070470123FAE700BF123A000001
S315000073F038B590F8343003F0FD03012B044616D15E
S31500007400006805699DB9E26A937113680BB901209A
S3150000741038BD084A821A50425041C00740F0040065
S315000074209847E36A9A79002AF1D09D71EFE7002028
S31500007430EEE700BF0008042473B5CB6ADE7916F0C8
S3150000744001060C464FF0000540F093819E809E7128
S3150000745018601C22206B31460BF070F894F834301B
S315000074605A1E012A00F23881E368587840280CD960
S315000074704038C0B2FFF7A6FFE36895485A78403A0D
S315000074800623D2B23146FFF77BFFE16891488B783D
S315000074904A780978FFF774FFE368D87808B1FFF7F0
S315000074A081FFE3685878FFF785FFE3685878A0F115
S315000074B01903052B01D8FFF76DFF23693BB35878F5
S315000074C040280CD94038C0B2FFF77CFF23698048BA
S315000074D05A78403A0623D2B20021FFF751FF2169BC
S315000074E07C488B784A780978FFF74AFF2369D87871
S315000074F008B1FFF757FF23695878FFF75BFF236949
S315000075005878A0F11903052B01D8FFF743FF6369EB
S315000075103BB3587840280CD94038C0B2FFF752FF29
S3150000752063696B485A78403A0623D2B20021FFF7C6
S3150000753027FF616967488B784A780978FFF720FF4B
S315000075406369D87808B1FFF72DFF63695878FFF7AC
S3150000755031FF63695878A0F11903052B01D8FFF7AD
S3150000756019FFA3693BB3587840280CD94038C0B2FC
S31500007570FFF728FFA36956485A78403A0623D2B245
S315000075800021FFF7FDFEA16952488B784A780978F9
S31500007590FFF7F6FEA369D87808B1FFF703FFA369E2
S315000075A05878FFF707FFA3695878A0F11903052B50
S315000075B001D8FFF7EFFEE3693BB3587840280CD9B2
S315000075C04038C0B2FFF7FEFEE36941485A78403AB8
S315000075D00623D2B20021FFF7D3FEE1693D488B783E
S315000075E04A780978FFF7CCFEE369D87808B1FFF747
S315000075F0D9FEE3695878FFF7DDFEE3695878A0F114
S315000076001903052B01D8FFF7C5FE63685878402893
S315000076100CD94038C0B2FFF7D5FE63682C485A78BB
S31500007620403A0623D2B20021FFF7AAFE6168294834
S315000076308B784A780978FFF7A3FE6368D87808B193
S31500007640FFF7B0FE63685878FFF7B4FE63685878B2
S31500007650A0F11903052B01D8FFF79CFEA368587803
S3150000766040280CD94038C0B2FFF7ACFEA3681848D2
S315000076705A78403A0623D2B20021FFF781FEA1686C
S3150000768014488B784A780978FFF77AFEA368D87889
S3150000769008B1FFF787FEA3685878FFF78BFEA3684B
S315000076A05878A0F11903052B01D8FFF773FE636A1A
S315000076B013B9A36A002B59D0002301A8019303F044
S315000076C0F1FC002852D04FF0FF3002B070BD00BF71
S315000076D000C0042400001346032BE8D1E368587861
S315000076E0FFF770FEE16824488B784A780978FFF73F
S315000076F047FE236903B15D78636903B15D78A369C9
S3150000770003B15D7804238DF8043000238DF806302C
S3150000771004F0FAF80028D6D18DF80550019804F047
S3150000772051F80028CFD1154B1D702D0105F11055CC
S3150000773005F5982501236B606B68012BFCD1636806
S315000077405878FFF73FFE61680B484A788B780978CE
S31500007750FFF716FEA3685878FFF734FEA1680648BF
S315000077608B784A780978FFF70BFEA0E7E36A0122D7
S31500007770DA710020A9E700BF00C00424103A000017
S315000077800268002310B59360C26AD3710446D0E93B
S31500007790093003B980B1017F03220131002003F0D3
S315000077A055FD50B9A36A197F0322013103F04EFD3E
S315000077B0003818BF0120404210BD4FF0FF30FBE7F4
S315000077C038B50C4620B1022834D06FF0030038BD1E
S315000077D091F92030002B0DDB5A09012103F01F031C
S315000077E0994002F12003384A42F82310BFF34F8F25
S315000077F0BFF36F8F226800239360E26A93809371D0
S3150000780094F92030002B09DB5A09012103F01F03EC
S31500007810994002F160032C4A42F823101C22206B87
S3150000782000210AF08BFEE26AD37923F00203D371BA
S315000078300020CCE7CB6ADB79DA0741D59B07F7D482
S3150000784091F83410012923D1204B94F83820DB69B4
S315000078504FF08C40D3F8A850E36BA847E36A0022A8
S315000078609A809A71DA7942F00202DA7194F920303C
S31500007870002BDDDB03F01F015B099B0003F1604376
S3150000788003F5614301228A40C3F880211A60CFE7DD
S31500007890022909D10D4BDB690122D3F8E43003211B
S315000078A04FF08C409847D9E70329D7D1074B94F876
S315000078B039201B6A06485D69A38F0121A847CDE7D9
S315000078C04FF0FF3083E700BF00E100E00001300029
S315000078D0001404242DE9F04188468AB017461C4658
S315000078E00646002800F0F280002900F0EF80002A0A
S315000078F000F0EC80DB6ADA79520740F1D6801B791A
S31500007900002B40F0E6802046FFF772FD0546002872
S3150000791040F0E280E36A01229A809871236BC3E902
S315000079200186C3E903002368196860F30921196019
S315000079309A6094F83420616A1E6802F0FD02012AFA
S315000079401AD1C6F30446002940F0A580A16A002991
S3150000795057D13046FFF73EFD614B226B1B787B43C8
S31500007960136094F83430032B00F0A4802268D36AA5
S3150000797043F01F03D3628CE006F00F060029E5D022
S31500007980072E00D90125DA6CDFF858C142F0010252
S31500007990DA645A6D00206FF303025A658DF82700EA
S315000079A00A7F0132009260330A68CDF804C0CDE93F
S315000079B003380323CDE905354FF48173ADF8243040
S315000079C04B69DFF824C1CDF808C06946CDE90757F1
S315000079D08DF8263003F09EFB08B1452865D1009945
S315000079E001AA002003F004FC00285ED1009903AA36
S315000079F003F070FC002858D1636A197F013103F047
S31500007A00A3FDA16A002941D0072E4CD90F2E8CBFA9
S31500007A10022501252368334EDA6C42F00202DA644D
S31500007A201A6D012060F3030200201A658DF8270005
S31500007A300A7F013200920A6801962B4E0296266B47
S31500007A406033B6680396CDE904350323CDE90635E0
S31500007A5040F20113ADF824304B69089769468DF85A
S31500007A60263003F057FB08B145281ED1009901AA1C
S31500007A70002003F0BDFBC0B9009903AA03F02AFC5D
S31500007A8098B9A36A197F013103F05EFD002003F067
S31500007A9077FD00200BE0072E7FF675AF0F2E7FF6E1
S31500007AA071AF02256FE70025B4E74FF0FF300AB04B
S31500007AB0BDE8F0810D4B1B781B0103F1105303F554
S31500007AC0982359605A68002AFCD14FE76FF00400EA
S31500007AD0EDE76FF00100EAE76FF00300E7E700BFAC
S31500007AE0123A0000BD5E2008BF5E2008103A000072
S31500007AF0C36ADB79024613F004001CBF136BD86817
S31500007B00704700002DE9F3411446984AE56A9DF84E
S31500007B1020E095F807C082F800E01CF0020F064648
S31500007B2004D14FF0FF3002B0BDE8F0812768904ADB
S31500007B309742C0B211D1012800F0D881142814D17F
S31500007B40BB6C01931C22206B019B00210AF0F6FC02
S31500007B50E36A00221A710020E5E7864A974202D0BE
S31500007B60854A9742EAD10228E6E72A79002A40F0B8
S31500007B70C081BA6013283AD8DFE810F014001D005F
S31500007B802F00BE01BE013900390039003900390025
S31500007B9039003900390039003900390027007B00E7
S31500007BA080008300AB682CF0040C23F0FF03AB606D
S31500007BB085F807C0CFE7AA6822F0FF0242F001026B
S31500007BC04CF0040CAA6085F807C0B3FBF1F07B69A2
S31500007BD0C0B260F30F037B6109E0AB6823F0FF03DB
S31500007BE043F002034CF0040CAB6085F807C0AB68A9
S31500007BF0DAB2012A0ED106F4C012B2F5801F00F0E7
S31500007C00F58000F29980002A00F0A080B2F5002FDE
S31500007C1000F0A180E26A9368D9B2022913D123F455
S31500007C20001316F4001F936040F08D8023695B7883
S31500007C304BB963695B7833B9A3695B781BB9E369B0
S31500007C405B78002B7FD006F4E063B3F5407F00F04D
S31500007C503A8100F2DE80B3F5807F00F02181B3F532
S31500007C60007F00F02681002B00F0DE806FF0070019
S31500007C7059E77A6992B2B3FBF2F054E7236B1983A2
S31500007C8069E7AB68D8B201287FF44BAF03F4C013A1
S31500007C9059BBB3F5801F11D194F8342002F0FD03CF
S31500007CA0012B06D13A6903FA0EF322EA03033B617C
S31500007CB051E7022A7FF44FAF39614CE7BEF1030F5B
S31500007CC005D8DFE80EF0020C0E1023695A782B4B0C
S31500007CD01B685C6801232A480021A0473BE76369CB
S31500007CE0F4E7A369F2E7E369F0E7B3F5801F0FD184
S31500007CF094F8342002F0FD03012B04D13A6903FA0B
S31500007D000EF31343D3E7022A7FF425AF386122E747
S31500007D10BEF1030F05D8DFE80EF002090B0D23694B
S31500007D205A78164B1B685C680023D4E76369F7E74B
S31500007D30A369F5E7E369F3E7B2F5C01F7FF46AAF1D
S31500007D4023F4C013AB606FF00A00ECE63A6123F44B
S31500007D50C013AB605EE723F4C013AB60BEF1030F44
S31500007D60F1D8DFE80EF00F3D3F4100BF113A0000A9
S31500007D700000014500000244000804240001300010
S31500007D80000013462369D8785D7808B1FFF70AFB2F
S31500007D90002DD8D0402D07D9A5F140025B48062317
S31500007DA0D2B20021FFF7ECFA594F5A480023194680
S31500007DB02A46FFF7E5FA3B685648D3F800800023C9
S31500007DC019462A46C0473B6852485F682A4601233F
S31500007DD00021B847E26A936843F40023936019E7E9
S31500007DE06369D0E7A369CEE7E369CCE7226923F4A8
S31500007DF0C013AB6052784AB96269527832B9A26947
S31500007E0052781AB9E2695278002A9CD043F480135A
S31500007E109FE7B3F5806F5BD0B3F5A06F7FF426AF15
S31500007E20236802211A6856E02268116863F3C711B5
S31500007E301160116863F38611116094F8342002F022
S31500007E40FD02C6F30533012AA3F1040146D11C291C
S31500007E5055D821680868013B63F3144016F4802660
S31500007E6008604FD12368196866F3CB211960196839
S31500007E7066F356511960196866F305111960996918
S31500007E8066F303019961D96966F30301D961012A91
S31500007E90DA6A0CBF22F03F0222F01F02DA625AE6CB
S31500007EA023681A686FF3C7121A601A6842F0400214
S31500007EB007E023681A6842F080021A601A686FF3B6
S31500007EC086121A60B9E723681A6842F08002EBE767
S31500007ED023681A68012161F30512F2E70C290ED80E
S31500007EE021680868013B63F30300B7E76FF00300FE
S31500007EF019E66FF0010016E66FF0060013E66FF064
S31500007F00080010E66FF009000DE600BF00C004246B
S31500007F100001300000001346C26A53791179907946
S31500007F205B0001F0010103F0020380000B4300F047
S31500007F300400184370470000F7B50268136B916A96
S31500007F400446906C019013F00E0F01980BD0936BC2
S31500007F500093D36B0093136C0093009BE36A01229A
S31500007F605A71022024E00D0740F18980D80640F1BD
S31500007F708680216B486800287FD0CB680D68AB42AD
S31500007F80EFD26A4D2D78012D3FD192F860205D1C0D
S31500007F90CD60C254236BD9681A6891425ED32268B9
S31500007FA0D36A23F01003D362E36A00221A71012018
S31500007FB0E36A1A68002A60D023685D498B4200F0A4
S31500007FC0B08001F57F018B4200F0AD805949591A06
S31500007FD04B424B415B0040EA8370904794F8343043
S31500007FE0032B0BD1544B1B781B0103F1105303F5E4
S31500007FF0982301225A605A68012AFCD1E36A1A7949
S31500008000002A3AD000221A7137E0022D0BD1126EE7
S315000080105D1CCD60C254236BD96858684D1CDD6069
S31500008020120A4254B6E7042DB4D1126E5D1CCD601F
S31500008030C254236BD96858684D1CDD60130A43543B
S31500008040236BD96858684D1CDD60130C4354236BB1
S31500008050D96858684D1CDD60120EE2E794F83420AA
S3150000806002F0FD02012A08D19B6833B92368A522D4
S315000080701A662268936ADF07FCD403B0F0BD4E0788
S31500008080FBD5DD07F9D5216B8D68002DF5D00B6981
S3150000809008688342BFF465AF2448007801281ED1E2
S315000080A0581C0861EB5C82F8603094F8343003F0B9
S315000080B0FD03012B03D12268936AD807FCD4236BF6
S315000080C01A691B689A42D8D32368DA6A22F0010239
S315000080D0DA621B68C3F30123012BCED164E70228C1
S315000080E009D15E1C0E61E85C02330B61AB5D40EAB0
S315000080F003231366D9E70428D7D15E1C0E61981CAA
S31500008100EF5C086115F806C0DE1C0E61285C0433BE
S3150000811000040B61AB5D40EA0C20384340EA036380
S31500008120E7E7002357E7012355E700BF123A0000AF
S315000081300000024400080424103A0000F0B55C4B2D
S31500008140154600228BB00E461A600746002800F03E
S31500008150A680002900F0A380EB6ADA79520703D4DF
S315000081604FF0FF300BB0F0BD1B79002B40F09A802A
S315000081702846FFF73DF90346002840F09680EA6A54
S315000081800121918090712A6B2C68C2E90107C2E92E
S315000081900300226861F309222260A16095F8342069
S315000081A0A96A02F0FD02012A16D12268C2F304422E
S315000081B0104600295FD1FFF70DF93E4B2A6B1B785D
S315000081C07343136095F83430032B5BD02A68D36A67
S315000081D043F00303D3624CE0236803F00F03184611
S315000081E00029E8D0072B94BF00230123E26CDFF8B7
S315000081F0CCC042F00202E264226D012060F3030269
S3150000820022650A7F6034013200920A68CDF804C004
S31500008210CDE904430324CDE9064340F20113DFF818
S31500008220A0C0ADF824304B69089600206946CDE918
S3150000823002C78DF827008DF8263002F06BFF08B1D3
S3150000824045288DD1009901AA002002F0D1FF00280F
S3150000825086D1009903AA03F03DF8044600287FF46E
S315000082607FAFAB6A197F013103F06EF9204603F048
S3150000827087F9002076E7072AB8D90F2A8CBF022390
S315000082800123B3E70C4B1B781B0103F1105303F5D5
S31500008290982300225A605A68002AFCD196E76FF0AC
S315000082A004005FE76FF001005CE76FF0030059E739
S315000082B00C3A0000123A0000103A0000BD5E200899
S315000082C0BF5E20082DE9F041904B144600228AB08B
S315000082D00F461A608046002800F00F81002900F042
S315000082E00C81E36ADA79520740F1F3801B79002B9F
S315000082F040F006812046FFF77BF80246002840F052
S315000083000281E36A012198719980236BC3E9018098
S31500008310C3E9030023681868022666F3092018607B
S31500008320996094F83400616A1D6800F0FD00012828
S3150000833023D1C5F3044549BBA66A002E69D1284658
S31500008340FFF748F8724B226B1B787B43136094F857
S315000083503410032940F0C2806E4B1B781B0103F1D9
S31500008360105303F598235E605A68002AFCD12368EF
S31500008370DA6A42F01C02DA62B7E005F00F0500295E
S31500008380DAD0072D40F2A080012604E0072D40F246
S315000083909B800F2DF8D9DA6CDFF880C142F001021C
S315000083A0DA645A6D00206FF303025A658DF82700D0
S315000083B00A7F0132009260330A68CDF804C0CDE925
S315000083C003380323CDE905364FF48173ADF8243025
S315000083D04B69DFF84CC1CDF808C06946CDE907679F
S315000083E08DF8263002F096FE08B1452871D1009925
S315000083F001AA002002F0FCFE00286AD1009903AA17
S3150000840002F068FF002864D1636A197F013103F026
S315000084109BF894F8343003F0FD03012B4FD1A66A84
S31500008420002E4CD0072D51D90F2D8CBF4FF00208CE
S315000084304FF001082568EB6C43F00203EB642B6DEB
S31500008440012262F303032B651C22002103A80AF014
S3150000845075F8337F304901330093304B326801930E
S315000084602F4B02932F4BDB69089713F0080F274B0E
S3150000847018BF0B4603930323CDE9063840F20113D8
S31500008480ADF8243073698DF82630603569460020D2
S31500008490CDE9045802F03EFE08B1452819D10099ED
S315000084A001AA002002F0A4FE98B9009903AA02F0DE
S315000084B011FF70B9A36A197F013103F045F8002056
S315000084C003F05EF8002006E0164664E74FF0000869
S315000084D0B0E74FF0FF300AB0BDE8F0812368DA6AF2
S315000084E0012942F01C02DA62ECD1A52283F8602051
S315000084F02268936ADB07FCD4E4E76FF00400EAE73E
S315000085006FF00100E7E76FF00300E4E70C3A0000C4
S31500008510123A0000103A000020030624BD5E20082F
S31500008520BF5E200800000812054B9A689107FCD42C
S315000085305A689207F9D4DA69002AF6D1704700BF63
S31500008540008C0424064B1A6A61F397421A621A6A6F
S3150000855060F34C221A621A6A9204FCD5704700BF77
S3150000856000800424024B0122C3F80421704700BF97
S31500008570008C0424074B5A68012A0AD102221A6188
S31500008580DA699207FCD40122C3F804229A60FFF745
S31500008590CBBF7047008C042410B5094CFFF7C4FF0D
S315000085A06368012B03D1FFF7E5FFFFF7BDFF054A1F
S315000085B0936843F4803393600378E36010BD00BF93
S315000085C0008C04240000304110B101281CD07047F3
S315000085D04A680B7812B1127843EAC2034A7843EA32
S315000085E042038A6812B1127843EA82138A7843EA10
S315000085F08203CA6812B1127843EA4223104A93648E
S31500008600936D002BFCD170474A680B7812B1127833
S3150000861043EAC2034A7843EA42038A6812B11278EF
S3150000862043EA82138A7843EA8203CA6812B112784F
S3150000863043EA4223024A9366936F002BFCD17047AC
S31500008640008C042410B1012804D07047034BC3F8F2
S3150000865044117047014BC3F864117047008C042421
S3150000866010B1012804D07047034BC3F84412704779
S31500008670014BC3F864127047008C042410B1012822
S3150000868004D07047034BC3F840127047014BC3F840
S3150000869060127047008C042418B1012804D0002011
S315000086A07047034B186C7047014B186E704700BF3C
S315000086B0008C042418B101280BD00020704711B19A
S315000086C0012903D07047074BD86C7047054B186DCE
S315000086D0704721B10129F0D1024B186F7047014B49
S315000086E0D86E7047008C042410B101280CD0704756
S315000086F00B4B29B1012905D09A6D002AFCD1704790
S31500008700DA64F9E71A65F7E7054B29B1012905D0BF
S315000087109A6F002AFCD17047DA66F9E71A67F7E71D
S31500008720008C0424044B4FF480625A60034B4FF4D0
S3150000873080021A60704700BF0000081200E100E0E6
S31500008740094B4FF48002C3F88020BFF34F8FBFF36D
S315000087506F8F064B4FF480629A601A60044AD36B9F
S3150000876043F48063D363704700E100E00000081221
S315000087700081042410B4034C2468646CA4465DF89C
S31500008780044B604700013000024B1B68D3F8B83039
S31500008790184700BF00013000024B1B68D3F8C030F9
S315000087A0184700BF00013000024B1B68D3F8C830E1
S315000087B0184700BF00013000024B1B68D3F8E830B1
S315000087C0184700BF00013000014BDB685B691847A2
S315000087D000013000F0B5436885B00024B3F1884F3E
S315000087E001940546029403940BD0774A934208D02D
S315000087F0764A934200F0D180754C181B444244419E
S3150000880064009A680192019A02F00602062A4FEA6B
S3150000881084742CD15B690293029B990710D56A690F
S3150000882013686BB101215171202098476B6993F849
S315000088302820032A04D193F826300BB144F0100403
S31500008840029B5A0707D56A69136823B10121117281
S315000088504FF400709847029B1B0740F1A0806A699D
S31500008860136823B10121D1714FF480709847019BA1
S315000088709E071DD56B691E6910201A6A69689642A3
S3150000888009D09F690138BF5C0F6002F101021A62CC
S31500008890F3D196420CD14A6822F002024A600022C5
S315000088A083F826201B681BB144F001042046984734
S315000088B0019B580738D56B691A68002A34D06A6854
S315000088C05169C90725D511685A69DB69D1546B69A5
S315000088D0DA69D96801328A42DA611AD169684A6866
S315000088E022F001024A6093F82820023A0021012A68
S315000088F0197164D893F8272083F82710022A5ED0CE
S31500008900032A59D0012A01D144F001041B682046EC
S3150000891098476B691A683AB1D969DB68994203D0FE
S3150000892044F0400420469047019B1A074AD16B68E1
S315000089309B6903936B78DB0608D5039BDF0705D598
S315000089406B6944F480641B68204698476B785E0622
S3150000895008D5039B980705D56B6944F400641B682A
S3150000896020469847AB78D90708D5039B5A0705D503
S315000089706B6944F400541B682046984795F901300A
S31500008980002B1FDA039B1B071CD56B691B6844F47D
S31500008990805005B0BDE8F0401847012431E7029B3E
S315000089A0DF067FF564AF6A691368002B3FF45FAF9B
S315000089B001219171802059E744F00404A6E744F0B0
S315000089C00204A3E705B0F0BD000100440000024523
S315000089D00018042430B504460AB3B0F5E10F1ED8DA
S315000089E053688025DD608900B1FBF0F1D3F8C00043
S315000089F06FF30500C3F8C000002018605860D86007
S31500008A00DD60C1F387151D60C1F3873501F03F01B5
S31500008A105D60C3F8C010D8605369DC6230BD40F2B7
S31500008A200160FBE72DE9F7434E69DDF8289096F8DB
S31500008A30295015F001050C46174698466ED1C6E931
S31500008A400005357286F8265086F824504B68B3F137
S31500008A50884F02D0354A934212D1354B10229A6084
S31500008A60344BA26BDB69019294F834200092D3F860
S31500008A70A45094F83C20002301214FF08C40A847D5
S31500008A8062682D4B9A4215D103F15F4303F52133FA
S31500008A9010229A60274BA26BDB69019294F834206E
S31500008AA00092D3F8A45094F83C20012319464FF0C5
S31500008AB08C40A8476268214B9A4210D103F5D843EF
S31500008AC04FF400125A641B4B228F1B6A0092DD6919
S31500008AD094F83C2094F8353019480121A847E368FA
S31500008AE00BB92369B3B16568B5F1884F08D00F4B50
S31500008AF09D4205D0104B9D4202D0104B9D4211D194
S31500008B000C4BDB684A461D680B9B41463846A84716
S31500008B10C9F800006369012283F82920002003B008
S31500008B20BDE8F0834FF0FF30F9E700BF00010044D5
S31500008B3000840424000130000000024500180424CB
S31500008B400014042438B54368B3F1884F04460D4633
S31500008B5002D01F4A934207D11E4BDB690021D3F88E
S31500008B60E8304FF08C40984762681B4B9A4207D119
S31500008B70184BDB690121D3F8E8304FF08C40984759
S31500008B806268164B9A4205D1124B15481B6A08219A
S31500008B90DB6B9847E3680BB923698BB16368B3F164
S31500008BA0884F08D00A4A934205D00B4A934202D016
S31500008BB00A4A934209D1074BDB6828465B68984707
S31500008BC06369002083F8290038BD4FF0FF30FBE7CA
S31500008BD00001004400013000000002450018042492
S31500008BE00014042470B50C4615461E4620B1022812
S31500008BF072D06FF0030070BD91F9080000280CDBFD
S31500008C004309474900F01F0020330122824041F802
S31500008C102320BFF34F8FBFF36F8FE06862696368ED
S31500008C20B0B192F826209AB1B3F1884F0BD03D4AE5
S31500008C30934208D03C4A934205D03C4A934202D024
S31500008C404FF0FF30D7E7007932462946FFF7BCFDE3
S31500008C50D4E90402636890B1127982B1B3F1884F06
S31500008C6008D0304A934205D02F4A934202D02F4A69
S31500008C709342E5D1007932462946FFF7A5FD6368A0
S31500008C802B4AB3F1884F05D026498B4202D026499C
S31500008C908B421DD11023D36094F90830002B09DBD9
S31500008CA05A09012103F01F03994002F160031C4A8F
S31500008CB042F82310636900225A601A7283F826204C
S31500008CC093F8292022F0020283F82920002092E757
S31500008CD04FF400139364DFE74A6992F82930D90705
S31500008CE0AED513F00203F1D161684B605360137285
S31500008CF082F826304FF44073138594F90830002B20
S31500008D00E4DB03F01F015B099B0003F1604303F5FD
S31500008D10614301228A40C3F880211A60D6E700BF6A
S31500008D2000E100E0000100440000024500180424B0
S31500008D30008404242DE9F04F8FB00DF11C0A06467D
S31500008D400D46904600211C225046DDF864901F46D1
S31500008D5009F0F4FB002E00F08D80002D00F08A80D3
S31500008D60D8F8142092F82930580704D44FF0FF3071
S31500008D700FB0BDE8F08F92F82630002B7DD101248C
S31500008D8082F82640D8F80CE013629661D8F80430D1
S31500008D901561BEF1000F59D0B3F1884F099450D038
S31500008DA0374A93424DD0374A93424CD0364A934283
S31500008DB0DCD122460324CDE90C4201210B91DEF8D9
S31500008DC00000DEF808C007919EF80410BEF800E027
S31500008DD0CEF3091E6EF30D1000F0070BBBF1020F68
S31500008DE001BFBA6894686BF302049460274C0EF1D5
S31500008DF001029542E26838BF05F1FF3ED2F808B09D
S31500008E00189ACDF8149038BFCEF3090E6EF30D10F4
S31500008E10CDE903C2CDE9010A009532463846D84766
S31500008E200130A3D0D8F80C00E3680079DB68394636
S31500008E304A469847E36849461B69384698470020E2
S31500008E4096E71922B7E71B220224B4E75969890677
S31500008E500ED45A6842F002025A60F0E74C1C1462C3
S31500008E60715C19600138F4D0116AA942F6D1F0E7B5
S31500008E701020F9E76FF004007AE76FF0010077E75A
S31500008E8000010044000002450018042400013000DF
S31500008E902DE9F04F8FB0984607AB81460F4618462E
S31500008EA0164600211C22DDF864A009F047FB0346A4
S31500008EB0B9F1000F7BD0002F79D0726992F8291092
S31500008EC0490704D44FF0FF300FB0BDE8F08F117999
S31500008ED001296FD000250124546015723069D760CE
S31500008EE0C2F81490D561726800285BD0B2F1884F41
S31500008EF0CDE9085451D031498A424ED030498A4290
S31500008F004DD030498A42DDD10324B0F800B0D0F804
S31500008F1000C0D0F808E0CBF3091BCDE90C456BF394
S31500008F200D1C01210B9107910CF007050021022D64
S31500008F300A91017901BFD8F80800846865F3020434
S31500008F408460214C0BF101008742E06838BF07F1CD
S31500008F50FF3B85681898CDF814A038BFCBF3090BF2
S31500008F606BF30D1CCDE903E0CDE901C300974B4639
S31500008F704046A8470130A5D03069E3680079DB6830
S31500008F8052464146984796F8403023B9E368514621
S31500008F901B6940469847002096E71825B5E71A252D
S31500008FA00224B2E7536843F001035360F3E76FF01E
S31500008FB0040089E76FF0010086E700BF0001004466
S31500008FC00000024500180424000130002DE9F34793
S31500008FD00746DDE90AA8DDF83090084616461D4624
S31500008FE01FB311B30AB35B6993F82920520723D53F
S31500008FF095F84040F4B12A7812F0060F1CD00322EF
S3150000900083F827203146CDE9008953462A46FFF7E3
S315000090103FFF60B953462A4631463846CDE90A89AC
S3150000902002B0BDE8F047FFF785BE6FF0040002B05E
S31500009030BDE8F0872046FAE74FF0FF30F7E74369CF
S31500009040186A70474369D869704700002DE9F047F0
S315000090501C465B69924693F8292080469007DDE915
S315000090600867894640F148845FFA88F5A5F115013D
S31500009070052900F26481DFE811F006005A00C200FB
S31500009080DB00FB002901B9F1000F4BD06368B3F197
S31500009090884F05D0874A934202D0874A934228D107
S315000090A0E36958783F280CD94038C0B2FFF784FBF3
S315000090B0E36982485A78403A0623D2B20021FFF784
S315000090C059FBE369D87808B1FFF766FBE36958787E
S315000090D0A0F11903052B01D8FFF756FBE369587871
S315000090E0FFF762FBE16976488B784A780978FFF7E3
S315000090F041FB6268734B9A420AD1E3695878FFF7DD
S315000091005BFBE1696D488B784A780978FFF732FB9B
S31500009110626992F8293043F0080382F8293000206A
S31500009120BDE8F08722F0080283F82920F7E7B9F1B5
S31500009130000F61D06368B3F1884F05D05D4A934252
S3150000914002D05D4A93423AD1236A58783F2816D90D
S315000091505D4B1B6840380121D3F8F030C0B2984708
S31500009160236A58784038C0B2FFF726FB236A534873
S315000091705A78403A0623D2B20021FFF7FBFA236A57
S31500009180D87808B1FFF708FB236A5878A0F11903CD
S31500009190052B01D8FFF7F8FA4B4B226A1B6850786B
S315000091A0D3F8D43001219847236A5878FFF7FCFAA0
S315000091B0216A43488B784A780978FFF7DBFA6268B8
S315000091C0404B9A4212D1404B226A1B685078D3F822
S315000091D0F03001219847236A5878FFF7EDFA216AA3
S315000091E036488B784A780978FFF7C4FA626992F8AC
S315000091F0293043F0100390E722F0100294E7B9F10A
S31500009200000F0DD093F82620002A40F0788361687D
S31500009210CA6842F04002CA60012283F826207EE72F
S315000092206168CA6822F04002CA6083F8269076E731
S315000092306068E568426822F00202426005228260A8
S315000092409DB193F8263083B1B0F1884F08D0194B01
S31500009250984205D0184B984202D01A4B984204D136
S3150000926028793A463146FFF7AFFA63690022D4E718
S315000092706068426822F0010242602269032181602F
S315000092809AB11B798BB1B0F1884F08D0094B98423F
S3150000929005D0094B984202D00A4B984205D1E368A3
S315000092A03A4618793146FFF78FFA636900221A7138
S315000092B035E700BF000100440000024500C0042459
S315000092C00000134600180424000130006268E068BC
S315000092D0516821F00301516098B193F8263083B1AB
S315000092E0B2F1884F08D0784B9A4205D0774B9A4214
S315000092F002D0774B9A4204D100793A463146FFF7BD
S3150000930063FA2069A0B163691B798BB16368B3F115
S31500009310884F08D06C4A934205D06C4A934202D0DB
S315000093206B4A934204D100793A463146FFF74CFA2C
S31500009330636807229A60636900221A716DE76A1EE4
S31500009340132A00F2DF82DFE812F05F0014007100DA
S31500009350AD00C9003101DD02DD02DD02DD02DD0204
S31500009360DD02DD02DD02DD023701170031013A01BF
S31500009370310194F8403013B96FF00600D0E6626808
S31500009380514B9A42F8D1237899073DD5A36958786D
S315000093903F280CD94038C0B2FFF70EFAA3694D48F2
S315000093A05A78403A0623D2B20021FFF7E3F9A369BF
S315000093B0D87808B1FFF7F0F9A3695878A0F1190336
S315000093C0052B01D8FFF7E0F9A3695878FFF7ECF908
S315000093D0A16941488B784A780978FFF7CBF9636829
S315000093E09A6D42F001029A659A6D42F002029A6500
S315000093F094F841109A6D002951D042F010029A65F6
S315000094009A6D42F020029A6508F4E066B6F5A06F00
S3150000941000F0EE8000F2D780002E00F0EC80B6F56A
S31500009420807F00F0EA806FF0080079E66268264BDC
S315000094309A42A1D123785A079ED5A36958783F2826
S315000094400CD94038C0B2FFF7B7F9A36921485A785A
S31500009450403A0623D2B20021FFF78CF9A369D878E7
S3150000946008B1FFF799F9A3695878A0F11903052BFC
S3150000947001D8FFF789F9A3695878FFF795F9A1692B
S3150000948015488B784A780978FFF774F963689A6DFE
S3150000949042F001029A659A6D6FF34102A7E761F304
S315000094A00412ACE721780B07AED563681A6C42F05C
S315000094B001021A641A6C8F074CBF6FF3410242F027
S315000094C002021A64A0E700BF000100440000024542
S315000094D00018042400C00424000013466368B3F196
S315000094E0884F03D09C4A93427FF446AF2378DE062A
S315000094F07FF542AFE36A58783F280CD94038C0B2AE
S31500009500FFF75AF9E36A95485A78403A0623D2B2E9
S315000095100021FFF72FF9E36AD87808B1FFF73CF985
S31500009520E36A5878A0F11903052B01D8FFF72CF947
S31500009530E36A5878FFF738F9E16A89488B784A7800
S315000095400978FFF717F9236B58783F280CD940386C
S31500009550C0B2FFF731F9236B80485A78403A0623A8
S31500009560D2B20021FFF706F9236BD87808B1FFF7CE
S3150000957013F9236B5878A0F11903052B01D8FFF7CF
S3150000958003F9236B5878FFF70FF9216B74488B7832
S315000095904A780978FFF7EEF82378D8067FF5ECAE1F
S315000095A06268136943F0400313612DE7257815F0CF
S315000095B020053FF429AFDFE683F82490AFE5257850
S315000095C015F04005F5E7B6F5C06F18D0B6F5E06FB3
S315000095D07FF429AF0026022708F44053B3F5805FD5
S315000095E010D0B3F5005F1BD073B16FF0090097E59B
S315000095F000260027F0E70327EEE70926F9E700260D
S315000096000127E9E747F0180708F44043B3F5804F10
S3150000961009D0B3F5004F06D03BB16FF00A007FE5E5
S3150000962047F00807F0E747F0040708F44032B2F5C0
S31500009630003F636800F0E88009D8002A00F0318115
S31500009640B2F5803F00F092806FF00B0068E5B2F54E
S31500009650403FF9D1627802F01802182A74D1B3F1AA
S31500009660884F05D03C4A934202D03E4A934251D19C
S31500009670636A58783F280CD94038C0B2FFF79CF887
S31500009680636A36485A78403A0623D2B20021FFF779
S3150000969071F8636AD87808B1FFF77EF8636A58787C
S315000096A0A0F11903052B01D8FFF76EF8636A587805
S315000096B0FFF77AF8616A2A488B784A780978FFF7C3
S315000096C059F8A36A58783F280CD94038C0B2FFF73A
S315000096D073F8A36A21485A78403A0623D2B2002189
S315000096E0FFF748F8A36AD87808B1FFF755F8A36AD8
S315000096F05878A0F11903052B01D8FFF745F8A36A9E
S315000097005878FFF751F8A16A15488B784A78097896
S31500009710FFF730F86268144B9A4215D1A36A58785D
S31500009720FFF74AF8A16A0D484A788B780978FFF75F
S3150000973021F8636A5878FFF73FF8616A07488B7823
S315000097404A780978FFF716F8238803F4C073B3F54F
S31500009750C07F54D078E700BF0001004400C0042455
S315000097600000134600000245001804246278110721
S3150000977040D5B3F1884F05D0674A934202D0674A75
S31500009780934228D1A36A58783F280CD94038C0B2F2
S31500009790FFF712F8A36A62485A78403A0623D2B213
S315000097A00021FEF7E7FFA36AD87808B1FEF7F4FFB9
S315000097B0A36A5878A0F11903052B01D8FEF7E4FF38
S315000097C0A36A5878FEF7F0FFA16A56488B784A7864
S315000097D00978FEF7CFFF6268534B9A420AD1A36A13
S315000097E05878FEF7E9FFA16A4D488B784A780978E0
S315000097F0FEF7C0FF94F90030002BBFF625AF626874
S31500009800136943F022034BE06278D20640D5B3F1E8
S31500009810884F05D0404A934202D0404A934228D10D
S31500009820636A58783F280CD94038C0B2FEF7C4FFA7
S31500009830636A3B485A78403A0623D2B20021FEF7C3
S3150000984099FF636AD87808B1FEF7A6FF636A58786D
S31500009850A0F11903052B01D8FEF796FF636A587825
S31500009860FEF7A2FF616A2F488B784A780978FEF7DF
S3150000987081FF62682C4B9A420AD1636A5878FEF7D8
S315000098809BFF616A27488B784A780978FEF772FF52
S315000098906378DB077FF5D8AE6268136943F020036F
S315000098A01361AB1E012B05D818F4802F2DD118F4A7
S315000098B0002F2DD1D4F80480D8F8103023F01003EF
S315000098C0C8F81030224651464846FFF783F86369C8
S315000098D0012183F82850C8F80810C8F80C70C8F899
S315000098E0CC60D8F8AC2061F3C402C8F8AC2093F879
S315000098F0292042F0040217E44FF0FF3010E46FF025
S3150000990001000DE46FF003000AE46FF00C0007E4B9
S315000099106FF00D0004E400BF0001004400000245A2
S3150000992000C004240000134600180424426943685A
S31500009930107A5969137981F080015B00C1F3C01177
S3150000994003F002030B435179C90001F008010B43F0
S315000099509179090101F010010B43D179490101F018
S31500009960200180010B4300F04000184370470000BF
S315000099704B6993F829305B0733D54B68002B33D0FE
S3150000998040B94A7812072FD51A6922F002021A61E5
S3150000999000207047012806D14A78100724D51A6995
S315000099A042F00202F3E702280CD1B3F1884F02D04D
S315000099B00F4A934218D14A78910615D51A6922F0B2
S315000099C00102E4E70328E3D1B3F1884F02D0084A45
S315000099D0934209D14A78920606D51A6942F00102E5
S315000099E0D5E74FF0FF3070476FF00300704700BFB8
S315000099F000010044426830B5044612B3436993F847
S31500009A00293013F004001DD065789269A07815F00E
S31500009A10100318BFC2F3001315F0400118BFC2F3BC
S31500009A20401110F0010018BFC2F380102C060DD5AE
S31500009A30C2F3C01243EA410343EA820343EAC00089
S31500009A4030BD1046024601460346F3E70022F1E721
S31500009A5041F20273984221D011DC41F2045398423C
S31500009A601CD005DCF8B101280CBF2120012070476D
S31500009A7041F2017398420CBF11200120704742F257
S31500009A80041398420CD042F2061398420AD042F2CE
S31500009A90031398420CBF21200120704721207047F4
S31500009AA0282070472B207047014BDB695B6E1847F7
S31500009AB000013000014BDB699B6B18470001300049
S31500009AC0014BDB695B6A184700013000454B994240
S31500009AD070B50C4615460AD9434B4FF400125A622C
S31500009AE0424B10229A615A6C42F010025A640128C5
S31500009AF042D0022861D060BB3D4B3E4EDB6901215E
S31500009B00D3F8EC30A422084698473B4B9C60FFF7FD
S31500009B10D7FF3A4B9D4205D102F0BCFE736823F491
S31500009B20404373604FF45943A6F86030304BDB690D
S31500009B302A469B6821464FF08C40984750B9304BD7
S31500009B409C420BD82F4B4FF40032DA664FF480223A
S31500009B50DA660020BDE87040FFF77ABF2A4B9C42C8
S31500009B60F7D9284BDA6E9203F3D44FF480229A6623
S31500009B704FF400329A66ECE71F4B1E4E5C61FFF70E
S31500009B8093FF1E4B9D4205D102F084FE736823F4B9
S31500009B90404373604FF45943A6F8A030144BDB6979
S31500009BA02A469B6D21464FF08C4098470028D1D11C
S31500009BB0592CC7D95A2CD4D1CBE70F4B9C61FFF750
S31500009BC079FF02F067FE0B4B4FF45942A3F8E020F1
S31500009BD0074BDB692A46DB6B21464FF08C409847E2
S31500009BE0B8E700BFFF0D27070000282000800046C9
S31500009BF000013000008018468C300000005A6202D6
S31500009C007F4A5D0500840424BF8C6C05052870B569
S31500009C1005460E4637D81D4B99420DD81C4A536A45
S31500009C2023F4001353621B4B9A6922F010029A61C7
S31500009C305A6C22F010025A64002211464FF08C40F2
S31500009C4000F022FD0446FFF703FF0246E0B9DDB14E
S31500009C50042D13D1104A31460120FFF737FF04B215
S31500009C602046FFF7F5FE024670B929464FF08C40B4
S31500009C7000F00AFDBDE87040FFF7EABE022DEFD105
S31500009C80054A3146E9E72122104670BDFF0D270738
S31500009C900000282000800046005A620213B502F038
S31500009CA0F9FD03214FF08C4000F0CEFD02F0F2FDED
S31500009CB0032000F02FFE0C490220FFF7A7FF0B4AF6
S31500009CC00B490120FFF702FF0A4B0122DB690092D4
S31500009CD0D3F8A04000231A4602214FF08C40A0473B
S31500009CE0002002B010BD00BF0095BA0A005A6202F9
S31500009CF0006889090001300010B5002486B00123F0
S31500009D0021460820ADF808308DF80430CDE903442B
S31500009D108DF800408DF80A400594FEF713FC68465E
S31500009D20FEF73AFC01AB02A9204603938DF80840E2
S31500009D30FEF74AFC0F212046FEF792FC0F21204633
S31500009D40FEF79CFCFEF70EFC0B4B9C61DA69520792
S31500009D50FCD40A4A4FF480615160094A4FF48001ED
S31500009D601160182182F8161301221A61DA69002A95
S31500009D70FCD106B010BD00BF008C04240000081200
S31500009D8000E100E0014B9869704700BF008C042495
S31500009D9000210846FEF78EBC00F00101830748BF8C
S31500009DA041F002010020FEF74DBC00002DE9F04114
S31500009DB00446F8F71FF91A4D0746D5F81880FFF73D
S31500009DC0E7FF06460020FEF767FC830705D4A6EBEF
S31500009DD00803042B01D8464514D1A969B4F1FF3F05
S31500009DE028BF0134C1F103032344072B98BFCC1CC1
S31500009DF000210846621EFEF777FC0220FFF7CCFF23
S31500009E00FEF790FC3846F8F7F9F8064A13782BB1B6
S31500009E10AB6C43F00103AB6400231370BDE8F08123
S31500009E20008C042418010000830700F0010109D505
S31500009E30064B01221A70064A936C23F0010341F087
S31500009E40020193640020FEF70BBC00BF180100005E
S31500009E50008C0424830742BF024B0222C3F8402130
S31500009E60704700BF008C042438B5FEF769FCF8F78C
S31500009E70CAF804460020FEF70FFC830700F0010530
S31500009E8048BF45F0020500F003010020FEF7F6FB8F
S31500009E902846F8F7ABF92046F8F7BBF8BDE8384096
S31500009EA0FEF740BC4FF4004070470000044B4FF4EF
S31500009EB08072DA63034B4FF400629A60704700BF0A
S31500009EC0008104240000081208B5284B4FF40062F4
S31500009ED01A60274AD2F88C3743F4004343F08003D4
S31500009EE0C2F88C37D2F88C375B06FBD5D2F88C27B4
S31500009EF0204BDFED216A9FED216A214902F03F02E6
S31500009F001A601A68262A84BF26221A601D4A926899
S31500009F10EAB11D48C2F315020260D3ED007A90ED56
S31500009F20007AF8EE677AB8EE477A77EEA67A37EED9
S31500009F30267A67EE867AC7EE876AC1ED006AFFF772
S31500009F40B5FF0A4B4FF400625A60086808BDD3EDAE
S31500009F50007AF8EE677A77EEA67ADFED0C6A67EE9E
S31500009F60867A87EEA67A81ED007AE8E70000081285
S31500009F7000A005241C3A000089410B4233335340AC
S31500009F80143A0000D4140000183A0000C4A083421A
S31500009F90F0B5A24CA24BA2680578A24E02EA0301D4
S31500009FA0027802F001020A439F49A2608A6802EA27
S31500009FB00304427802F00102920042EA951222431B
S31500009FC08A600A69457802EA03040278C2F3440209
S31500009FD02243964C0A61A26802EA0301827802F0E3
S31500009FE00302520142EAD5020A439149A2608A68F5
S31500009FF084781A4042EA94028E4C8A60A268C1783C
S3150000A0001A4001F01F011143A160B268047902EA07
S3150000A010030504F03F04C278640044EAD214C2F394
S3150000A020411242EA84022A43B260834E4579B268FD
S3150000A03002EA0304027905F07F05920942EA8502E5
S3150000A04022437E4DB260AA6802EA0304C27902F096
S3150000A0500F0222437A4CAA60A268C579067A1A4092
S3150000A06042EA1512774DA260AA6802EA0304427C0E
S3150000A07002F07F022243AA60734DAA6802EA030433
S3150000A080027A02F07F022243AA60704DAA6802EAB1
S3150000A0900304427A02F01F02520042EAD612224319
S3150000A0A06B4EAA60B268857A02EA0304C27A52004D
S3150000A0B042EAD512057B05F0010542EA4522224314
S3150000A0C0644DB260AA68467A02EA0304827A02F014
S3150000A0D07F02D20042EA56122243AA605E4D5F4ECC
S3150000A0E0AA6802EA0304B0F80D202243AA60B26807
S3150000A0F0457D02EA0304027D05F00F0542EA0522CA
S3150000A1002243574DB260AA68564E02EA0304427DC6
S3150000A110C2F302122243AA60B268C57D477902EAF9
S3150000A1200304827D05F00F0542EA05222243B26050
S3150000A1304D4EC57DB26802EA0304027E120142EA70
S3150000A1401512457E05F00F0542EA05322243474DBA
S3150000A150B260AA68467E02EA0304827E120142EADF
S3150000A16016122243AA60424DAA6802EA0304B0F816
S3150000A1701B202243AA603F4DAA6802EA03048279A3
S3150000A180560802F00102520042EAD71242EA86025B
S3150000A1902243847CAA60457C90F8246004F00F0278
S3150000A1A0520052EAD512344D1EBFA9681940114318
S3150000A1B0A960324D1A4AAB6803EA0201437F03F0F5
S3150000A1C00F030B43AB602E4DAB6803EA0201837F9E
S3150000A1D0C3F383030B43AB602A4DAB6803EA02016A
S3150000A1E090F8253003F007035B0043EAD6130B43D0
S3150000A1F0AB60254DAB6803EA0201C37C03F00303A1
S3150000A2005B0043EAD4130B432049AB608B681A40CA
S3150000A210837CC3F3021313438B60F0BDB4150000B7
S3150000A2200000C0FF3C150000A015000088150000C6
S3150000A230701500006415000020150000F8140000D9
S3150000A240EC1400007C150000E0140000D41400009B
S3150000A250C8140000CC150000B0140000BC140000A7
S3150000A2602C140000A4140000981400008C140000A4
S3150000A2708014000004150000581500007414000036
S3150000A280681400005C140000441400005014000020
S3150000A290F9F79CBFF0B5194D194C2B88E5B004F1C0
S3150000A2A01001002600274FF4C2726846ADF88431CB
S3150000A2B0CDE9626708F00CFA94E80F0000F020FD83
S3150000A2C062A800F0DBFD2B78687843EA002000F0F6
S3150000A2D085FEDDE9624532463B462046294606F0C4
S3150000A2E0D3FF48B1074B00222046294606F0B8FFA7
S3150000A2F010B10020F9F7BEFF65B0F0BDD002000036
S3150000A3003C01000000004E4010B50A4A0A4BD2F844
S3150000A3100815D3F80240E405FBD440EA5110C2F810
S3150000A3200805D3F80220D205FBD4024BD3F8083532
S3150000A33010BD00BF00A005240000052410F4405FF6
S3150000A3400F4B0BD0D3F8042522F48012C3F8042552
S3150000A350D3F8042522F40012C3F80425D3F80825FF
S3150000A360084BD3F80210C905FBD4C04300EA5210CB
S3150000A370034AC2F80805D3F80220D205FBD4704779
S3150000A38000A00524000005240D4A0E49D2F8103518
S3150000A390013823F0030310B5C0B2C2F81035D1F866
S3150000A3A00230DC05FBD4D2F8104501238340234359
S3150000A3B0C2F81035D1F80230DB05FBD410BD00BF62
S3150000A3C000A005240000052430B58BB000230193BE
S3150000A3D002930393049305930693079308930993B3
S3150000A3E08DF802308DF8033010B901200BB030BD66
S3150000A3F0019A50F822200292029A002AF5D001937F
S3150000A4000121019C029A944201D30020EEE7019AB1
S3150000A41000EBC20252680392019A013250F83220D0
S3150000A4200492049AC2F384528DF80320049AD20E41
S3150000A4308DF802209DF802209DF80340121B013280
S3150000A4400592059A162AD0D8039A126807929DF8A3
S3150000A4500320D2B2069208930993069C079A01FA42
S3150000A46004F422EA04020792099A089C01FA02F20D
S3150000A47022430892069A01320692099A01320992FB
S3150000A4809DF80320059D069C2A44A242E5D8089C17
S3150000A490049A22400492049A9DF80350079CAA400D
S3150000A4A022430492039A049C1460019A0132019299
S3150000A4B0A7E730B58BB0002301930293039304936F
S3150000A4C0059306930793089309938DF802308DF848
S3150000A4D00330039A10B901200BB030BD019A50F831
S3150000A4E022200292029A002AF5D001930121019CB2
S3150000A4F0029A944201D30698EEE7019A013250F887
S3150000A50032200692069AC2F384528DF80320069AE8
S3150000A510D20E8DF802209DF802209DF80340121BF2
S3150000A52001320492049A162AD5D89DF80320D2B295
S3150000A530059208930993099A089C01FA02F22243AC
S3150000A5400892059A01320592099A013209929DF8FC
S3150000A5500320049D059C2A44A242ECD8089C069A36
S3150000A56022400692069A9DF80350079CAA40224371
S3150000A5700692019A01320192B9E70000024A9368F5
S3150000A5809B0D9B05936070472C140000034AD2F87C
S3150000A590383723F00403C2F83837704700800524A3
S3150000A5A0064B074A996C0748DA620229D96C08BF3C
S3150000A5B01A60022908BF5A60FFF706BF8C300000F8
S3150000A5C00048E80188150000024B034A03485A6315
S3150000A5D0FFF7FABE8C3000000048E8017015000055
S3150000A5E0064B074A996C07481A630529D96C08BFB8
S3150000A5F01A60052908BF5A60FFF7E6BE8C300000D6
S3150000A600002D3101E0140000034B04484FF4FA42D8
S3150000A6101A62FFF7D9BE00BF8C3000006415000037
S3150000A620034B04484FF4FA425A62FFF7CDBE00BF0F
S3150000A6308C300000041500000148FFF73ABF00BF48
S3150000A640BC1400000148FFF734BF00BFA41400008B
S3150000A6500148FFF72EBF00BF981400000148FFF71E
S3150000A66028BF00BF8C1400000148FFF722BF00BFBF
S3150000A670801400000148FFF71CBF00BFB0140000A3
S3150000A68001B108477047000010B5002852D03E2A95
S3150000A69050D82B4BDB689C0748BF5208052949D880
S3150000A6A0DFE801F003481B26313C836A6FF303039E
S3150000A6B08362244B1B6824490B60846DE405FCD53A
S3150000A6C0846A62F30914846212B1B3FBF2F30B607D
S3150000A6D01C4B0A68DA60002010BD836D9B062BD5E3
S3150000A6E0836A022161F303038362164B9B68E2E7E8
S3150000A6F0836D5C0620D5836A032161F303038362BD
S3150000A700104B1B69D7E7836D190715D5836A04219A
S3150000A71061F3030383620B4B5B69CCE70B4B5B6A0C
S3150000A7205B0709D5836A052161F303038362054B41
S3150000A7309B6BC0E70120CFE741F20170CCE700BF79
S3150000A740008604248C300000DC3000000014042451
S3150000A75007B50B46114606281ED8DFE800F004218F
S3150000A760333B47586400364A106A40025EBF106A9F
S3150000A77040F48000106213B90A20FFF781FF314BC5
S3150000A780D3F81C2122F08012C3F81C21D3F81C2117
S3150000A79042F00122C3F81C21002003B05DF804FB3F
S3150000A7A0274A106A800207D4106A40F480101062AB
S3150000A7B0106A40F400101062002BEDD10A20FFF75A
S3150000A7C05FFFE9E71E4A106AC002F5D4106A40F43A
S3150000A7D08010F0E71A4A106A00035EBF106A40F460
S3150000A7E000201062002BD7D10220E8E7144B1A6A2A
S3150000A7F05203D1D41A6A42F480221A624FF4FA70D4
S3150000A8000191FFF73DFF019940F2DC50D7E70C4A72
S3150000A810106A80035EBF106A40F400301062002B9D
S3150000A820BAD1FA20CBE7064A106AC0035EBF106AA7
S3150000A83040F480301062002BAED19620BFE700BFF7
S3150000A840008104240080042410B50446002858D052
S3150000A8500139052955D8DFE801F003131D273445D2
S3150000A860294BD969012262F30201D961274B9A6407
S3150000A8705B6C264A1360A36D002BFCDA002010BD2A
S3150000A880214BD969022262F30201D9611F4B9A64F6
S3150000A890DB6AEEE71C4BD969032262F30201D96138
S3150000A8A01A4B9A64DB6BE4E7194B40229A83164BEA
S3150000A8B0D969042262F30201D961144B9A641B6CB4
S3150000A8C0D7E7114B1A6AD2025EBF1A6A42F48012A7
S3150000A8D01A62D969052262F30201D9610B4B9A64A7
S3150000A8E01B6BC6E7012100220846FFF731FF064B26
S3150000A8F0D969062262F30201D961044B9A645B6B43
S3150000A900B7E70120BBE700BF008104248C300000BC
S3150000A91000801341013808B5052850D8DFE800F05B
S3150000A92003101A243140274BD969012262F31241E0
S3150000A930D961254BDA645B6C234A0020536008BD5D
S3150000A940204BD969022262F31241D9611E4BDA64A7
S3150000A950DB6AF1E71B4BD969032262F31241D96125
S3150000A960194BDA64DB6BE7E7184B40229A83154BE9
S3150000A970D969042262F31241D961134BDA641B6C64
S3150000A980DAE7002201210220FFF7E2FE0D4BD9692A
S3150000A990052262F31241D9610B4BDA641B6BCBE7DC
S3150000A9A0012100220846FFF7D3FE064BD96906228D
S3150000A9B062F31241D961044BDA645B6BBCE7012098
S3150000A9C0BDE700BF008104248C30000000801341E5
S3150000A9D041F20273984221D011DC41F204539842AD
S3150000A9E01CD005DCF8B101280CBF212001207047DE
S3150000A9F041F2017398420CBF11200120704742F2C8
S3150000AA00041398420CD042F2061398420AD042F23E
S3150000AA10031398420CBF2120012070472120704764
S3150000AA20282070472B2070470378012B06D84378DF
S3150000AA30013B0F2B94BF0020212070472120704737
S3150000AA40174B1B78012B0CBF03780023C2185278D2
S3150000AA50012A22D800EB83004369D3B1114A9342FD
S3150000AA6019D8D0F81431104A934207D9D0F85401B6
S3150000AA700E4B98428CBF212000207047B3F53D3F16
S3150000AA800BD8D0F85431B3F53E3F34BF0020212017
S3150000AA9070472D207047282070472120704700BF3F
S3150000AAA0203A0000A0252600FFFF0524001B0624EF
S3150000AAB011B1042900D07047014B1B68184700BF2D
S3150000AAC0243A000084B000B52DED028BE7B00DF5F9
S3150000AAD0D47C8CE80F003F4B9DF83D139DEDD08A4A
S3150000AAE01970CFA8FFF7A0FF002858D16AA8FFF772
S3150000AAF0A7FF002853D1012908BF9DF8A8019DF89A
S3150000AB003C236AAB03EB4000012AB0F8F43003D1D2
S3150000AB10012B4BD02B2042E0013B9BB240F2FE3092
S3150000AB208342F7D8002A41D101293FD92A4B6293A3
S3150000AB304FF4C272BDF83C33ADF884316EA9684655
S3150000AB4007F0C6FD6AAB0FCBFBF70EFDFFF740FF24
S3150000AB5028BB00236593FFF7B7F965909DED657AED
S3150000AB60DFED1E7AB4EEE77AF1EE10FA02D51C4854
S3150000AB70FFF72AFCDFED1B7A6599B4EEE78AF1EE62
S3150000AB8010FA24D4DFED187AB4EEE78AF1EE10FA63
S3150000AB901DDC18EE100AFAF7C3FBFFF719FF67B0C2
S3150000ABA0BDEC028B5DF804EB04B070470A4B629370
S3150000ABB06EA9BDF83C33ADF884314FF4C2726846D5
S3150000ABC007F086FD6AAB0FCBFBF7A2FDBEE721209F
S3150000ABD0E5E700BF203A0000B1BA20089A9919406B
S3150000ABE0141700006666E63F6666664084B000B5E8
S3150000ABF0E3B00DF5C87C8CE80F00C9A8FFF714FF79
S3150000AC00D0B964A8FFF71CFFB0B99DF82423BDF89E
S3150000AC102433B2B99DF82523012A12D94FF4C27202
S3150000AC2068A96846ADF8843107F052FD64AB0FCBD6
S3150000AC30FBF76CFEFFF7CCFE63B05DF804EB04B0E7
S3150000AC40704768A94FF4C2726846ADF8843107F0C0
S3150000AC503FFD64AB0FCBFCF73DF8EBE7034620B1B5
S3150000AC60044A106818B91360704722207047042000
S3150000AC70704700BF243A000008B50348FCF746FABF
S3150000AC80BDE80840FFF7A4BE0038042407B5ADF8B8
S3150000AC90040001A8FFF7C8FE20B90198FAF776FE6E
S3150000ACA0FFF796FE03B05DF804FB07B5ADF80400A8
S3150000ACB001A8FFF7B9FE20B90198FBF799FBFFF74A
S3150000ACC087FE03B05DF804FB07B5ADF8040001A8E4
S3150000ACD0FFF7AAFE20B90198FBF7EAFDFFF778FE19
S3150000ACE0024B00221A6003B05DF804FB243A000010
S3150000ACF0042902BF014B01221A707047303A000046
S3150000AD0084B000B5E5B00DF5CC7C8CE80F009DF85D
S3150000AD102C33012B3BD19DF82D33013B0F2B36D81D
S3150000AD209DF89931002B32D11E4B6B9A9A4234D83A
S3150000AD30BDF88C32012B32D11B4B62934FF4C27299
S3150000AD40BDF82C33ADF884316AA9684607F0C0FC1B
S3150000AD5066AB0FCBFFF7B6FED0B9BDF82C33ADF816
S3150000AD6084314FF4C2726AA9684607F0B1FC66AB3B
S3150000AD700FCBFFF73BFF58B90C48FFF76FFF38B909
S3150000AD80CB9865B05DF804EB04B0FFF77FBF2120D8
S3150000AD9065B05DF804EB04B070472820F8E72B2077
S3150000ADA0F6E700BF404B4C003D0A2740F1BC2008A7
S3150000ADB084B000B5E3B00DF5C87C8CE80F00142311
S3150000ADC08DF8E4310E4A0F4B0F4881930021FCF7B2
S3150000ADD074FA0E4B68A91B88ADF884314FF4C27221
S3150000ADE0684607F075FC64AB0FCBFFF7FFFE003833
S3150000ADF018BF012063B05DF804EB04B0704700BFD4
S3150000AE001901000000004C42143A0424D00200004C
S3150000AE10012801D1FFF730BF38B9054BD3F8E0213F
S3150000AE2060F30002C3F8E02170472120704700BF9D
S3150000AE300038042484B000B5E3B00DF5C87C8CE876
S3150000AE400F00172301208DF8E431FFF7E1FF68B901
S3150000AE50094B4FF4C2721B88ADF8843168A9684665
S3150000AE6007F036FC64AB0FCBFFF7C0FE63B05DF8AE
S3150000AE7004EB04B0704700BFD00200002DE9F04398
S3150000AE802DED028B0646E3B0002800F092804A4D75
S3150000AE904FF4C27205F11001684607F019FC95E8F7
S3150000AEA00F00FFF785FF2F460446002873D1434B5A
S3150000AEB01A7862B118706A7841480121FCF7E4F902
S3150000AEC007EE900A3F4BF8EEE77AC3ED007A3E496B
S3150000AED04FF4C272684607F0FBFB97E80F00FFF7D6
S3150000AEE0A9FF0446002856D1DFF8D490374F4FF01B
S3150000AEF00A086A7800214846FCF7C6F907EE900A68
S3150000AF0008F1FF38F8EEE77A18F0FF08C7ED007A87
S3150000AF10EFD1020545D520F400631B041B0C07EE98
S3150000AF20903AF8EEE77AC7ED007AFFF797FB08EE5E
S3150000AF30100AFFF781FB08EE900AFFF79BFB214BF7
S3150000AF4097ED007AD3ED007ADFED216AB8EE488AF4
S3150000AF50C0F5707037EE487A77EEC87A0130C7EEE2
S3150000AF60275A07EE900AF8EEE77AF8EE688A87EE37
S3150000AF70A67A88EEA66AF0EE477A45EE867ADFED87
S3150000AF80156A9FED157A17EEA67A17EE100A05F0E8
S3150000AF9093FEC6E90001204663B0BDEC028BBDE816
S3150000AFA0F08340F400631BB207EE903AF8EE677A3E
S3150000AFB0B9E72224EFE700BF3C010000303A000069
S3150000AFC000380424283A00004C0100002C3A000006
S3150000AFD000007A4400009B430080884307B5134B6A
S3150000AFE0ADF804001B6A12489B6A042201219847A7
S3150000AFF09DF80430012B16D19DF80530013B0F2B2F
S3150000B00011D80C4B5B68DB0705D4019803B05DF8DB
S3150000B01004EBFFF759BE0198FFF747FE0028F4D06E
S3150000B02003B05DF804FB2120FAE700BF0001300001
S3150000B0300014042400380424014BDB681B691847FC
S3150000B040000130000346012B084602D0022B08D02F
S3150000B0507047074B182202FB01339B683BB1002166
S3150000B0601847034B182202FB0133DB68F6E77047EB
S3150000B070543B00000346012B084602D0022B08D0A1
S3150000B0807047074B182202FB01339B683BB1002136
S3150000B0901847034B182202FB0133DB68F6E77047BB
S3150000B0A0343A0000F8B50468012C054622D8124E41
S3150000B0B056F8242042B1536810498B4204D01049F7
S3150000B0C08B4201D01120F8BD0E4B0F49DB680F48AB
S3150000B0D01F680F4B51F8241053F8243050F8240001
S3150000B0E0B8472B6846F8240056F82330002BE9D0E1
S3150000B0F00020E8E72120E6E7443F00000000034483
S3150000B1000080072400013000D4020000E4020000A1
S3150000B110EC0200002DE9F04129B1012803D80B68A3
S3150000B12018B9202B0AD9212028E00C2BFBD8012A9C
S3150000B130F9D82C4C64681CBB11201FE0012AF2D8F8
S3150000B140284C2468002CF7D0BBBB4FF0200C264DB2
S3150000B150264C0023AE46A0465E1CC0B9277927BB05
S3150000B1601824634308EB03040E60C4E902000125BA
S3150000B17048F8032025710B6883B30020BDE8F081F1
S3150000B18013B11948013B1AE04FF00C0CDFE72F7999
S3150000B1905FB9182043430EEB030001240E60C0E99B
S3150000B1A002774EF803200471E5E7B445334605F10E
S3150000B1B0180504F11804CFD1DDE70C48013B18252A
S3150000B1C06B43C41824795CB9C2500B68013B05FB7C
S3150000B1D003030122C3E902441A71CEE74620CDE7F4
S3150000B1E04520CBE7443F0000343A0000543B0000C2
S3150000B1F0012810B503D811B118B9202909D9212081
S3150000B20016E00C29FBD8C2B10D4B5B688BB9112037
S3150000B2100EE092B10A4B1B68002BF8D01068094B60
S3150000B2200139182404FB013398605268DA60002063
S3150000B23010BD1068044B0139F3E72220F8E700BF80
S3150000B240443F0000543B0000343A0000012830B56A
S3150000B25036D8002934D0E8B9202931D8531E022B1C
S3150000B2602ED8194B53F8203063B302F00203D207ED
S3150000B27021D54C1E182578B9144A05FB0422906086
S3150000B28033B1124B0139182202FB01310023CB6086
S3150000B290002030BD0C29E0E70D4A05FB0422002002
S3150000B2A09060002BF4D00A4B1822013902FB0133BF
S3150000B2B00022DA60ECE7002BEAD00028E1D0F2E7C2
S3150000B2C02120E6E71120E4E7443F0000543B00005C
S3150000B2D0343A00002DE9F04F012897B005460C4698
S3150000B2E0164600F21A81002900F01781002840F066
S3150000B2F00281202900F21181D6F814C0BCF1000F9A
S3150000B30000F00B8133680893002B00F0048173680A
S3150000B3100993002B00F0FF80D6F80CA0BAF1030FBA
S3150000B32000F2FB80B3680A93032B00F2F680777E67
S3150000B33007F0FD03012B40F0F080327E022A00F276
S3150000B340EC80B07E072800F2E88033690793022B71
S3150000B35000F2E380744B53F825300B93002B00F07A
S3150000B360DE80013C1823002D40F0C780DFF8BCE1E9
S3150000B37063430EEB030898F80480B8F1000F00F061
S3150000B380D080B7F1010818BF4FF00108CDF8408012
S3150000B3905EF8033003F1FF3EDEF1000343EB0E03DC
S3150000B3A002F1FF3E5FFA8EFEBEF1020F0F9300F12F
S3150000B3B0FF33DBB235BF4FF0010E4FF0000E002118
S3150000B3C00A21CDF84CE0072B4FF0000E28BF70463F
S3150000B3D0012F14BF4FF003084FF00108BCF5806F32
S3150000B3E038BF0CF1FF33CDE91404CDE911EE0D9110
S3150000B3F034BFC3F3090340F2FF331827002D7FD172
S3150000B4004A48DFF838E107FB0400C0E90428484A47
S3150000B410484F52F825200C92002268F302026FF37F
S3150000B420C30263F30D1257F8250002F0070BBBF1B8
S3150000B430020F01BFD0F80880D8F808906BF3020914
S3150000B440C8F8089003F10108C445DFF8F480D8F87D
S3150000B4500C1038BF0CF1FF33D1F808900D99CDF8D8
S3150000B46000C038BFC3F309031B0143EA81330799C0
S3150000B4704FEA016B0BF0407B43EA0B0B0A9B9B06E2
S3150000B48003F04063090701F040514BEA03030B4305
S3150000B49043EA8A7302F00F021A430B9B05930C9B37
S3150000B4A0E4B2CDE903E30FABCDE901232146DDE9A3
S3150000B4B00823C847367EDEB9DFF86C90D8F80C3022
S3150000B4C059F82520DB6857F825102046984759F883
S3150000B4D0251057F82500FFF7AFFD1F2C18D859F88F
S3150000B4E025305A6801235169A3400B435361304606
S3150000B4F017B0BDE8F08F0C29FCE6DFF83CE037E733
S3150000B5000D48DFF840E007FB0400C0E904287EE7A9
S3150000B51040F20130ECE72220EAE72120E8E711209B
S3150000B520E6E74820E4E700BF443F0000543B000044
S3150000B530DC020000E4020000343A000045C02008A6
S3150000B5400001300075C02008012813D891B160B9F8
S3150000B55020290FD8094B1B6873B101395A68C9B243
S3150000B56001238B409362002070470C2902D8034BBD
S3150000B5705B68F1E72120704711207047443F0000C7
S3150000B580012808B50CD8084B53F8201051B1074BC9
S3150000B59053F82000FFF750FD003818BF012008BD02
S3150000B5A02120FCE71120FAE7443F0000E4020000F6
S3150000B5B0034BC0001A580AB107221A50704700BF41
S3150000B5C0041213460278052A15D8437822B93A2B75
S3150000B5D034BF002021207047511E012905D9032AB6
S3150000B5E005D0042A05D0062BF2E7102BF0E70A2B2C
S3150000B5F0EEE70C2BECE72120704700002DE9F8431D
S3150000B6000C46904699460646002865D0002B63D026
S3150000B6100F2A03D921273846BDE8F883FFF7D2FF62
S3150000B62007460028F7D13378032B1DD8082CF1D80C
S3150000B6302A4951F824300BB10427ECE7284A10199F
S3150000B640155D037A90F90800002836DA254A03F0DA
S3150000B6500F03AD00EDB2D55441F8249043467178FE
S3150000B6603078224600F074FC3378042B14D1072C72
S3150000B670D0D81D4B53F82420002ADDD11B4A4FF4A5
S3150000B68080211160482182F8121343F82490414624
S3150000B6907278E0B200F0A2FE3378052BBBD1042C01
S3150000B6A0B8D8134B53F82420002AC5D1E1B240463E
S3150000B6B043F8249000F0AEFFADE7012003F01F022F
S3150000B6C090404FEA531C094A42F82C00AD001A4438
S3150000B6D0EDB282F80053BFE722279CE7903F0000B7
S3150000B6E0115C210814ED00E0683F000000E100E075
S3150000B6F04C3F0000F8B50E461746054678B1FFF7F1
S3150000B70061FF044648B90F2E0BD8012F09D8697876
S3150000B71028783B46324600F043FD2046F8BD2224F9
S3150000B720FBE72124F9E7392808B503D800F01CFE09
S3150000B730002008BD2120FCE7222808B503D800F028
S3150000B740A1FB002008BD2120FCE708B5A0F11903E4
S3150000B750052B03D800F0ACFB002008BD2120FCE738
S3150000B760012808B503D800F015FE002008BD2120E9
S3150000B770FCE7012808B503D800F0A8FB002008BDA7
S3150000B7802120FCE70B2808B503D800F0B5FE002001
S3150000B79008BD2120FCE7052808B505D8072903D8E8
S3150000B7A000F0BEFE002008BD2120FCE7052808B5F4
S3150000B7B005D8012903D800F0CFFE002008BD2120BE
S3150000B7C0FCE7000073B5C4B2032C01903DD801A874
S3150000B7D0FFF7F8FE60BB304B9DF8055003EB0413F2
S3150000B7E02601585D60B309282AD0C4B9A5F119030A
S3150000B7F0052B22D8FFF7A9FFD0B92846FFF793FFFC
S3150000B800B0B90022114601A8FFF774FF80B99DF870
S3150000B81006202946204600F043FD002008E0012CC2
S3150000B82008D1A5F10903052B04D8FFF78EFF48B10F
S3150000B83002B070BDFFF780FFF9E7FFF77DFFDBE79A
S3150000B840002CDAD0A819C0B2D8E7042C0ED19DF886
S3150000B8500550124B585DFFF76FFF0028E8D12846C8
S3150000B860FFF790FF0028E3D10246CBE7052CD4D1A1
S3150000B8709DF8054001212046FFF798FF0028D7D103
S3150000B88001462046FFF787FF0028D1D19DF8061014
S3150000B890204600F07DFEC0E7C55B2108B95B2108A4
S3150000B8A0102808B503D800F01BFB002008BD212096
S3150000B8B0FCE7000070B56AB1094E56F821405CB944
S3150000B8C00F280BD8042909D846F8212000F0A2FE3B
S3150000B8D0204670BD2220FCE70420FAE72120F8E785
S3150000B8E04C3F00000F2808B503D800F00FFB0020DE
S3150000B8F008BD2120FCE7012808B503D800F010FB9D
S3150000B900002008BD2120FCE71E4B70B500211E4D0E
S3150000B91019610C4608460131FFF74AFE082945F829
S3150000B920044BF7D1194D0020FFF723FF01202C60AF
S3150000B930FFF71FFF6C600024154D2646E0B2013468
S3150000B940FFF7AEFF052C45F8046BF7D10024114E26
S3150000B950254620460134FFF7C5FF082C46F8045B50
S3150000B960F7D10D4C0020FFF7C6FF01202560FFF739
S3150000B970C2FF0020656000F00DFD012000F00AFD09
S3150000B980002070BD00000812903F0000883F0000B4
S3150000B9904C3F0000683F0000603F000010B50020EB
S3150000B9A0FFF706FE024BBDE810401B680020184753
S3150000B9B0903F000010B50120FFF7FAFD024BBDE8ED
S3150000B9C010405B6801201847903F000010B5022028
S3150000B9D0FFF7EEFD024BBDE810409B6802201847BA
S3150000B9E0903F000010B50320FFF7E2FD024BBDE8D3
S3150000B9F01040DB6803201847903F000010B5042074
S3150000BA00FFF7D6FD024BBDE810401B69042018471E
S3150000BA10903F000010B50520FFF7CAFD024BBDE8B8
S3150000BA2010405B6905201847903F000010B50620BE
S3150000BA30FFF7BEFD024BBDE810409B690620184784
S3150000BA40903F000010B50720FFF7B2FD024BBDE89E
S3150000BA501040DB6907201847903F000010B5002012
S3150000BA6000F034FA024BBDE810401B68002018476E
S3150000BA70883F000010B5012000F028FA024BBDE80F
S3150000BA8010405B6801201847883F000010B500F0A1
S3150000BA902DFAC00702D5012000F022FA00F026FA9E
S3150000BAA010F0020403D0022000F01AFA012400F07C
S3150000BAB01DFA410703D5042000F012FA022400F013
S3150000BAC015FA020703D5082000F00AFA032400F04D
S3150000BAD00DFAC30603D5102000F002FA0424044B25
S3150000BAE053F824301BB12046BDE81040184710BD5E
S3150000BAF04C3F000010B5002000F000FA012802D1EA
S3150000BB00002000F003FA012000F0F8F901280446AD
S3150000BB103ED100F0FBF9022000F0F0F9012803D134
S3150000BB20022000F0F3F90224032000F0E7F90128CF
S3150000BB3003D1032000F0EAF90324042000F0DEF923
S3150000BB40012803D1042000F0E1F90424052000F0C7
S3150000BB50D5F9012803D1052000F0D8F905240620DF
S3150000BB6000F0CCF9012803D1062000F0CFF9062415
S3150000BB70072000F0C3F9012803D1072000F0C6F919
S3150000BB800724044B204653F82430BDE810401847DC
S3150000BB900024C0E7683F000010B50021042000F033
S3150000BBA07FFC012802D1002000F0BAF9012104200F
S3150000BBB000F076FC0128044608D100F0B1F9044BE8
S3150000BBC0204653F82430BDE8104018470024F6E715
S3150000BBD0603F000070B5850F14D0012D14D0022DE2
S3150000BBE00A4B18BF002320F04044012C03D15B6AA6
S3150000BBF0002113209847064B204653F82530BDE810
S3150000BC0070401847034BEEE7034BECE71459210845
S3150000BC10B03F00006C592108405921080B300B2811
S3150000BC209ABF024B185C0120704700BF215C2108B7
S3150000BC30064B984207D0064B984204D0054BC31AD0
S3150000BC405842584170470120704700BF6C5921087F
S3150000BC504059210814592108084B984202D1012065
S3150000BC60F9F706B9064B984201D10220F8E7054BD1
S3150000BC70984201D10320F3E7704700BF6C592108B1
S3150000BC804059210814592108012838B504460D46A3
S3150000BC901AD1F9F7FBF8012801D1042038BD1B4C55
S3150000BCA085B32C60A3681A489847FFF7B7FF0028AA
S3150000BCB0F4D12046FFF7BCFF30B323690220984732
S3150000BCC0BDE83840FFF7AABF022807D0F9F7DEF82B
S3150000BCD00128E2D0032C0ED90120DFE70D4B1C7999
S3150000BCE02046F9F7D3F80128D7D0032CF4D8012C35
S3150000BCF0D5D0022C04D0032C074C18BF0024CFE764
S3150000BD00064CCDE72220C9E72120C7E76C59210858
S3150000BD10D5CB2008F4020000145921084059210807
S3150000BD20284A904270B506460D4602D141B92220F6
S3150000BD3070BD254B984221D00029F8D00028F6D0B6
S3150000BD403046FFF775FF002839D0E8681F4B984248
S3150000BD5035D8AC68B4F5A06F31D82B78191F0C29EB
S3150000BD602DD8696803290BD11949884227D844EA96
S3150000BD70033444F4801444F0010408E0154DDFE771
S3150000BD801DD8022944EA0334F3D144F00204964252
S3150000BD9029690AD10120F9F74FF8736AE968204644
S3150000BDA09847BDE87040FFF739BF074B9E4201D167
S3150000BDB00220F0E7084B9E42EFD10320EBE721205B
S3150000BDC0B6E700BF6C59210840592108005A6202A3
S3150000BDD0404B4C00F40200001459210870B504468B
S3150000BDE016460D46D9B1D0B1DAB1FFF721FFC0B181
S3150000BDF00D4B9C420AD12046FFF72EFFA369314620
S3150000BE0028469847BDE87040FFF708BF636A0121DE
S3150000BE1013209847FFF702FF0028ECD070BD2220C0
S3150000BE20FCE72120FAE700BF4059210808B5024681
S3150000BE30C8B1C1B1FFF7FCFEB8B10E4B9A420ED0A5
S3150000BE400D4B9A420DD00D4BD31A5A425A4152000D
S3150000BE500B4B53F8220050B943F8221008BD0022BC
S3150000BE60F6E70122F4E72220F8E72120F6E704208E
S3150000BE70F4E700BF6C5921084059210814592108DC
S3150000BE80B03F00001528094A4FF0010307D9D2F840
S3150000BE901816163883400B43C2F818367047D2F886
S3150000BEA0101683400B43C2F810367047000030412D
S3150000BEB0A0F11903052B06D8034A0C38516C01234F
S3150000BEC083400B435364704700800046034BC00019
S3150000BED01A5842F001021A50704700BF4412134626
S3150000BEE0014B40009860704700000812024BD8686A
S3150000BEF0C0F34400704700BF00000812024BC000A8
S3150000BF00185800F00100704704D20424034BC00007
S3150000BF101A5842F001021A50704700BF04D2042496
S3150000BF20034BC0001A5842F001021A50704700BF76
S3150000BF3044D2042408B50A460146044806F09EF990
S3150000BF40BDE808400D2006F0ABB900BF2D5C210806
S3150000BF502DE9F04180460D4616461F4603287FD838
S3150000BF60DFE800F0021726284B297DD940483F21FB
S3150000BF70FFF7E0FF0F2F1FD93D484021FFF7DAFFFB
S3150000BF80082E1FD93A484121FFF7D4FF0F2D1DD99E
S3150000BF9018E03B2968D936483F21FFF7CBFF0F2F22
S3150000BFA0EED933484021FFF7C5FF082EEED9E9E761
S3150000BFB02B29EFE71B29D8E7082E03D92C48412166
S3150000BFC0FFF7B8FF4FEA151805F00F0506F51072D2
S3150000BFD0284C54F8323068F30D3344F8323054F8B4
S3150000BFE0323065F30B2344F8323054F8323017F010
S3150000BFF0080114BF43F0080361F3C30344F8323069
S3150000C00054F8323017F004010CBF61F3820343F099
S3150000C010040344F83230174B53F8321017F001007E
S3150000C0200CBF60F3000141F0010143F832101149E1
S3150000C03017F0020315BF51F8323051F8320043F0C1
S3150000C040020363F3410014BF41F8323041F8320075
S3150000C05051F832306FF3041341F83230BDE8F08105
S3150000C06003483F21FFF766FF0F2F9ED999E700BFD0
S3150000C070535C210800001346052838B505460C46D2
S3150000C0800AD920484FF49B71FFF754FF1D484FF41F
S3150000C0909F71FFF74FFF2EE003280ED9042828D101
S3150000C0A00B2904D9174840F23B11FFF743FF24013F
S3150000C0B004F1105404F598240EE080B94B2904D9F4
S3150000C0C010484FF49C71FFF735FF04EB051424016B
S3150000C0D004F18C4404F598140123636038BD0128EB
S3150000C0E001D13B29EBE7022801D12B29E7E71B29E0
S3150000C0F0E5E70529CAD8044BA4001A5942F02002E4
S3150000C1001A51EBE7045B21081C860424052838B580
S3150000C11005460C460AD920484FF4CE71FFF70AFFB0
S3150000C1201D484FF4D271FFF705FF2EE003280ED904
S3150000C130042828D10B2904D9174840F2A111FFF78A
S3150000C140F9FE240104F1105404F598240EE080B998
S3150000C1504B2904D910484FF4CF71FFF7EBFE04EBDF
S3150000C1600514240104F18C4404F59814002363603B
S3150000C17038BD012801D13B29EBE7022801D12B2943
S3150000C180E7E71B29E5E70529CAD8044BA4001A5995
S3150000C1906FF345121A51EBE7045B21081C86042451
S3150000C1A0012BF8B506460C46154617D939487E21A7
S3150000C1B0FFF7C0FE002D37D021463046FFF75CFF63
S3150000C1C0042E05F00F014DD10A2D3BD8324A23012A
S3150000C1D0D05861F38500D05075B3F8BD82B102F036
S3150000C1E00F07002BE8D1FFF791FF042E34D10A2D5B
S3150000C1F028D8294B24011A5967F385021A51ECE70E
S3150000C200042815BF04EB001223492449220118BF54
S3150000C2101201885865F3850088506BB9214630466F
S3150000C220BDE8F840FFF772BF042E2DD11A4A23014C
S3150000C230D15865F38501D15021463046BDE8F84016
S3150000C240FFF71ABF13488A21FFF774FE124B240129
S3150000C2501A5965F38502D1E70F2D0DD80F4B04EB64
S3150000C2600614C7E70F2D07D804EB06140B4B240161
S3150000C2701A5961F38502C1E706488F21FFF75AFE76
S3150000C28004EB0614054BE2E704EB0613034A1B0115
S3150000C290CEE700BF535C210800C00424000013460B
S3150000C2A00528F8B505460C46164602F0010719D9C9
S3150000C2B02948D821FFF73EFE012E19D92648D92153
S3150000C2C0FFF738FE052C03D92348E321FFF732FE9A
S3150000C2D0E4212148FFF72EFE204BA4001A5967F3EC
S3150000C2E0041223E0012A07D8032815D904280BD005
S3150000C2F0052CF1D9E321ECE71748D921FFF71AFEFF
S3150000C300032D09D9042DDDD10B2C03D91248DF21C9
S3150000C310FFF710FE124B05E055B94B2C10D8114B08
S3150000C32004EB051424011A5967F300021A51F8BDEB
S3150000C330012D0AD13B2C8CBF00230123002BEED10B
S3150000C3400548DB21FFF7F6FDE9E7022D01D12B2C8D
S3150000C350F1E71B2CE2E700BF535C21081C8604248E
S3150000C36000C00424000013463F2810B5044604D933
S3150000C370064840F21B11FFF7DDFD054800EB84007F
S3150000C380036843F01003036010BD00BF535C21082F
S3150000C39000400046012808B50ED90E4840F2891122
S3150000C3A0FFF7C8FD0C4B1A6842F480421A601A68FF
S3150000C3B042F480121A600BE00028F3D14FF08C4350
S3150000C3C01A6942F480321A619A6842F400129A603D
S3150000C3D008BD00BF535C2108001404240C2A70B564
S3150000C3E005460E46144604D92B484FF43D71FFF717
S3150000C3F0A1FD0F2E04D9284840F2F521FFF79AFD3A
S3150000C4000C2D04D9244840F2F621FFF793FD05F5DB
S3150000C4101070224B53F830206FF30D3243F8302062
S3150000C42053F8302064F30B2243F8302053F83020C1
S3150000C43016F0080114BF42F0080261F3C30243F884
S3150000C440302053F8302016F0040114BF42F00402E5
S3150000C45061F3820243F83020104B53F8302016F077
S3150000C460010114BF42F0010261F3000243F83020DB
S3150000C4700A4B53F8302016F0020114BF42F00202B4
S3150000C48061F3410243F8302053F830206FF3041271
S3150000C49043F8302070BD00BF535C210800C004245F
S3150000C4A0052870B506460D4601F5127411D91148D6
S3150000C4B040F24B31FFF73EFD012D04D90D484FF4F4
S3150000C4C05371FFF737FDE30003F18C4303F598132F
S3150000C4D00DE0012904D907484FF45371FFF72AFDEF
S3150000C4E0042EF0D1E30003F1105303F598235868A6
S3150000C4F070BD00BF535C21080C2810B5044604D952
S3150000C500054840F27B31FFF715FD044B01209A6880
S3150000C510A0401043986010BD535C210800A004247D
S3150000C520052838B504460D4604D909484FF47871F4
S3150000C530FFF700FD0A2D04D9054840F2E131FFF767
S3150000C540F9FC044BA4001A5965F302021A5138BDCE
S3150000C550535C21081C860424052838B504460D467C
S3150000C56004D9094840F2EE31FFF7E4FC012D04D965
S3150000C570054840F2EF31FFF7DDFC044BA4001A59E1
S3150000C58065F3C3021A5138BD535C21081C86042486
S3150000C590052838B504460D4604D9094840F2FF314E
S3150000C5A0FFF7C8FC012D04D905484FF48061FFF759
S3150000C5B0C1FC044BA4001A5965F304121A5138BD84
S3150000C5C0535C21081C860424052810B5044604D9AA
S3150000C5D0054840F24641FFF7ADFC044B5869E04080
S3150000C5E000F0010010BD00BF535C210800000812D6
S3150000C5F0102810B5044604D904484FF49061FFF79B
S3150000C60099FC034B64005C6010BD00BF535C2108BD
S3150000C610000008120F2870B505460E4604D91F48BB
S3150000C62040F2AD41FFF786FC082E04D91B4840F2C4
S3150000C630AE41FFF77FFC0124B440E6B23046FFF777
S3150000C640D7FF174B1A6915F0040F14BF3243B243D4
S3150000C6501A61134B2202196992B215F0080F14BF22
S3150000C6600A4321EA02021A610D4B2204196902F4F7
S3150000C6707F0215F0020F14BF0A4321EA02021A6173
S3150000C680074B1A69240615F0010F14BF2243A24373
S3150000C6901A61044B4FF400121A6070BD535C2108F6
S3150000C6A00000081200E100E008B572B6012809D1C1
S3150000C6B0202000F031F80F4AD2F870319806FBD4EA
S3150000C6C062B608BD022808D1402000F025F8094AC4
S3150000C6D0D2F870315906FBD4F2E70328F0D14FF4B3
S3150000C6E0807000F019F8034AD2F87031DB05FBD4EC
S3150000C6F0E6E700BF00800046054B06480422C3F863
S3150000C7006C2100684FF0FF3300220221F5F798BF35
S3150000C71000800046C03F0000014BC3F86C01704723
S3150000C72000800046014BC3F8780170470080004640
S3150000C730064B0748196810B502F0D2F9044618B935
S3150000C7404FF4806002F0C4F9204610BDC43F0000DB
S3150000C750C83F000037B52A4CD4F880315D070DD5A7
S3150000C760284B02211868F5F705FF0423264AC4F86A
S3150000C7708031C2F89030002003B030BDD4F880314B
S3150000C780980705D5FFF7D4FF0028F5D10223EDE77A
S3150000C790D4F88031D9050DD54FF48075C4F8785199
S3150000C7A04FF4804002F094F9174BC4F88051C3F857
S3150000C7B09050E0E7D4F880319A0604D50220FFF7BE
S3150000C7C073FF2023D2E7D4F880311B0604D503205B
S3150000C7D0FFF76AFF8023C9E7D4F8803113F010030E
S3150000C7E004D00120FFF760FF1023BFE70093074A3C
S3150000C7F0074908484FF49D73F7F746FC00BEBAE7B1
S3150000C80000800046C03F000000000541CA5D2108C7
S3150000C810085D2108A75D2108024B5B68DBB2038037
S3150000C8200020704700000541064BD3F8742142F002
S3150000C8300102C3F87421D3F874211207FBD5002036
S3150000C840704700BF00800046034AD2F8743123F0D7
S3150000C8500103C2F874317047008000460B4BD3F8D1
S3150000C860742142F00102C3F87421D3F8742112072F
S3150000C870FBD5C3F86C01D3F880211042FBD0C3F876
S3150000C8808001034BC3F89000FFF7DEBF008000462F
S3150000C8900000054110B5114C23786BB9104AD2F847
S3150000C8A080319B0509D54FF40073C2F880310D4ADB
S3150000C8B0C2F890300123237010BD02F041F940B157
S3150000C8C04FF40070FFF7CAFF4FF40060FFF7C6FF92
S3150000C8D0F0E7054B01221A70ECE700BFBC3F0000F1
S3150000C8E00080004600000541BD3F000008B5074B2B
S3150000C8F01B784BB14FF40070FFF7B0FFBDE808405E
S3150000C9004FF40060FFF7AABF08BD00BFBD3F00009F
S3150000C910FFF720BF10B5034C206810B9F5F70CFEE1
S3150000C920206010BDC03F000008B5F7F7D9FC1849D4
S3150000C930184AD1F8FC3043F08073C1F8FC30136814
S3150000C94043F001031360144B4FF47A721B68B3FB78
S3150000C950F2F3013BB3F1807F09D24FF0E02253613D
S3150000C960FC2381F823300023936107231361084BCE
S3150000C9701C2283F82320094BD3F87421D20742BF27
S3150000C980D3F8742122F00102C3F8742108BD00BF58
S3150000C99000ED00E0001000E0DC3000000080004602
S3150000C9A038B5224BD3F8742111075CBFD3F8742134
S3150000C9B042F0010205465ABFC3F87421012400243F
S3150000C9C0D3F874211207FBD58CB1204600F0C8F8C5
S3150000C9D000F0DAF800F06CF9144BD3F86C319B07D1
S3150000C9E001D400F057F8F5F7B1FC00200EE000F096
S3150000C9F0F7F843B2002B0DDA13F10C0FF7D007331B
S3150000CA00F5D01C30C0B21C2801D9012038BD084B16
S3150000CA10185CFBE7284600F005F91C30C0B21C285C
S3150000CA20F3D8034B185C0028CFD0EFE70080004610
S3150000CA30DF5D2108B0F1005F70B518D10C4C0D48D0
S3150000CA40236804225D6C00210623A8472368094851
S3150000CA505D6C052206230021A847236805485C6C07
S3150000CA600022A4460623BDE870401146604770BD0B
S3150000CA700001300000C0042410B5054B00244FF41B
S3150000CA808070C3E90044FFF74DFE204610BD00BF8D
S3150000CA90C83F000013B50023ADF80630184BD3F895
S3150000CAA06C4114F0020427D116484FF47A734FF400
S3150000CAB0CA62012101F0CAFC30B1134A1349144875
S3150000CAC05223F7F7E1FA00BE0E4B0DF10602186885
S3150000CAD0002101F0EBFC0F4B102200F5A0001860BE
S3150000CAE010449A8098604FF4C86202209A81FFF73A
S3150000CAF013FE204602B010BD6FF00104F9E700BF37
S3150000CB0000800046C43F0000125F2108FC5D21083A
S3150000CB10955E2108D03F00000146014801F0E5BFBF
S3150000CB20C83F000008B5074B00F5A000186001F5E6
S3150000CB30A0011020988099609A81FFF7DDFD002002
S3150000CB4008BD00BFE03F000008B50220FFF7EAFD80
S3150000CB50FFF7A0FFBDE80840022000F0A3B80000E0
S3150000CB60064B38B9064AD269D20703D45A6B12F477
S3150000CB70204FFBD1034A5A63704700BF00000541AE
S3150000CB8000000812E03F0000014B024ADA657047D8
S3150000CB9000000541D03F000008B50A4AD2F87431BA
S3150000CBA01B07FBD5084A09490948CA23F7F76CFA57
S3150000CBB06420F5F7A9FC074B074A5A63074ADA656A
S3150000CBC008BD00BF00800046EC5E2108FC5D210820
S3150000CBD0C75E210800000541E03F0000D03F00008D
S3150000CBE082B0002301930E4BDB6B9AB272B103F451
S3150000CBF07F42B2F52B4F0CD1DBB2F12B0CD0F22BCE
S3150000CC0014BF00206FF0090002B070476FF00600F5
S3150000CC10FAE76FF00B00F7E76FF00800F4E700BFE4
S3150000CC200000054130B585B000234B2800931C4A0F
S3150000CC3001931CD14AF24B0353630022184D009214
S3150000CC404FF6FE7140F42B40009B5C1C8B42009417
S3150000CC5003D80292AB8F8342F6D100984FF6FE734B
S3150000CC6098424FF0FF30D8BF002005B030BD40F4E9
S3150000CC702B43536300F0BF03312B01D04A28DCD18C
S3150000CC8000230393064B93F83C30232B05D0F32B5C
S3150000CC9014BF00206FF00400E7E76FF00D00E4E733
S3150000CCA000000541014BC3F87C0170470080004637
S3150000CCB0094BA622C3F87C21D3F8742142F0020264
S3150000CCC0C3F874214FF0E0234FF48062C3F80821C3
S3150000CCD0142283F84A247047008000461FB50E22AE
S3150000CCE000210DF1020005F029FC01238DF800302A
S3150000CCF01049802301A88DF8013001F01BFBBDF817
S3150000CD000A301BB94FF48073ADF80A30BDF80C3009
S3150000CD101BB94FF40073ADF80C304FF4E0630022FA
S3150000CD2069467520ADF80E3001F06CF905B05DF876
S3150000CD3004FB00BF2A5F210830B589B00C460546C2
S3150000CD401F2200210DF1010005F0F8FB1F2C2246E1
S3150000CD50294628BF1F220DF101008DF8002005F09D
S3150000CD60B7FC002269469C2001F04CF909B030BDA1
S3150000CD7030B5044685B0006801901546A088ADF828
S3150000CD8008000022CDF80A20B1208DF80B1001A969
S3150000CD908DF80C50ADF80E3001F034F905B030BD09
S3150000CDA038B505460023934210D2CC5C0133DBB282
S3150000CDB0C85C083801280AD8013C0133E4B219449A
S3150000CDC02246284605F084FC00232B5538BD1C441A
S3150000CDD0E3B2E8E784B030B587B00AAC84E80F0068
S3150000CDE00AAD002305930FCD6C460FC42B680F9A2E
S3150000CDF023606946922001F005F907B0BDE830408E
S3150000CE0004B0704701460022932001F0FBB870B5CC
S3150000CE10BEB00C46064615460021F02202A805F0D3
S3150000CE208DFBF02C2246294628BFF02202A8ADF839
S3150000CE300620ADF8046005F04BFC002201A9942001
S3150000CE4001F0E0F83EB070BD41F20603984209D108
S3150000CE503C4B1B689A68D27C012A70D1DB680B6058
S3150000CE600320704740F2055398420BD0431E062B11
S3150000CE7008D9A0F18D039BB21A2B09D9A0F5977397
S3150000CE80012B16D82F4B1B689B680B60012070473F
S3150000CE902D4A42FA03F3DB07F4D5BE28F2D0B0F5EB
S3150000CEA0967FEFD0A0F17503172B0DD8254B1B6885
S3150000CEB0D4E700F5FF4370339BB20C2BEDD8234A21
S3150000CEC042FA03F3DA07DDD5A0F192039BB2162BE3
S3150000CED015D9A0F1AA030E2BE8D9A0F1BA03072BA6
S3150000CEE0E4D940F22D139842E0D040F26F139842F5
S3150000CEF0DCD06FF4B8728318032B05D8D6E7144A32
S3150000CF0042FA03F3DB07D1D5A0F1F2030B2BCDD9FF
S3150000CF1040F201139842C9D06FF48273C318262BCE
S3150000CF20C4D95028C2D041F2FF539842BED0A0F5D2
S3150000CF30A8534A2BBAD941F6FF739842B6D0FF20C0
S3150000CF40704700BFF43F0000F8DFFFF9DEEFFFFF98
S3150000CF50C07BB0FF012903463DD0032938D1A0F19B
S3150000CF607502092A37D9B0F5837F2ED01FD8B0F5C0
S3150000CF70817F13D2C02828D8972806D87E2847F262
S3150000CF80F85098BF4FF4FA407047A0F19C03242B49
S3150000CF9047F2247088BF4FF4FA40704740F20512FA
S3150000CFA047F22470934218BF4FF4FA40704740F29C
S3150000CFB06F12904209D0B0F5B87F09D240F207123D
S3150000CFC0904208D040F22B12EAE747F2F850704739
S3150000CFD04FF4FA40704747F22470704707B50023B4
S3150000CFE00230019301F070F901A9FFF72DFFC0B2DD
S3150000CFF0FF2809D0019B9A7C32B998691A6003B060
S3150000D0005DF804EBF5F7B0BC03B05DF804FB000077
S3150000D010F8B5154B1B68DC68062204F1300106469C
S3150000D02005F07CFA054638B1062204F1480130467F
S3150000D03005F074FAB8B90125182707FB0543586CA3
S3150000D04018B14FF0FF31F5F77DFB07FB0544B279C8
S3150000D05094F83730606C134484F8373018B1BDE863
S3150000D060F840F5F79FBBF8BDF43F000038B5124B0A
S3150000D0701B68DC6894F83C301BB194F85430CBB98B
S3150000D08001231822534303F13002D0F80150A55072
S3150000D090A1181C44B0F805208A80012384F83C308E
S3150000D0A084F8383084F8373084F840300020F5F7BB
S3150000D0B0FFFA606438BD00BFF43F0000144B1B68E4
S3150000D0C070B5DC6804F1300506222946064605F0EF
S3150000D0D025FA40B104F1480506222946304605F0F6
S3150000D0E01DFA98B901201822002302FB00402B608C
S3150000D0F0AB80C38680F838304387C36380F84030FE
S3150000D100406C18B1BDE87040F5F778BB70BD00BF44
S3150000D110F43F00002DE9F041436A07465D68D0F808
S3150000D12024013B68144641F24A5291420E4680B2AF
S3150000D1309BB200F2C680B1F5A85F07D28C2900F237
S3150000D140B1807E2900F2A080BDE8F081A1F5A85348
S3150000D1504A2BF9D801A252F823F000BF01E32008B8
S3150000D1605BE3200867E320086DE3200873E32008EB
S3150000D17079E320087FE320087FE320087FE3200887
S3150000D18061E3200885E3200891E3200885E3200871
S3150000D1908BE32008D3E22008E3E2200897E3200887
S3150000D1A09BE32008A9E32008ADE320080FE420084C
S3150000D1B00FE42008BDE320080FE4200837E4200828
S3150000D1C03BE420084DE420085FE4200821E4200821
S3150000D1D0C1E3200871E4200875E4200879E42008FA
S3150000D1E0F7E220087DE4200885E4200889E4200889
S3150000D1F08FE42008A3E42008A9E4200849E12008D8
S3150000D20049E1200881E42008AFE42008B3E42008BF
S3150000D210B7E4200849E1200849E12008A3E32008F3
S3150000D22049E1200849E1200849E1200849E12008B0
S3150000D23049E1200849E1200849E1200849E12008A0
S3150000D24049E1200849E1200849E12008C1E4200815
S3150000D2509FE3200849E1200849E12008B9E32008B6
S3150000D26031E4200849E12008C5E42008C9E4200883
S3150000D270CFE42008D5E42008DBE42008E1E4200818
S3150000D280E7E42008EDE42008A1F180020C2A00F270
S3150000D2909980DFE802F0A0A2A4A8A6A8A8A8B3B324
S3150000D2A0B3B3B30041F2060399427FF44DAFAB68C6
S3150000D2B013B10146204698472046BDE8F041FFF7E6
S3150000D2C0FDBE41F2FF5399427FF43EAFD5F8F030F0
S3150000D2D06DE02B68002B3FF437AF2046BDE8F041E8
S3150000D2E018476B6813B12081204698472046BDE851
S3150000D2F0F041FFF7BBBEAB69002BF7D0A083F3E785
S3150000D300D5F890300BB1214698470622214607F101
S3150000D310300005F003F948B10622214607F148001E
S3150000D32005F0FCF800287FF40FAF0120182303FB5B
S3150000D330007393F83D20002A3FF406AFB6F5A85FC8
S3150000D34003D0DB8FB3427FF4FFAE182303FB0077D5
S3150000D350002387F83D30FB87F6E6D5F89430D1E711
S3150000D360D5F89830CEE7D5F89C30CBE7D5F8A03085
S3150000D370C8E7D5F8A430C5E7D5F8A830C2E7D5F890
S3150000D380AC30BFE7D5F8B030BCE7D5F8B430B9E774
S3150000D390D5F8B830B6E76B6B9CE7AB6B9AE7AB6D2D
S3150000D3A098E7D5F8D03095E7EB6B93E72B6C002B1D
S3150000D3B03FF4CAAE214630E0EB6D8BE76B6CF6E7C7
S3150000D3C0AB6C87E72A6E002A3FF4BEAE21461846AC
S3150000D3D0BDE8F04110476A6EF5E7AA6EF3E7EA6E1C
S3150000D3E0F1E72A6FEFE76D6F002D3FF4ADAE2246F1
S3150000D3F0314618462B46BDE8F0411847AA6F002A69
S3150000D4003FF4A2AE31461846BDE8F0411047EB6F37
S3150000D410002B3FF499AE21463046BDE8F04118474F
S3150000D420D5F88C30002B3FF470AF204698476CE758
S3150000D430D5F8BC30F6E7EB684CE7D5F88030002B22
S3150000D4403FF482AE214641F21950E6E7D5F8843022
S3150000D450002B3FF479AE214641F21A50DDE7D5F8AC
S3150000D4608830002B3FF470AE214641F21B50D4E7C2
S3150000D4702B692FE76B692DE7EB6C2BE7EB6929E747
S3150000D4802B6D27E76B6D25E7D5F8C03022E7D5F879
S3150000D490C430002B3FF458AE01462046BDE8F041AB
S3150000D4A01847D5F8C83015E7D5F8CC3012E72B6AFF
S3150000D4B0EFE7EB6A0EE72046FFF7AAFD2B6B09E7BD
S3150000D4C06B6AE6E7AB6A72E7D5F8D4306FE7D5F852
S3150000D4D0D8306CE7D5F8DC3069E7D5F8E03066E798
S3150000D4E0D5F8E43063E7D5F8E83060E7D5F8EC30F6
S3150000D4F05DE700BF2DE9F0470446881C0D46174638
S3150000D50000F0E2FE0646284600F0DEFEC0F30B09F8
S3150000D51005F10C0000F0D8FE238AB34205F110088D
S3150000D52005B246D140F205539E42256035D101230E
S3150000D530A380E0684FF0000AA4F810A038B1414675
S3150000D5404A4605F0C5F8D4F80C80C4F80CA0A37CB4
S3150000D5507BB3B6F5847F1AD1CDB994F8222198F819
S3150000D5600610182303FB024383F8401098F807308F
S3150000D57019B903EB83035B00DBB2182101FB0242FE
S3150000D58082F8383082F83730002384F82231A069D7
S3150000D590F5F7EAF92846BDE8F087002DC9D1A6F1CE
S3150000D5A075039BB2022B9FBF074B1B689B689D8030
S3150000D5B0BFE7002FEED0C4F824514B464246314611
S3150000D5C02046B847E6E700BFF43F000013B5002346
S3150000D5D004460230019300F077FE41F206039842BA
S3150000D5E006D10E4B1B689A68A37D03F00F03D37414
S3150000D5F001A9FFF729FCC2B2FF2A0CD0012A93B277
S3150000D600019814BF064A00222146FFF773FF00B2B5
S3150000D61080B202B010BD0020FBE700BFF43F00005F
S3150000D62015E1200870B50446F8B10025858005602F
S3150000D6300582C5602A4629460120F5F703F92A46E0
S3150000D640A842A06129464FF001000CBF6FF02806E2
S3150000D6502E46F5F7F7F8A842606108BF6FF0280676
S3150000D660F5F782F9E561304670BD6FF00106FAE71D
S3150000D6704368C2685960F42053627047074B1B68C1
S3150000D6809B6840F2055298691A8201229A7418B171
S3150000D6904FF0FF31F5F72EB9704700BFF43F000099
S3150000D6A010B50B4C2468E468646A6468C4E9022314
S3150000D6B0029B2361039B6361049BA361059BE3615A
S3150000D6C0069B2362079B6362C4E9000110BD00BF8D
S3150000D6D0F43F000010B51F4C2468E468646A64686F
S3150000D6E0C4E91A23029B2367039B6367049BA36712
S3150000D6F0059BE367069BC4F88030079BC4F884301B
S3150000D700089BC4F88830099BC4F88C300A9BC4F87F
S3150000D71090300C9BC4F898300B9BC4F894300D9B4A
S3150000D720C4E91801C4F89C300E9BC4F8A0300F9BC6
S3150000D730C4F8A430109BC4F8A830119BC4F8AC30D0
S3150000D740129BC4F8B030139BC4F8B430149BC4F8D1
S3150000D750B83010BDF43F0000A72810B50B4614469C
S3150000D76029D010D88F2847D005D8012827D00528DA
S3150000D7703CD0002031E09A2848D0A628F9D10B6881
S3150000D7801361042029E0B0F5977F27D00BD8BE2877
S3150000D79063D0B0F5967FECD1832204F1100004F03B
S3150000D7A097FF832019E048F21002904228D048F2F1
S3150000D7B015029042DDD11B88238202200DE0103431
S3150000D7C001F1300253F8041B44F8041B9342F9D1CB
S3150000D7D01A8822809B78A370332010BD304A1268C5
S3150000D7E0926891880129C4D1002191801A6822612A
S3150000D7F09B88A3820620F0E70B7813740120ECE7E0
S3150000D8000A6822614A6862610820E6E70A7822749B
S3150000D810132A06D0142A11D0082AEFD04FF6FE702C
S3150000D820DBE7103401F1180253F8041B44F8041B1B
S3150000D8309342F9D11B8823801A20CEE7103401F1D8
S3150000D840100253F8041B44F8041B9342F9D11A88BA
S3150000D85022809B78A3701320BFE7097811745A7849
S3150000D860627441EA02214FF61442914211D04FF6FA
S3150000D8701B4291427FF47DAF103403F1240253F82A
S3150000D880041B44F8041B9342F9D11B78237025200E
S3150000D890A3E71A8822829B78A37403209DE700BF22
S3150000D8A0F43F00002DE9F74F034610467F4A126801
S3150000D8B0B3F5977FD7680C4680F0E7804F2B40F290
S3150000D8C0F380503BDD2B00F2EF80DFE813F06101BF
S3150000D8D0ED00ED00ED00ED00ED00ED00ED00ED00DA
S3150000D8E0ED00ED00ED00ED00ED00ED00ED00ED00CA
S3150000D8F0ED00ED00ED00ED00ED00ED00ED00ED00BA
S3150000D900ED00ED00ED00ED00ED00ED00ED00ED00A9
S3150000D910ED00ED00ED00ED0002011F0125014001C3
S3150000D920ED0030014801530153015901A101720173
S3150000D930A101A1017F01A1018B019201A101AB010E
S3150000D940B301BF01BF01C701ED00ED00ED00ED0021
S3150000D950ED00D001DB01E3013C02F4012B02ED00F6
S3150000D960ED00ED00ED001401ED00ED00ED00ED0021
S3150000D97036025301400248015602ED00ED00140143
S3150000D980ED0053015C0253016002ED005C023602B9
S3150000D99059016B02ED00530140016B02560253011F
S3150000D9A0ED00720281025C02ED00ED00ED00ED007B
S3150000D9B05901ED00ED00ED00ED00ED00ED00ED008C
S3150000D9C0ED00ED00ED00ED00ED00ED00ED00ED00E9
S3150000D9D0ED00ED00ED00ED00ED00ED00ED00ED00D9
S3150000D9E0ED00ED00ED00ED00ED00ED00ED00ED00C9
S3150000D9F0ED00ED00ED00ED00ED00ED00ED00ED00B9
S3150000DA00ED00ED00ED00ED00ED00ED00ED00ED00A8
S3150000DA10ED0087029502A702B002B902CB02D4023A
S3150000DA20DF02F302FC0207031303ED00ED00ED0035
S3150000DA303602ED00ED00ED00400136022103E9015A
S3150000DA40ED00400128032E03ED00ED00ED00ED0092
S3150000DA504001ED00ED00ED00ED00ED00ED00ED0004
S3150000DA60ED00ED00ED00ED00ED00ED00ED00ED0048
S3150000DA70ED00ED00ED00ED00ED00ED00ED00ED0038
S3150000DA80ED00ED005301ED003903B3F5BA7F00F068
S3150000DA907A810DD840F26F12934200F0558240F21F
S3150000DAA07112934200F0578200254CE0F43F0000CB
S3150000DAB041F6FF729342F7D1103001F1180354F882
S3150000DAC0042B40F8042B9C42F9D1238803801A25A5
S3150000DAD009E0103001F1100354F8042B40F8042B30
S3150000DAE09C42F9D11025BB889A0740F1858243F400
S3150000DAF00043BB8027E0103001F1200354F8042BCB
S3150000DB0040F8042B9C42F9D12025ECE70B68036111
S3150000DB104B6843610825E6E7103001F1140354F819
S3150000DB20042B40F8042B9C42F9D11425DBE7103076
S3150000DB3001F10C0354F8042B40F8042B9C42F9D154
S3150000DB40238803800E25284603B0BDE8F08F0B68B6
S3150000DB5003618B8883828B7983750725F3E7103001
S3150000DB6001F1200354F8042B40F8042B9C42F9D110
S3150000DB702025E8E70B6803614B6843610825E2E767
S3150000DB800B6803614B6843618B6883610C25DAE798
S3150000DB900B78CD78012B1BBFB1F803500435033544
S3150000DBA0ADB22A460131103004F092FD0023BB7459
S3150000DBB0C9E7103001F11C0354F8042B40F8042B7C
S3150000DBC09C42F9D10023BB741C25BCE7103001F13F
S3150000DBD0200354F8042B40F8042B9C42F9D100236F
S3150000DBE0BB74C5E70B6803614B6843610023BB74D4
S3150000DBF0C4E7103001F1100354F8042B40F8042B4D
S3150000DC009C42F9D1238803800023BB7412259AE72E
S3150000DC100B6803614B6843610B8903830023BB7464
S3150000DC200A2590E7F922103004F052FD0023BB7458
S3150000DC30F92588E7F922103004F04AFD4FF0000874
S3150000DC404646C2464FF00109F9253FE0FB22103057
S3150000DC5004F03EFD0023BB74FB2574E70B680361EB
S3150000DC608B8883828B7983750023BB7475E71030AC
S3150000DC7001F1180354F8042B40F8042B9C42F9D107
S3150000DC80182560E74FF48872103004F021FD4FF438
S3150000DC90887558E7F422103004F01AFDF42552E78F
S3150000DCA00B6803614FF000084B6843610126C246CA
S3150000DCB0C14608250AE0FA22103004F009FD4FF0AB
S3150000DCC000084646C2464FF00109FA2506222146BB
S3150000DCD007F1300004F022FC8346002800F04A8158
S3150000DCE00622214607F1480004F018FC00287FF4BC
S3150000DCF02AAF0124A346002E40F03E81B9F1000F61
S3150000DD0040F05C81BAF1000F3FF41DAF182303FB0E
S3150000DD100B7B01239BF83D20002A00F0668187F8E3
S3150000DD20213110E7FA221030002604F0D1FC41F22E
S3150000DD300D584FF0010AB146C7E70B6803618B889F
S3150000DD4083820625FFE60B8803820225FBE6002375
S3150000DD500093ADF804300B6803618B88838200F171
S3150000DD60100506226946284604F0D8FB0028E8D1AB
S3150000DD70A349284600F0DEFAE3E7FA22103004F061
S3150000DD80A7FCFA25DFE6236803610425DBE61030ED
S3150000DD9001F1280354F8042B40F8042B9C42F9D1D6
S3150000DDA02825D0E60B6803614B6843610B89038322
S3150000DDB036E7103001F1140354F8042B40F8042B15
S3150000DDC09C42F9D123880380A37883701725BAE68D
S3150000DDD00B8803828B7883740325B4E60B68036192
S3150000DDE04B6843610B89038341F2095800264FF0C3
S3150000DDF0010AB1460A2569E70B46103001F11C02FB
S3150000DE0053F8041B40F8041B9342F9D1002641F253
S3150000DE1002584FF0010AB1461C2557E70B6803610B
S3150000DE204B6843610B89038341F20358DEE70B68B5
S3150000DE3003614B6843610B89038341F20458D5E7BC
S3150000DE400B46103001F1200253F8041B40F8041B66
S3150000DE509342F9D1002641F205584FF0010AB14626
S3150000DE60202533E70B6803614B6843610B89038305
S3150000DE7041F20158BAE70B6803614B68436141F20E
S3150000DE80065800264FF0010AB14612E70B4610303D
S3150000DE9001F1100253F8041B40F8041B9342F9D118
S3150000DEA01B880380002641F208584FF0010AB1464C
S3150000DEB012250BE70B6803614B6843610B890383EB
S3150000DEC041F2075892E7F9221030002604F000FCD0
S3150000DED041F20A584FF0010AB146B5E6FB2210306E
S3150000DEE0002604F0F5FB41F20B584FF0010AB1464B
S3150000DEF0FB25EBE60B6803618B8883828B79837540
S3150000DF00002641F20C584FF0010AB1460725DDE61E
S3150000DF100B6803614B68436141F21C58B1E7FC2270
S3150000DF20103004F0D5FBFC250DE6103001F110038E
S3150000DF3054F8042B40F8042B9C42F9D1102502E634
S3150000DF400B7803740125FEE5FA22103004F0C0FBBD
S3150000DF500023BB7415E7CF22103004F0B9FBBB8851
S3150000DF60D90704D543F40043BB80CF25EBE543F046
S3150000DF700203F9E70446BEE6182606FB0B73586C47
S3150000DF8018B14FF0FF31F4F7DDFB06FB0B7393F886
S3150000DF90370093F83810884209D0022287F82021EA
S3150000DFA0586C00283FF4CFADF4F7FCFBCBE5586C7A
S3150000DFB008B1F4F7F7FB87F82241C4E5182404FBFF
S3150000DFC00B73586C18B14FF0FF31F4F7BBFB04FB31
S3150000DFD00B7393F837200AB90122DFE70021013AD3
S3150000DFE087F8201183F83720DAE787F821918BF834
S3150000DFF03D30ABF83E80A6E543F0010379E500BF6E
S3150000E0003C5F21082DE9F04F87B000238B4604A919
S3150000E010CDE90333074601920593FEF715FFFF2866
S3150000E02081462DD0B7F5977F06D1644B1B689B6858
S3150000E0309B88012B40F0BE8049463846FEF78AFF92
S3150000E040049C8246606928B96FF02406304607B002
S3150000E050BDE8F08F5146F4F74DFC05460028F3D194
S3150000E06053464FF49E7203A905A800F0B9FDDDF8EA
S3150000E0700C800646B8F1000F05D16069F4F774FC10
S3150000E0806FF00306E2E710222946404604F056FAEE
S3150000E09001239945A37419D14FF48E72294608F1CC
S3150000E0A0100004F04BFA424659463846FFF754FB37
S3150000E0B0B4F8203103BBB4F90430002B1CDB502F1D
S3150000E0C004BF9BF8003088F80E3024E0B9F1030F46
S3150000E0D047D14FF48E72294608F1100004F02EFA4B
S3150000E0E0424659463846FFF7DDFB41F6FF739F422D
S3150000E0F0DED1B4F820314BB1059800F0E3F994F87D
S3150000E1002031022B2FD16FF0320634E0B4F90430FF
S3150000E110002BF1DB7727C0F30B01404600F0C6F871
S3150000E120394608F1020000F0C1F8019BE36048F2AD
S3150000E13010039F4208BF40F20553278202BF238285
S3150000E1400123A374A37C059A0321F8B201F024FBF2
S3150000E150A06948BB6FF01D03236000232668A374E3
S3150000E16018E02846A4E7012B18D094F82131002B9B
S3150000E17018BF6FF02606B4F90420A388002A06DA31
S3150000E180DA070ED413F0020F18BF6FF0360600231D
S3150000E190A4F820316069F4F7E7FB57E76FF01E0635
S3150000E1A0E9E76FF03506F2E75146F4F7A3FB0028DE
S3150000E1B0D0D1D2E76FF0020648E700BFF43F000077
S3150000E1C030B58FB00546322200210DF1050004F06E
S3150000E1D0B5F9284604F08AFA312828BF31200446CA
S3150000E1E0024629460DF1050004F072FA04F13803DF
S3150000E1F06B44002201A9012003F8332C8DF804405A
S3150000E200FFF700FF0FB030BD024600210720FFF7E1
S3150000E210F9BE00002DE9F84310F0030304460D464D
S3150000E2201FBF03340D1FED1824F003042A460021F6
S3150000E230204604F083F9172D30D92346DFF868808D
S3150000E240184EC8F8004043F8045B04F11800336028
S3150000E25000232371E0600121FFF7E4F933689A682F
S3150000E26004F5A07940F20551012711829774032124
S3150000E270C3F80C904846FFF7D5F9306804F51A73D1
S3150000E28004F51D7421464360FFF7F2F90444D8F8FB
S3150000E2900000201AA84202D833681F741820BDE86F
S3150000E2A0F88300BFF43F0000F03F0000054A126803
S3150000E2B01278CBB2090A12B90370417070474370E5
S3150000E2C001707047F43F0000034B00881B681B7801
S3150000E2D00BB140BA80B27047F43F0000C0B2A0F163
S3150000E2E03003DBB2092B01D858B27047A0F14103C5
S3150000E2F0052B02D8373840B27047A0F16103052BD1
S3150000E30001D85738F7E70020704738B50546F3F7C8
S3150000E31090FE002104460A46CBB2A34201F1010158
S3150000E32001D3104638BDE856FFF7D8FF00EB0212BE
S3150000E33052B2F1E72DE9F3470F460546112138465B
S3150000E340F3F76CFE0026804605243346B146F1B24B
S3150000E350414505EB040A1A460CD308336B440022E8
S3150000E360684603F8082CFFF7D0FF2855284602B068
S3150000E370BDE8F08779563A290DD108336B446846D3
S3150000E38003F8089CFFF7C1FF013CE4B28AF80000DD
S3150000E39000230136DBE708326A440133DBB202F8B8
S3150000E3A0081CF6E700F00F00A0F10A03052B8CBF4E
S3150000E3B0303037307047F8B506310446024600F172
S3150000E3C00F0700F112053A2611F8010D0009FFF7B3
S3150000E3D0E9FF10700878FFF7E5FFBA42507003D0E6
S3150000E3E096700332AA42EFD12046F8BD08B500F078
S3150000E3F017F8034A034B002814BF1046184608BDF9
S3150000E400F83F0000C02A000000207047704708B59A
S3150000E410FEF780FA002008BD70477047704700007D
S3150000E420034B5868C0F30800003818BF0120704736
S3150000E43000ED00E010B5044C206810B9F4F738F987
S3150000E4402060002010BD00BF504100002DE9F047BC
S3150000E450DFF854904FF0FF310646D9F80000154614
S3150000E4601F46F4F76FF9F3F7BFFF05F10C0A804674
S3150000E470504603F0C9F8044640B90120F4F744F8C1
S3150000E480F3F7B2FFA0EB0800B842F1D3D9F80000C9
S3150000E490F4F788F92CB10020656020603460BDE88F
S3150000E4A0F0871920FBE700BF5041000043689942FE
S3150000E4B005D20AB15B1A13800C310844704700205C
S3150000E4C07047000038B5044668B1074D4FF0FF317C
S3150000E4D02868F4F737F9204603F09EF82868BDE867
S3150000E4E03840F4F75FB938BD5041000010B5F3F776
S3150000E4F081FD0446F3F7E0FF20B92046F3F77EFDE1
S3150000E500002010BD04480378FF2BF6D1F3F796FDE3
S3150000E5100028F2D0F5E700BF090300002DE9F04F0F
S3150000E520044695B03022002108A804F007F8A37A23
S3150000E530DB438DF82630E37A8DF8243094F83230B8
S3150000E54003F00302012A08BF8DF827201B0744BFEA
S3150000E55003238DF82530237C03F0F003502B01D0E4
S3150000E560802B5FD12688242E5CD9236ACDF84A30C9
S3150000E570243EA38CDFF84892DFF848A2DFF848B2C1
S3150000E580ADF84E30B6B234342778302F64D0DD2F54
S3150000E59000F0E0805FB96578A11C2A460AA804F05D
S3150000E5A097F805F150030DEB030505F8287C627812
S3150000E5B0C2F57F43FE3333449EB20232022E144428
S3150000E5C0E2D8DFF80892D9F800804446A4B9302092
S3150000E5D003F01AF809AE0746051D0FCE0FC50FCE7C
S3150000E5E00FC596E8070085E807003C60B8F1000F04
S3150000E5F01DD1C9F8007015E0062204F12A010DF1BB
S3150000E6004A0003F08BFF80B90AAA083412AD1346FC
S3150000E61003CBAB42206061601A4604F10804F6D1D0
S3150000E6201B88238015B0BDE8F08F2468CEE7BA7941
S3150000E63098F80630934207D9C7F80080002CD8D046
S3150000E6402760EFE79846F3E7D8F800304446002BFA
S3150000E650F8D1C8F80070E5E70523B4F808808DF80E
S3150000E660253004F10A0303EB880533F828300593B7
S3150000E67099F802308DF81E30A379029363790193DD
S3150000E680B9F8002023794A48ADF81C200093524679
S3150000E69040F26B135946F5F7F7FC4648CDF8008073
S3150000E6A0524659464FF4B673F5F7EEFC032207A916
S3150000E6B0201D03F033FF00287FF479AF02238DF885
S3150000E6C02530059B6A7905EB83018D4216D1012A17
S3150000E6D004BF05238DF82530810305D582070CBFBD
S3150000E6E009230A238DF82530C3037FF560AF324B2B
S3150000E6F003406BBB07238DF8253058E7EB78AF78DE
S3150000E7001B0443EA07632F79134343EA0723A3F560
S3150000E7107A236FF440673B44082B08D8DFE803F000
S3150000E720050907070C0F0712150040F00300043512
S3150000E730CBE740F00C00FAE740F40030F7E740F48E
S3150000E7408020F4E740F48030F1E740F48010EEE7F3
S3150000E7500823D0E7194B1A88ADF81C209B788DF852
S3150000E7601E30032207A9A01C03F0D8FE00287FF460
S3150000E7701EAF6379012B7FF41AAF9DF8253013B1D4
S3150000E780032B7FF414AF0123617B8DF8253004F150
S3150000E7900E0303EB810233F82130002B3FF407AF61
S3150000E7A002EB83035B78012B7FF401AF0423A2E71E
S3150000E7B0DB5F2108FF5F2108080004009E60210836
S3150000E7C09B602108876021084E5F2108FC3F0000FE
S3150000E7D030B5034600B900BE074A02F138051446B3
S3150000E7E003CCAC4218605960224603F10803F6D107
S3150000E7F02068186030BD00BF444700000248402230
S3150000E800002103F09BBE00BF44470000014B187077
S3150000E810704700BF03400000014B1870704700BFEF
S3150000E82008030000014B1878704700BF080300007A
S3150000E830014B1880704700BF00400000002979D1C5
S3150000E840712821D8672809D814283AD014D8032863
S3150000E8505FD013282ED04FF0FF3070476838092854
S3150000E86000F29880DFE800F05E96269696969696D9
S3150000E87005485348002170473D28ECD1084640F42E
S3150000E880003040F00B007047C3282CD00AD8A228CD
S3150000E8904AD0C2281ED088280CBF4FF004104FF073
S3150000E8A0FF307047F12841D0F428D4D1084640F013
S3150000E8B0050070470020DDE74FF000404FF0FF31C4
S3150000E8C07047084640F0010070474FF000404FF097
S3150000E8D0FF31F7E7084640F0080070474FF0004068
S3150000E8E04FF0FF31F7E7084640F00A0070474FF057
S3150000E8F000404FF0FF31F7E70920BBE7080440F07E
S3150000E900090041F3C03170474FF000404FF0FF312E
S3150000E910B5E7084640F48030B3E74FF000404FF0CB
S3150000E920FF31F7E72748A5E727487047274870478C
S3150000E9302748C3E7712830D867280FD81428C4D0D1
S3150000E94026D80328E9D0132808BF4FF0004016BF89
S3150000E9504FF0FF304FF0FF3100217047683809282B
S3150000E96018D801A353F820F031F9200895F92008AA
S3150000E970B9F8200895F9200895F9200895F9200896
S3150000E98095F9200895F9200831F92008FDF82008A6
S3150000E9903D28B9D04FF0FF306CE7C328A7D006D882
S3150000E9A0A228C5D0C22899D088280948CFE7F128DF
S3150000E9B0BED0F428EED14FF000404FF0FF3176E79D
S3150000E9C00400050004000300040002000400010026
S3150000E9D004000080F0B52E4C2E488BB04FF4A07288
S3150000E9E0002103F0ABFD206810B9F3F7A5FD206008
S3150000E9F0294C206810B9F3F79FFD2060274D2C683D
S3150000EA008CB92022214602A803F098FD244B0193DD
S3150000EA1040F264613023CDE90613224801AA21465B
S3150000EA20F3F7F6FC2860204D2C688CB9202221468D
S3150000EA3002A803F083FD1D4B01934FF4C0623123FE
S3150000EA40CDE906231A4801AA2146F3F7E1FC28601E
S3150000EA500026104C35460127C4E90055C4E9025585
S3150000EA60C4E904550020F3F723FE07FA06F301363E
S3150000EA70052EA061E36104F14004EDD10D4C206840
S3150000EA8010B9F3F715FE206000200BB0F0BD00BFF3
S3150000EA905841000010400000544100006041000051
S3150000EAA02C602108890A21085C4100003660210893
S3150000EAB0410921085041000010B50446F3F794FCC3
S3150000EAC0A042A0EB040038BF00F1FF3010BD0000EB
S3150000EAD0024B01461868F3F74DBD00BF58410000D0
S3150000EAE008B500F08FF8002008BD00F00DB90068E9
S3150000EAF0003818BF0120704708B50B460146054887
S3150000EB0000220068F3F79CFDC31C012B98BF002070
S3150000EB1008BD00BF5841000008B5FFF77DFC642022
S3150000EB20F3F7F2FCFFF779FC6420F3F7EDFC002025
S3150000EB3008BD0000014B1870704700BF044000007C
S3150000EB40014B1878704700BF924700002DE9F04747
S3150000EB509A4603680546884691464BB94368002B9A
S3150000EB602FD0194B194A1A484FF4F76102F02EFDBF
S3150000EB70F3F749FA2C680646002724B93046F3F71E
S3150000EB8048FA2D2013E041462046C84710B92746CB
S3150000EB902468F2E7CAF800402B68A34209D123682B
S3150000EBA02B6003B96B603046F3F733FA0020BDE8FB
S3150000EBB0F0876B68A34212BF23686F6000233B6037
S3150000EBC0F1E71B20F3E700BF4260210856602108E9
S3150000EBD04E5F2108407A0A78131A58425841704706
S3150000EBE073B50D4602210646FFF730FC044630B9E0
S3150000EBF001460DF106023068FFF758FC28602046F2
S3150000EC0002B070BD38B504460D46F3F7FCF96368EB
S3150000EC1073B9236833B1074B074A084840F6EF112A
S3150000EC2002F0D4FC25606560BDE83840F3F7F1B921
S3150000EC301D60F8E7A16021089B612108B5602108E5
S3150000EC402DE9F04385B01E4603294FF000038146A7
S3150000EC500D461746009310D101924FF47A7318228D
S3150000EC60694602A8FFF7BCFF044630B30198FFF7D8
S3150000EC7029FC204605B0BDE8F0834FF47A7306F10F
S3150000EC80100203A901A8FFF7ABFF04460028F0D144
S3150000EC90DDF80C8001461022404603F04FFC2FB1F0
S3150000ECA03246394608F1100003F012FDC6F30B0692
S3150000ECB0A8F80060A8F80290CFE7DDE900321A60F4
S3150000ECC00E4A5D71525D1A7110229A71D860F3F77F
S3150000ECD09AF9029906460A484C7200EB8510FFF72E
S3150000ECE091FF084A012303FA05F0136803431360F2
S3150000ECF0FFF7EEFE3046F3F78CF9BAE7E661210836
S3150000ED0010400000A047000038B504460D46F3F752
S3150000ED107AF9236873B9636833B10D4B0D4A0E480F
S3150000ED2040F6FE1102F052FC2B601B24F3F771F93A
S3150000ED30204638BD2B60626893421CBF1B68236067
S3150000ED404FF0000208BFC4E900220024EEE700BF2E
S3150000ED50426021087B612108B56021082DE9F04F4A
S3150000ED6085B098460F9B04460D461646002B44D0A8
S3150000ED70F3F73AFBDFF890A0DFF890B08146002069
S3150000ED800E9B02221B1A31462846F3F759FCC31C78
S3150000ED90012B34D9CDE900041A4A40F20643514604
S3150000EDA05846F5F771F9276803973FB17B7A4345D3
S3150000EDB004D00120F3F7A8FB0028F4D04846FFF75B
S3150000EDC07BFE002FDCD07B7A4345D9D103A92046B0
S3150000EDD0FFF79AFF0F9A039B1360F3F714F9236862
S3150000EDE007461BB931462846F3F7FCFB3846F3F7CE
S3150000EDF010F9002005B0BDE8F08F2120FAE70720C2
S3150000EE00F8E700BFBC612108B5602108436121080D
S3150000EE102DE9F04788B01D4600230493ADF80E3067
S3150000EE2081460E4617464FF47A73182204A905A8A0
S3150000EE30DDF84480FFF7D4FE044630B13846FFF7CC
S3150000EE4041FB204608B0BDE8F087002D71D0B8F12F
S3150000EE50000F70D06B0F03F0020343F00103B9F10A
S3150000EE601C0F06D8484A22FA09F2D20748BF43F0D7
S3150000EE700803049C454AA371925D109BE3602271CE
S3150000EE8027606671F3F7B0FA002DACBF25F080431A
S3150000EE904FF0FF3323616061F3F7B5F83C4A3D4C10
S3150000EEA013787B72591C117005998DF80D304B72D1
S3150000EEB004EB861700230B6081463846FFF7A2FE57
S3150000EEC0354A01201368B04003431360FFF700FE84
S3150000EED04846F3F79EF8002D4FEA861A51D0ACBF8C
S3150000EEE025F080454FF0FF3506ABCDE900532B49A1
S3150000EEF09DF80D30096805360AF108000122204404
S3150000EF00B240FFF72BFF0728044616D1244A07AB69
S3150000EF100DF10D013846FFF719FE0246002890D183
S3150000EF2001460798FFF7C2FA0068FFF7CBFA079881
S3150000EF3085E72B4693E7012391E7002881D1069EBA
S3150000EF4001460DF10E023046FFF7B0FA0589B8F119
S3150000EF50000F0FD00368C8F800303046FFF7B2FA4A
S3150000EF600DB145F480340F4B224619780020F3F793
S3150000EF7073F866E783799B07EFD50068FFF7A2FA77
S3150000EF80EBE705245DE700BF00002110E6612108DC
S3150000EF906441000010400000A047000058410000F6
S3150000EFA0D5FB2008090300002DE9FF411C46064653
S3150000EFB0884617464FF47A7304F1100203A902A893
S3150000EFC0FFF70EFE08BB039D01461022284603F0FC
S3150000EFD0B5FA2FB12246394605F1100003F078FB49
S3150000EFE0102E08BF6B696E8004BF43F480336B61DB
S3150000EFF0C4F30B040C9B2C8001930B9B0093029A89
S3150000F0000A9B41463046FFF703FF04B0BDE8F08196
S3150000F01070B40429DDE90345059E05D8CDE90456FB
S3150000F020039470BCFFF7C0BF272070BC7047000078
S3150000F03070B588B005468DF817100021079158B3B2
S3150000F040174B1B7853B307ABCDE90113154B009350
S3150000F0500DF117020123A020FFF7A6FF079E044625
S3150000F06050B9024601463046FFF720FA028842B9F7
S3150000F0703046FFF727FA01E0002EF9D1204608B006
S3150000F08070BD9DF817300BB1012BF1D100F11001C5
S3150000F090284603F01DFBEBE72224EFE71124EDE7FA
S3150000F0A092470000983A004030B5092899B00C46BE
S3150000F0B0154643D8012101FA00F240F285131340A8
S3150000F0C02AD112F4107F39D0092810D1CDE90133A5
S3150000F0D0ADF8123040F6B833009304AA04231D207D
S3150000F0E08DF810108DF81150FFF75EFF38BB5022D7
S3150000F0F0002104A803F022FA01238DF81030072D11
S3150000F10000F26781DFE815F01D001D006B00B500F9
S3150000F1106501DE00090142010023CDE90133ADF8A6
S3150000F120123040F6B83300938DF810108DF8115058
S3150000F130042304AA1D20FFF737FF00B9002019B0E9
S3150000F14030BDA54DA4B9452221460DF11B0003F0A3
S3150000F150F5F92B88ADF81130AB788DF81330012313
S3150000F16005938DF818300B238DF819301B234CE0CE
S3150000F170392200210DF1270003F0E0F92B88ADF8C4
S3150000F180113024221021AB788DF818208DF81A1032
S3150000F190042234218DF813308DF8192005238DF8BB
S3150000F1A01B108DF81C206421172205938DF81D2055
S3150000F1B08DF81E108DF81F3084218DF820208DF8D3
S3150000F1C021108DF82320032195228DF825308DF806
S3150000F1D022108DF824201D238DF8263017E07F4D50
S3150000F1E004BB452221460DF11B0003F0A7F92B882D
S3150000F1F0ADF81130AB788DF81330012305938DF8F7
S3150000F20018300D238DF8193014238DF81A30002389
S3150000F210CDE9013340F6B833009304AA5023012107
S3150000F220BD2088E74022002108A803F087F92B8833
S3150000F230ADF81130AB788DF8133003230593042213
S3150000F24024238DF818308DF8192017238DF81A30DD
S3150000F2508DF81D3064238DF81E300B2334218DF874
S3150000F2601F301E238DF81B108DF81C208DF82030C2
S3150000F270CDE75B4D8CB9452221460DF11B0003F00D
S3150000F2805DF92B88ADF81130AB788DF8133001237A
S3150000F29005938DF818300E23B4E74022002108A804
S3150000F2A003F04CF92B88ADF81130AB788DF813309C
S3150000F2B003230593042224238DF818308DF8192092
S3150000F2C01423C3E7474DA4B9452221460DF11B007F
S3150000F2D003F034F92B88ADF81130AB788DF8133084
S3150000F2E0012305938DF818300D238DF81930172357
S3150000F2F08BE72B88ADF81130AB788DF813303A4B8D
S3150000F3003A490422CDE90523394B3C22CDE90713BE
S3150000F31009A8002103F012F979E7364D8CB9452288
S3150000F32021460DF11B0003F009F92B88ADF81130C9
S3150000F330AB788DF81330012305938DF818300D2323
S3150000F34012E7392200210DF1270003F0F7F82B8888
S3150000F350ADF811301022AB788DF813308DF81A20E5
S3150000F3602423342205218DF818308DF81B20042320
S3150000F3701722642005918DF819308DF81C308DF810
S3150000F3801D208DF81E008DF81F1015E71A4D452219
S3150000F390002C3FF427AF00210DF11B0003F0CEF83F
S3150000F3A02B88ADF81130AB788DF813300223059316
S3150000F3B024238DF8183009238DF8193014238DF87D
S3150000F3C01A3095238DF8243005238DF82530212316
S3150000F3D002E70F20B3E600BF6361210867612108D9
S3150000F3E06B6121086F612108240417340414640B2F
S3150000F3F01495051773612108776121087FB50328E5
S3150000F4004FF000030A46059312D8012101FA00F0D5
S3150000F410CDE9013347F294530490ADF814200093DC
S3150000F42004AA0823EA20FFF7BFFD07B05DF804FB36
S3150000F4302120FAE730B5002387B0CDE9013340F645
S3150000F440B83300930123044600F10802194611203F
S3150000F450FFF7AAFD70B9A389062B0DD1002340F64C
S3150000F460B8320092CDE901331A4601211220FFF786
S3150000F4709BFD50B307B030BD214D29884FF6FF7371
S3150000F48099421CD169884FF6FF73994204D0002037
S3150000F490FFF7B4FF0028EDD1A9884FF6FF73994214
S3150000F4A004D00220FFF7AAFF0028E3D1E98800294B
S3150000F4B0D4D00320FFF7A2FF0028CFD0DAE701203F
S3150000F4C0FFF79CFF0028DDD0D4E7627A082A0FD127
S3150000F4D00C4B186805900023CDE9013340F6B8338C
S3150000F4E0009305AA04230121BE20FFF75DFDC1E7B5
S3150000F4F0217AA089FFF7D8FD0028E9D0BAE700BF36
S3150000F5000E030000F86121082DE9F0438BB00023BB
S3150000F510CDE904330693C38990F80080012B054694
S3150000F52000F011818289007A8C4F8D4E062A14BF15
S3150000F5300123022301280CBF43F0080343F0040310
S3150000F5403B70884B196033786BB1874B1B88092B4E
S3150000F55040F0FB80092A00F0DF804FF43664204635
S3150000F5600BB0BDE8F083814840F2DC51FEF752FE55
S3150000F57040F2DC53984200F2EA806A697C4B134001
S3150000F580002B40F0E6807B48FEF754FF0446002837
S3150000F590E5D1794B0493794B059304A82B788DF824
S3150000F5A01830FEF734FF04460028D8D1FFF712FAC8
S3150000F5B004460028D3D1FFF7AFFA04460028CED17F
S3150000F5C0FDF75AFA04460028C9D1DFF8C89199F820
S3150000F5D00030002B00F0A2804046FDF7E1F904461A
S3150000F5E00028BCD1002389F80030FEF77FFF0446CF
S3150000F5F00028B4D1FEF712FFFFF714F950B141F21B
S3150000F60088312020FFF778FA830640F1A48020464F
S3150000F610FFF702F9002140F6B8330093CDE9011156
S3150000F620282305F10C021020FFF7BEFC0446002833
S3150000F63095D1534B2A691A60EB890C3B9BB2012B7F
S3150000F64001D8FEF71BF80023CDE9013347F29453A6
S3150000F650009305F1340203230121C720FFF7A4FC20
S3150000F660044600287FF47BAF464B93E80700EB89FE
S3150000F67007AC84E8070033B9AB69434A1A421CBF9A
S3150000F68001238DF81C30AB89082B4CD1002309933C
S3150000F690002142F2107300932246CDE901110C239A
S3150000F6A0C820FFF781FC044600287FF458AFE88C99
S3150000F6B080F0010000F00100FFF7A8F86968002952
S3150000F6C035D1EB890C2B06D02846FFF7B3FE04464E
S3150000F6D000287FF444AFAB692C4A002B03DAEB69B0
S3150000F6E003F0C0431360106808B1FDF7A3F90123C6
S3150000F6F01D4A3370AB89138023F0020212B1083B16
S3150000F700012B04D82B7ACBB9214B01221A70E88938
S3150000F710FFF78EF8FDF7EAF8002420E7FDF7C8FAB0
S3150000F720FDF7B8F961E7072BB2D13323AFE7387895
S3150000F73001F04EF804460028C3D010E7012B04BFA1
S3150000F740134A9370E3E70F2409E7122407E701241D
S3150000F75005E70E2403E7592401E700BF934700009D
S3150000F76092470000944700000C030000654100002A
S3150000F77028000200EC61210809F420080DF4200895
S3150000F78084470000FC612108100000018847000042
S3150000F7908D4700000A030000042913B50CD833B1C5
S3150000F7A00023CDE90033FFF733FB02B010BD02B0F2
S3150000F7B0BDE81040FFF744BA2720F6E770B51F4AA8
S3150000F7C086B01278002304460593002A33D018B970
S3150000F7D02225284606B070BD05AACDE90132184A91
S3150000F7E0009201211A46E020FFF7DEFB059E054642
S3150000F7F0D8B9024601463046FEF758FE0028E7D043
S3150000F8000288A2B1027C2270427C6270827CA27065
S3150000F810C27CE270027D2271427D6271827DA2719C
S3150000F820C27D037E1343238101E0002ED1D03046F2
S3150000F830FEF748FECDE71125CBE700BF9247000053
S3150000F840E8030040024B01461868F2F793BE00BF7A
S3150000F85054410000F7B51D46002304460F461646E0
S3150000F8600193ADF8023018224FF47A73012101A8F2
S3150000F870FEF7ECFD30B10F4A0F491048B123F4F7FB
S3150000F88003FC00BE019838600DF102020021FEF76C
S3150000F8900DFE68B1019B5E72089BC360BDF8243003
S3150000F8A003810423857103712060002003B0F0BD3D
S3150000F8B00E20FBE7B263210808622108955E210845
S3150000F8C0F0B5002587B0174606462A46084629465B
S3150000F8D00395FEF7EBFDCDE9005704462B462A4675
S3150000F8E003A904A8FFF7B6FF70B922880590103265
S3150000F8F04FF47A73012105A8FEF7A8FD039D024681
S3150000F90020B12846FEF7DEFD07B0F0BD014605989A
S3150000F910FEF7CCFDDDE904321A602288DE60103283
S3150000F920214602F0D5FE29460348FFF7D9F8042000
S3150000F930FFF788FFE8E700BFA040000000207047FF
S3150000F9402DE9F743002301933F48362100684FF025
S3150000F950FF330022F2F774FE8107054605D5DFF86E
S3150000F960F4804046FFF7C3F840BB6A0705D5374F1A
S3150000F9703846FFF7BCF800284CD1EB06E4D5344EE8
S3150000F9803046FFF7B4F80028DED0314801A9FFF76A
S3150000F990ACF804460028F3D1024601460198FEF76A
S3150000F9A085FD0546224621460068FEF77FFD28684C
S3150000F9B0FEF788FD0198FEF785FDE1E701A94046BF
S3150000F9C0FFF793F802460028CBD10146DFF888906E
S3150000F9D00198FEF76BFDD9F8003081890446ABB17A
S3150000F9E08078FEF72BFF6388AF2B07460E4602D1C1
S3150000F9F02046FEF793FD002E08BFB7F1FF3F019AA0
S3150000FA0004D0D9F800303846314698470198FEF7B9
S3150000FA1059FDA6E701A93846FFF767F8044600280E
S3150000FA20A6D1024601460198FEF740FD064622464B
S3150000FA3021460068FEF73AFD3068FEF743FD01985F
S3150000FA40FEF740FD94E700BF54410000A0400000CF
S3150000FA5020410000604000009447000007B568B9E7
S3150000FA60ADF806000DF10600FCF7D6FEBDF806302F
S3150000FA70DB0707D54FF48070FDF714F9002003B0BB
S3150000FA805DF804FB0120FAE72DE9F04F3C229FB018
S3150000FA900025974C0C9529460DEB0200ADF82A502F
S3150000FAA0944F02F04BFD012384F8203084F8603037
S3150000FAB084F8A03084F8E03084F82031AB468E4BD1
S3150000FAC01A688E4B1B68934305F4806103D18C4BF7
S3150000FAD01B68002B64D000296BD1BDF82A3013F0C7
S3150000FAE0010F18BF0A218748FFF706F80543680586
S3150000FAF040F163850DA8FDF70FF8002840F05D85FD
S3150000FB003B780BB1FCF7A0FE7F4B1B680BB925F4C5
S3150000FB1080650D980AAA0021FEF7C8FC468890F871
S3150000FB2001A0B0F80C80B02E81464FEA1A1A01D017
S3150000FB304D2E02D10020FEF7FDFFB9F80030734AC2
S3150000FB407349744823F47043CDE90283CDE900A6D6
S3150000FB5040F2D513F4F798FABAF1040F2DD0BAF1A2
S3150000FB60050F00F00685BAF1020F3DD1674A6849D4
S3150000FB7069484FF4AA63F4F787FAD4F8E8300133FA
S3150000FB80C4F8E830B4F8E230B34208BF0023484670
S3150000FB9004BF84F8E130A4F8E230FDF717FD23E056
S3150000FBA049B9BDF82A3013F0010F08BF4FF0FF31F5
S3150000FBB097E7002197E7194695E799F80130B12EA6
S3150000FBC003F00F0389F8013000F22282882E35D81F
S3150000FBD04A2E00F28D812D2E00F2A4801C2E00F2FA
S3150000FBE019810B2E00F206810D98FEF76BFCE9E2F7
S3150000FBF0A6F1C90292B201239340484A1A40002A4C
S3150000FC0040F07E83464A1A40002A40F09980CD2E65
S3150000FC10EAD1FCF719FEA36A0D980133A362638C3F
S3150000FC20B34201BF0023C4E90D3384F82130638455
S3150000FC30FEF748FC2020FEF74BFFC3E2A6F189033E
S3150000FC40282BD1D801A252F823F000BF170C2108A7
S3150000FC50E90B2108D9122108D9122108D912210845
S3150000FC60D9122108E90B2108E90B2108E90B210823
S3150000FC701B112108E90B2108E90B2108E90B2108D2
S3150000FC80E90B2108E90B2108E90B2108D912210803
S3150000FC90E90B2108E90B2108E90B2108E90B2108EA
S3150000FCA0E90B2108E90B21081B112108410D210848
S3150000FCB0D9122108E90B2108E90B2108D9122108DC
S3150000FCC0E90B2108E90B2108E90B2108E90B2108BA
S3150000FCD0410D210823152108E90B2108E90B21080C
S3150000FCE0D9122108D91221081B112108410D21081A
S3150000FCF0104000000240000098470000A0470000A6
S3150000FD009C4700001F7C2000C83F0000A16321081B
S3150000FD1008622108A4622108F962210843008800CC
S3150000FD200C000400A6F12E0292B201239340AD4AC4
S3150000FD301A40002A40F0E48213F4900F3FF454AFC7
S3150000FD40D4F8A8300133C4F8A83018224FF47A73D7
S3150000FD5001210BA8FEF77AFB38B1A34AA349A448B0
S3150000FD6040F27633F4F790F900BE0DF126020B98B7
S3150000FD700021FEF79BFB4FF401728280B4F8A220AB
S3150000FD80A0F80880B2420346DDF82CC00D9805D0D5
S3150000FD90A12E40F03183902A40F02E83D4F8BC1077
S3150000FDA0D96094F8B210997194F8B0108CF80910D3
S3150000FDB0F02E4172186000F02383CB2E40F023838F
S3150000FDC04BF6F131884540F01E83CB2A40F0828302
S3150000FDD0002384F8A130A4F8A23094F8B230002BA6
S3150000FDE040F043830B998348FEF77AFE0420FFF721
S3150000FDF029FDE7E1804A0123B340134240F0AC827B
S3150000FE007E4A134240F03D827D4A1A40002A3FF462
S3150000FE10EBAE82E1262E00F0808165D81D2E00F023
S3150000FE206882242E7FF4E0AEA36E0133A366B4F895
S3150000FE306230242B02D1002384F8613094F87230AA
S3150000FE40DB0740F1BB82B4F86230B34240F0B682C1
S3150000FE504FF47A73182201210BA8FEF7F7FA38B18E
S3150000FE60614A624962484FF42A73F4F70DF900BEFD
S3150000FE700B980DF126020021FEF718FB94F872305C
S3150000FE8013F00203814600F088820D9B03604FF455
S3150000FE908273A9F80430E36FA9F80880C9F80C301A
S3150000FEA094F8723089F806300B9A94F870305372D1
S3150000FEB00D9A5372606FFEF7FFFDA36F984200F232
S3150000FEC071820B994F48FEF70BFE4020FEF700FEAD
S3150000FED00023C4E91D33B4F86230B34240F07281A6
S3150000FEE00023A4F862306DE1292E3FF429AF7BE6AA
S3150000FEF06A2E63D84B2E3FF477AEA6F14C0292B22F
S3150000FF0001239340404A134240F0FA81552E3FF4B4
S3150000FF1017AF6A2E7FF468AEA36E0133A36694F81A
S3150000FF207230D90740F15682B4F862306A2B40F03D
S3150000FF3051824FF47A73182201210BA8FEF786FA34
S3150000FF4038B1294A29492A4840F2EA23F4F79CF8AD
S3150000FF5000BE0DF1260200210B98FEF7A7FA4FF41A
S3150000FF6082738380E36FA0F80880C36094F87230D0
S3150000FF7083710D9A94F8703053720B9A5372002362
S3150000FF800360606FFEF798FDA36F984200F21E8231
S3150000FF900B991C48FEF7A4FD4020FEF799FD0023AF
S3150000FFA00D98C4E91D33FEF78DFAB4F862306A2B5A
S3150000FFB040F00881002384F8613092E7A6F16D03D2
S3150000FFC09BB2142B3FF610AE104901229A400A420A
S3150000FFD040F09681012B3FF4B3AE092B7FF404AEBB
S3150000FFE09BE000BF0393061AA1632108086221085B
S3150000FFF0955E2108A040000000009E03000021102D
S315000100000010000858400000070080127DE0100033
S31500010010E02E6BD8C82E3FF6EBADA6F1BA039BB224
S315000100200E2B3FF6E1AD01229A4042F208310A4217
S3150001003040F0668144F201010A426ED1042B7FF43D
S31500010040D3ADA36E94F872200133D207A366B4F838
S31500010050623040D5BE2B7FF4C7AD4FF47A731822B8
S3150001006001210BA8FEF7F2F938B1AF4AAF49B04802
S3150001007040F22133F4F708F800BE0DF12602002103
S315000100800B98FEF713FA4FF482738380B8F1640F6D
S31500010090E36FC36008BF4FF00008A0F8088094F82A
S315000100A0723083710D9A94F8703053720B9A5372B1
S315000100B000230360606FFEF7FFFCA36F984200F216
S315000100C097810B999B48FEF70BFD4020FEF700FD3B
S315000100D00023C4E91D33B4F86230BE2B7FF484AD2E
S315000100E0002384F86130A4F862307DE5A6F1E402CC
S315000100F092B21B2A3FF678AD012393408E4A1A40ED
S31500010100002A40F0FD8041F6010213427FF418AE49
S3150001011044F2200213423FF467ADA36A0133A3629E
S3150001012094F83230D90740F1D380638CB34240F062
S31500010130CF804FF47A73182201210BA8FEF786F9B6
S3150001014038B1794A79497A4840F21623F3F79CFF88
S3150001015000BE0B980DF126020021FEF7A7F994F8CF
S31500010160323013F00203814600F0A1800D9B03603B
S315000101700423A9F80430E36BA9F80880C9F80C3008
S3150001018094F8323089F806300D9A94F8303053726B
S315000101900B9A5372606BFEF78FFCA36B984200F2C9
S315000101A08B8066480B99FEF72DFD2020FEF790FC0B
S315000101B00023C4E90D33638CB34203D1002384F8D1
S315000101C021306384FCF7C0FCEE0617D05C4E4FF07D
S315000101D0000A012303FA0AF32B4208D096F82120DC
S315000101E0002A00F0FD8157490A6813430B600AF1A2
S315000101F0010ABAF1050F06F14006EAD1A80440F159
S31500010200A5820DF12A00FCF707FBBDF82A30D907B4
S3150001021000F1B3823B78002B40F089824A480EA94F
S31500010220FEF763FC0246002840F0A18201460E98C3
S31500010230FEF73CF943780688014643F050034370C4
S3150001024032461031FCF76EFC38B1404A3749404816
S3150001025040F25B63F3F718FF00BE05230022CDE9E8
S3150001026000323249394A3B48029640F25F63F3F75E
S315000102700BFF3B780BB1FCF7E7FA0E98FEF722F974
S315000102805AE2638CB3427FF448AF152E08D1B8F118
S31500010290000F05D10FA8FEF79BFA9DF83C303B7085
S315000102A03B780BB1FCF7D0FA4FF0000B35E7036052
S315000102B00D98FEF707F95BE70B98FEF703F994F83B
S315000102C032309A077FF574AF0D98FEF7FBF86FE7AA
S315000102D00D98FEF7F7F86EE7A36E0133A366B4F83F
S315000102E06230B34202D1002384F86130AE2E15D0BC
S315000102F0A4E5A36E0133A366B4F862301D2B99E51C
S31500010300A36E0133A366B4F86230B34202D100236F
S3150001031084F86130192E31D0C32EE7D10D99E06FE3
S315000103204246FFF7CDFA89E5A16321080862210853
S31500010330955E21085840000040A0010818400000C1
S315000103401040000098470000084000007C63210827
S31500010350196321083A632108A36E0133A366B4F831
S315000103606230B34204BF002284F86120142ED1D139
S31500010370142B0DD0B8F1000F3FF460AD0D99E06F6D
S315000103804246FFF79DFAFEF739FA00233B7055E521
S31500010390B8F1000F3FF452ADF5E703600D98FEF793
S315000103A091F874E50B98FEF78DF894F8723098077A
S315000103B07FF58EAD0D98FEF785F889E50D99804894
S315000103C0FEF78EFB0220FFF73DFA84E50B98FEF758
S315000103D079F8E4E5B8F1000F02D17A4B01221A70DF
S315000103E00D997748FEF77CFB0220FFF72BFADCE537
S315000103F00B98FEF767F86BE60021D9609971D5E491
S31500010400CB2A3FF4E5AC94F8B21011F0010F61D09C
S31500010410B24203D0902A5DD1A12E5BD111F0020127
S3150001042002D11960FEF74EF8D4F8B400FEF744FB8A
S31500010430D4F8B830984242D80B996348FEF750FB7E
S315000104408020FEF745FB0023C4E92D33B4F8A23022
S31500010450B34247D0A12E5BD1902B7FF4B3AE0023DC
S3150001046084F8A130A4F8A230ACE64FF47A731822CE
S3150001047001210CA8FDF7EAFF38B1544A5449554801
S315000104804FF46A73F3F700FE00BE002211460C9882
S31500010490FEF70CF800264FF6F6730381066094F812
S315000104A0B23083710C99B4F8B0304B724648FEF7FE
S315000104B017FB8020FEF70CFBC4E92D6682E60B983C
S315000104C0FEF700F894F8B2309B07BCD50D98FDF7FE
S315000104D0F9FFB8E70B994048FEF702FB0420FFF746
S315000104E0B1F9B3E70023412E84F8A130A4F8A23074
S315000104F014D1B8F1000F3FF465AEFEF77FF9002382
S315000105000D99D4F8BC003B704246FFF7D9F969E46E
S31500010510412E03D1412B3FF455AEEAE7AA2EECD08A
S3150001052050E64FF47A73182201210BA8FDF78EFFCE
S3150001053038B1264A2649274840F27F43F3F7A4FDFE
S3150001054000BE0DF1260200210B98FDF7AFFF40F228
S31500010550044181800D9A0B99A0F80880002302605E
S31500010560C360837153721D484B72FEF7B9FA1020AE
S315000105703DE499F8013003F00F0389F801302EB9F3
S315000105800D990120FFF7DAF9FFF72EBB012EF7D0FF
S31500010590032E7FF417AEA36E0D9909480133A366A6
S315000105A0B4F86230032B02BF0023C4E91D3384F87B
S315000105B06130FEF795FA022019E425F4806503E619
S315000105C0604000008C47000098400000A1632108AC
S315000105D008622108955E2108A04000002041000024
S315000105E06849DA4305920A68584622EA03030B6012
S315000105F0FFF734FA069000283FF400AE3B78002B53
S315000106007ED10EA93046FEF770FA8146002840F0E9
S315000106108880024601460E98FDF748FF4946804606
S315000106204A460068FDF742FF038898F804100793CD
S31500010630437843EA011343704388814623B398F80C
S315000106400620069812F0080F18BF8346D00614D468
S31500010650012086F82100D8F80000407A86F8322079
S31500010660D8F81020B263D8F814207263D8F80C2099
S31500010670308686F824107384F263B02B01D04D2B9B
S3150001068002D10120FEF756FA079A09F110014846F0
S31500010690FCF748FA99F802301C2B024603D1069062
S315000106A0FCF77AFA069A3AB1374A3849384840F29D
S315000106B02363F3F7E9FC00BE079B0293B9F8023006
S315000106C0019398F8043000932F4A3049314840F29B
S315000106D02763F3F7D9FC3B780BB1FCF7B5F8BAF110
S315000106E0030F02D14846FCF779FCD8F80000FDF764
S315000106F0E9FE0E98FDF7E6FEF36A0133F36204E0C4
S31500010700FCF792F800283FF47CAF3368002B7FF4A6
S315000107106EAD059B204A05991D4013680B40136079
S3150001072065E53B78002BF0D0FCF78EF8EDE7FCF79A
S315000107307BF800283FF472AD184B1B6833B9184A91
S31500010740136823F4005325F400551360AB027FF5BB
S31500010750B6A9144B4FF48001186825F40015F1F77A
S3150001076009FFF1F7A9FEF1F7A9FEFFF7A8B93B7852
S31500010770002BE1D0FCF768F8DEE74FF48070FCF758
S3150001078091FAE3E79847000091632108086221087E
S31500010790196321083A632108A047000008400000B8
S315000107A09C4700005841000013B51146FEF7ACFE08
S315000107B0044650B9012101A8FEF73AFCBDF8043000
S315000107C01BB9F9F7E3FEF9F7D9FE204602B010BDD1
S315000107D01FB50A4669B10023CDE9013340F6B833A6
S315000107E00093012106231720FEF712FC05B05DF8E0
S315000107F004FB2220FAE7FEF7E1BF0000294A70B5A3
S31500010800002320F48024994208BF944243D020F467
S31500010810003402F54032994208BF94423BD0224D42
S3150001082020F48032994208BFAA4234D005F500353A
S31500010830994208BFA8422ED005F54035994208BF16
S31500010840A84228D020F4403605F58035994208BFE4
S31500010850AE4220D005F58025994208BFA8421AD09C
S31500010860124D994208BFAC4217D0114C994208BFAC
S31500010870A04212D0A2F104120A430ED00D4A9942A7
S3150001088008BF904205D002F58032994208BF9042D6
S3150001089005D10B2000E0092070BD0420FCE74FF0D4
S315000108A0FF30F9E70900010009000A000400010010
S315000108B0040002000B0001002DE9F0430C288BB067
S315000108C005460E461446074603DDC117FFF796FF98
S315000108D00746DFF8188158F8370038B3002220465A
S315000108E01146FDF7E3FDB5F1004F76F1000304462D
S315000108F02DD3B0F80C90B9F1000F01D049F480392D
S31500010900374B4A4619780020F1F7A6FB6388CDF8E4
S315000109101490142B0DD008EBC70305AA5B6800934E
S3150001092058F83740002328463146A0470BB0BDE8AA
S31500010930F083002340F6B8320092CDE901331A461E
S3150001094001211220FEF764FB0028E4D0EEE7254BD7
S3150001095058F83790002208EBC708964208BF9D4217
S31500010960D8F8041010D1C37B07920593037C069334
S31500010970037D8DF81C3083691A480893009113464C
S3150001098005AA0021C847D1E703881748964208BF40
S3150001099085421CD1CDE905222279E069C3F30B0317
S315000109A09B1A089304F110031344228A8DF8182028
S315000109B0628A0792C202099304D41B79DB075CBFE2
S315000109C00323059308480091002305AAD9E700915E
S315000109D023B104F1100228463146D3E71A46FAE755
S315000109E0090300000B0002000B000100A4470000F0
S315000109F081F0004102E000BF83F0004330B54FEAC9
S31500010A0041044FEA430594EA050F08BF90EA020F35
S31500010A101FBF54EA000C55EA020C7FEA645C7FEAC8
S31500010A20655C00F0E2804FEA5454D4EB5555B8BFEB
S31500010A306D420CDD2C4480EA020281EA030382EA5C
S31500010A40000083EA010180EA020281EA0303362DEE
S31500010A5088BF30BD11F0004F4FEA01314FF4801CC1
S31500010A604CEA113102D0404261EB410113F0004FD3
S31500010A704FEA03334CEA133302D0524263EB43038A
S31500010A8094EA050F00F0A780A4F10104D5F1200E28
S31500010A900DDB02FA0EFC22FA05F2801841F1000183
S31500010AA003FA0EF2801843FA05F359410EE0A5F157
S31500010AB020050EF1200E012A03FA0EFC28BF4CF088
S31500010AC0020C43FA05F3C01851EBE37101F000453E
S31500010AD007D54FF0000EDCF1000C7EEB00006EEB4B
S31500010AE00101B1F5801F1BD3B1F5001F0CD34908D5
S31500010AF05FEA30004FEA3C0C04F101044FEA44522C
S31500010B0012F5800F80F09A80BCF1004F08BF5FEAB2
S31500010B10500C50F1000041EB045141EA050130BD92
S31500010B205FEA4C0C404141EB0101013C28BFB1F5A4
S31500010B30801FE9D291F0000F04BF01460020B1FAEF
S31500010B4081F308BF2033A3F10B03B3F120020CDAC2
S31500010B500C3208DD02F1140CC2F10C0201FA0CF0A0
S31500010B6021FA02F10CE002F11402D8BFC2F1200C05
S31500010B7001FA02F120FA0CFCDCBF41EA0C019040BB
S31500010B80E41AA2BF01EB0451294330BD6FEA040404
S31500010B901F3C1CDA0C340EDC04F11404C4F12002EF
S31500010BA020FA04F001FA02F340EA030021FA04F301
S31500010BB045EA030130BDC4F10C04C4F1200220FA58
S31500010BC002F001FA04F340EA0300294630BD21FA96
S31500010BD004F0294630BD94F0000F83F4801306BF5C
S31500010BE081F480110134013D4EE77FEA645C18BF50
S31500010BF07FEA655C29D094EA050F08BF90EA020FE7
S31500010C0005D054EA000C04BF1946104630BD91EADE
S31500010C10030F1EBF0021002030BD5FEA545C05D1E1
S31500010C204000494128BF41F0004130BD14F5800420
S31500010C303CBF01F5801130BD01F0004545F0FE4194
S31500010C4041F470014FF0000030BD7FEA645C1ABFC9
S31500010C50194610467FEA655C1CBF0B46024650EA00
S31500010C60013406BF52EA033591EA030F41F400212C
S31500010C7030BD00BF90F0000F04BF0021704730B5B2
S31500010C804FF4806404F132044FF000054FF0000187
S31500010C9050E700BF90F0000F04BF0021704730B548
S31500010CA04FF4806404F1320410F0004548BF40421D
S31500010CB04FF000013EE700BF42004FEAE2014FEA72
S31500010CC031014FEA02701FBF12F07F4393F07F4F4D
S31500010CD081F06051704732F07F4208BF704793F050
S31500010CE07F4F04BF41F40021704730B54FF4607463
S31500010CF001F0004521F000411CE700BF50EA010266
S31500010D0008BF704730B54FF000050AE050EA01020E
S31500010D1008BF704730B511F0004502D5404261EB7E
S31500010D2041014FF4806404F132045FEA915C3FF4BF
S31500010D30D8AE4FF003025FEADC0C18BF03325FEA5C
S31500010D40DC0C18BF033202EBDC02C2F1200300FA0D
S31500010D5003FC20FA02F001FA03FE40EA0E0021FA32
S31500010D6002F11444BDE600BF70B54FF0FF0C4CF420
S31500010D70E06C1CEA11541DBF1CEA135594EA0C0FD2
S31500010D8095EA0C0F00F0DEF82C4481EA030621EA0D
S31500010D904C5123EA4C5350EA013518BF52EA033548
S31500010DA041F4801143F4801338D0A0FB02CE4FF0FA
S31500010DB00005E1FB02E506F00042E0FB03E54FF02A
S31500010DC00006E1FB03569CF0000F18BF4EF0010E22
S31500010DD0A4F1FF04B6F5007F64F5407404D25FEA1E
S31500010DE04E0E6D4146EB060642EAC62141EA5551D1
S31500010DF04FEAC52040EA5E504FEACE2EB4F1FD0C13
S31500010E0088BFBCF5E06F1ED8BEF1004F08BF5FEA90
S31500010E10500E50F1000041EB045170BD06F0004642
S31500010E2046EA010140EA020081EA0301B4EB5C04EF
S31500010E30C2BFD4EB0C0541EA045170BD41F48011E7
S31500010E404FF0000E013C00F3AB8014F1360FDEBF0C
S31500010E50002001F0004170BDC4F10004203C35DAE8
S31500010E600C341BDC04F11404C4F1200500FA05F36B
S31500010E7020FA04F001FA05F240EA020001F000420C
S31500010E8021F0004110EBD37021FA04F642EB060182
S31500010E905EEA430E08BF20EAD37070BDC4F10C04AC
S31500010EA0C4F1200500FA04F320FA05F001FA04F270
S31500010EB040EA020001F0004110EBD37041F100015C
S31500010EC05EEA430E08BF20EAD37070BDC4F1200567
S31500010ED000FA05F24EEA020E20FA04F301FA05F2CF
S31500010EE043EA020321FA04F001F0004121FA04F277
S31500010EF020EA020000EBD3705EEA430E08BF20EA47
S31500010F00D37070BD94F0000F0FD101F00046400080
S31500010F1041EB010111F4801F08BF013CF7D041EA02
S31500010F20060195F0000F18BF704703F00046520006
S31500010F3043EB030313F4801F08BF013DF7D043EAD7
S31500010F400603704794EA0C0F0CEA135518BF95EA8D
S31500010F500C0F0CD050EA410618BF52EA4306D1D114
S31500010F6081EA030101F000414FF0000070BD50EA33
S31500010F70410606BF1046194652EA430619D094EABD
S31500010F800C0F02D150EA013613D195EA0C0F05D1A7
S31500010F9052EA03361CBF104619460AD181EA0301FB
S31500010FA001F0004141F0FE4141F470014FF00000B3
S31500010FB070BD41F0FE4141F4780170BD70B54FF04E
S31500010FC0FF0C4CF4E06C1CEA11541DBF1CEA1355CE
S31500010FD094EA0C0F95EA0C0F00F0A7F8A4EB0504B0
S31500010FE081EA030E52EA03354FEA013100F08880A7
S31500010FF04FEA03334FF0805545EA131343EA126370
S315000110004FEA022245EA111545EA10654FEA002624
S315000110100EF000419D4208BF964244F1FD0404F5DD
S31500011020407402D25B084FEA3202B61A65EB030539
S315000110305B084FEA32024FF480104FF4002CB6EBF6
S31500011040020E75EB030E22BFB61A754640EA0C0076
S315000110505B084FEA3202B6EB020E75EB030E22BFB6
S31500011060B61A754640EA5C005B084FEA3202B6EBF7
S31500011070020E75EB030E22BFB61A754640EA9C00B6
S315000110805B084FEA3202B6EB020E75EB030E22BF86
S31500011090B61A754640EADC0055EA060E18D04FEA44
S315000110A0051545EA16754FEA06164FEAC30343EAE4
S315000110B052734FEAC2025FEA1C1CC0D111F4801FB1
S315000110C00BD141EA00014FF000004FF0004CB6E7AA
S315000110D011F4801F04BF01430020B4F1FD0C88BF49
S315000110E0BCF5E06F3FF6AFAEB5EB030C04BFB6EB54
S315000110F0020C5FEA500C50F1000041EB045170BD47
S315000111000EF0004E4EEA113114EB5C04C2BFD4EB73
S315000111100C0541EA045170BD41F480114FF0000EF7
S31500011120013C90E645EA060E8DE60CEA135594EA73
S315000111300C0F08BF95EA0C0F3FF43BAF94EA0C0F76
S315000111400AD150EA01347FF434AF95EA0C0F7FF4EB
S3150001115025AF104619462CE795EA0C0F06D152EA3F
S3150001116003353FF4FDAE1046194622E750EA410623
S3150001117018BF52EA43067FF4C5AE50EA41047FF434
S315000111800DAF52EA43057FF4EBAE12E74FF0FF3C99
S3150001119006E000BF4FF0010C02E000BF4FF0010C6A
S315000111A04DF804CD4FEA410C7FEA6C5C4FEA430CE3
S315000111B018BF7FEA6C5C1BD001B050EA410C0CBF32
S315000111C052EA430C91EA030F02BF90EA020F002094
S315000111D0704710F1000F91EA030F58BF994208BFFB
S315000111E090422CBFD8176FEAE37040F001007047B8
S315000111F04FEA410C7FEA6C5C02D150EA013C07D10F
S315000112004FEA430C7FEA6C5CD6D152EA033CD3D059
S315000112105DF8040B704700BF8446104662468C4653
S315000112201946634600E000BF01B5FFF7B7FF002886
S3150001123048BF10F1000F01BD4DF808EDFFF7F4FFAF
S315000112400CBF012000205DF808FB00BF4DF808ED3A
S31500011250FFF7EAFF34BF012000205DF808FB00BF5D
S315000112604DF808EDFFF7E0FF94BF012000205DF87F
S3150001127008FB00BF4DF808EDFFF7CEFF94BF012034
S3150001128000205DF808FB00BF4DF808EDFFF7C4FF2D
S3150001129034BF012000205DF808FB00BF4A0011D2CF
S315000112A012F5001211D20DD56FF47873B3EB6252B9
S315000112B00ED44FEAC12343F0004343EA505323FAC5
S315000112C002F070474FF00000704750EA013002D13A
S315000112D04FF0FF3070474FF00000704753B94AB9DD
S315000112E0002908BF00281CBF4FF0FF314FF0FF3027
S315000112F000F06AB9ADF1080C6DE904CE00F006F80C
S31500011300DDF804E0DDE9022304B070472DE9F0477A
S31500011310089D0C46002B4ED194468C458646B2FA62
S3150001132082F262D94AB1C2F12003914020FA03F355
S315000113300CFA02FC194300FA02FE4FEA1C471FFA97
S315000113408CF6B1FBF7F44FEA1E4307FB141143EA8F
S31500011350014304FB06F199420AD91CEB030304F18C
S31500011360FF3080F01381994240F21081023C6344C0
S31500011370591A1FFA8EF3B1FBF7F007FB101143EA76
S31500011380014300FB06F69E420AD91CEB030300F15A
S31500011390FF3180F0FD809E4240F2FA8063440238BC
S315000113A09B1B40EA044000211DB1D3400022C5E940
S315000113B00032BDE8F0878B4205D90DB1C5E90001C0
S315000113C000210846F5E7B3FA83F1002946D1A34285
S315000113D002D39042C0F0F180861A64EB0303012028
S315000113E0002DE6D0C5E90063E3E7002A40F09180CD
S315000113F0A1EB0C044FEA1C481FFA8CF70121B4FB40
S31500011400F8F64FEA1E4308FB164443EA044307FB7A
S3150001141006F0984208D91CEB030306F1FF3402D209
S31500011420984200F2CE8026461C1A1FFA8EF3B4FBB0
S31500011430F8F008FB104443EA044300FB07F79F4218
S3150001144008D91CEB030300F1FF3402D29F4200F2DC
S31500011450B1802046DB1B40EA0640A5E7C1F1200624
S315000114608B4022FA06F71F4320FA06FC04FA01F321
S3150001147043EA0C03F44000FA01F8380C4FEA134929
S31500011480B4FBF0FE1FFA87FC00FB1E4449EA044444
S315000114900EFB0CF9A14502FA01F20AD93C190EF12B
S315000114A0FF3A80F08580A14540F28280AEF1020EBE
S315000114B03C44A4EB09041FFA83F9B4FBF0F300FBE7
S315000114C0134449EA044403FB0CFCA44507D93C191F
S315000114D003F1FF3068D2A44566D9023B3C4443EA96
S315000114E00E40A0FB0293A4EB0C049C42CE469C4604
S315000114F052D34FD055B1B8EB0E0364EB0C0404FA8A
S3150001150006F6CB40CC401E43C5E900640021BDE888
S31500011510F087C2F1200320FA03F10CFA02FC24FA47
S3150001152003F394400C434FEA1C4800FA02FE1FFAEB
S315000115308CF7B3FBF8F008FB1031230C43EA0143A7
S3150001154000FB07F1994208D91CEB030300F1FF36B2
S315000115502CD299422AD9023863445B1AA4B2B3FB4E
S31500011560F8F108FB113344EA034401FB07F3A342F4
S3150001157008D91CEB040401F1FF3613D2A34211D999
S3150001158002396444E41A41EA004138E70446EFE6C9
S31500011590084605E7C845ADD2B9EB020E63EB070C69
S315000115A00138A7E73146EDE7034698E73046D4E729
S315000115B0D6467EE7634402384CE70646234608468C
S315000115C00EE7023E63442FE7704700BF1FB514467E
S315000115D01A46094B1B680546D86854B9074B1C4681
S315000115E0CDE9013400912B46054900F017FE01F0C3
S315000115F085F8044BF4E700BF24030000C65E21080A
S31500011600E7632108DA632108024B0146186800F0F6
S315000116102DB800BF24030000024B0146186801F0F3
S3150001162029BF00BF2403000070B50F4E0C46316878
S31500011630054611B900F0C2FF30602146284600F088
S31500011640BDFF431C03D14FF0FF34204670BDC41CBF
S3150001165024F00304A042F8D0211A284600F0AEFF78
S315000116600130F2D1EFE700BF044800002DE9F04157
S31500011670CD1C25F0030508350C2D38BF0C25002D92
S31500011680064601DBA94204D90C2333600020BDE8DC
S31500011690F081314F00F062F83B681C4644BB294695
S315000116A03046FFF7C1FF431C044650D13C68214632
S315000116B0002941D1002C44D02368304604EB0308AD
S315000116C000F07CFF80453CD121686D1A29463046E1
S315000116D0FFF7AAFF013034D023682B4423603B680F
S315000116E0002B36D05A68A24229D100225A600EE058
S315000116F02268521B1DD40B2A16D96119A3422560F3
S3150001170018BF5960636808BF396062514B60304643
S3150001171000F02AF804F10B00231D20F00700C21A7D
S31500011720B5D01B1AA350B2E7A3426268DED13A6074
S31500011730EDE723466468B1E70C464968B8E7134606
S31500011740CEE70C233360304600F00EF89EE70560C5
S31500011750DDE75B60FFDE00BF08480000014800F0DE
S3150001176050BF00BF4C490000014800F04BBF00BF0D
S315000117704C490000164B10B51C68236BB3B91820F1
S31500011780FFF742FF0246206320B9124B124852214D
S31500011790FFF71CFF1149124BC0E90013114B83607F
S315000117A00B23838100210120C2E90401216B0E482C
S315000117B00B694C690D4A584302FB0400A3FB023234
S315000117C0013340EB0200C1E9043020F0004010BDB6
S315000117D024030000166421082D6421080E33CDABC5
S315000117E034126DE6ECDE05002DF451582D7F954C33
S315000117F02DE9F04F89B0DDE91598002B1D461446F9
S31500011800BCBF03F10043144628F0200A149AB6BF60
S315000118101D4600232D23BAF1460FDDE9126B137025
S3150001182005D0BAF1450F00D10136022300E00323AA
S3150001183007AA049206AACDE90292CDE9003622460C
S315000118402B4600F0EDFFB8F1670F074619D11BF0E3
S31500011850010F0ED007EB0608002200232046294679
S31500011860FFF7EAFC08B1CDF81C803022079B4345FF
S3150001187021D3079B179ADB1B3846136009B0BDE8D5
S31500011880F08FB8F1470FE2D0BAF1460F00EB060828
S31500011890E2D10378302B0AD10022002320462946C3
S315000118A0FFF7CAFC18B9C6F10106C9F80060D9F8F4
S315000118B000309844D0E7591C07911A70D6E7F7B55E
S315000118C00029BABF49422D232B23092902704370EF
S315000118D029DD0DF107031D460A271A46B1FBF7F666
S315000118E007FB1614303402F8014C0C46632C03F145
S315000118F0FF333146F1DC3031941E03F8011C411CE3
S315000119002346AB420AD30DF109039B1AAC4288BFA9
S31500011910002302330344181A03B0F0BD13F8016B18
S3150001192001F8016FEDE7302330318370C170031D7B
S31500011930F1E700002DE9F04F91B00C46DDF8688023
S3150001194016461F46054600F001FE03680893184631
S3150001195000F0CCFE00230E93D8F80030099007332F
S3150001196023F0070303F1080294F818A0D4F800B095
S31500011970C8F80020D3E9008929F000430B93CDF87C
S315000119802880C4E91289DDE90A019C4B4FF0FF3238
S3150001199002F0DAFC70BBDDE90A01984B4FF0FF3229
S315000119A0FFF75EFC30BB0022002340464946FFF7A5
S315000119B04DFC10B12D2384F84330914A914BBAF175
S315000119C0470F94BF90469846032323612BF00403E7
S315000119D023604FF00009009733460FAA2146284697
S315000119E000F0DEF9013040F099804FF0FF3011B080
S315000119F0BDE8F08F42464B464046494602F0A4FCFC
S31500011A0040B14B46002BBCBF2D2384F843307E4AA0
S31500011A107E4BD4E763685A1C29D1062363604BF4D5
S31500011A2080630022236006920EAACDE904A20DAAC4
S31500011A3003920DF13302CDE9013263680093424608
S31500011A404B462846FFF7D4FEBAF1670F0D9980463B
S31500011A5015D1CB1C3BDB6368994238DC0E9B99425E
S31500011A6055DB23682161D80745D54B1C42E00AF0B6
S31500011A70DF02472AD3D1002BD1D10123CEE7BAF118
S31500011A80470F07D1C81C25DB63688B4222DB4FF069
S31500011A90670AE3E7BAF1650F1FD80139524604F127
S31500011AA050000D91FFF70BFF0E9A1318012A81467C
S31500011AB0236102DC2268D20701D5013323619DF837
S31500011AC03330002B87D02D2384F8433083E74FF042
S31500011AD0650AE2E74FF0450ADFE7BAF1660FBDD1C5
S31500011AE0002963680BDD216113B92268D00702D58D
S31500011AF001330B442361A1654FF00009DFE713B9F8
S31500011B002268D20701D50233F4E70123F2E700295F
S31500011B10D4BFC1F1020201221344EBE723685A053F
S31500011B2007D42369424631462846B84701302BD1AE
S31500011B305BE7BAF1650F40F2DC80D4E912010022BD
S31500011B400023FFF779FB002833D0314A01233146C0
S31500011B502846B84701303FF448AFDDE90D38434523
S31500011B6002DB2368D8070FD5DDE90823314628466D
S31500011B70B84701303FF439AF4FF0000908F1FF389B
S31500011B8004F11A0AC84509DC23689B0700F10281A2
S31500011B90E0680F9B9842B8BF184628E701235246D2
S31500011BA031462846B84701303FF41FAF09F1010914
S31500011BB0E8E70D9B002B38DC154A01233146284600
S31500011BC0B84701303FF411AFDDE90D3959EA030396
S31500011BD002D12368D907D7D5DDE90823314628463E
S31500011BE0B84701303FF401AF4FF0000A04F11A0B78
S31500011BF00D9B5B4253450DDC4B4693E7FFFFEF7FA1
S31500011C00876521088B6521088F6521089365210861
S31500011C109765210801235A4631462846B8470130BF
S31500011C203FF4E3AE0AF1010AE2E7A36DDDF838A05D
S31500011C305345A8BF5346002B994636DC4FF0000B9F
S31500011C4029EAE97904F11A02A36D0A93A3EB0903C0
S31500011C505B4531DC0D9B9A453ADC2368DA0737D4BC
S31500011C600D9BAAEB03090A9BAAEB03039945A8BF9F
S31500011C709946B9F1000F33DC4FF0000829EAE979FA
S31500011C8004F11A0B0D9BAAEB0303A3EB09034345CE
S31500011C907FF77AAF01235A4631462846B8470130C5
S31500011CA03FF4A3AE08F10108ECE742463146284667
S31500011CB0B8470130C2D198E60123314628460A9237
S31500011CC0B84701303FF491AE0A9A0BF1010BBBE71D
S31500011CD0DDE9082331462846B8470130C0D184E6FC
S31500011CE00A9A4B46424431462846B8470130C3D189
S31500011CF07BE6DDF838A0BAF1010F01DCDB0736D54A
S31500011D000123424631462846B84701303FF46DAEBD
S31500011D10DDE9082331462846B84701303FF465AE70
S31500011D20D4E91201002200230AF1FF3AFFF784FAEF
S31500011D30C0B9534608F1010231462846B847013079
S31500011D400CD152E601235A4631462846B84701309E
S31500011D503FF44BAE08F10108D045F3DB4B4604F1E5
S31500011D605002E0E64FF0000804F11A0BF4E70123F4
S31500011D704246E1E701234A4631462846B847013043
S31500011D803FF433AE08F10108E3680F995B1A434546
S31500011D90F0DCFDE64FF0000804F11909F4E700BF95
S31500011DA02DE9F047164698468A680B69DDF82090BA
S31500011DB09342B8BF1346336091F8432007460C4659
S31500011DC00AB1013333602368990642BF336802338F
S31500011DD03360256815F0060506D104F1190AE36892
S31500011DE032689B1AAB4226DC94F843302268003BEA
S31500011DF018BF012392062BD404F14302414638460B
S31500011E00C84701301ED02368226903F00603042B5C
S31500011E1002BFE5683368ED1AA3680CBF25EAE575CC
S31500011E2000259342C4BF9B1AED1800261A34B54209
S31500011E301AD1002008E00123524641463846C847D8
S31500011E40013003D14FF0FF30BDE8F0870135C6E719
S31500011E50E1185A1C302081F84300224494F84510B9
S31500011E6082F843100233C7E701232246414638462A
S31500011E70C8470130E6D00136D9E700002DE9FF4712
S31500011E800F7E0C9E782F914680460C469A4601F1AC
S31500011E90430207D8622F0AD8002F00F0DD80582FA1
S31500011EA000F0C38004F1420684F842703AE0A7F1DB
S31500011EB06303152BF6D801A151F823F0152F21083C
S31500011EC0292F2108A52E2108A52E2108A52E210896
S31500011ED0A52E2108292F2108A52E2108A52E210886
S31500011EE0A52E2108A52E21083F302108B72F21084C
S31500011EF0F72F2108A52E2108A52E210861302108DA
S31500011F00A52E2108B72F2108A52E2108A52E2108C7
S31500011F10FF2F210833681A1D1B68326004F142063F
S31500011F2084F842300123A8E031682368081D306037
S31500011F301E0601D50D6803E05D06FBD5B1F900501B
S31500011F406168002D78DA2D20002984F84300A1600C
S31500011F502DDA5E486D420A231646B5FBF3F103FB03
S31500011F601157C75D06F8017D2F46BB420D46F4D9D0
S31500011F70082B0BD12368DF0708D5236961689942CD
S31500011F80DEBF302306F8013C06F1FF36921B2261C3
S31500011F90CDF800A04B4603AA21464046FFF700FFB5
S31500011FA001306FD14FF0FF3004B0BDE8F08723F068
S31500011FB004032360CDE721683368080653F8045B00
S31500011FC002D4490648BFADB26F2F4048336014BFF3
S31500011FD00A230823002184F843106668A660002EB0
S31500011FE0BADB216821F004012160002DB4D1002E55
S31500011FF0B2D11646BCE7236843F020032360344878
S31500012000782784F84570236831681F0651F8045B08
S3150001201002D45F0648BFADB23160D90744BF43F071
S31500012020200323601DB11023D4E72848E9E723687C
S3150001203023F020032360F6E724480A23CDE733681B
S3150001204025686169181D30602E061B6801D5196067
S3150001205002E06806FBD5198000232361164697E73F
S3150001206033681A1D32601E6862680021304600F02E
S31500012070DFFA08B1801B606063682361002384F87E
S31500012080433085E72369324649464046D047013009
S3150001209088D023689B0714D4E068039B9842B8BF95
S315000120A0184681E70123324649464046D04701306A
S315000120B03FF478AF0135E36803995B1AAB42F1DC73
S315000120C0EAE7002504F11906F5E700BF996521083D
S315000120D0AA652108002310B50446C0E90033C0E90A
S315000120E00433836081814366C28183611946082274
S315000120F05C3000F023FA0D4B63620D4BA3620D4B6E
S31500012100E3620D4B23630D4B24629C4206D003F11F
S315000121106802944202D0D0339C4205D104F15800A2
S31500012120BDE8104000F06CBA10BD00BF6D33210848
S315000121308F332108C7332108EB3321080C480000EF
S31500012140024A0349034800F07BB800BF18030000A8
S31500012150A14F21082803000041680C4B994210B594
S31500012160044601D001F01CFFA168094B994202D037
S31500012170204601F015FFE168064B994204D020463E
S31500012180BDE8104001F00CBF10BD00BF0C480000B7
S3150001219074480000DC48000010B50B4B0B4C0C4A90
S315000121A01A60204600220421FFF794FF04F168001B
S315000121B001220921FFF78EFF04F1D0000222BDE8BA
S315000121C010401221FFF786BF444900000C48000069
S315000121D041312108014800F014BA00BF4D49000001
S315000121E0014800F00FBA00BF4D49000010B5044682
S315000121F0FFF7F0FF236A1BB1BDE81040FFF7F0BF00
S31500012200044B2362044B1B68002BF5D1FFF7C4FF77
S31500012210F2E700BF59312108444900000EB403B565
S31500012220014603AB054853F8042B0068019301F0FE
S315000122301BFD02B05DF804EB03B0704724030000F8
S315000122402DE9F8430746884614460026D4E9019548
S31500012250B9F1010905D52468002CF7D13046BDE84E
S31500012260F883AB89012B07D9B5F90E30013303D0B9
S3150001227029463846C04706436835E9E70FB407B52E
S31500012280064904AB086853F8042B8168019301F0F1
S31500012290EBFC03B05DF804EB04B0704724030000C7
S315000122A0024B01461868826801F004BF240300004E
S315000122B0036A70B5846805460E460BB9FFF796FFAB
S315000122C0636EDB0705D4A389980502D4A06D00F0DF
S315000122D098F9A389190702D52369002B35D121461F
S315000122E0284600F0C5F880B34FF0FF35636EDA0774
S315000122F005D4A3899B0502D4A06D00F083F9284675
S3150001230070BD002B15DB23685A1C22601970A36867
S3150001231016F8011F013BA3600029F2D1002B16DA42
S3150001232022460A21284600F064F80130DCD00A254D
S31500012330DCE7A2699A4201DC0A29E4D12246284651
S3150001234000F057F80130E2D1CEE7013EDFE723681E
S315000123505A1C22600A221A70E9E70000024B014664
S315000123601868FFF7A5BF00BF2403000010B50C468F
S31500012370B1F90E1000F010F90028ABBF636DA38907
S315000123801B1823F48053ACBF6365A38110BD2DE9EF
S31500012390F0411F468B89DB0505460C46164605D5D9
S315000123A0B1F90E100223002200F0E4F8A389B4F972
S315000123B00E1023F48053A38132463B462846BDE8DE
S315000123C0F04100F00BB910B50C46B1F90E1000F052
S315000123D0D1F8431CA38915BF606523F4805343F4E8
S315000123E08053A38118BFA38110BDB1F90E1000F06F
S315000123F0B1B8F8B50E461446054618B1036A0BB9CD
S31500012400FFF7F4FEA369A360A3891A0701D523691F
S3150001241043B92146284600F02BF818B14FF0FF3793
S315000124203846F8BD23682269981A6369F6B2834271
S31500012430374605DC2146284601F0B2FD0028EDD1DC
S31500012440A368013BA36023685A1C22601E7062695F
S31500012450431C9A4204D0A389DB07E1D50A2EDFD1BA
S315000124602146284601F09CFD0028D9D0D6E7000078
S3150001247038B5294B054618680C4618B1036A0BB9DD
S31500012480FFF7B4FEB4F90C30190722D4DA0607D4E3
S3150001249009222A6043F04003A3814FF0FF3033E065
S315000124A0580712D5616B41B104F14403994202D038
S315000124B0284600F0DFFF00236363A38923F024038A
S315000124C0A3810023636023692360A38943F0080382
S315000124D0A38123694BB9A38903F42073B3F5007F64
S315000124E003D02146284601F0A9FDB4F90C3013F0BA
S315000124F001020AD00022A26062695242A2612269E7
S3150001250042B913F08000C5D138BD990758BF626939
S31500012510A260F4E70020F7E72403000010B50139B3
S315000125200244904201D1002005E0037811F8014FE1
S31500012530A34201D0181B10BD0130F2E70244034645
S31500012540934200D1704703F8011BF9E70048704731
S315000125506404000038B5064D0023044608462B6086
S31500012560F2F7EAF8431C02D12B6803B1236038BDA8
S315000125704849000038B5074D044608461146002271
S315000125802A601A46F2F7E2F8431C02D12B6803B11E
S31500012590236038BD4849000038B5074D0446084652
S315000125A0114600222A601A46F2F7D2F8431C02D1DC
S315000125B02B6803B1236038BD4849000038B5064D84
S315000125C00023044608462B6001F0FCFE431C02D1A1
S315000125D02B6803B1236038BD4849000038B5074D63
S315000125E004460846114600222A601A46F2F782F886
S315000125F0431C02D12B6803B1236038BD4849000052
S3150001260070477047704710F8012B11F8013B012AFA
S3150001261028BF9A42F7D0D01A7047034611F8012B0A
S3150001262003F8012B002AF9D17047000000000000D1
S3150001263001F0FF01102A2BDB10F0070F08D010F86C
S31500012640013B013A8B422DD010F0070F42B3F6D170
S31500012650F0B441EA012141EA014122F007047FF089
S3150001266000070023F0E80256083C85EA010586EAE0
S31500012670010685FA47F5A3FA87F586FA47F6A5FA1C
S3150001268087F68EB9EED1F0BC01F0FF0102F0070228
S3150001269032B110F8013B013A83EA010313B1F8D1D3
S315000126A00020704701387047002D06BF35460338B4
S315000126B0073815F0010F07D1013015F4807F02BFED
S315000126C0013015F4C03F0130F0BC0138704700BF3E
S315000126D00A44914200F1FF3300D1704710B511F859
S315000126E0014B03F8014F9142F9D110BD034613F88E
S315000126F0012B002AFBD1181A0138704708B50620AC
S3150001270001F034FD0120F1F7EFFF2DE9F74F0369E1
S315000127100C69A34207467EDB013C01F11408A300C4
S3150001272000F11405009305EB8403019358F8243056
S3150001273055F8242001339A4208EB8409B2FBF3F6DB
S315000127402ED34FF0000AC446AE46D3465CF8043B8E
S3150001275098B206FB00A0020C1B0C06FB0323DEF855
S31500012760002080B292B2121A5A44DEF800004FEAF3
S31500012770134A9BB2C3EB224303EB104392B242EAE4
S315000127800342E1454EF8042B4FEA234BDED2009B70
S31500012790EB582BB9019B043B9D421A462FD33C6152
S315000127A0384601F02FF9002825DB2946002058F884
S315000127B0042BD1F800C01FFA82FE1FFA8CF3A3EB9B
S315000127C00E030344120CC2EB234202EB1C429BB2E2
S315000127D043EA0243C14541F8043B4FEA2240E6D2AF
S315000127E055F8242005EB840322B9043B9D421A4681
S315000127F00BD33C610136304603B0BDE8F08F126859
S31500012800043B002ACBD1013CC6E71268043B002AEF
S31500012810EFD1013CEAE70020EEE7000000000000EE
S315000128202DE9F04FC76997B014461D46CDE9044519
S31500012830239E83467FB91020FEF7E6FE0246CBF8BB
S315000128401C0020B9A64BEF21A648FEF7BFFEC0E942
S3150001285001770760C760DBF81C30196859B15A68FF
S315000128604A60012393408B60584600F08DFEDBF8E9
S315000128701C3000221A602B1EB9BF23F000430593BA
S3150001288000233360059F984BBCBF01223260BB43D6
S3150001289019D1229A42F20F731360C7F3130323432C
S315000128A000F0DE85249B53B9904B21E0904B0893B1
S315000128B00833249A1360089817B0BDE8F08F8B4B44
S315000128C008930333F5E79DED047B002251EC170BCA
S315000128D000238DED0C7BFEF7AFFC804650B1229AAA
S315000128E001231360249B13B1249A824B1360824BFC
S315000128F00893E0E714AB019315AB00935846DDE965
S315000129000C2301F02FF9C7F30A560390002E79D054
S315000129100D9BCDF84C80C3F31303DDE90C0143F0A5
S315000129207F5343F44013A6F2FF3619460022734B38
S31500012930FEF762F864A3D3E90023FEF715FA64A350
S31500012940D3E90023FEF75AF8044630460D46FEF752
S31500012950A1F961A3D3E90023FEF706FA02460B4665
S3150001296020462946FEF74AF804460D4601F002FDC7
S3150001297000220746002320462946FEF767FC40B1A0
S315000129803846FEF787F922462B46FEF755FC00B975
S31500012990013F162F53D85A4B03EBC703D3E9002344
S315000129A0DDE90C01FEF752FC00284AD0013F002365
S315000129B01293149B9B1B5A1E45BFC3F10103099336
S315000129C0002300230A9254BF09930A93002F3ADB8E
S315000129D00A9B0F973B440A9300230B93209B092BD9
S315000129E067D8052BC4BF043B2093209BA3F10203A8
S315000129F0CCBF00240124032B00F28680DFE803F01C
S31500012A002B383657DDE914631E4406F23243202B78
S31500012A10C1BFC3F140039F4006F2124324FA03F3F8
S31500012A20D6BFC3F1200347EA030004FA03F0FEF719
S31500012A3021F90122A1F1F873013E139275E70123F1
S31500012A40B6E71290B5E7099BDB1B09937B420B9313
S31500012A5000230F93C2E700230E93219B002B56DC24
S31500012A600123069399461A4621920CE00123F3E7C6
S31500012A7000230E93219BFB1803F1010906934B4694
S31500012A80012BB8BF0123DBF81C000021042202F14F
S31500012A9014059D423FD94160584600F035FD089026
S31500012AA000283BD1174B024640F2AF11CCE6012379
S31500012AB0DFE70124002320930E944FF0FF330693A2
S31500012AC0994600221223CFE761436F63A787D23F5E
S31500012AD0B3C8608B288AC63FFB799F501344D33F06
S31500012AE016642108C86521080000F07FC465210825
S31500012AF0BB65210898652108976521080000F83F04
S31500012B00C06621082166210801230E93D5E7219B82
S31500012B1006939946B7E701315200B8E7DBF81C3056
S31500012B20089A1A60B9F10E0F6FD8002C6DD0002FDC
S31500012B3036DDA14B07F00F0203EBC20393ED007BD9
S31500012B40F8058DED107B4FEA271417D59B4BDDE970
S31500012B500C01D3E90823FEF731FACDE9040104F0AB
S31500012B600F044FF00308954D5CB9DDE91023DDE94B
S31500012B700401FEF723FACDE904012BE04FF0020828
S31500012B80F1E7E10709D5DDE91001D5E90023FEF7F3
S31500012B90EBF8CDE9100108F1010864100835E3E707
S31500012BA000F007817C42844B844D04F00F0203EB55
S31500012BB0C203D3E90023DDE90C01FEF7D5F8CDE91F
S31500012BC00401241100234FF00208002C40F0E58097
S31500012BD0002BD0D1129BDDE90445002B00F04B817F
S31500012BE0774B002220462946FEF730FB002800F0ED
S31500012BF04281B9F1000F00F03E81069B002B00F3E4
S31500012C00E380DDE90C34CDE90434159B002B02DBAE
S31500012C100E2F40F341820E9A002A40F066820B9CE9
S31500012C20DDF824800025B8F1000F0DD00A9B002B9A
S31500012C300ADD4345099AA8BF4346D21A09920A9A60
S31500012C40A8EB0308D31A0A930B9B0BB30E9B002B1D
S31500012C5000F0A582002C00F0A082294622465846A3
S31500012C6000F00AFE039A01460546584600F05AFD51
S31500012C7003990646584600F087FC0B9B1B1B0B93DA
S31500012C8000F090820B9A3146584600F0F5FD03900C
S31500012C900121584600F030FD0F9B0446002B00F041
S31500012CA083821A460146584600F0E6FD209B012B19
S31500012CB0044603DC049B002B00F07B82002623697B
S31500012CC004EB8303186900F0C7FC0F96C0F12000DE
S31500012CD00A9B184410F01F0000F09082C0F12003F7
S31500012CE0042B40F38082099BC0F11C000344099325
S31500012CF00A9B034480440A93099B002B05DD039933
S31500012D001A46584600F012FE03900A9B002B05DD79
S31500012D1021461A46584600F009FE0446129B002B2E
S31500012D2000F075820398214600F06CFE002880F2BF
S31500012D306E82002303990A22584600F047FC0E9B37
S31500012D4003907E1E002B00F05B82002329460A2297
S31500012D50584600F03BFC069B002B054603DC209BF6
S31500012D60022B00F35D82B8F1000F05DD29464246CC
S31500012D70584600F0DBFD05460F9B002B00F0CF8285
S31500012D806968584600F0C0FB0746002840F07E827D
S31500012D900C4B024640F2EF2156E5E20706D5D5E98E
S31500012DA00023FDF7E1FF08F101080123641008354E
S31500012DB00BE74FF002080DE7C06621089866210867
S31500012DC00000F03F216621082046AD4B002229462E
S31500012DD0FDF7CAFFCDE90401069C7E1E08F1010834
S31500012DE04046FDF757FFDDE90423FDF7BDFFA54B7F
S31500012DF00022FDF703FEA1F15073CDE910011193F5
S31500012E00002C3BD1DDE904019F4B0022FDF7F4FDC7
S31500012E1002460B46CDE90423DDE91023FEF734FA19
S31500012E20002840F05781DDE9102101F10043DDE979
S31500012E300401FEF70BFA00283FF4E3AE0024254611
S31500012E40219BDDF820A0DE434FF0000821465846BD
S31500012E5000F09AFB002D00F0A980B8F1000F05D013
S31500012E60A84503D04146584600F08EFB29465846F0
S31500012E7000F08AFB9AE03E464C46B1E7834B03EBF2
S31500012E80C40353E90201089B1C440E9B002B4AD044
S31500012E9002460B4600207E49FEF790F8DDE9102335
S31500012EA0FDF7AAFDCDE91001DDF820A0DDE9040159
S31500012EB001F060FA0546FDF7EDFE02460B46DDE937
S31500012EC00401FDF799FD3035CDE9040102460B46B3
S31500012ED00AF8015BDDE91001FEF7D6F9002865D194
S31500012EE0DDE904236B490020FDF786FD02460B460A
S31500012EF0DDE91001FEF7C8F9002840F00D81A24571
S31500012F0000F0EA80DDE910015D4B0022FDF72CFFA0
S31500012F105B4BCDE910010022DDE90401FDF724FF39
S31500012F20CDE90401C2E7DDE91023FDF71DFFCDE977
S31500012F301001DDF820A0A046DDE9040101F01AFA2E
S31500012F400546FDF7A7FE02460B46DDE90401FDF73E
S31500012F5053FD30350AF8015B02460B46A245CDE921
S31500012F6004234FF0000223D1494BDDE91001FDF79F
S31500012F7045FD02460B46DDE90401FEF785F9002809
S31500012F8040F0CA80DDE9102341490020FDF734FDF8
S31500012F9002460B46DDE90401FEF758F970B1C24657
S31500012FA008F1FF381AF8013C302BF8D0374655E0C6
S31500012FB0334BFDF7D9FECDE90401BDE7DDE90C345C
S31500012FC0CDE90434159B002BFFF629AE0E2F3FF7F2
S31500012FD026AE2E4B03EBC70393ED007B219B002B03
S31500012FE08DED067B02DAB9F1000F64D0DDE9044507
S31500012FF0DDF820A0DDE9062320462946FDF7DEFFA0
S3150001300001F0B8F90646FDF745FEDDE90623FDF7B1
S31500013010ABFE02460B462046294606F13004FDF773
S31500013020EBFC0AF8014B089CAAEB0404A1450246F5
S315000130300B4640F08280FDF7E1FCDDE906230446FC
S315000130400D46FEF721F9002865D1DDE90623204664
S315000130502946FEF7F1F808B1F3075CD403995846FF
S3150001306000F092FA00238AF80030229B01371F6094
S31500013070249B002B3FF41FACC3F800A01BE400BF48
S315000130800000244000001C4000001440C0662108D6
S315000130900000E03F0000F03FA24B03EBC70393EDB6
S315000130A0007B219B002B8DED067B9FDAB9F1000F8A
S315000130B09CDC7FF4C3AE9C4B0022DDE90601FDF7E3
S315000130C053FEDDE90423FEF7D5F8044600287FF414
S315000130D0B5AE3E462546B4E0DDE90C34CDE904340F
S315000130E0159B002B01DB0E2FD6DD209A012A36DC3B
S315000130F0139A82B303F233430B9CDDF82480099AB9
S315000131001A4409920A9A01211A4458460A9200F071
S31500013110F3FA054687E53E4653469A4613F8012DCE
S31500013120392A06D1089A9A42F7D1089930220136EE
S315000131300A701A7801321A7038E77C4B0022FDF7C3
S3150001314013FE0022002304460D46FEF775F80028FB
S315000131503FF450AF82E7149BC3F13603CCE70B9BD8
S3150001316009F1FF34A34208DBB9F1000FA3EB040414
S315000131700EDBDDF824804B46C1E70B9B0F9A0B94BF
S31500013180E31A1A44DDF824800F924B460024B6E771
S31500013190099BA3EB09080023B1E7039E72E50B9A8D
S315000131A0039971E5039673E5209B012B17DC049BBC
S315000131B0ABB9059BC3F313039BB9059B23F00046EB
S315000131C0360D360536B1099B013309930A9B013346
S315000131D00A9301260F9B002B7FF471AD0F960120F8
S315000131E076E50026F6E73FF487AD099A1C331A44C3
S315000131F009920A9A1A4498440A927DE50346F4E72D
S31500013200069B002B2BDC209B022B09DC27E0B9F166
S31500013210000F1DDC209B022B1ADDCDF818903E46CF
S31500013220069B002B7FF40CAE21460522584600F082
S31500013230CDF901460446039800F0E4FB00287FF728
S31500013240FFADDDF820A031230AF8013B0136FBE58D
S315000132500E9BCDF818903E46002B7FF484AD089F57
S3150001326003982146FFF751FA00F1300907F8019B4F
S31500013270089B069AFB1A9A4240F3CB8003990023D6
S315000132800A22584600F0A2F90390E9E72A690232B8
S31500013290920005F10C010C30FFF71AFA01223946AA
S315000132A0584600F043FB089B089A03F1010A069B66
S315000132B013440A93049B03F00103A8460B930546A6
S315000132C00AF1FF33214603980693FFF71EFA41469A
S315000132D0099000F13009039800F094FB2A46214633
S315000132E00746584600F0AAFBC268014602B3584693
S315000132F000F04AF9002F3ADA03990122584600F004
S3150001330015FB2146039000F07DFB002803DC29D143
S3150001331019F0010F26D0B9F1390F1DD132E0284637
S31500013320C1E700BFC0662108000014400000244028
S315000133300E90039800F066FB0E990C90584600F02B
S3150001334023F90C9A5ABB209B53B90B9B43B9B9F18C
S31500013350390F17D0002F05DD099B03F1310901E073
S31500013360002F2ADADDF818A00AF8019B6EE5209BEA
S315000133703B4304D1049B03F00103002BBCD0B9F1FC
S31500013380390F36D1069F392307F8013BBA46013F6B
S315000133901AF8013C392B5BD001333B7056E5002FFF
S315000133A006DB209B3B4306D1049B03F0010313B9C3
S315000133B0002AA1DCD6E7002AE1DC0A9B0AF8019C77
S315000133C0534557462FD0039900230A22584600F049
S315000133D0FDF8A84503904FF000034FF00A0241465D
S315000133E058460BD100F0F2F8804605460AF1010A6B
S315000133F066E7DDF818A009F10109B5E700F0E6F87E
S315000134002946804600230A22584600F0DFF8054681
S31500013410ECE7069B002BC8BF1F46089BD8BF0127B8
S315000134201F444FF0000803990122584600F07EFA26
S315000134302146039000F0E6FA0028A7DC02D119F034
S31500013440010FA3D1BA4617F8013D302BFAD0FDE49E
S31500013450089BBB429AD1089A312301361370F5E4D1
S31500013460249B002B7FF422AA014BFFF741BA00BF30
S31500013470BB65210838B50546002941D051F8043C01
S315000134800C1F002BB8BFE418FEF768F91D4A136834
S3150001349033B9636014602846BDE83840FEF764B965
S315000134A0A34208D9206821188B4201BF19685B68BD
S315000134B009182160EDE71A465B680BB1A342FAD9F8
S315000134C011685018A0420BD120680144501883425C
S315000134D01160E0D118685B68536008441060DAE750
S315000134E002D90C232B60D6E7206821188B4204BF32
S315000134F019685B68636004BF091821605460CAE7F4
S3150001350038BD00BF0848000070B5C66904460D46BF
S3150001351076B91020FEF778F80246E06120B9184B1B
S3150001352018486B21FEF752F8C0E901660660C660CD
S31500013530E669F36883B1E369DB6853F82500B8B936
S31500013540012101FA05F6721D9200204600F04CFE9B
S3150001355060B1C0E901560EE021220421204600F0A7
S3150001356043FEE369F060DB68002BE4D1002070BD07
S31500013570026843F825200023C0E90333F7E700BFBB
S31500013580166421083266210870B5C66905460C46DF
S3150001359076B91020FEF738F80246E86120B9094BE2
S315000135A009488F21FEF712F8C0E901660660C66078
S315000135B03CB1EB696268DB6853F82210216043F87D
S315000135C0224070BD16642108326621082DE9F041BA
S315000135D00D6907460C461E4601F1140C0020DCF865
S315000135E0003099B202FB01611E0C0B0C02FB063383
S315000135F089B2013001EB034185424CF8041B4FEAC5
S315000136001346ECDC0EB3A368AB4219DC616838469D
S315000136100131FFF779FF804628B902460C4B0D4868
S31500013620BA21FDF7D3FF2269023204F10C0192009F
S315000136300C30FFF74DF821463846FFF7A5FF444603
S3150001364004EB850301355E6125612046BDE8F08105
S315000136502166210832662108B0F5803F034636BF50
S31500013660030400201020B3F1807F3CBF1B02083009
S31500013670B3F1805F3CBF1B010430B3F1804F03D32C
S31500013680002B0ADB013070479B0001D502307047E1
S315000136905B0001D50330704720207047036802465E
S315000136A013F007000BD0D90721D4980749BF5B084F
S315000136B09B08012013605CBF13600220704799B21A
S315000136C009B91B0C1020D9B209B908301B0A190710
S315000136D004BF1B090430990704BF9B080230D907B0
S315000136E003D45B0800F1010003D01360704700208A
S315000136F0704720207047000010B50C460121FFF7E6
S3150001370003FF024628B9054B054840F24511FDF76E
S315000137105DFF01234461036110BD00BF21662108DD
S31500013720326621082DE9F04F14460A6923699A4247
S31500013730A8BF23460F46A4BF0C461F46D4F810A0C7
S31500013740D7F81090A36861680AEB0906B34285B001
S31500013750B8BF0131FFF7D8FE30B90246444B4548A0
S315000137604FF4B171FDF732FF00F1140505EB860840
S315000137702B460022434521D307F1140104F114021B
S3150001378002EB8A0201EB89030293131B153B23F01B
S315000137900303043304F11507BA4238BF0423019326
S315000137A0029B03918B420CD8002E03DD58F8043D91
S315000137B0002B5BD0066105B0BDE8F08F43F8042B02
S315000137C0D8E7B1F800A0BAF1000F24D004F1140E25
S315000137D0A9464FF0000C5EF8047BD9F800301FFAB9
S315000137E087FB9BB20AFB0B334FEA174BD9F80070E4
S315000137F063444FEA174C0AFB0BC707EB13479BB20F
S3150001380043EA0743724549F8043B4FEA174CE2D8AD
S31500013810019B45F803C0039BB3F802900431B9F14B
S31500013820000F21D02B6804F1140CAE464FF0000AAC
S31500013830BCF800B0BEF8027009FB0B7757449BB287
S3150001384043EA07434EF8043B5CF8043B4FEA134A4C
S31500013850BEF8003009FB0A3303EB174362454FEA12
S31500013860134AE5D8019FEB51043599E7013E9BE7E1
S3150001387021662108326621082DE9F843154612F022
S31500013880030207460E4607D0254C013A002354F899
S315000138902220FFF79BFE0646AD103DD0FC697CB9A0
S315000138A01020FDF7B1FE0246F86128B91D4B1E48EE
S315000138B040F2B311FDF78AFEC0E901440460C46019
S315000138C0D7F81C80D8F808404CB940F27121384627
S315000138D0FFF712FF0023C8F80800044603604FF003
S315000138E00009EB070AD5314622463846FFF71AFF8B
S315000138F0314680463846FFF747FE46466D100BD0E7
S31500013900206838B9224621463846FFF70BFF20606A
S31500013910C0F800900446E4E73046BDE8F88300BFEE
S315000139208C66210816642108326621082DE9F047C4
S315000139300C464968236903EB6218A368074691465A
S315000139404FEA621A08F10106B3420BDB3846FFF76C
S31500013950DBFD054648B90246284B29484FF4EF716D
S31500013960FDF734FE01315B00EEE7002300F114019F
S3150001397000F110021846534533DB20692AEAEA7A38
S3150001398004F1140319F01F0901EB8A0103EB800C02
S315000139902BD0C9F1200E8A460022186800FA09F0D8
S315000139A010434AF8040B53F8042B9C4522FA0EF2F5
S315000139B0F3D8ACEB0403153B23F00303043304F102
S315000139C01500844538BF0423CA500AB108F102061E
S315000139D0013E38462E612146FFF7D6FD2846BDE851
S315000139E0F08742F8040F0133C5E7043953F8042B75
S315000139F041F8042F9C45F9D8EAE700BF2166210862
S31500013A00326621080A6903460069801A30B50ED16B
S31500013A101433143103EB820401EB820154F8045D83
S31500013A2051F8042D954203D005D24FF0FF3030BD39
S31500013A30A342F3D3FBE70120F9E700002DE9F74F95
S31500013A4089460646114648461446FFF7DBFF051E22
S31500013A5012D129463046FFF757FD024628B93F4B9A
S31500013A6040F237213E48FDF7B1FD0123C0E9043597
S31500013A70104603B0BDE8F08FBCBF4B46A1463046A9
S31500013A80D9F80410BABF1C4601250025FFF73CFDF5
S31500013A90024618B9314B40F24521E3E7D9F81070D7
S31500013AA02669C56009F1100309F1140504F1140E24
S31500013AB000F1140B05EB87080EEB86060193D94638
S31500013AC04FF0000C019B5EF8040B53F804AF019311
S31500013AD01FFA8AF3194683B2CB1A000C6344C0EB72
S31500013AE01A4000EB23409BB243EA0043764549F86E
S31500013AF0043B4FEA204CE5D8331B153B23F0030367
S31500013B0015340433A64238BF04231D445B441E46C4
S31500013B102C4644450ED308F10301491B21F003014C
S31500013B20033DA84538BF00210B4453F8041D91B14C
S31500013B3017619DE754F8041BE646080C1CFA81FC44
S31500013B40714400EB2C4089B241EA004146F8041B5E
S31500013B504FEA204CDDE7013FE7E700BF2166210878
S31500013B60326621082DE973430121089E9046994644
S31500013B70FFF7CAFC044630B90246244B244840F2FA
S31500013B800F31FDF723FDC9F30A55C9F313030DB12F
S31500013B9043F480130193B8F1000324D068460093DF
S31500013BA0FFF77CFDDDE90012D8B1C0F1200302FA6E
S31500013BB003F30B43C24063610192019BA361002B96
S31500013BC00CBF012202222261ADB1A5F233450544A3
S31500013BD03560C0F13500099B1860204602B0BDE88A
S31500013BE070836161E9E701A8FFF758FD019B6361F5
S31500013BF020300122E7E704EB8203A0F23240306075
S31500013C001869FFF729FDC0EB4210E4E72166210898
S31500013C10326621089368013B002B10B4936008DAE1
S31500013C209469A34201DB0A2903D15DF8044BFEF72F
S31500013C30E0BB1368581C1060197008465DF8044B08
S31500013C407047F8B506460F461446D518AC4201D161
S31500013C50002007E014F8011B3A463046FFF7DAFF69
S31500013C60431CF3D1F8BD00002DE9F04F0D469DB080
S31500013C7014469846064618B1036A0BB9FEF7B6FA1A
S31500013C806B6ED90705D4AB899A0502D4A86DFEF7E8
S31500013C90B8FCAB891B0701D52B699BB92946304670
S31500013CA0FEF7E6FB70B16B6EDC0704D54FF0FF3013
S31500013CB01DB0BDE8F08FAB899805F7D4A86DFEF766
S31500013CC0A1FCF3E70023099320238DF82930CDF8D1
S31500013CD00C803023DFF8AC818DF82A304FF00109D2
S31500013CE023469A4613F8012B0AB1252AF9D1BAEBD4
S31500013CF0040B0BD05B46224629463046FFF7A1FF4F
S31500013D00013000F0A780099A5A4409929AF80030C6
S31500013D10002B00F09F8000234FF0FF32CDE90523F1
S31500013D200AF1010A049307938DF853301A93544606
S31500013D30052214F8011B5348FEF77AFC049AD8B9F8
S31500013D40D10644BF20238DF85330130744BF2B23DC
S31500013D508DF853309AF800302A2B15D0079A54461D
S31500013D6000204FF00A0C214611F8013B303B092B8C
S31500013D704BD9B0B1079214E0A0EB080309FA03F39B
S31500013D8013430493A246D2E7039B191D1B680391B3
S31500013D90002BBBBF5B4242F0020207930793B8BFF9
S31500013DA0049223782E2B0AD163782A2B32D1039BD6
S31500013DB01A1D1B68039243EAE37302340593DFF885
S31500013DC0D4A0217803225046FEF732FC38B1049B79
S31500013DD0A0EB0A004022824013430134049314F8F5
S31500013DE0011B29488DF828100622FEF721FC002820
S31500013DF03FD0264B1BBB039B073323F00703083336
S31500013E000393099B3B4409936AE70CFB02320C4678
S31500013E100120A8E700230134059319464FF00A0C47
S31500013E20204610F8012B303A092A03D9002BC6D0B7
S31500013E300591C4E70CFB012104460123F0E703AB1E
S31500013E4000932A46124B04A93046FDF773FD074637
S31500013E50781CD6D16B6ED90705D4AB899A0502D4E5
S31500013E60A86DFEF7CFFBAB895B063FF51FAF09983F
S31500013E701EE703AB00932A46054B04A93046FDF71E
S31500013E80FDFFE4E7886721089267210835292108A3
S31500013E90434C21088E672108B1F90C202DE9F04128
S31500013EA0170705460C4656D44B68002B02DC0B6CF3
S31500013EB0002B3DDDE66A002E3AD0002312F4805233
S31500013EC02F68216A2B6025D0626DA389580705D515
S31500013ED06368D21A636B0BB1236CD21A216AE66A44
S31500013EE000232846B047411C24D000236360236980
S31500013EF02360A389DA0400D56065616B2F60B9B1CF
S31500013F0004F14403994202D02846FFF7B3FA00238D
S31500013F1063630DE001232846B047461C0246D4D10F
S31500013F202B68002BD1D01D2B01D0162B2BD12F6046
S31500013F3000202FE02A68B4F90C3042B11D2A01D0C5
S31500013F40162A22D10023636023692360D5E76260C4
S31500013F5022692260CEE70F69002FE9D093070E6828
S31500013F6008BF4B690F6018BF0023A6EB07088B60DB
S31500013F70B8F1000FDCDD216AA66A43463A462846B7
S31500013F80B047002808DCB4F90C3043F04003A381A4
S31500013F904FF0FF30BDE8F0810744A8EB0008E7E7E2
S31500013FA038B50B6905460C4613B90025284638BDB8
S31500013FB018B1036A0BB9FEF719F9B4F90C30002BE5
S31500013FC0F3D0626ED00704D4990502D4A06DFEF732
S31500013FD018FB28462146FFF75FFF636EDA070546A1
S31500013FE0E4D4A3899B05E1D4A06DFEF70BFBDDE7C5
S31500013FF070B50C46B1F90E10002996B015461E464D
S315000140000DDAA38913F0800F4FF0000114BF40238E
S315000140104FF48063002031602B6016B070BD6A4694
S3150001402000F0ACF80028ECDB019901F47041A1F530
S315000140300053594259414FF48063EBE78B89F7B539
S315000140409D0706460C4607D504F147032360236105
S315000140500123636103B0F0BD01AB6A46FFF7C8FFF8
S31500014060009F054639463046FDF700FB48B9B4F9CD
S315000140700C309A05EED423F0030343F00203A38127
S31500014080E2E7A389206043F08003A381019BC4E991
S3150001409004075BB1B4F90E10304600F081F828B17F
S315000140A0A38923F0030343F00103A381A3891D43DD
S315000140B0A581CFE770B50D461446064618B1036AC9
S315000140C00BB9FEF793F8636ED80705D4A389990552
S315000140D002D4A06DFEF795FAA368013B002BA360FD
S315000140E005DAA269934212DBEBB20A2B0FD02368E1
S315000140F05A1C22601D70EDB2636EDA0705D4A389DE
S315000141009B0502D4A06DFEF77DFA284670BD2946AF
S3150001411022463046FEF76DF90546EDE71F2938B50B
S3150001412005460C4604D9162303604FF0FF3038BD0F
S31500014130C26B12B152F821304BB9284600F052F841
S31500014140224601462846BDE8384000F039B8012B21
S315000141500AD0591C03D1162303600120E7E7002189
S3150001416042F82410204698470020E0E7024B01461A
S315000141701868FFF7D3BF00BF2403000038B5074D09
S3150001418000230446084611462B60F0F7D8FA431C73
S3150001419002D12B6803B1236038BD00BF4849000036
S315000141A038B5064D0023044608462B60F0F7CCFAD5
S315000141B0431C02D12B6803B1236038BD4849000076
S315000141C038B5074D00230446084611462B60F0F723
S315000141D083FA431C02D12B6803B1236038BD00BFAB
S315000141E048490000F0F776BA70B5A1FB02543CB914
S315000141F02946FDF73BFA064628B90026304670BD2A
S315000142000C220260F9E72A462146FEF797F9F5E7FF
S3150001421082B001B901A942B14BB113780B60127892
S31500014220101E18BF012002B070471046FBE76FF061
S315000142300100F8E70346084641B1FF2A04D98A225C
S315000142401A604FF0FF3070470A7001207047000076
S31500014250C1F30A5C2DE9F041ACF2FF35132D02469C
S315000142600B460C46064634DC002D20DBDFF8D480F5
S3150001427048FA05F801EA080C5CEA000C0F462DD055
S315000142802DA3D3E90023FCF7B9FB00220023FCF799
S31500014290FBFF40B1002C03DD4FF480132B411F447B
S315000142A027EA0804002621463046BDE8F08122A30C
S315000142B0D3E90023FCF7A2FB00220023FCF7E4FF6D
S315000142C00028F0D0002C33DB344300D01C4C0026F0
S315000142D0E9E7332D06DDB5F5806F26D01046194680
S315000142E0BDE8F081ACF2134C4FF0FF3727FA0CF71B
S315000142F03842F3D010A3D3E90023FCF77FFB002259
S315000143000023FCF7C1FF0028CDD0002C334609DD80
S31500014310142D06D0C5F134050122AA4013449E424C
S3150001432000D9013423EA0706BDE7FCF767FBD7E7A7
S3150001433000264FF00044B6E79C7500883CE4377EC2
S315000143400000F03FFFFF0F004FEA410C7FEA6C5C73
S3150001435002D150EA013C0AD14FEA430C7FEA6C5C78
S3150001436002D152EA033C02D14FF0000070474FF0F0
S31500014370010070474FEA410212F5001215D211D51C
S315000143806FF47873B3EB625212D94FEAC12343F04B
S31500014390004343EA505311F0004F23FA02F018BFCD
S315000143A0404270474FF00000704750EA013005D196
S315000143B011F0004008BF6FF0004070474FF0000059
S315000143C0704700BF044A05491368002B08BF0B4616
S315000143D0184410601846704750490000587900008B
S315000143E0F8B500BFF8BC08BC9E467047F8B500BFDB
S315000143F0F8BC08BC9E4670475FF800F03911000012
S315000144005FF800F0310E00005FF800F0C50B000008
S315000144105FF800F0851000005FF800F0451300001A
S315000144205FF800F0711100005FF800F091120000D2
S315000144305FF800F0A90B00005FF800F09111000091
S315000144405FF800F0810F00005FF800F0E509000059
S315000144505FF800F0010D00005FF800F06511000043
S315000144605FF800F0190900005FF800F0190B000071
S315000144705FF800F0890900005FF800F09D10000068
S315000144805FF800F02D1100005FF800F02D13000019
S315000144905FF800F0E90D00005FF800F00110000080
S315000144A05FF800F00D1200005FF800F0D50B000078
S315000144B05FF800F0450F00005FF800F0ED0E000018
S315000144C05FF800F0B90B00005FF800F0950A0000F4
S315000144D05FF800F0B90E00005265616420726571E3
S315000144E020666F722068616E646C652025642061A8
S315000144F06E64206576656E742069642025640A0001
S3150001450053494C4142530030303A32333A41373AFB
S3150001451038303A37303A42390077726974655F65E7
S3150001452076656E742068616E646C652076616C7563
S31500014530652069732025640D0A004E6F74696669EA
S31500014540636174696F6E7320454E41424C45440068
S315000145504E6F74696669636174696F6E732044494D
S315000145605341424C45440072696E675F62756666E7
S315000145705F73697A652069732025640D0A004375A6
S31500014580736F746D2066756E6369746F6E20656EE8
S31500014590747279206E6F2E2025640D0A00446174B1
S315000145A06120696E20637573746F6D2066756E6325
S315000145B074696F6E203D2062797465203D20253037
S315000145C032780D0A000D0A2057692D466920496E79
S315000145D0697469616C697A6174696F6E2053756378
S315000145E06365737366756C004164642041464520BA
S315000145F07365727669636520726574203D20307833
S31500014600253034580A004661696C656420746F2050
S3150001461061646420434343442E204572726F723AAB
S3150001462020307825580A004146452053657276693F
S31500014630636520637265617465642E2048616E64EA
S315000146406C65733A00202D20454347204465636C11
S3150001465061726174696F6E3A202030782530345862
S315000146600A00202D204543472056616C75653A2086
S31500014670202020202020203078253034580A0020A0
S315000146802D2045434720434343442028307832397F
S315000146903032293A3078253034580A00424C455F89
S315000146A043444D31005253495F424C455F474154A3
S315000146B0545F57524954455F4556454E54206861EB
S315000146C07070656E640D0044617461207265636586
S315000146D06976656420696E20435553544F4D2043D6
S315000146E0415345206973202530780D0A00AFEFAF9D
S315000146F0EFAFEFAFEFAFEFAFEFAFEFAFEF00ECEC38
S31500014700ECECECECECECECECECECECECECEC00EAD0
S31500014710FAECECECECECECECECECECECECECEC00B0
S3150001472031000000000000000001000000000D0043
S31500014730B00000000400008000000080000058A0C6
S31500014740000000C000000080141A1EC80208000004
S31500014750010000040000000048656C6C6F20576F73
S31500014760726C64210D004661696C656420746F206A
S3150001477063726561746520535049205258207365F0
S315000147806D6170686F72650D005350495F52580034
S315000147906170706C69636174696F6E5F746872656C
S315000147A0616400009057210800000000000000002D
S315000147B00000000000000000000C000018000000CE
S315000147C000000000000000000D0A204D345F475034
S315000147D0494F5F50494E207465737420737461723A
S315000147E07473200D006765745F70696E5F6F757411
S315000147F0707574203D2025640A004750494F207486
S315000148006F67676C650D00496E697469616C6961F2
S315000148107A652053504920534C4156452066726FA4
S315000148206D205353490D00496E6974204661696CC8
S3150001483065640053657420436F6E6669672046613F
S31500014840696C65640D5C6E005245434549564520C9
S315000148504661696C656420256C640D0A00535049F4
S31500014860207472616E7366657220646F6E650D00E9
S315000148704461746120726563656976656420697354
S31500014880202530780D0A004C454E47544820726564
S315000148906365697665640D0046756E6374696F6E4E
S315000148A020666F722068616E646C696E6720207481
S315000148B0686520737461746520776974682062790C
S315000148C0746520253032780D0A00020500000C02BD
S315000148D0040049444C4500546D725100546D7220D8
S315000148E0537663000D0A4669726D776172652076AB
S315000148F0657273696F6E2069733A20257825782E63
S3150001490025642E25642E25642E25642E25642E25E8
S31500014910640D0A00755A2008955A2008CD5D2008B5
S31500014920415D2008155D2008D15C20084D5C2008FA
S31500014930C95B2008655B2008115B2008B15A200875
S31500014940755A2008955A2008955D2008315D200882
S31500014950095D2008A55C2008215C20089D5B2008D4
S31500014960595B2008BD5A2008A55A2008755A200807
S31500014970955A20085D5D2008215D2008FD5C200810
S31500014980795C2008F55B2008715B20084D5B2008E7
S31500014990D55A2008995A200800080424E459210808
S315000149A0E0592108DC592108D859210800000000E6
S315000149B000000000000000001000000000000000E0
S315000149C0000000001C31000000310000030000005F
S315000149D00300000000000000000A010000080100B9
S315000149E0000201000001010000000145345A2108BE
S315000149F0305A21082C5A2108285A210800000000A3
S31500014A0000000000000000002C0000000000000073
S31500014A1000000000443100002831000002000000BF
S31500014A20030400000000000000090804001A080041
S31500014A30001C0800001B080000000244845A2108DB
S31500014A40805A21087C5A2108785A21080000000062
S31500014A5000000000000000002F0000000000000020
S31500014A60000000006C310000503100000100000020
S31500014A700304000000000000001C030000190300ED
S31500014A80001B0300001A030000020002C15E200899
S31500014A90E15E200875602008596020084160200801
S31500014AA0F95F2008B15F20085D5F2008515F20088B
S31500014AB0455F2008115F2008055F2008F95E200880
S31500014AC0ED5E2008000A080000010300000903004A
S31500014AD0000B0300000A0605000B06060006060188
S31500014AE000070602002F020B0030020C0009020427
S31500014AF000060201001D0200001E0200000802035A
S31500014B0002020A02633A5C75736572735C666C6FC6
S31500014B1072696E2E6D6F74615C73696D706C696319
S31500014B2069747973747564696F5C73646B735C73B0
S31500014B30696D706C69636974795F73646B5C6578C0
S31500014B4074656E73696F6E5C77697365636F6E6E9C
S31500014B506563745C636F6D706F6E656E74735C64B0
S31500014B6065766963655C73696C6162735C736939E7
S31500014B7031785C6D63755C647269766572735C75B8
S31500014B806E69666965645F70657269706865726190
S31500014B906C5F647269766572735C696E635C736C73
S31500014BA05F73693931785F706572697068657261C2
S31500014BB06C5F6770696F2E6800161718191A1B1C2F
S31500014BC01D1E1F2021000000000000010203040534
S31500014BD00607000008000000000000000000191A86
S31500014BE01B1C1D1E09090909000000000000000028
S31500014BF00000000A0B0C0D0E0F10111213141500F4
S31500014C000000000000161718191A1B1C1D1E1F2074
S31500014C10213435363738393A3B3435363738393A2F
S31500014C203B212828262401210F0704010041737323
S31500014C30657274206661696C65643A2066696C65A3
S31500014C40202573206F6E206C696E6520256C75209A
S31500014C500D0A00433A2F55736572732F666C6F7296
S31500014C60696E2E6D6F74612F53696D706C6963691E
S31500014C70747953747564696F2F53444B732F736939
S31500014C806D706C69636974795F73646B2F65787491
S31500014C90656E73696F6E2F77697365636F6E6E6587
S31500014CA063742F636F6D706F6E656E74732F6465B9
S31500014CB0766963652F73696C6162732F7369393124
S31500014CC0782F6D63752F647269766572732F756EB1
S31500014CD069666965645F7065726970686572616C41
S31500014CE05F647269766572732F7372632F736C5F7B
S31500014CF073693931785F7065726970686572616C64
S31500014D005F6770696F2E6300433A2F55736572733F
S31500014D102F666C6F72696E2E6D6F74612F53696D9C
S31500014D20706C696369747953747564696F2F534440
S31500014D304B732F73696D706C69636974795F736402
S31500014D406B2F657874656E73696F6E2F77697365FE
S31500014D50636F6E6E6563742F636F6D706F6E656ED4
S31500014D6074732F6465766963652F73696C61627309
S31500014D702F73693931782F776972656C6573732F73
S31500014D806168625F696E746572666163652F7372CD
S31500014D90632F7273695F68616C5F6D63755F6D34F4
S31500014DA05F726F6D2E630025733A25733A25643A57
S31500014DB00D0A20494E56414C494420494E5445520C
S31500014DC052555054200D0A0D0A00736C695F6D34FB
S31500014DD05F696E746572727570745F697372005A79
S31500014DE001010159010158010101010157560155FE
S31500014DF054015201511A0F1902210700433A2F5546
S31500014E00736572732F666C6F72696E2E6D6F746146
S31500014E102F53696D706C696369747953747564692C
S31500014E206F2F53444B732F73696D706C696369748B
S31500014E30795F73646B2F657874656E73696F6E2F16
S31500014E4077697365636F6E6E6563742F636F6D70DB
S31500014E506F6E656E74732F6465766963652F73690A
S31500014E606C6162732F73693931782F776972656C5A
S31500014E706573732F6168625F696E746572666163DB
S31500014E80652F7372632F736C5F73693931785F6253
S31500014E9075732E630025733A25733A25643A0D0A14
S31500014EA020484541502045584841555354454420D2
S31500014EB0445552494E4720414C4C4F434154494F6A
S31500014EC04E200D0A0D0A0025733A25733A25643AD8
S31500014ED00D0A544120697320696E206163746976F5
S31500014EE0652073746174650D0A0D0A00736C695F40
S31500014EF073693931785F636F6E6669675F6D345FB9
S31500014F00646D615F646573635F6F6E5F7265736520
S31500014F107400736C695F73693931785F7375626D9B
S31500014F2069745F72785F706B740030303A31353A6C
S31500014F3038333A36413A36343A31370030303A323C
S31500014F40333A41373A31323A33343A353600433A15
S31500014F502F55736572732F666C6F72696E2E6D6F46
S31500014F6074612F53696D706C6963697479537475D3
S31500014F7064696F2F53444B732F73696D706C69634A
S31500014F806974795F73646B2F657874656E73696F85
S31500014F906E2F77697365636F6E6E6563742F636FCA
S31500014FA06D706F6E656E74732F6465766963652FB8
S31500014FB073696C6162732F73693931782F776972FE
S31500014FC0656C6573732F7372632F736C5F7273698C
S31500014FD05F7574696C6974792E630025733A25735C
S31500014FE03A25643A52534E204F554920253032789E
S31500014FF03A253032783A253032782E0A0D0A0025C4
S31500015000733A25733A25643A506169727769736513
S315000150102063697068657220737569746520636FB2
S31500015020756E743A2025752E0A0D0A007369393199
S31500015030785F6275730073693931785F6576656E7D
S31500015040740071756575652D3E7461696C203D3D11
S31500015050204E554C4C00736C695F73693931785F2A
S3150001506072656D6F76655F6275666665725F66729B
S315000150706F6D5F71756575655F62795F636F6D7081
S31500015080617261746F720070726F636573735F72C0
S31500015090736E5F656C656D656E7400000FAC0050D4
S315000150A0F271756575652D3E68656164203D3D202B
S315000150B04E554C4C00433A2F55736572732F666CEF
S315000150C06F72696E2E6D6F74612F53696D706C69A5
S315000150D06369747953747564696F2F53444B732FE5
S315000150E073696D706C69636974795F73646B2F653D
S315000150F07874656E73696F6E2F77697365636F6E0A
S315000151006E6563742F636F6D706F6E656E74732F4A
S315000151106465766963652F73696C6162732F736960
S315000151203931782F776972656C6573732F73726382
S315000151302F736C5F73693931785F64726976657252
S315000151402E630025733A25733A25643A4576656ED2
S31500015150743A2025752C2071756575652025750AAB
S315000151600D0A0055532000455520004A5020004B9A
S3150001517052200053472000434E2000736C695F7331
S31500015180693931785F706F705F66726F6D5F6275D6
S31500015190666665725F717565756500736C695F73C7
S315000151A0693931785F617070656E645F746F5F62D3
S315000151B075666665725F717565756500736C695FA5
S315000151C073693931785F6472697665725F7761698F
S315000151D0745F666F725F726573706F6E73655F7011
S315000151E061636B6574000404040204000A0A0A0080
S315000151F0500600000000000001002A09000100001D
S315000152000100000031000000433A2F5573657273A7
S315000152102F666C6F72696E2E6D6F74612F53696D97
S31500015220706C696369747953747564696F2F53443B
S315000152304B732F73696D706C69636974795F7364FD
S315000152406B2F657874656E73696F6E2F77697365F9
S31500015250636F6E6E6563742F636F6D706F6E656ECF
S3150001526074732F6465766963652F73696C61627304
S315000152702F73693931782F776972656C6573732F6E
S31500015280746872656164696E672F736C695F7369AF
S315000152903931785F6D756C746974687265616465BE
S315000152A0642E630025733A25733A25643A3E3C3CE5
S315000152B03C3C205278202D3E207175657565496408
S315000152C0203A2025752C206672616D654964203A65
S315000152D020307825782C206672616D65537461746F
S315000152E075733A20307825782C206C656E67746862
S315000152F0203A2025750A0D0A0025733A25733A25A9
S31500015300643A526563656976656420424C4520704E
S3150001531061636B65740A0D0A0025733A25733A2594
S31500015320643A0D0A204255535F57524954455F4529
S3150001533052524F52200D0A0D0A0025733A25733A2F
S3150001534025643A3C3E3E3E3E205478202D3E207157
S31500015350756575654964203A2025752C206672614C
S315000153606D654964203A20307825782C206C656E6D
S31500015370677468203A2025750A0D0A006275735F05
S3150001538077726974655F646174615F6672616D6588
S31500015390006275735F77726974655F6672616D65C8
S315000153A00073693931785F6275735F74687265611C
S315000153B06400736C5F6372656174655F67656E65D2
S315000153C07269635F72785F7061636B65745F667241
S315000153D06F6D5F706172616D73002C2066756E630F
S315000153E074696F6E3A2000617373657274696F6ECA
S315000153F02022257322206661696C65643A206669FC
S315000154006C6520222573222C206C696E652025642B
S31500015410257325730A005245454E54206D616C6C07
S315000154206F6320737563636565646564002F6461EA
S3150001543074612F6A656E6B696E732F776F726B730A
S31500015440706163652F474E552D746F6F6C6368618C
S31500015450696E2F61726D2D31322F7372632F6E65F6
S31500015460776C69622D63796777696E2F6E65776CE4
S3150001547069622F6C6962632F7374646C69622F723F
S31500015480616E642E63000020202020202020202031
S3150001549028282828282020202020202020202020DD
S315000154A0202020202020208810101010101010100D
S315000154B01010101010101004040404040404040451
S315000154C004101010101010104141414141410101D9
S315000154D001010101010101010101010101010101B5
S315000154E001011010101010104242424242420202C3
S315000154F00202020202020202020202020202020285
S315000155000202101010102000000000000000000030
S315000155100000000000000000000000000000000084
S315000155200000000000000000000000000000000074
S315000155300000000000000000000000000000000064
S315000155400000000000000000000000000000000054
S315000155500000000000000000000000000000000044
S315000155600000000000000000000000000000000034
S315000155700000000000000000000000000000000024
S3150001558000000000000000494E4600696E66004EAC
S31500015590414E006E616E00300030313233343536A3
S315000155A03738394142434445460030313233343588
S315000155B03637383961626364656600496E66696EBD
S315000155C0697479004E614E002F646174612F6A65BA
S315000155D06E6B696E732F776F726B73706163652F74
S315000155E0474E552D746F6F6C636861696E2F6172DA
S315000155F06D2D31322F7372632F6E65776C69622D53
S3150001560063796777696E2F6E65776C69622F6C694E
S3150001561062632F7374646C69622F64746F612E63A5
S315000156200042616C6C6F63207375636365656465C5
S3150001563064002F646174612F6A656E6B696E732FE6
S31500015640776F726B73706163652F474E552D746F5B
S315000156506F6C636861696E2F61726D2D31322F73C4
S3150001566072632F6E65776C69622D63796777696EF0
S315000156702F6E65776C69622F6C6962632F73746430
S315000156806C69622F6D707265632E63000500000000
S31500015690190000007D0000000080E03779C3414316
S315000156A0176E05B5B5B89346F5F93FE9034F384D81
S315000156B0321D30F94877825A3CBF737FDD4F15752D
S315000156C0000000000000F03F000000000000244040
S315000156D000000000000059400000000000408F401B
S315000156E0000000000088C34000000000006AF84086
S315000156F00000000080842E4100000000D0126341AA
S315000157000000000084D797410000000065CDCD411F
S31500015710000000205FA00242000000E87648374200
S31500015720000000A2941A6D42000040E59C30A2429E
S315000157300000901EC4BCD64200003426F56B0C4313
S315000157400080E03779C3414300A0D88557347643BA
S3150001575000C84E676DC1AB43003D9160E458E1431B
S31500015760408CB5781DAF154450EFE2D6E41A4B4490
S3150001577092D54D06CFF08044F64AE1C7022DB544D5
S31500015780B49DD9794378EA44232D302B2000686CE7
S315000157904C00656667454647004300504F534958DC
S315000157A0002E00FF7F490278D1F80035F0B502F0EE
S315000157B001024478877CC57CDFF8E8E123F4802385
S315000157C043EA8243C1F80035427F017804F00103C0
S315000157D09B0012F00F0643EA91134FEAC3431FBF22
S315000157E0C7F3021C43EA8C2305F0030C4FEA4C0C69
S315000157F01CBF4CEAD71C43EACC13DEF89CC42CF43C
S31500015800601C08BF43F410632CF4FC5C43EA0C0CE7
S31500015810CEF89CC4DFF8A0C1ACF80030C3F3C21CBB
S31500015820C3F38223042B98BF0133BCF1000F00F0B0
S31500015830B080BCF1010F00F0AF80ACF1020EBEF1F9
S31500015840020F01D80CF1010C9B0243EACC13DFF8DD
S315000158506CC1ACF80030534BD3F8ACC4C1F344016E
S315000158602CF01F0C41EA0C01C3F8AC14D3F8101448
S3150001587021F4FE1C817801F00301490141EAD401BA
S315000158804CEA8131C3F81014D3F80414847821F456
S31500015890FC11A40841EAC431C3F80414D3F808146E
S315000158A0447C07F00F077F0047EAD41721F4F8116B
S315000158B041EA0741C3F80814D3F80C1484793A4F26
S315000158C0640821F4FE1141EA8431C3F80C14D3F8BB
S315000158D03814C47921F4F03104F00F0441EA44315B
S315000158E0C3F83814D3F81414047A21F4FE1104F021
S315000158F07F0441EA8431C3F81414C37A847AD7F851
S3150001590008155B0043EAD413047B21F47F7104F08C
S31500015910010421F0030143EA44230B432349C7F859
S315000159200835234CD1F834740123C1F83434D4F842
S31500015930103A23F00F0343EA1513C4F8103AC1F8DD
S31500015940347466B302F00F0252041A4990F82440E7
S31500015950D1F8403723F4F0131A43C1F84027D1F8A0
S315000159607C27837F22F00F02C3F383031343C1F81D
S315000159707C3790F82530D1F8482703F007035B0000
S3150001598022F4F03243EAD41342EA4333C1F84837EA
S31500015990F0BD4FF0020C57E74FF0000C54E74FF4FF
S315000159A0C012D2E700A005240080042400100424BC
S315000159B000300424008005247C3000007A30000089
S315000159C04CB9FF7F01000000004B4900460002016F
S315000159D037000000AAAAAAAAA50000000080072491
S315000159E00A000000001C06240000034421000000F8
S315000159F000FC020009060000001804240C00000047
S31500015A000000000000000000E0350000000000007A
S31500015A10D05A2108CC5A2108C85A2108C45A21084B
S31500015A20000000000000000000000000000000006F
S31500015A300000000000000000891F00000000024570
S31500015A4027000000000000000000000010360000E2
S31500015A5000000000E05A2108DC5A2108D85A210822
S31500015A60D45A2108000000000000000000000000D8
S31500015A700100000000000000000000009FFF1F0061
S31500015A8000000044260000000000000000000000A5
S31500015A9040360000FC5A2108F85A2108F45A210818
S31500015AA0EC5A2108F05A2108E85A2108E45A21083B
S31500015AB000000000010000000000000000000000DE
S31500015AC00001020304050607000102030405060797
S31500015AD001000104000100000000010001000203B1
S31500015AE000010000000001010000000000000000AC
S31500015AF0000000000000000000000000000000009F
S31500015B000000000000000000282300000000000043
S31500015B10000000000000000000000000000000007E
S31500015B20000000000000000000000000000000006E
S31500015B30000000000000000000000000000000005E
S31500015B40000000000000000000000000000000004E
S31500015B50000000000000000000000000000000003E
S31500015B60000000000000000000000000000000002E
S31500015B70000000000000000000000000000000001E
S31500015B80000000000000000000000000000000000E
S31500015B9000000000000000000000000000000000FE
S31500015BA000000000000000000000000000000000EE
S31500015BB000000000000000000000000000000000DE
S31500015BC000000000000000000000000000000000CE
S31500015BD000000000000000000000000000000000BE
S31500015BE000000000000000000100000000000000AD
S31500015BF0000000000000000000000000000000009E
S31500015C00000000000000000000000000000000008D
S31500015C10000000000000000000000000000000007D
S31500015C20000000000000000000000000000000006D
S31500015C30000000000000000000000000000000005D
S31500015C40000000000000000000000000000000004D
S31500015C50000000000000000000000000000000003D
S31500015C60000000000000000000000000000000002D
S31500015C70000000000000000000000000000000001D
S31500015C8000000000000000000101000000FC02000D
S31500015C90001C062468320000783100003000000044
S31500015CA024000000CC3E0000543E00000800000025
S31500015CB002000000000000000000000000000000DB
S31500015CC001FF0100FFFFFFFFFFFFFFFF00000000D4
S31500015CD000000000030000000C480000280300003B
S31500015CE0000000000C48000074480000DC48000079
S31500015CF0000000000000000000000000000000009D
S31500015D00000000000000000000000000000000008C
S31500015D10000000000000000000000000000000007C
S31500015D200000000000000000000000004300000029
S31500015D30000000000000000000000000000000005C
S31500015D400000000000000000000000004300000009
S31500015D50000000000000000000000000000000003C
S31500015D6000000000000000000000000043000000E9
S31500015D70000000000000000000000000000000001C
S31500015D8000000000000000000000000043000000C9
S31500015D9000000000000000000000000000000000FC
S31500015DA000000000000000000000000043000000A9
S31500015DB000000000000000000000000000000000DC
S31500015DC00000000000000000000000004300000089
S31500015DD000000000000000000000000000000000BC
S31500015DE00000000000000000000000004300000069
S31500015DF0000000000000000000000000000000009C
S31500015E0000000000000000000000000035522108DB
S31500015E10115221080000000086642108A1672108AB
S31500015E20C65E2108C65E2108C65E2108C65E210837
S31500015E30C65E2108C65E2108C65E2108C65E210827
S31500015E40C65E2108FFFFFFFFFFFFFFFFFFFFFFFF0A
S31500015E50FFFF0000010041534349490000000000D3
S31500015E60000000000000000000000000000000002B
S31500015E7000000000000041534349490000000000B2
S31500015E80000000000000000000000000000000000B
S31500015E90000000000000000038B5234B0222C3F8C1
S31500015EA08420BFF34F8FBFF36F8F204BD3F80028A9
S31500015EB0D30735D401231946202B01D11C4606E010
S31500015EC001FA03F4144203F1010027D0DCB2184BA6
S31500015ED003EB04139A68C2F38162032A22D09B68FA
S31500015EE09B0F032B1ED0134B142202FB0433D3E961
S31500015EF00253ED1A18BF01250F4B0E4ADB680C49F8
S31500015F00DB690E4898472DB1084A01235169A34020
S31500015F100B435361044B02225A6038BD0346CBE75B
S31500015F200024D4E70025E7E700E100E00000034490
S31500015F3000FC020068320000000130003000000061
S31500015F4038B5244B4FF48062C3F88020BFF34F8FDE
S31500015F50BFF36F8F204BD3F80028D30736D4012324
S31500015F6019460C2B01D11C4606E001FA03F4144232
S31500015F7003F1010028D0DCB2184B03EB04139A6835
S31500015F80C2F38162032A23D09B689B0F032B1FD088
S31500015F90134B142202FB0433D3E90253ED1A18BF43
S31500015FA00125104B0E4ADB680C49DB690E48984700
S31500015FB02DB1094A01235169A3400B435361054B96
S31500015FC04FF480621A6038BD0346CAE70024D3E75E
S31500015FD00025E6E700E100E000800724001C062416
S31500015FE07831000000013000240000002DE9F04165
S31500015FF0044600F0BDFE304B304E1A68304F013278
S315000160001A603568002D4BD134601B68012B1FD1F6
S31500016010B8464046013500F08BFE382D08F11408CC
S31500016020F7D1DFF8C480274D404600F081FE2846AF
S3150001603000F07EFE244800F07BFE244800F078FE46
S31500016040234800F075FE234BC3F80080224B1D60E8
S31500016050224A136801331360214AA3641168E36A73
S3150001606014208B4200FB037004F1040188BF136006
S3150001607000F056FE00F060FE1A4B1B6873B13368E0
S31500016080DA6AE36A9A4209D24FF0E0234FF080526E
S31500016090C3F8042DBFF34F8FBFF36F8FBDE8F081B7
S315000160A0104B1A68E36A002AD2D13268D26A9A4240
S315000160B098BF3460CCE700BFBC2A0000942F0000D3
S315000160C0342B00000C2B0000F02A0000DC2A000013
S315000160D0C42A0000082B0000042B0000A02A00009F
S315000160E0B42A0000B02A0000202B0000F8B5174B97
S315000160F0174D1C682B6806462868002283F8722013
S3150001610004300F4600F024FE731C07D137B129680D
S315000161101048BDE8F840043100F002BE2B68A4190E
S315000161205C6007D30C4B18682968BDE8F840043158
S3150001613000F026BE094B18682968043100F020FEDC
S31500016140074B1A68A24288BF1C60F8BDB82A000036
S31500016150942F0000C42A0000042B0000082B000025
S315000161609C2A0000064A13681968064B19B94FF0B4
S31500016170FF321A6070471268D2681268F9E700BFE9
S31500016180082B00009C2A000010B590F871300446D7
S315000161903BB9006B00F0F8FD2046BDE8104000F069
S315000161A0F3BD012BF9D0022B08D04FF0140383F372
S315000161B01188BFF36F8FBFF34F8FFEE710BD00004D
S315000161C080B5134C134F144D236873B9134B1B68D9
S315000161D0012BF8D94FF0E0234FF08052C3F8042D7C
S315000161E0BFF34F8FBFF36F8FEDE700F0C1FDFB6883
S315000161F0DE68301D00F0ACFD2B68013B2B60236887
S31500016200013B236000F098FD3046FFF7BDFFDBE759
S31500016210D82A0000DC2A0000BC2A0000342B00002A
S315000162202DE9F047DDE909844FEA82094A46064627
S315000162300D46206BA5211F4600F086FD236BA9F1B3
S3150001624004094B4423F00709C4F84490002D3CD0BF
S315000162506B1E04F133020E3513F8011F02F8011FFC
S3150001626009B1AB42F8D1002384F84230089D372D9D
S3150001627028BF37254FF0000AE5622565201DC4F8C1
S3150001628054A000F071FDC5F1380504F1180000F0C5
S315000162906BFD142251462461A561646204F1580024
S315000162A000F052FDC4F86CA084F870A084F872A0C6
S315000162B03A463146484600F05FFD2060B8F1000FCE
S315000162C001D0C8F80040BDE8F08784F83450CDE726
S315000162D070B586B0DDE90B5445B94FF0140383F36D
S315000162E01188BFF36F8FBFF34F8FFEE744B94FF0AD
S315000162F0140383F31188BFF36F8FBFF34F8FFEE74C
S3150001630078260596059E782E08D04FF0140383F360
S315000163101188BFF36F8FBFF34F8FFEE72563022509
S3150001632084F8715004AD01950A9D02940095059E6D
S31500016330FFF776FF2046FFF759FE049806B070BDB9
S315000163402DE9F043074685B09000884616469946E2
S3150001635000F0EAFC054620B94FF0FF3005B0BDE874
S31500016360F083782000F0E0FC044698B1002380F821
S3150001637071300D9B056301930C9B0290009332468D
S315000163804B4641463846FFF74BFF2046FFF72EFEA8
S315000163900120E3E7284600F0F7FCDDE770B5044687
S315000163A0234D00F0E5FC04B92C68261D304600F0AB
S315000163B0CFFCA36A1BB104F1180000F0C9FC1D4A09
S315000163C01368013313602B68A3421BD11A48314667
S315000163D000F0A6FC194A13680133136000F0ACFC07
S315000163E0174B1B6813B32B68A3421FD1154B1B68B0
S315000163F093B14FF0140383F31188BFF36F8FBFF38B
S315000164004F8FFEE7104A13682046013B1360FFF7E2
S31500016410BBFEFFF7A7FEE1E74FF0E0234FF0805206
S31500016420C3F8042DBFF34F8FBFF36F8F70BD00BF4D
S31500016430942F0000A02A0000DC2A0000D82A0000C0
S31500016440B02A0000982A0000BC2A0000F8B50446CC
S3150001645040B94FF0140383F31188BFF36F8FBFF375
S315000164604F8FFEE7154B1B68834220D000F080FC5E
S31500016470134B65691F68134B1E6800F05DFCBD4236
S3150001648017D0B54215D0104B9D4208D1A36A83B9E6
S3150001649094F87030012B14BF03200220F8BD0B4B7A
S315000164A09D4208D0002D14BF01200420F6E70020EC
S315000164B0F4E70220F2E70420F0E700BF942F000082
S315000164C0082B0000042B0000C42A0000DC2A00006F
S315000164D010B588B0002407AA06A905A8CDE9054488
S315000164E000F03AFC059B0293069B079A164917484A
S315000164F0CDE900432346FFF7EBFEA8B100F030FCDF
S31500016500012815D14FF0140383F31188BFF36F8F60
S31500016510BFF34F8F0E4B4FF0FF321A600D4B1860D1
S315000165200D4B1C6000F00CFC0C4B1B6808B010BD39
S315000165300130F9D14FF0140383F31188BFF36F8F44
S31500016540BFF34F8FFEE700BFD258210809080000AC
S315000165509C2A0000B02A0000B82A0000180000009A
S31500016560024A136801331360704700BF982A00007E
S31500016570014B1868704700BFB82A000008B500F043
S31500016580CBFB014B186808BDB82A00003F4B1B68BE
S315000165902DE9F74F002B72D13D4B1C6801341C606D
S315000165A0BCB93C4B1A68126842B14FF0140383F32D
S315000165B01188BFF36F8FBFF34F8FFEE7364A196815
S315000165C0106818601160354A136801331360FFF7CC
S315000165D0C9FD334D334E2B68334F9C424FF0000BB0
S315000165E012D23A68D26A14214A43B258022A2F4A71
S315000165F0126828BF4FF0010B002A18BF4FF0010B9C
S31500016600584603B0BDE8F08FDFF88890DFF8A4A004
S31500016610D9F8002012681AB94FF0FF322A60E0E774
S31500016620D9F80020D268D2F80C80D8F804108C4230
S3150001663001D22960D5E708F104031846019300F059
S3150001664087FBD8F8281019B108F1180000F080FB73
S31500016650D8F82C00DAF800101423884288BFCAF84B
S315000166600000019903FB006000F05AFB3868D8F876
S315000166702C10C26A914228BF4FF0010BC8E70C4AA1
S315000166801368013313604FF0000BB9E7982A000035
S31500016690B82A0000082B0000042B0000A42A0000E1
S315000166A09C2A0000342B0000942F0000A82A000029
S315000166B0AC2A0000B42A00002DE9F041304C2368D1
S315000166C043B94FF0140383F31188BFF36F8FBFF300
S315000166D04F8FFEE700F04CFB2368013B23602468E3
S315000166E02CB1002400F028FB2046BDE8F081254BA3
S315000166F01B68002BF5D0244D244EDFF8A0801DE049
S31500016700EB68DC68271D04F1180000F021FB384610
S3150001671000F01EFBE36A32681420934200FB0380FB
S31500016720394688BF336000F0FBFA194BE26A1B68F1
S31500016730DB6A9A4202D3174B01221A602B68002B9F
S31500016740DED10CB1FFF70EFD134D2C6844B1114E8D
S315000167500127FFF71BFF00B13760013CF9D12C601F
S315000167600C4B1B68002BBCD04FF0E0234FF080523E
S31500016770C3F8042DBFF34F8FBFF36F8F0124B1E729
S31500016780982A0000BC2A0000F02A0000B42A000062
S31500016790942F0000A82A0000AC2A0000342B000028
S315000167A008B550B94FF0E0234FF08052C3F8042DDD
S315000167B0BFF34F8FBFF36F8F08BD0A4B196841B105
S315000167C04FF0140383F31188BFF36F8FBFF34F8F1D
S315000167D0FEE7FFF7C5FEFFF789FCFFF76DFF00280F
S315000167E0E0D0E9E7982A00001B4B1A681B4BF0B56D
S315000167F012B101221A60F0BD19481A60194E0368D8
S31500016800194F32685A6719493A684FF0140C0CFB54
S3150001681002F3CC18CD589DB1656808336D68656083
S315000168200B449D4204BF6B686360142303FB021192
S315000168304B68DB6803603A6003685B6F3360DAE7D5
S3150001684042B94FF0140383F31188BFF36F8FBFF37F
S315000168504F8FFEE7013ADAE7982A0000A82A0000DE
S31500016860942F0000C02A0000B42A0000342B000037
S3150001687010B50C4640B94FF0140383F31188BFF3EA
S315000168806F8FBFF34F8FFEE7054B1968183100F084
S3150001689077FA20460121BDE81040FFF727BC00BF6B
S315000168A0942F000010B5144640B94FF0140383F33A
S315000168B01188BFF36F8FBFF34F8FFEE70D4B1B6838
S315000168C043B94FF0140383F31188BFF36F8FBFF3FE
S315000168D04F8FFEE7084B1A6841F000419161196834
S315000168E0183100F01DFA20460121BDE81040FFF7DE
S315000168F0FDBB00BF982A0000942F000038B50D4655
S31500016900144640B94FF0140383F31188BFF36F8F18
S31500016910BFF34F8FFEE7074B1968183100F000FAF5
S31500016920002C21460CBF28464FF0FF30BDE8384009
S31500016930FFF7DCBB942F000038B5C368DC6844B9A7
S315000169404FF0140383F31188BFF36F8FBFF34F8F9B
S31500016950FEE704F11805284600F0FAF9104B1B680A
S31500016960DBB9251D284600F0F3F90E4AE36A1168E2
S315000169708B4288BF13600C4A1420294600FB032072
S3150001698000F0CEF9094BE26A1B68DB6A9A4283BFC3
S31500016990074B01201860002038BD06482946EFE75D
S315000169A0982A0000B42A0000342B0000942F00001E
S315000169B0A82A0000F02A00001B4A126838B542B91D
S315000169C04FF0140383F31188BFF36F8FBFF34F8F1B
S315000169D0FEE7C46841F00041016044B94FF0140379
S315000169E083F31188BFF36F8FBFF34F8FFEE7251D2A
S315000169F000F0AEF9284600F0ABF90C4AE36A1168DB
S31500016A008B4288BF13600A4A142000FB03202946E3
S31500016A1000F086F9074BE26A1B68DB6A9A4282BF7D
S31500016A20054B01221A6038BD982A0000B42A0000DD
S31500016A30342B0000942F0000A82A0000034B1B688A
S31500016A400360034B1B684360704700BFA42A000024
S31500016A50B82A000070B50D46044640B94FF014033C
S31500016A6083F31188BFF36F8FBFF34F8FFEE741B9F1
S31500016A704FF0140383F31188BFF36F8FBFF34F8F6A
S31500016A80FEE700F075F9144B62681968134B186834
S31500016A9090F8720040B11B68002283F8722001242D
S31500016AA000F04AF9204670BD2B68581C12D00C48DC
S31500016AB026680068864204D08A4202D800232B60E9
S31500016AC0EDE7881A8342F9D95B1A13442B602046F5
S31500016AD0FFF7B4FF0024E3E7B82A0000942F000073
S31500016AE0A42A0000014B01221A607047A82A00005F
S31500016AF004290FDC58B9084B186840B94FF0140344
S31500016B0083F31188BFF36F8FBFF34F8FFEE7163103
S31500016B1040F82120704700BF942F0000014B1868F0
S31500016B20704700BF942F0000054B1B6833B1054B1E
S31500016B301868B0FA80F0400940007047012070479C
S31500016B40B02A0000982A0000F8B5044638B31A4D59
S31500016B50C36A2A68D26A934226D28269174E002AEC
S31500016B60A1BF2A68D26AC2F138028261142202FBED
S31500016B70036342699A4213D1071D384600F0E8F8CB
S31500016B802B680F4ADB6A1168E36214208B4200FB13
S31500016B900360394688BF136000F0C2F80120F8BDD2
S31500016BA02B68DB6AC362F9E72B68006DDB6A9842E2
S31500016BB02CBF00200120F2E7942F0000342B0000A7
S31500016BC0B42A000038B508B9002038BD1B4B1C6833
S31500016BD0844208D04FF0140383F31188BFF36F8FFB
S31500016BE0BFF34F8FFEE7636D43B94FF0140383F391
S31500016BF01188BFF36F8FBFF34F8FFEE7E16A226DF6
S31500016C00013B91426365DFD0002BDDD1251D28466E
S31500016C1000F09EF8236DE362C3F13802A261084ACF
S31500016C2011688B4288BF1360064A142000FB0320BB
S31500016C30294600F075F80120C7E700BF942F000030
S31500016C40B42A0000342B000070B50446002841D058
S31500016C50426D42B94FF0140383F31188BFF36F8F6E
S31500016C60BFF34F8FFEE7036D994238BF1946C36ADA
S31500016C708B422FD0012A2DD1174A1268824208D1A0
S31500016C804FF0140383F31188BFF36F8FBFF34F8F58
S31500016C90FEE78269114DC162002A4FF0140202FB20
S31500016CA003534269A4BFC1F1380181619A4211D1EE
S31500016CB0061D304600F04CF8094AE36A11681420B3
S31500016CC08B4200FB03503146BDE8704088BF13601C
S31500016CD000F026B870BD00BF942F0000342B0000D1
S31500016CE0B42A0000044B1A68196890691A68CB6ABD
S31500016CF0C3F1380393617047942F0000044B1A685F
S31500016D001AB119684A6D01324A651868704700BFA1
S31500016D10942F0000000000005FF800F0714F20087A
S31500016D205FF800F0C93C20085FF800F0CD4F20085D
S31500016D305FF800F0AD3C20085FF800F0854D2008B3
S31500016D405FF800F0654E20085FF800F03D35210838
S31500016D505FF800F00D3D20085FF800F0D5392008F6
S31500016D605FF800F0194920085FF800F0C33C2008DD
S31500016D705FF800F0454D20085FF800F0E94C200867
S31500016D805FF800F0DF3C20085FF800F0E54F2008CF
S31500016D900100000004A405240000004201000000D7
S31500016DA0ACA405240000402901000000ACA4052480
S31500016DB0010040290100000004A505240000C020AF
S31500016DC001000000C4A405241F00002001000000EA
S31500016DD09CA405240100C049010000009CA40524CF
S31500016DE00000806201000000A4A40524000080A424
S31500016DF001000000A4A40524000080A401000000F5
S31500016E009CA405240100C049010000009CA405249E
S31500016E1000008062010000004887052400004083CD
S31500016E20010000007C870524000000180100000015
S31500016E30408705240C0040A401000000CCA40524D1
S31500016E400080007801000000C8A4052464000058F1
S31500016E5001000000C4A405240080007801000000A0
S31500016E60C0A405246400005801000000E0A4052424
S31500016E70D903005001000000DCA40524BF0400581A
S31500016E8001000000D8A405240E01004801000000FD
S31500016E9038A40524000000280100000014A40524DC
S31500016EA0270080A30100000038A4052403004083C5
S31500016EB00100000038A405240300408303000000FC
S31500016EC00CA405245A0080A30CA40524020040103A
S31500016ED00CA4052400000000030000000CA40524F6
S31500016EE05A0080A30CA40524030040100CA4052419
S31500016EF000000000030000000CA405245A0080A332
S31500016F000CA40524000040100CA405240000000078
S31500016F100100000008A40524150000A401000000DA
S31500016F2008A40524070000A40100000004A4052408
S31500016F302000C0A30100000010A40524380080A38E
S31500016F400100000010A405245A0080A301000000DE
S31500016F5000A505240000805A020000009CA4052417
S31500016F600300C0ACACA40524100000200100000001
S31500016F7000A505240300809C01000000D4A405247B
S31500016F800100007801000000D0A40524F200008071
S31500016F900100000058870524030080590100000004
S31500016FA0588705240C0000280100000040870524AD
S31500016FB00C0040A40100000000A405240000000804
S31500016FC00100000000A40524560583A0010000006D
S31500016FD038A40524070040A40100000038A40524B4
S31500016FE00F0040A40100000038A40524070040A4B6
S31500016FF00100000038A405240F0040A40100000090
S315000170009CA4052400000021010000009CA4052485
S3150001701001000021010000009CA405240000C01805
S31500017020010000009CA405240100C0180200000014
S3150001703094A405240100009494A40524020000AD43
S31500017040010000009CA405240000001001000000BE
S3150001705000A505240300809C0100000000A505246D
S315000170600000809C02000000A4A40524000080A466
S31500017070A4A405240000008402000000A4A40524A1
S31500017080000080A4A4A405240100008401000000DE
S31500017090A4A40524010080A401000000A4A40524E1
S315000170A0020080A40300000098A40524F80040A370
S315000170B0A0A4052410008051A0A40524010040AD20
S315000170C001000000A0A40524000040AD020000005C
S315000170D09CA405240000C049A0A40524000040ADDD
S315000170E005000000A0A40524000040AD9CA40524D1
S315000170F00200806298A40524F80040A3A0A40524F8
S3150001710010008051A0A40524010040AD020000003A
S3150001711098A40524F00040A3A0A40524010040ADD5
S31500017120020000009CA405240200C049A0A4052475
S31500017130000040AD0200000098A405242F003EA8DF
S31500017140A0A40524200020A80200000054870524DD
S315000171500100C03958870524010000210100000003
S31500017160588705240100805203000000608705242A
S31500017170030080AC748705240600409C74870524AF
S315000171800400405A0200000060870524030080AC19
S3150001719070870524010040AD0100000078870524B1
S315000171A0090000180100000078870524080000186E
S315000171B00500000074870524DA2422A848870524DF
S315000171C000004083408705240C0040837087052416
S315000171D00C00007B708705240400001006000000E7
S315000171E074870524030080414887052400004083F5
S315000171F04087052403004083708705240200007B35
S31500017200708705240700001074870524020000AD6D
S315000172100100000040870524090040A40100000088
S31500017220408705240C0040A4020000005487052471
S3150001723000000021448705240000408C0200000064
S315000172405487052401000021448705240100408C50
S3150001725013000000408705240C0040A44087052444
S31500017260BF00006048870524260000604887052482
S31500017270030040944C870524200300706887052489
S315000172800300C020448705240100C09C60870524B3
S31500017290010080107887052407004041588705249E
S315000172A0CC000058748705249A2412A874870524F3
S315000172B00300804140870524080040837087052428
S315000172C00500007B708705240400001074870524DF
S315000172D0020000AD70870524010000847C87052427
S315000172E00100408C38870524010080100900000048
S315000172F09CA405240100C049A4A40524010000841E
S3150001730000A505241900C09B94A405240100801042
S3150001731014A405240100006394A405240100008C33
S3150001732094A40524020000ADACA405240000402964
S3150001733010A5052401004029E9212008C1212008C2
S315000173400000000000000000000000000000000036
S315000173500000000000000000000000000000000026
S315000173600000000000000000000000000000000016
S315000173700000000000000000000000000000000006
S3150001738000000000000000000000000000000000F6
S3150001739000000000000000000000000000000000E6
S315000173A000000000000000000000000000000000D6
S315000173B000000000000000000000000000000000C6
S315000173C000000000000000000000000000000000B6
S315000173D000000000000000000000000000000000A6
S315000173E00000000000000000000000000000000096
S315000173F00000000000000000000000000000000086
S315000174000000000000000000000000000000000075
S315000174100000000000000000000000000000000065
S315000174200000000000000000000000000000000055
S315000174300000000000000000000000000000000045
S315000174400000000000000000000000000000000035
S315000174500000000000000000000000000000000025
S315000174600000000000000000000000000000000015
S315000174700000000000000000000000000000000005
S3150001748000000000000000000000000000000000F5
S3150001749000000000000000000000000000000000E5
S315000174A000000000000000000000000000000000D5
S315000174B000000000000000000000000000000000C5
S315000174C000000000000000000000000000000000B5
S315000174D000000000000000000000000000000000A5
S315000174E00000000000000000000000000000000095
S315000174F00000000000000000000000000000000085
S315000175000000000000000000000000000000000074
S315000175100000000000000000000000000000000064
S315000175200000000000000000000000000000000054
S315000175300000000000000000000000000000000044
S315000175400000000000000000000000000000000034
S315000175500000000000000000000000000000000024
S315000175600000000000000000000000000000000014
S315000175700000000000000000000000000000000004
S3150001758000000000000000000000000000000000F4
S3150001759000000000000000000000000000000000E4
S315000175A000000000000000000000000000000000D4
S315000175B000000000000000000000000000000000C4
S315000175C000000000000000000000000000000000B4
S315000175D000000000000000000000000000000000A4
S315000175E00000000000000000000000000000000094
S315000175F00000000000000000000000000000000084
S315000176000000000000000000000000000000000073
S315000176100000000000000000000000000000000063
S315000176200000000000000000000000000000000053
S315000176300000000000000000000000000000000043
S315000176400000000000000000000000000000000033
S315000176500000000000000000000000000000000023
S315000176600000000000000000000000000000000013
S315000176700000000000000000000000000000000003
S3150001768000000000000000000000000000000000F3
S3150001769000000000000000000000000000000000E3
S315000176A000000000000000000000000000000000D3
S315000176B000000000000000000000000000000000C3
S315000176C000000000000000000000000000000000B3
S315000176D000000000000000000000000000000000A3
S315000176E00000000000000000000000000000000093
S315000176F00000000000000000000000000000000083
S315000177000000000000000000000000000000000072
S315000177100000000000000000000000000000000062
S315000177200000000000000000000000000000000052
S315000177300000000000000000000000000000000042
S315000177400000000000000000000000000000000032
S315000177500000000000000000000000000000000022
S315000177600000000000000000000000000000000012
S315000177700000000000000000000000000000000002
S3150001778000000000000000000000000000000000F2
S3150001779000000000000000000000000000000000E2
S315000177A000000000000000000000000000000000D2
S315000177B000000000000000000000000000000000C2
S315000177C000000000000000000000000000000000B2
S315000177D000000000000000000000000000000000A2
S315000177E00000000000000000000000000000000092
S315000177F00000000000000000000000000000000082
S315000178000000000000000000000000000000000071
S315000178100000000000000000000000000000000061
S315000178200000000000000000000000000000000051
S315000178300000000000000000000000000000000041
S315000178400000000000000000000000000000000031
S315000178500000000000000000000000000000000021
S315000178600000000000000000000000000000000011
S315000178700000000000000000000000000000000001
S3150001788000000000000000000000000000000000F1
S3150001789000000000000000000000000000000000E1
S315000178A000000000000000000000000000000000D1
S315000178B000000000000000000000000000000000C1
S503178C59
S70500000000FA
