:10000000010000000D900D90187701000100000024
:1000100000102000C8010E61000000000000000078
:1000200000000000000000000000000000000000D0
:100030000000000000000000000000000D900D9086
:10004000A55A0000002020080000008000000000E9
:1000500000000000000000000000000000000000A0
:100060000000000000000000000000000000000090
:100070000000000000000000000000000000000080
:100080000000000000000000000000000000000070
:100090000000000000000000000000000000000060
:1000A0000000000000000000000000000000000050
:1000B0000000000000000000000000000000000040
:1000C0000000000000000000000000000000000030
:1000D0000000000000000000000000000000000020
:1000E0000000000000000000000000000000000010
:1000F0000000000000000000000000000000000000
:1001000000000000000000000000000000000000EF
:1001100000000000000000000000000000000000DF
:1001200000000000000000000000000000000000CF
:1001300000000000000000000000000000000000BF
:1001400000000000000000000000000000000000AF
:10015000000000000000000000000000000000009F
:10016000000000000000000000000000000000008F
:10017000000000000000000000000000000000007F
:10018000000000000000000000000000000000006F
:10019000000000000000000000000000000000005F
:1001A000000000000000000000000000000000004F
:1001B000000000000000000000000000000000003F
:1001C000000000000000000000000000000000002F
:1001D000000000000000000000000000000000001F
:1001E000000000000000000000000000000000000F
:1001F00000000000000000000000000000000000FF
:1002000000000000000000000000000000000000EE
:1002100000000000000000000000000000000000DE
:1002200000000000000000000000000000000000CE
:1002300000000000000000000000000000000000BE
:1002400000000000000000000000000000000000AE
:10025000000000000000000000000000000000009E
:10026000000000000000000000000000000000008E
:10027000000000000000000000000000000000007E
:10028000000000000000000000000000000000006E
:10029000000000000000000000000000000000005E
:1002A000000000000000000000000000000000004E
:1002B000000000000000000000000000000000003E
:1002C000000000000000000000000000000000002E
:1002D000000000000000000000000000000000001E
:1002E000000000000000000000000000000000000E
:1002F00000000000000000000000000000000000FE
:1003000000000000000000000000000000000000ED
:1003100000000000000000000000000000000000DD
:1003200000000000000000000000000000000000CD
:1003300000000000000000000000000000000000BD
:1003400000000000000000000000000000000000AD
:10035000000000000000000000000000000000009D
:10036000000000000000000000000000000000008D
:10037000000000000000000000000000000000007D
:10038000000000000000000000000000000000006D
:10039000000000000000000000000000000000005D
:1003A000000000000000000000000000000000004D
:1003B000000000000000000000000000000000003D
:1003C000000000000000000000000000000000002D
:1003D000000000000000000000000000000000001D
:1003E000000000000000000000000000000000000D
:1003F00000000000000000000000000000000000FD
:1004000000000000000000000000000000000000EC
:1004100000000000000000000000000000000000DC
:1004200000000000000000000000000000000000CC
:1004300000000000000000000000000000000000BC
:1004400000000000000000000000000000000000AC
:10045000000000000000000000000000000000009C
:10046000000000000000000000000000000000008C
:10047000000000000000000000000000000000007C
:10048000000000000000000000000000000000006C
:10049000000000000000000000000000000000005C
:1004A000000000000000000000000000000000004C
:1004B000000000000000000000000000000000003C
:1004C000000000000000000000000000000000002C
:1004D000000000000000000000000000000000001C
:1004E000000000000000000000000000000000000C
:1004F00000000000000000000000000000000000FC
:1005000000000000000000000000000000000000EB
:1005100000000000000000000000000000000000DB
:1005200000000000000000000000000000000000CB
:1005300000000000000000000000000000000000BB
:1005400000000000000000000000000000000000AB
:10055000000000000000000000000000000000009B
:10056000000000000000000000000000000000008B
:10057000000000000000000000000000000000007B
:10058000000000000000000000000000000000006B
:10059000000000000000000000000000000000005B
:1005A000000000000000000000000000000000004B
:1005B000000000000000000000000000000000003B
:1005C000000000000000000000000000000000002B
:1005D000000000000000000000000000000000001B
:1005E000000000000000000000000000000000000B
:1005F00000000000000000000000000000000000FB
:1006000000000000000000000000000000000000EA
:1006100000000000000000000000000000000000DA
:1006200000000000000000000000000000000000CA
:1006300000000000000000000000000000000000BA
:1006400000000000000000000000000000000000AA
:10065000000000000000000000000000000000009A
:10066000000000000000000000000000000000008A
:10067000000000000000000000000000000000007A
:10068000000000000000000000000000000000006A
:10069000000000000000000000000000000000005A
:1006A000000000000000000000000000000000004A
:1006B000000000000000000000000000000000003A
:1006C000000000000000000000000000000000002A
:1006D000000000000000000000000000000000001A
:1006E000000000000000000000000000000000000A
:1006F00000000000000000000000000000000000FA
:1007000000000000000000000000000000000000E9
:1007100000000000000000000000000000000000D9
:1007200000000000000000000000000000000000C9
:1007300000000000000000000000000000000000B9
:1007400000000000000000000000000000000000A9
:100750000000000000000000000000000000000099
:100760000000000000000000000000000000000089
:100770000000000000000000000000000000000079
:100780000000000000000000000000000000000069
:100790000000000000000000000000000000000059
:1007A0000000000000000000000000000000000049
:1007B0000000000000000000000000000000000039
:1007C0000000000000000000000000000000000029
:1007D0000000000000000000000000000000000019
:1007E0000000000000000000000000000000000009
:1007F00000000000000000000000000000000000F9
:1008000000000000000000000000000000000000E8
:1008100000000000000000000000000000000000D8
:1008200000000000000000000000000000000000C8
:1008300000000000000000000000000000000000B8
:1008400000000000000000000000000000000000A8
:100850000000000000000000000000000000000098
:100860000000000000000000000000000000000088
:100870000000000000000000000000000000000078
:100880000000000000000000000000000000000068
:100890000000000000000000000000000000000058
:1008A0000000000000000000000000000000000048
:1008B0000000000000000000000000000000000038
:1008C0000000000000000000000000000000000028
:1008D0000000000000000000000000000000000018
:1008E0000000000000000000000000000000000008
:1008F00000000000000000000000000000000000F8
:1009000000000000000000000000000000000000E7
:1009100000000000000000000000000000000000D7
:1009200000000000000000000000000000000000C7
:1009300000000000000000000000000000000000B7
:1009400000000000000000000000000000000000A7
:100950000000000000000000000000000000000097
:100960000000000000000000000000000000000087
:100970000000000000000000000000000000000077
:100980000000000000000000000000000000000067
:100990000000000000000000000000000000000057
:1009A0000000000000000000000000000000000047
:1009B0000000000000000000000000000000000037
:1009C0000000000000000000000000000000000027
:1009D0000000000000000000000000000000000017
:1009E0000000000000000000000000000000000007
:1009F00000000000000000000000000000000000F7
:100A000000000000000000000000000000000000E6
:100A100000000000000000000000000000000000D6
:100A200000000000000000000000000000000000C6
:100A300000000000000000000000000000000000B6
:100A400000000000000000000000000000000000A6
:100A50000000000000000000000000000000000096
:100A60000000000000000000000000000000000086
:100A70000000000000000000000000000000000076
:100A80000000000000000000000000000000000066
:100A90000000000000000000000000000000000056
:100AA0000000000000000000000000000000000046
:100AB0000000000000000000000000000000000036
:100AC0000000000000000000000000000000000026
:100AD0000000000000000000000000000000000016
:100AE0000000000000000000000000000000000006
:100AF00000000000000000000000000000000000F6
:100B000000000000000000000000000000000000E5
:100B100000000000000000000000000000000000D5
:100B200000000000000000000000000000000000C5
:100B300000000000000000000000000000000000B5
:100B400000000000000000000000000000000000A5
:100B50000000000000000000000000000000000095
:100B60000000000000000000000000000000000085
:100B70000000000000000000000000000000000075
:100B80000000000000000000000000000000000065
:100B90000000000000000000000000000000000055
:100BA0000000000000000000000000000000000045
:100BB0000000000000000000000000000000000035
:100BC0000000000000000000000000000000000025
:100BD0000000000000000000000000000000000015
:100BE0000000000000000000000000000000000005
:100BF00000000000000000000000000000000000F5
:100C000000000000000000000000000000000000E4
:100C100000000000000000000000000000000000D4
:100C200000000000000000000000000000000000C4
:100C300000000000000000000000000000000000B4
:100C400000000000000000000000000000000000A4
:100C50000000000000000000000000000000000094
:100C60000000000000000000000000000000000084
:100C70000000000000000000000000000000000074
:100C80000000000000000000000000000000000064
:100C90000000000000000000000000000000000054
:100CA0000000000000000000000000000000000044
:100CB0000000000000000000000000000000000034
:100CC0000000000000000000000000000000000024
:100CD0000000000000000000000000000000000014
:100CE0000000000000000000000000000000000004
:100CF00000000000000000000000000000000000F4
:100D000000000000000000000000000000000000E3
:100D100000000000000000000000000000000000D3
:100D200000000000000000000000000000000000C3
:100D300000000000000000000000000000000000B3
:100D400000000000000000000000000000000000A3
:100D50000000000000000000000000000000000093
:100D60000000000000000000000000000000000083
:100D70000000000000000000000000000000000073
:100D80000000000000000000000000000000000063
:100D90000000000000000000000000000000000053
:100DA0000000000000000000000000000000000043
:100DB0000000000000000000000000000000000033
:100DC0000000000000000000000000000000000023
:100DD0000000000000000000000000000000000013
:100DE0000000000000000000000000000000000003
:100DF00000000000000000000000000000000000F3
:100E000000000000000000000000000000000000E2
:100E100000000000000000000000000000000000D2
:100E200000000000000000000000000000000000C2
:100E300000000000000000000000000000000000B2
:100E400000000000000000000000000000000000A2
:100E50000000000000000000000000000000000092
:100E60000000000000000000000000000000000082
:100E70000000000000000000000000000000000072
:100E80000000000000000000000000000000000062
:100E90000000000000000000000000000000000052
:100EA0000000000000000000000000000000000042
:100EB0000000000000000000000000000000000032
:100EC0000000000000000000000000000000000022
:100ED0000000000000000000000000000000000012
:100EE0000000000000000000000000000000000002
:100EF00000000000000000000000000000000000F2
:100F000000000000000000000000000000000000E1
:100F100000000000000000000000000000000000D1
:100F200000000000000000000000000000000000C1
:100F300000000000000000000000000000000000B1
:100F400000000000000000000000000000000000A1
:100F50000000000000000000000000000000000091
:100F60000000000000000000000000000000000081
:100F70000000000000000000000000000000000071
:100F80000000000000000000000000000000000061
:100F90000000000000000000000000000000000051
:100FA0000000000000000000000000000000000041
:100FB0000000000000000000000000000000000031
:100FC0000000000000000000000000000000000021
:100FD0000000000000000000000000000000000011
:100FE0000000000000000000000000000000000001
:100FF00000000000000000000000000000000000F1
:10100000507900008D52200841522008415220089A
:10101000415220084152200841522008000000009F
:10102000000000000000000000000000314C20081B
:101030004152200800000000C14C2008473220081F
:1010400041522008415220084152200841522008B4
:1010500041522008415220084152200841522008A4
:1010600041522008415220088905000021812008B2
:10107000CD5F2008415220084152200841522008EB
:101080003D5D20084152200805CA2008A9CA200851
:10109000415220089DC9200879AD200841522008FE
:1010A0004152200841522008415220084152200854
:1010B0004152200841522008507900004152200836
:1010C0008D522008E10400004152200841522008BE
:1010D0004152200841522008B55F2008C15F200816
:1010E000BD51200841522008415220089BF8AC69AC
:1010F000315D20084152200841522008255D20081A
:1011000041522008415220086DC9200885C9200895
:10111000ADC82008C5C82008DDC82008F5C82008CB
:101120000DC9200825C920083DC9200855C9200837
:1011300041522008415220084152200841522008C3
:1011400041522008415220084152200841522008B3
:1011500041522008415220084152200841522008A3
:10116000415220084152200821D8200800000000E8
:10117000000000000000000000000000000000006F
:101180000348044B834202D0034B03B11847704716
:101190008819000088190000000000000548064B6F
:1011A0001B1AD90F01EBA301491002D0034B03B165
:1011B00018477047881900008819000000000000D7
:1011C00010B5064C237843B9FFF7DAFF044B13B18F
:1011D0000448AFF300800123237010BD881900007C
:1011E000000000003C66210808B5054B1BB105490D
:1011F0000548AFF30080BDE80840FFF7CFBF00BF50
:10120000000000008C1900003C66210882B070B517
:10121000C4B00C4648A981E80C0005464FF488721A
:10122000002168469DF83C6111F036F9009548AD03
:101230000FCDADF8044002AC0FC42B6823604E996B
:101240009DF834318DF81C30324608A8ADF81E6088
:1012500011F0EEF968460BF05DFD44B0BDE870405A
:1012600002B0704713B50C4607230246C9880648EA
:101270008DF8073010F0B0FFE0880DF10702012172
:101280000BF04DFD02B010BD38542108F0B5C5B0CB
:1012900007460E46154600214FF4887268461C46E4
:1012A00011F0FAF8022342F603028DF808308DF8A7
:1012B0001C30214606230DF12200ADF80C20ADF8BC
:1012C0001E300097ADF804608DF820500CF09CFFA4
:1012D000BDF8281109A80CF097FF68460BF01AFD1D
:1012E00045B0F0BD2DE9F0438FB009AC14220021C8
:1012F000204611F0D1F804224FF00208002707AB76
:101300008DF81A2041F60D028DF82480ADF82820C2
:101310000193009794E80F00CDE907778DF81B70D3
:101320000BF0E0FCBDF82010079842F6372201EBE5
:1013300008030131ADF8282000929BB2102289B237
:10134000FFF7A4FFBDF820602F4B4644B6B21E80C5
:10135000062305932D4B0493102303930BAD95E8BF
:1013600007008DE80700079894E80C003146FFF766
:101370004DFFBDF82010079842F638224B1D04316E
:10138000ADF8282000929BB2424689B2FFF77EFF5B
:101390000DF11A03CDE903834FF00109CDF8149044
:1013A00095E807008DE80700BDF82060079805362E
:1013B00094E80C00B1B2FFF729FFBDF820100798A0
:1013C00042F63922CB1D0631ADF8282000929BB29F
:1013D000082289B2FFF75AFF0DF11B03049308237B
:1013E000CDF81490039395E807008DE80700BDF849
:1013F00020600798073694E80C00B1B2FFF706FFAB
:1014000038460FB0BDE8F083E41A00001000000079
:101410001F2895BF064A074A1168116888BF2038FF
:10142000012383400B431360034B186801F026BA75
:10143000281C0000241C0000AC1900000920FFF744
:10144000E7BF000070B5174D2B78012B044627D05D
:101450001F2200211448154E11F01EF8E27912489F
:1014600004F108010BF024FC2146114811F8013B5E
:1014700033700CF04EFF2B7893B90E490A4811F0E7
:1014800070F830B133785BB90B49094811F069F84D
:1014900030B901232B70BDE870400020FFF7B8BFC2
:1014A00070BD00BFEC1B0000FF1B00001E1C0000F5
:1014B000ED1B0000605421086754210810B40A4B4A
:1014C00001461A4611F8014B02F8014BD0F80140D1
:1014D000C3F80140898891805DF8044B828B1A81A2
:1014E0000120FFF795BF00BFE21B000008B50448CC
:1014F000942211F09DF8BDE808400520FFF788BF51
:10150000501A0000044B0A681A604A685A600A8937
:101510001A810420FFF77CBF441A00000720FFF760
:1015200077BF000008B50448802211F081F8BDE8BB
:1015300008400620FFF76CBFC419000038B5204CE6
:1015400020480D46218910F047FEFB2229462046FF
:1015500011F06EF81C4B22891B880133934207D18E
:10156000E37A012B17D1194A08201370FFF750FFB7
:10157000174B22891B880133934207D1E37A012B51
:1015800013D1124A0B201370FFF742FFBDE8384019
:101590000320FFF73DBF002BEAD10C4A13700D4A20
:1015A000136823F480731360E2E7002BEED1074A3F
:1015B0001370084A136823F400631360E6E700BF62
:1015C000E61A000079542108E41A0000C21900004C
:1015D0002C1C0000281C00000220FFF719BF00008F
:1015E000044B02681A6042685A6002891A8101201D
:1015F000FFF70EBFE21B000037B502AB03E90300A3
:101600009DF900509DF901301570E90714461CD46E
:10161000542B18DC10F05CF8642390FBF3F202FB0F
:10162000130040B2607002202A0742BF9DF90430C7
:1016300023520230EB0642BF9DF90530235202309F
:10164000C0B203B030BD4B20ECE7BDF80230A2F8C9
:1016500001300320E8E710B5044600F0D7FA10F097
:1016600037F8642390FBF3F202FB1303237000208E
:1016700010BD00002DE9F04F0024F5B00E222146E8
:101680001FA8CDE91744CDE91B44ADF874401E9462
:1016900010F002FFB84B28931B22214629A810F016
:1016A000FBFEB64AB64821460FF02CF8002840F061
:1016B0000D82B44810F000FE1BA80FF04AF810B9D4
:1016C0001BA802F053FCB0480CF04CFD0546002866
:1016D00040F0FC81AC491EA80DF157080CF019FE32
:1016E000FFF700FE372388F8003023AB10221A6082
:1016F000A64AADF8585019AC24AEC4E900550DF116
:10170000580902F1100C354610685168374603C776
:10171000083262453E46F7D101941A6900920FCB18
:101720000BF0E0FA01460746994810F055FD994B39
:101730002A4603F1100618685968154603C5083390
:10174000B3422A46F7D1A188934E4EF6EC4200925E
:101750008B1C013120689BB2102289B2FFF796FDE5
:10176000A5880235ADB24FF0020B3580CDE9049B60
:101770001023039325AB93E807008DE807000DF1D4
:101780008C0A9AE80C0029462068FFF73FFD4FF4C9
:101790008872002130A810F07FFE23683093A38860
:1017A0008DF8C8B00333ADF8C43042F60213ADF87B
:1017B000CC3030A80A238DF8DC30ADF8DEB00BF069
:1017C000A9FA764B24AD03F1100C186859682A4623
:1017D00003C2083363451546F7D1A1884FF6EA22C4
:1017E00000924B1D043120689BB2022289B2FFF7A0
:1017F0004DFD0123A588CDE904830223039325AB86
:1018000093E807008DE8070005359AE80C0020688A
:10181000A9B2FFF7FBFC002F65D06148394610F0F4
:10182000DBFC604B604A61496148624F0024CDE9AE
:101830000143614B0093CDE90444234603940BF02C
:10184000DDFE5E4B0C935E4B0B935E4B0A935E4B3F
:101850000794CDE908435D4B0494CDE905435C4B07
:101860002246CDE90243214623462046CDE90044E5
:10187000CDE91144CDE90F44CDE90D440BF0D8FE7C
:1018800022462146012000F067FF3860002800F062
:101890001D81504B504D51482C604FF0FF321A6063
:1018A0001A681A600CF03AFC09234C498DF8A330F1
:1018B0000DF1A5008DF8A43010F05DFE0D2128A8D3
:1018C0000BF0C2F90BF092F9DFF82C91DFF82C81C4
:1018D000002301211F2B33D82A6801FA03F010429C
:1018E00011D10133F6E73E4810F0E6FC31883D485F
:1018F000013910F071FC31883B4810F06DFC3188E3
:101900003A4801318BE7013B0A2BE1D801A252F89A
:1019100023F000BF63292008012A2008232A200879
:10192000D1282008D1282008D1282008D128200833
:10193000332A2008C52A20088D2A20085B2A20087F
:10194000D9F80000A3F1200201FA02F20242BFD14D
:101950000133402BBED138684FF0FF3100F054FF07
:10196000B6E72B682249234823F002032B600CF0D2
:10197000D0FC0124ACE700BF0201060015182108C5
:10198000E45521089A542108A4190000B1552108F2
:10199000BD542108C25521082C1C0000D355210834
:1019A000DB542108BD242008D9252008E125200882
:1019B00045242008AC1900003D242008ED2420080F
:1019C000052520081D25200825252008652220083A
:1019D0003D252008201C0000281C0000715521080E
:1019E000FC5421081A55210837552108545521085F
:1019F000E31B0000B0190000241C000016000000CA
:101A0000344B00221A702B6823F480732B602B68F0
:101A100023F004032B600BF0E9F80028FBD100242D
:101A200056E72D4810F048FC2B6823F008032B6084
:101A30004EE7002CF3D0274B93F90030012B98D1BF
:101A4000264B17AA99881868FFF7D6FD244B014644
:101A500017AA18880BF063F98BE7224810F02CFCCA
:101A6000002CDCD01B4B93F90030012B81D117A83F
:101A7000FFF7F1FD17AA214630880BF050F93188A5
:101A800017AB02221EA80BF067F972E72B6823F44C
:101A900080632B60002CC2D098F80020022A4FF0FF
:101AA000000306D1104811460BF0EAF888F8004010
:101AB0005FE70D48224621460BF0E2F8022388F842
:101AC000003056E72B6823F40073B0E775B0BDE82B
:101AD000F08F00BFC21900007A55210810000000E5
:101AE000E41A00009C552108E31B000030B5164D98
:101AF0000FCD8DB003AC0FC40FCD0FC42B681348AE
:101B0000236003AA002100F00DFC00F041F810480A
:101B100010F0D2FB03220021012001F0ECF90D4B63
:101B2000186018B90C4810F0C7FBFEE70023052227
:101B3000CDE9002309490A484FF4007212F020FC55
:101B400000F0B4F80DB030BD6856210875262008A5
:101B50001C562108301C00002A5621084D56210829
:101B6000892E200808B5084B1B7883420BD1012928
:101B700009D1064B187803F02FFB00F0C9F8BDE837
:101B8000084000F043B808BD5C57210861572108A0
:101B900010B51A481A4C10F08FFB0D2010F02EFBD8
:101BA00000200AF07FFB0120212820701ED92E2062
:101BB0000AF062FB0022012310462E210AF078FA77
:101BC000002210460F4C2E210AF0F2FA0123C4F82D
:101BD000E432D4F8E4120C48C9B210F0FDFA0D203A
:101BE00010F00CFB0023C4F8E43210BD092801D02A
:101BF0000AF0D0F820780130C0B2D5E78C56210821
:101C00001700000000001346A956210808B500F08F
:101C10007FF8084A0023C2F8E432074B00BF013BBB
:101C2000FCD10123C2F8E4320448BDE8084010F0BA
:101C300043BB00BF00001346E0040700BE56210866
:101C400008B500F0F1FAFFF751FF00F0FAFA0020B2
:101C500008BD0000054A064913889BB2C854138882
:101C6000013303F07F031380704700BF3E1D000067
:101C7000BC1C00000A4B0B4A1988138889B29BB21E
:101C800099420BD0138808499BB2CB5C0370138830
:101C9000013303F07F031380012070470020704759
:101CA0003E1D00003C1D0000BC1C000010B511488A
:101CB00010F002FB1049022009F06EFF10B10F482E
:101CC00010F0FAFA0C4C0E492068002209F0B0FF1F
:101CD00010B10C4810F080FA0B4920680AF02EF879
:101CE000002003F019F8094B00221A7083F84420F1
:101CF00010BD00BFCB562108401D0000EB56210847
:101D0000F4020000F75621083D2D2008341C000085
:101D100008B5074B07491868432209F0E7FF014659
:101D200020B1BDE80840044810F056BA08BD00BF15
:101D3000401D0000791C00000C572108C30737B56F
:101D400021D51248124D10F0B7FA0024013415F8CD
:101D5000010BE4B2FFF77EFF432CF7D10023019380
:101D60000C4B01A9186801F07CFA019B4BB14FF0B4
:101D7000E0234FF08052C3F8042DBFF34F8FBFF321
:101D80006F8FFFF7C5FF03B030BD00BF215721089B
:101D9000791C0000301C000030B5044693B00146A9
:101DA000432201A810F044FC6178237894F84200A3
:101DB0004B400DF105040022D5B2A94204D81B1AEC
:101DC0005842584113B030BD14F8015F01326B40E6
:101DD000F2E7000070B5054690B000243C22214691
:101DE00001A8009410F058FB6A780A4EA91C6846B6
:101DF00010F01EFC6A78E3B29A4201D810B070BDB0
:101E000040336B44304613F8401C10F0E5F90134C0
:101E1000F0E700BF3457210810B5184C2378032B86
:101E200008D8DFE803F00208131FB62802D160705B
:101E30000123237010BD002384F844300223A070D6
:101E40002370BDE810400E4810F036BA94F84420D4
:101E5000531CDBB222443F2B84F84430D070E9D9C4
:101E60000323E6E784F843000648FFF795FF10B127
:101E70000448FFF7AFFF0023DBE700BF341C00007E
:101E80004B572108351C000007B5094C20684FF05E
:101E9000FF3101F0E1FA0128F8D10DF10700FFF759
:101EA000E9FE0028F2D09DF80700FFF7B5FFF4E740
:101EB000301C000008B502F0F5F902F057FD07F0FC
:101EC00075FE0AF0B9FC02F023F802F01DFBBDE834
:101ED000084000F0C5B900F0EDB908B500F008F809
:101EE000BDE8084000F00AB800F0D0B8704770476D
:101EF000014803F073B800BF5C572108014803F0A4
:101F000052B900BF61572108EFF3108072B67047D5
:101F100010B962B6BFF36F8F7047EFF311800C23D7
:101F200083F31188704780F31188BFF36F8F704778
:101F3000034638B10020814204D01A5C02B97047D0
:101F40000130F8E770474FF0FF31FFF7F1BF0000B5
:101F500040B1054A1378012B04D803700133137084
:101F60000020704701207047441D000008B512F0A2
:101F7000FBF9002008BD000030B50E4C416123681C
:101F80008BB9206083600DE0891A9A6841611D4613
:101F90006AB113465A698A42F6D935B1A860521A15
:101FA00083605A6130BD0025F4E72060F7E7986050
:101FB0008260F7E7541D000038B507F06BFE094C4E
:101FC000094B1A6823680025C31A2AB123B1516945
:101FD000994203D3C91A5161206038BD55615B1A1B
:101FE0009268F2E7501D0000541D000038B5154DF1
:101FF0002B682BB35B69A3B1134A146802201C44FD
:1020000007F052FE204607F059FE10492A680023C7
:102010000B7022B1D08880070AD501230B700020F5
:1020200038BD022007F040FE022007F09BFEECE7DF
:102030009268002AF3D050690344012BEAD9EEE7F5
:102040002220EDE7541D0000501D00004C1D000033
:102050000D490B6898B100229BB1834203D183687C
:1020600022B90B6003E01A469B68F5E7936083682A
:102070001BB15A6941690A445A6100207047222005
:1020800070470220704700BF541D000070B5154E08
:10209000FFF743FF34780546FCB9134B1C60134B24
:1020A0001C60134B1C6007F0AFFD012007F0FCFD26
:1020B00007F080FE0F4B0246186020B92846FFF754
:1020C00032FF232070BD23460B4840F2E7310FF06A
:1020D000B3F80A4B1860012333702846FFF723FF3B
:1020E0000020EFE74D1D0000541D0000501D0000B2
:1020F0005C1D0000581D000018FCFFFF481D00007B
:10210000C2072DE9F843044607D5444A1368013352
:102110001360FFF751FFFFF769FFA3077CD5FFF7B7
:10212000FCFE0546FFF748FF4FF000083C4F4646CF
:102130003C680CB16369A3B13A4B0022012E1A70BE
:1021400003D118F0020F18BF1E70FFF74FFF2228AF
:1021500002D1022007F0F0FD2846BDE8F843FFF762
:10216000E2BE23465A693AB91A792179914288BF69
:102170001C469B68002BF5D12846FFF7D4FE256945
:10218000DDB107F087FDA269A0EB02084FEAE87312
:10219000A84573F1000311DB23691344A361E368CD
:1021A00013B1216820469847B4F80680FFF7B5FEC2
:1021B00001360546FFF700FFBAE7A846FFF7ADFE78
:1021C00081462046FFF744FF4846FFF7ACFE2369EF
:1021D000002BE4D0A38BB5EB080533B1E28B13449D
:1021E0009BB2B3F57A7F0FD2E383FFF796FE2946C1
:1021F00080462046FFF7C0FEA36922691344A3610D
:102200004046FFF790FECAE7A3F57A73E383A3691C
:10221000013B013DA361E8E7BDE8F8835C1D0000D8
:10222000541D0000451D000008B5FFF743FEFFF7F1
:1022300054FEFFF759FEFFF759FEBDE80840FFF7CF
:1022400056BEFFF748BE08B54FF0E0231B6912F0F9
:10225000A7F8012803D0BDE8084001F063BD08BD20
:10226000EFF3058373B9EFF31082094B12B9EFF363
:10227000118212B11A68022A04D0186828B9012202
:102280001A6070476FF0050070474FF0FF307047DD
:10229000502A000008B512F083F838B1022804D0A3
:1022A000034B1868431E5842584108BD0320FCE701
:1022B000502A000010B5EFF30583ABB9EFF310829D
:1022C0000C4B12B9EFF3118212B11A68022A0BD02B
:1022D0001A68012A0BD1084A0024D47702221A6016
:1022E00012F0A6F8204610BD6FF00500FBE74FF096
:1022F000FF30F8E7502A000000ED00E0EFF305831F
:102300004BB9EFF3108313B9EFF311832BB1044BE7
:102310001B68022B01D112F05BB812F081B800BF2C
:10232000502A0000F0B587B0144600220B460592F3
:10233000EFF3058222BBEFF3108212B9EFF31182A3
:102340001AB1214A1268022A1AD0C8B1002C35D01D
:10235000A56925B16A1E372A02D9002011E0182587
:102360006268D207F9D466696EB1B208D4E9027C1A
:1023700021685FB1BCF1770F02D9246904B1B6B905
:10238000059807B0F0BD4FF48072EFE7BCF1000F85
:10239000F6D12469002CF3D105ACCDE9005492B2FA
:1023A00011F0EEFF01281CBF00230593E8E7CDE9FB
:1023B0000147009512F008F80590E1E7214618253D
:1023C0004FF48072E8E700BF502A000011F0ECBF24
:1023D00010B50446EFF30583A3B9EFF3108313B9E7
:1023E000EFF311831BB10C4B1B68022B0AD064B1B5
:1023F000204611F0C9FF04280AD0204611F0D8FF6A
:10240000002010BD6FF00500FBE76FF00300F8E758
:102410006FF00200F5E700BF502A000008B5EFF3A7
:10242000058373B9EFF3108313B9EFF311831BB175
:10243000054B1B68022B04D008B111F08DFF002062
:1024400008BD6FF00500FBE7502A00000346EFF3DC
:10245000058292B9EFF3108212B9EFF311821AB12B
:10246000084A1268022A08D04BB1D3E9020318B116
:102470001F2B02D900F050BA0BB10020704700F0BA
:102480006FBA00BF502A000013B50C4658B3B1F123
:10249000807F28D2EFF305834BB9EFF3108313B994
:1024A000EFF31183CBB1134B1B68022B15D1002323
:1024B00001AA2146019300F07BFBB8B1019B4BB10F
:1024C0004FF0E0234FF08052C3F8042DBFF34F8F3D
:1024D000BFF36F8F204602B010BD214602B0BDE8A9
:1024E000104000F01FBB6FF00304F3E76FF002042D
:1024F000F0E700BF502A000070B50E46054618B33D
:10250000B1F1807F20D2EFF305834BB9EFF3108355
:1025100013B9EFF311838BB10D4B1B68022B0DD157
:10252000284600F0F1FA31460446284600F0E4FA65
:10253000002808BF6FF00204204670BD31462846CF
:10254000BDE8704000F0B2BA6FF00304F4E700BFDA
:10255000502A000073B50C461D4650B3B1F1807F80
:1025600027D2EFF305833BBBEFF3108313B9EFF3EF
:1025700011831BB1124B1B68022B1DD002F0010608
:1025800082F00202C2F3400200953346214600F079
:10259000F5F904EA00024EB1A24205D0002D14BFA5
:1025A0006FF001006FF0020002B070BD002AF5D09C
:1025B000FAE76FF00300F7E76FF00500F4E700BFFC
:1025C000502A000038B50546EFF3058313B1002407
:1025D000204638BDEFF3108313B9EFF311831BB11D
:1025E0001C4B1B68022BF2D02DB36B681A07EED47C
:1025F000D5E9021203F0010371B14F2AE7D993B173
:10260000042000F080FD04460028E0D0296801F095
:1026100059F844F00104DBE7002AD8D1ABB104201B
:1026200000F0A5FDEFE7012000F06DFD0446002855
:10263000CDD0296806E0012000F099FD044600286D
:10264000C5D0294601F03EF8C2E7012000F08FFD19
:10265000ECE700BF502A0000034610B520F001004F
:102660000C4603F00102EFF30581E9B9EFF31081A5
:1026700011B9EFF3118119B10E490968022913D07C
:10268000012B14D9214662B100F0A3FF012801D12A
:10269000002010BD002C14BF6FF001006FF002008D
:1026A000F7E700F0D9FEF1E76FF00500F1E76FF012
:1026B0000300EEE7502A0000024608B520F00100B2
:1026C00002F00103EFF30581C9B9EFF3108111B9ED
:1026D000EFF3118119B10D49096802290FD0012AC0
:1026E00010D93BB100F024FD01280CBF00206FF091
:1026F000020008BD1A46194600F049FCF4E76FF0E5
:102700000500F6E76FF00300F3E700BF502A000072
:1027100010B5034620F00104EFF305829AB9EFF3F8
:10272000108212B9EFF311821AB10A4A1268022A12
:1027300009D0012B0AD9204600F0D6FF204600F030
:10274000EBFF002010BD6FF00500FBE76FF003000A
:10275000F8E700BF502A000073B50E461546EFF3A8
:102760000583D3BBEFF3108313B9EFF311831BB1D0
:10277000244B1B68022B30D078B3B0422DD375B9EF
:10278000012837D10322002100F0B5FB044620B315
:10279000AEB96DBB2946204600F094FF1EE0D5E996
:1027A0000232C3B14F2A18D901281AD1032200924C
:1027B0000022114600F04CFB044670B1C6B1002364
:1027C0001A461946204600F0E2FB0128E1D02046D7
:1027D00000F0A2FF01E0002AD2D00024204602B07F
:1027E00070BD1A46314600F092FB04460028F4D032
:1027F0002D68CFE7314600F0ACFB04460028C8D175
:10280000EBE700BF502A000013B50C4688B3EFF386
:1028100005834BB9EFF3108313B9EFF31183F3B1D1
:10282000154B1B68022B1AD11CBB01AA214601942F
:1028300000F0F0FE012803D06FF0020002B010BDDE
:10284000019B0BB90020F9E74FF0E0234FF08052D5
:10285000C3F8042DBFF34F8FBFF36F8FF2E721460C
:1028600000F0FAFD0128EDD0002CE5D06FF001005A
:10287000E4E76FF00300E1E7502A000007B570B30A
:10288000EFF305834BB9EFF3108313B9EFF3118323
:10289000EBB1144B1B68022B19D1002301A9019342
:1028A00000F0DFFC012804D06FF0020003B05DF8F7
:1028B00004FB019B4BB14FF0E0234FF08052C3F873
:1028C000042DBFF34F8FBFF36F8F0020EEE700237F
:1028D0001A46194600F05BFB0128F6D0E4E76FF0DA
:1028E0000300E3E7502A0000034B0360034B0B6037
:1028F0004FF4807313607047D8290000D82500007A
:10290000034B0360034B0B604FF40073136070477D
:1029100060250000601D000013B5044640B94FF06B
:10292000140383F31188BFF36F8FBFF34F8FFEE75C
:1029300020230193019B202B08D04FF0140383F335
:102940001188BFF36F8FBFF34F8FFEE7002340F86E
:10295000043B00F035F901232046237702B010BD77
:1029600038B5202001F0BAFA044628B1002540F815
:10297000045B00F025F92577204638BD2DE9F843A2
:10298000DDF820900C4617469846064640B94FF0B1
:10299000140383F31188BFF36F8FBFF34F8FFEE7EC
:1029A000B1F1807F08D34FF0140383F31188BFF394
:1029B0006F8FBFF34F8FFEE741B94FF0140383F3DE
:1029C0001188BFF36F8FBFF34F8FFEE711F0E8FC64
:1029D000D0B9B9F1000F08D04FF0140383F3118878
:1029E000BFF36F8FBFF34F8FFEE711F0E5FC356843
:1029F00004EA0503B8F1000F32D09C4232D18FB304
:102A000025EA040434602DE011F0D6FC356804EAB0
:102A10000503B8F1000F2AD1002BF0D1B9F1000F56
:102A200020D0391E18BF012109064A462143301D16
:102A300011F0C6FC11F0D0FC28B311F0D1FC8301D9
:102A400005460AD401F006F9356804EA0503B8F131
:102A5000000F23D123BB01F01DF925F07F4503E0D2
:102A6000002BCCD111F0B8FC2846BDE8F8839C427D
:102A7000C5D0B9F1000FF5D0391E18BF01210906E4
:102A800041F08061D1E74FF0E0234FF08052C3F86E
:102A9000042DBFF34F8FBFF36F8FCEE79C42DAD187
:102AA000002FD8D025EA04043460D4E770B50C4672
:102AB000054640B94FF0140383F31188BFF36F8FBD
:102AC000BFF34F8FFEE7B1F1807F08D34FF01403BF
:102AD00083F31188BFF36F8FBFF34F8FFEE701F0D1
:102AE000B9F82E6826EA04042C6001F0D3F83046C9
:102AF00070BDFFF7DBBF00000A4600230146014816
:102B000001F02AB8F33A2008EFF311834FF01402D2
:102B100082F31188BFF36F8FBFF34F8F006883F389
:102B2000118870472DE9F0410D46044640B94FF039
:102B3000140383F31188BFF36F8FBFF34F8FFEE74A
:102B4000B1F1807F08D34FF0140383F31188BFF3F2
:102B50006F8FBFF34F8FFEE700F10C0611F02CFCD6
:102B6000236820692B43236000258642216807D112
:102B700021EA0501216011F02FFC2068BDE8F081F9
:102B8000D0E9002822F07F4312F0806F03EA0107AA
:102B900002D11FB94046E8E7BB42FBD1D20141F068
:102BA000007148BF1D4311F03FFCF3E7FFF7BABFC8
:102BB00013460A460146014800F0CEBFAD3B20084F
:102BC00000F108034FF0FF32C0E9022343600361C4
:102BD00000230360704700230361704743684B6024
:102BE0009A688A60516099600368086101330360E4
:102BF000704730B50C68631C0AD103695A684A6093
:102C000091608B605960036808610133036030BDD7
:102C100000F10802134652681568A542FAD9EDE79B
:102C2000D0E9011203698A6051605968814208BF86
:102C30005A60002202611A68013A1A6018687047E7
:102C400010B5044601F006F8A46B01F023F8B4FABD
:102C500084F0400910BD70B51646026C856B0446C1
:102C600042B906689EB9806811F0CEFBA6600135B6
:102C7000A56370BD6EB940680FF0DAFC6368226C22
:102C80001344A2686360934224BF236863600020FA
:102C9000EDE7C0680FF0CCFC226CE36851429B1A50
:102CA0002268E36093423EBFA3685B18E360022E94
:102CB000EDD10DB1013DEAE72846D8E7034610B44F
:102CC0001A6C08466AB1DC68996814448C4228BFC3
:102CD0001968DC6028BFD960D9685DF8044B0FF033
:102CE000A7BC5DF8044B704770B5044600F0B2FF16
:102CF00094F8455004F124066DB2002D14DCFF2336
:102D000084F8453000F0C6FF00F0A4FF94F844506A
:102D100004F110066DB2002D12DCFF2384F844305C
:102D2000BDE8704000F0B6BF636A002BE7D03046C4
:102D300011F06EFB08B111F02BFB013D6DB2DCE729
:102D40002369002BE9D0304611F062FB08B111F085
:102D50001FFB013D6DB2DEE738B50D46044640B9B4
:102D60004FF0140383F31188BFF36F8FBFF34F8FBE
:102D7000FEE700F06FFFD4E90F31226862604B4339
:102D8000D0185B1A1A44A060FF230020A063E26001
:102D900084F8443084F84530A5B9236973B104F14F
:102DA000100011F035FB48B14FF0E0234FF0805296
:102DB000C3F8042DBFF34F8FBFF36F8F00F06AFF8E
:102DC000012038BD04F11000FFF7FAFE04F12400E1
:102DD000FFF7F6FEF2E7F8B5064617460D46C9B10D
:102DE0004843B0FBF1F39E4208D04FF0140383F345
:102DF0001188BFF36F8FBFF34F8FFEE710F1510FB4
:102E000019D94FF0140383F31188BFF36F8FBFF309
:102E10004F8FFEE7502001F061F888B180F84650EE
:102E200004462060C4E90F6501212046FFF794FFA6
:102E300084F84C7005E0503001F050F8044610B9A9
:102E400000242046F8BD002380F846305030E8E7E3
:102E500037B50D461C4640B94FF0140383F3118873
:102E6000BFF36F8FBFF34F8FFEE743B94FF01403EB
:102E700083F31188BFF36F8FBFF34F8FFEE74AB123
:102E800091BB4FF0140383F31188BFF36F8FBFF32F
:102E90004F8FFEE741B14FF0140383F31188BFF366
:102EA0006F8FBFF34F8FFEE750230193019B502B91
:102EB00008D04FF0140383F31188BFF36F8FBFF373
:102EC0004F8FFEE7019B22460121C4E90F0584F8DC
:102ED000461022602046FFF73FFF9DF8183084F827
:102EE0004C30204603B030BD50230193019B502B42
:102EF000DFD1019BE8E740B94FF0140383F3118859
:102F0000BFF36F8FBFF34F8FFEE7FFF764BF13B5BB
:102F100013460C4640B94FF0140383F31188BFF3F6
:102F20006F8FBFF34F8FFEE7884208D24FF0140334
:102F300083F31188BFF36F8FBFF34F8FFEE7022239
:102F4000009200221146FFF783FF00B1846302B0B4
:102F500010BD10B50C4640B94FF0140383F311882F
:102F6000BFF36F8FBFF34F8FFEE7884208D24FF059
:102F7000140383F31188BFF36F8FBFF34F8FFEE706
:102F800002220021FFF7B7FF00B1846310BDF0B546
:102F900085B00E4601921D46044640B94FF0140319
:102FA00083F31188BFF36F8FBFF34F8FFEE751B9E3
:102FB000036C43B14FF0140383F31188BFF36F8F99
:102FC000BFF34F8FFEE7022D0BD1E36B012B08D02F
:102FD0004FF0140383F31188BFF36F8FBFF34F8F4C
:102FE000FEE711F0DDF908B9019B03BB00F032FEEA
:102FF000A26BE36B9A4223D22A4631462046FFF762
:103000002AFE636A1BB104F1240011F001FA48B1F1
:103010004FF0E0234FF08052C3F8042DBFF34F8FE1
:10302000BFF36F8F00F036FE012005B0F0BD4FF00A
:10303000140383F31188BFF36F8FBFF34F8FFEE745
:10304000022DD9D000231F4637E013B902A811F092
:10305000D3F900F01FFE11F0AFF900F0FBFD94F87A
:103060004430FF2B08BF84F8447094F84530FF2BA0
:1030700008BF84F8457000F00DFE01A902A811F008
:10308000B7F9002839D100F0E5FDA26BE36B9A4255
:103090001AD100F0FFFD019904F1100011F060F960
:1030A0002046FFF721FE11F097F9D8B100F0D2FDCC
:1030B000A36BE26B9A429FD80123019A002AC4D1E4
:1030C00000F0E8FD0020B0E700F0E4FD2046FFF747
:1030D0000BFE11F081F900F0BDFDA26BE36B9A428B
:1030E000EAD289E74FF0E0234FF08052C3F8042D75
:1030F000BFF34F8FBFF36F8FEDE72046FFF7F4FD6F
:1031000011F06AF9DEE713B500220B460090114674
:103110000120FFF79DFE044638B100238360036061
:10312000C3601A461946FFF732FF204602B010BDB1
:1031300038B5044640B94FF0140383F31188BFF348
:103140006F8FBFF34F8FFEE7856811F02DF9854231
:103150000BD1E368013BE3600BB1012038BD1A4697
:1031600019462046FFF713FFF7E70020F6E710B5F2
:10317000024600210120FFF72EFE044638B100234D
:1031800083600360C3601A461946FFF700FF2046BC
:1031900010BD2DE9F843894617461E46044640B93E
:1031A0004FF0140383F31188BFF36F8FBFF34F8F7A
:1031B000FEE751B9036C43B14FF0140383F3118858
:1031C000BFF36F8FBFF34F8FFEE7022E0BD1E36B80
:1031D000012B08D04FF0140383F31188BFF36F8FD6
:1031E000BFF34F8FFEE700F04BFEEFF311884FF077
:1031F000140383F31188BFF36F8FBFF34F8FA26B5C
:10320000E36B9A4201D3022E29D194F84550A36B67
:103210006DB2324649462046FFF71DFD6B1C0ED1AC
:10322000636A3BB104F1240011F0F2F810B10FB160
:1032300001233B60012088F31188BDE8F8837F2DCE
:1032400008D14FF0140383F31188BFF36F8FBFF3DE
:103250004F8FFEE701356DB284F84550EAE7002054
:10326000E9E770B50D46044640B94FF0140383F307
:103270001188BFF36F8FBFF34F8FFEE7036C43B12D
:103280004FF0140383F31188BFF36F8FBFF34F8F99
:10329000FEE7036853B9836843B14FF0140383F327
:1032A0001188BFF36F8FBFF34F8FFEE700F0E8FD8B
:1032B000EFF311864FF0140383F31188BFF36F8F80
:1032C000BFF34F8FA26BE36B934224D994F8451060
:1032D0000132FF294BB2A2630DD1636A3BB104F105
:1032E000240011F095F810B10DB101232B600120DD
:1032F00086F3118870BD7F2B08D14FF0140383F340
:103300001188BFF36F8FBFF34F8FFEE701335BB2BE
:1033100084F84530EBE70020EAE7F0B585B00E46CB
:103320000192044640B94FF0140383F31188BFF3B0
:103330006F8FBFF34F8FFEE751B9036C43B14FF06E
:10334000140383F31188BFF36F8FBFF34F8FFEE732
:1033500011F026F850B9019B43B14FF0140383F3E9
:103360001188BFF36F8FBFF34F8FFEE700F072FC41
:10337000A56BDDB131462046013DFFF79FFCA563FB
:10338000236973B104F1100011F042F848B14FF015
:10339000E0234FF08052C3F8042DBFF34F8FBFF3EB
:1033A0006F8F00F077FC012005B0F0BD019B1BB9C9
:1033B00000F070FC0020F7E702A811F01DF82F467E
:1033C00000F068FC10F0F8FF00F044FC94F8443082
:1033D000FF2B08BF84F8447094F84530FF2B08BFDA
:1033E00084F8457000F056FC01A902A811F000F81D
:1033F00038BB2046FFF724FCE8B1019904F1240012
:1034000010F0AEFF2046FFF76FFC10F0E5FF48B963
:103410004FF0E0234FF08052C3F8042DBFF34F8FDD
:10342000BFF36F8F00F016FCA56B002DA2D1019B9E
:10343000002BC5D1BCE72046FFF756FC10F0CCFFAF
:10344000F0E72046FFF750FC10F0C6FF2046FFF7DC
:10345000F7FB0028E6D0ADE7F0B585B00446019152
:1034600040B94FF0140383F31188BFF36F8FBFF39C
:103470004F8FFEE7056C45B14FF0140383F31188BD
:10348000BFF36F8FBFF34F8FFEE710F089FF064643
:1034900020B32E46002700F0DDFBA36B53B3013BA6
:1034A000A363236813B910F067FFA060236973B1A9
:1034B00004F1100010F0ACFF48B14FF0E0234FF0E2
:1034C0008052C3F8042DBFF34F8FBFF36F8F00F00E
:1034D000E1FB012005B0F0BD3546DBE7019B002B89
:1034E000FAD04FF0140383F31188BFF36F8FBFF34B
:1034F0004F8FFEE7019B53B9002D66D04FF01403A8
:1035000083F31188BFF36F8FBFF34F8FFEE716B9B8
:1035100002A810F071FF00F0BDFB10F04DFF00F0AD
:1035200099FB94F84430FF2B08BF84F8447094F85A
:103530004530FF2B08BF84F8457000F0ABFB01A9B4
:1035400002A810F055FF50BB2046FFF779FB00B3EF
:1035500023683BB900F07EFBA06810F009FF054628
:1035600000F098FB019904F1240010F0F9FE2046C8
:10357000FFF7BAFB10F030FF48B94FF0E0234FF0EF
:103580008052C3F8042DBFF34F8FBFF36F8F012616
:1035900081E72046FFF7A8FB10F01EFFF7E7204663
:1035A000FFF7A2FB10F018FF2046FFF749FB0028A9
:1035B000EDD065B100F04EFB616A19B1236B19685B
:1035C000C1F13801A06810F01BFF00F063FB002080
:1035D00080E770B50D46044640B94FF0140383F3FD
:1035E0001188BFF36F8FBFF34F8FFEE7866810F02F
:1035F000DBFE864204D1E3680133E360012070BD45
:1036000029462046FFF728FF0028F8D0E368013359
:10361000E360F4E72DE9F84389469046044640B953
:103620004FF0140383F31188BFF36F8FBFF34F8FF5
:10363000FEE751B9036C43B14FF0140383F31188D3
:10364000BFF36F8FBFF34F8FFEE700F019FCEFF36E
:1036500011874FF0140383F31188BFF36F8FBFF30B
:103660004F8FA66B66B394F8445049466DB220461E
:10367000FFF724FB013E6B1CA66311D1236953B1F4
:1036800004F1100010F0C4FE28B1B8F1000F02D010
:103690000123C8F80030012087F31188BDE8F883C2
:1036A0007F2D08D14FF0140383F31188BFF36F8F80
:1036B000BFF34F8FFEE701356DB284F84450EAE75F
:1036C0003046E9E730B5074A002352F8335002EBA1
:1036D000C3041DB942F83310606030BD0133082BBC
:1036E000F3D1FAE7542A000010B5094A002352F832
:1036F000331081424FEAC30406D1064A002142F842
:1037000033102244516010BD0133082BEFD1FAE78A
:10371000582A0000542A000010B540B94FF0140395
:1037200083F31188BFF36F8FBFF34F8FFEE7FFF76F
:10373000DBFF90F846301BB9BDE8104000F0DABB63
:1037400010BD70B504460D46164600F083FA94F895
:103750004430FF2B04BF002384F8443094F84530F4
:10376000FF2B04BF002384F8453000F093FAA36BCD
:103770002BB93246294604F1240010F00DFE2046F4
:10378000BDE87040FFF7B0BA914208B541600061F2
:103790000AD8D21A83699A420DD2084B011D1868C3
:1037A000FFF727FA002008BD9A4201D2994202D2BF
:1037B000034B011DF3E70120F5E700BF4030000097
:1037C00044300000F7B5114C00F044FA2568BDB94B
:1037D0000F4F104E3846FFF7F3F93046FFF7F0F978
:1037E0000D4B0E4A1F600E4B10211E6005200D4B25
:1037F0000095FFF72DFB206010B10B49FFF762FF2A
:1038000003B0BDE8F04000F045BA00BF3C30000016
:103810005C3000004830000044300000E42F00001D
:1038200040300000942F00006957210810B588B07F
:10383000FFF7C8FF124B1B68B3B1002407AA06A903
:1038400005A8CDE90544FFF75BF8059B0293069BAD
:10385000019337230093079A0A490B48234610F037
:10386000B3FD0A4B186040B94FF0140383F311887D
:10387000BFF36F8FBFF34F8FFEE7012008B010BD7D
:103880003C3000006E5721088D4920083830000078
:103890007FB5164604461A4640B94FF0140383F329
:1038A0001188BFF36F8FBFF34F8FFEE70D4D286870
:1038B00080B10529CDE9001602940DDC10F070FDF1
:1038C0000023022808BF089A286818BF1A466946CC
:1038D000FFF75DFB04B070BD00236946FFF759FC9C
:1038E000F8E700BF3C3000002DE9F347DFF898808F
:1038F000064610F095FDD8F800308342054609D9F8
:103900001F4F3B681A686AB91E4A11683960136014
:10391000012300E0002328463360C8F8005002B0BD
:10392000BDE8F087DB68DC68D3F8009004F1040A96
:103930005046FFF775F9236A2046984794F82830D7
:103940005B07DED5A3694B44994506D238686360AE
:1039500024615146FFF74DF9D3E7002300934A460F
:1039600019462046FFF794FF0028CAD14FF01403F0
:1039700083F31188BFF36F8FBFF34F8FFEE700BF54
:103980004430000040300000343000002DE9F043A6
:103990006E4D6F4E89B02B68D3F80080B8F1000FE0
:1039A00035D0DB68D3F80080002410F005FD04A8B2
:1039B000FFF79AFF049B8146002B69D1002C4CD164
:1039C000404550D310F008FD2B68DB68DF68381DD8
:1039D000FFF726F997F8283058071AD5B9694346F2
:1039E0004A4641443846FFF7CFFEB0B10094234623
:1039F000424621463846FFF74BFF70B94FF014039B
:103A000083F31188BFF36F8FBFF34F8FFEE701245D
:103A1000CBE723F0010387F828303B6A3846984704
:103A20003068002204A9FFF778FC0028B3D0049B7B
:103A30000698002B2FDB069C6369002B32D103A86C
:103A4000FFF752FF049B0246092BE9D8DFE803F099
:103A50002E2E2E575E762E2E575E3E4B1B681C6810
:103A6000B4FA84F4640930682246A8EB0901FFF730
:103A700068FE10F0B1FC0028D2D14FF0E0234FF0E7
:103A80008052C3F8042DBFF34F8FBFF36F8FC7E78A
:103A900010F0A2FCC4E7059B07999847049B002BF4
:103AA000BEDBC8E7201DFFF7BBF8C8E794F8283055
:103AB000A16943F0010384F82830059B204619448E
:103AC000FFF762FE0028ABD0236A2046984794F89F
:103AD00028305907A4D5A269059900230A44009308
:103AE00019462046FFF7D4FE002899D14FF0140361
:103AF00083F31188BFF36F8FBFF34F8FFEE794F806
:103B0000283023F0010384F8283089E794F828301E
:103B100043F0010384F828300599A16141B94FF0C1
:103B2000140383F31188BFF36F8FBFF34F8FFEE74A
:103B3000034601442046FFF727FE71E794F828303A
:103B40009A07DED4204600F0D5F969E7443000003A
:103B50003C300000403000001FB514461A466FF09C
:103B60000103CDE900300548CDE902140023694680
:103B70000068FFF70EFB04B010BD00BF3C30000032
:103B800008480068006880F308884FF0000080F360
:103B9000148862B661B6BFF34F8FBFF36F8F00DF3B
:103BA00000BF000008ED00E0DFF80C00016841F400
:103BB000700101607047000088ED00E082B00023D2
:103BC00001930D4B1B68013308D04FF0140383F3AE
:103BD0001188BFF36F8FBFF34F8FFEE74FF01403D1
:103BE00083F31188BFF36F8FBFF34F8F019B002BBF
:103BF000FCD002B0704700BF1C0000004FF0807383
:103C000040F8043C074B40F80C3C21F001016FF0F8
:103C1000020340F8081C40F8202C40F8243C4438AB
:103C2000704700BFBD4B20080000000000000000EE
:103C3000074B19680868B0E8F04F80F30988BFF3B4
:103C40006F8F4FF0000080F311887047AFF3008052
:103C5000902F00004FF0140383F31188BFF36F8F90
:103C6000BFF34F8F0A4A13680133012B13600ED143
:103C70004FF0E023D3F8043DDBB243B14FF014031F
:103C800083F31188BFF36F8FBFF34F8FFEE7704749
:103C90001C000000084A136843B94FF0140383F373
:103CA0001188BFF36F8FBFF34F8FFEE7013B1360A7
:103CB0000BB983F3118870471C000000000000005E
:103CC000EFF30980BFF36F8F154B1A681EF0100FCA
:103CD00008BF20ED108A20E9F04F10602DE909009F
:103CE0004FF0140080F31188BFF34F8FBFF36F8F35
:103CF00010F092FB4FF0000080F3118809BC1968A6
:103D00000868B0E8F04F1EF0100F08BFB0EC108A42
:103D100080F30988BFF36F8F704700BFAFF3008057
:103D2000902F000008B54FF0140383F31188BFF300
:103D30006F8FBFF34F8F10F057FB28B14FF0E02388
:103D40004FF08052C3F8042D002383F3118808BD7F
:103D50004FF0E022002313619361054B4FF47A7119
:103D60001B68B3FBF1F3013B5361072313617047F9
:103D7000D83000004FF0E02337B5D3F8001D3A4AA1
:103D8000914208D14FF0140383F31188BFF36F8F72
:103D9000BFF34F8FFEE7D3F8002D344B9A4208D182
:103DA0004FF0140383F31188BFF36F8FBFF34F8F6E
:103DB000FEE72F4B1A78D2B20192FF221A701B78BD
:103DC0002C4ADBB28DF803309DF8033003F0140366
:103DD0001370294A0723136000219DF80300000691
:103DE00003F1FF340CD411B1012B136011D04FF04B
:103DF000140383F31188BFF36F8FBFF34F8FFEE778
:103E00009DF803305B00DBB28DF8033001212346BF
:103E1000E3E74FF480731360019B154A4FF0E024F1
:103E2000DBB21370D4F8203D43F47C03C4F8203D8A
:103E3000D4F8203D43F07C43C4F8203DFFF788FFD1
:103E40000E4B00251D60FFF7AFFED4F8343F43F062
:103E50004043C4F8343FFFF793FE10F0DDFAFFF75C
:103E6000ADFE284603B030BD71C20F4170C20F4194
:103E700000E400E074300000703000001C0000001E
:103E8000EFF305830F2B0ED9114A9B5C114A127870
:103E90009A4208D94FF0140383F31188BFF36F8F50
:103EA000BFF34F8FFEE74FF0E0230B4AD3F80C3DF2
:103EB000126803F4E063934208D94FF0140383F3CC
:103EC0001188BFF36F8FBFF34F8FFEE7704700BFBE
:103ED000F0E300E0743000007030000010B50446DC
:103EE00010F06AFA20460DF03DFB044610F074FA1B
:103EF000204610BD10B5044640B110F05DFA2046D2
:103F00000DF038FBBDE8104010F066BA10BD00009F
:103F100070B5134C134D23685E6C00231946284678
:103F20000222B04723681E68002319460222284651
:103F3000B04723680C4DD3F8C0300520984723685C
:103F40005E6C0023194628460A22B04723681C6885
:103F500000232846A4460A22BDE87040194660475F
:103F60000001300000C00424000013467FB503891F
:103F70000493837903934379029303790193C3787C
:103F8000009383784278017802480EF025F907B053
:103F90005DF804FB765721080FB404B070470000A9
:103FA00030B5114B93F85830013BDBB2FD2B8FB08D
:103FB00018D80E4D0FCD6C460FC40FCD0FC40FCDCA
:103FC0000FC495E8030084E80300094C6846D4F860
:103FD000443711F033FB05F063FFD4F84437002079
:103FE0000FB030BD0120FBE700021F0858021F0878
:103FF00000800524134B0168D3F84437F0B501273E
:10400000013900D2F0BDD0F808C04668CCF3845521
:10401000C5EBDC62346801320023013A0CD203FAAA
:1040200005F203EA0C03C3F3150324EA0202AB40D2
:10403000134333600830E3E707FA02FE43EA0E0356
:10404000EBE700BF0080052408B51848FFF7D2FF52
:104050001748FFF7CFFF06F02BFA06F03DFA06F0FF
:1040600047FA06F059FA06F063FA1248FFF7C2FF62
:104070001148FFF7BFFF1148FFF7BCFF1048FFF7DB
:10408000B9FF1048FFF7B6FF0F48FFF7B3FF0F481F
:10409000FFF7B0FF0E48FFF7ADFF0E48FFF7AAFF8E
:1040A000BDE808400C48FFF7A5BF00BF3419000069
:1040B00098180000D4140000A0150000941500000A
:1040C000B415000074140000681400005C140000B3
:1040D000B0140000F8140000EC14000010B5254CDA
:1040E000FFF7B2FF94F8040600F00100FFF758FF55
:1040F0004FF4C023C4F86C34D4F840311E4843F464
:104100000023C4F84031D4F8403143F00103C4F82F
:104110004031D4F8403143F00203C4F84031FFF796
:1041200069FF16491648D1F8103543F00203C1F86B
:104130001035636923F400336361636943F48033AA
:104140006361D0F84027D0F87837C2F34342023A8F
:1041500023F4F07343EA4213C0F87837D1F894346B
:1041600043F40023C1F89434236943F460132361BA
:1041700010BD00BF00800424C016000000A005246C
:104180000080052408B550B10748FFF733FF074802
:10419000FFF730FF0648BDE80840FFF72BBF054892
:1041A000FFF728FF0448F6E708170000B0170000E3
:1041B000A41700007C170000281700000B48D0F857
:1041C00000D05DF804EB5DF804CB5DF804BB5DF84E
:1041D00004AB5DF8049B5DF8048B80BC40BC20BC44
:1041E00010BC08BC04BC02BC01BC70478430000099
:1041F000114AD2F8103623F48073C2F810360F4BF0
:10420000596B41F001015963596B41F00201596347
:104210000423C2F8383482B000238DF807309DF8AB
:104220000730092B01D902B0704700BF9DF8073055
:104230000133DBB2F1E700BF0080042400840424D2
:10424000FEE7FEE7054B064A06498B4200D370475E
:1042500052F8040B43F8040BF7E700BF100000000E
:104260006068210888190000064B0748DA1C121AFA
:10427000C11E22F00302994288BF002200210EF0E5
:104280000BB900BF504900008819000008B5FFF7BE
:10429000D9FFFFF7E9FF00F0B3F8BDE80840FDF7EC
:1042A000CFBC000038B5374B374A1A60374B384A15
:1042B00093F80636374C03F00F030F2B15BF364B20
:1042C0004FF00063D3F89312D3F837140CBF11608A
:1042D0001160324A0CBFD3F83634D3F892321360EF
:1042E00005F05EFF05F05EFF2D4BDB694FF080614E
:1042F000D3F880304FF08C409847E369022060F398
:104300000E33E361274BDA696FF30202DA6105F0DD
:10431000C3FF1E4B1A6A042161F302021A621A6A71
:104320001207FCD5A369022262F38403A361A36987
:104330001B04FCD51C4B1D4D5A6E6FF341025A668F
:104340005A6E6FF300025A66FFF752FF184B194876
:104350000D4A18614FF4FA44D86117485C62002195
:104360001C624FF40044C3E90022C3E90B05C3E912
:104370000F2299605961DA609C625A6358649961AE
:1043800038BD00BFD8300000005A6202008004240B
:10439000803000000081042400001F087C300000F1
:1043A000000130000086042400840424002D310123
:1043B0008830000000B4C4040048E8014FF0E02356
:1043C00084B0D3F8402F0192D3F8442F0292019980
:1043D000094A91420DD10299084A914209D1D3F874
:1043E000882D0392039A42F470020392039AC3F851
:1043F000882D04B0704700BF21001110110000117A
:1044000013B50023009301932F4BD3F8102500928E
:10441000009A00922D4A116821F00F011160116875
:104420001160D3F89C1421F46071C3F89C14D3F884
:10443000041701910199C3F80415D3F800170191ED
:104440000199C3F80015D3F8101541F01C01C3F809
:104450001015D2F8024014F48074FAD11C48436954
:1044600043F480334361436964F351434361FFF78D
:10447000A5FF184B4FF080725A60174BC0F84031BF
:10448000164B5A6864F3C3025A60036A0E4A43F437
:1044900080330362036A43F400330362D2F8943436
:1044A00043F40023C2F89434036943F460130361B6
:1044B0000B4B1A6842F400221A601A6842F48022F8
:1044C0001A6002B010BD00BF00A005240000052442
:1044D000008004240000304103000800008104240F
:1044E0000084042420F04040012802D0022805D096
:1044F0007047034A1368013313607047014AF9E7B4
:10450000E0300000DC30000010B5124CE368984742
:10451000A36811489847236902209847A46A01219B
:104520001520A04701211620A0474FF4E1310120BA
:10453000A0470A4C206810B9FEF744F82060084BE9
:104540004FF48052C3F88020BFF34F8FBFF36F8FBB
:1045500010BD00BF20592108E5542008E4300000B8
:1045600000E100E013B5094C00238DF8043023600E
:10457000074B01219B6901A8984723681BB19DF84F
:10458000040002B010BD00F027FDF6E7DC300000AB
:104590002059210813B5094C8DF80700002323602A
:1045A000074B01215B690DF10700984723680BB1A8
:1045B00002B010BD00F010FDF8E700BFE0300000D1
:1045C0002059210803681B780022202B04D0093BC6
:1045D000042B01D9D0B270470368591C01605B7885
:1045E0000132F2E70120704708B509F0ADFE16234D
:1045F00003604FF0FF3008BD08B509F0A5FE162393
:104600000360FEE770B50D461446FDF743FE022831
:1046100005D10C4B4FF0FF311868FEF71DF82E4600
:10462000731BA34209DBFDF735FE022803D1054BBE
:104630001868FEF741F8204670BD16F8010BFFF729
:10464000A9FFEDE7E43000004FF0FF3070474FF472
:1046500000534B60002070470120704700207047D6
:104660000FB42DE9F0438BB012AB002453F8046B68
:1046700001938DF81040FFF775FF0D288DF810009D
:10468000F7D00A28F5D0002425460134142C2ED06A
:10469000FFF768FF04F128036B440D2803F8180C9A
:1046A00001D00A28F0D105F128030DEB0305002302
:1046B00005F8163C04AB03939DF81030019F029659
:1046C000002B00F04E810025029B1B78002B3BD075
:1046D000DDF80C9099F80060002E35D002A8FFF7A5
:1046E00071FF044638B103A8FFF76CFFECE7002325
:1046F0008DF82430DEE7029A1346517813F8010B47
:104700000293252801D1252907D18E421CD109F118
:104710000103023203930292D6E726462046A046C2
:104720001A7806F07C01002A67D100B102930029B3
:1047300067D109E0692A51D01ED8632A53D011D815
:10474000392A07D82F2A35D8E8B20BB0BDE8F04394
:1047500004B07047582AF7D146F0200601334FF0D5
:10476000100833E0642AEFD146F4005646F02006E4
:1047700001334FF00A0829E06F3AD1B20929E3D892
:10478000092AE1D801A151F822F000BFD157200831
:10479000495720084957200849572008F55720084D
:1047A000495720086D5720084957200849572008C5
:1047B00059572008002CC7D10A211A78303A01FB3A
:1047C000042413F8012F303A092AF6D90120A7E76B
:1047D00046F0200601334FF00808F7E746F02006C0
:1047E00001338846F2E7012C46F0040638BF012465
:1047F0000133EBE746F00806FAE700299AD000B14A
:104800000293002C08BF632408291BD0202940D024
:10481000042999D157F8042B4946144400200E78F6
:104820000B4601310EB938B94EE702F8016B9442DC
:104830004FF00100F3D10B46994503933FF444AF89
:10484000013541E703A8FFF7BDFEDDF80CC057F8BE
:10485000042B664614440021307810F0DF0F3346F5
:1048600006F1010601D161B92EE7A0F1090EBEF1F2
:10487000040FF8D902F8010BA2424FF00101EBD16D
:1048800033469C4503933FF41FAF374B00221A7009
:10489000D6E703A8FFF796FE039BB8F1000F10D0F0
:1048A000B8F1100F17D11A78302A14D15A7802F0C3
:1048B000DF02582A0FD102330393023C4FF0100855
:1048C00009E01A78302A16D15A7802F0DF02582A05
:1048D000F1D04FF00808039B1A782B2A0ED02D2A0E
:1048E0000FD101330393013C4FF0FF31039A0020B5
:1048F0001444844614E04FF00A08ECE701330393B4
:10490000013C0121F2E7A9F14103052B02D910B3C3
:10491000039220E0A9F1370315E00CFB083C0120CD
:1049200092F800909646B9F1000FF0D0A242EED076
:10493000A9F13003DBB2092B06D9A9F16103052BDC
:10494000E1D8A9F15703DBB2984502F10102E4D89E
:1049500008B1CDF80CE057F8043B0CFB01F11960ED
:104960006EE74FF0FF35EFE6E83000000448022321
:104970001421C21801334B2B82F80013F9D1704770
:1049800000E100E0064B1868002382B262F30F03D7
:10499000000C60F31F4382B0184602B0704700BF9E
:1049A0001C5921080E207047014803F03DBA00BF92
:1049B000CC582108014803F037BA00BF7C582108C1
:1049C000014803F031BA00BF2C58210807B5002375
:1049D000034A009303F01EF803B05DF804FB00BF28
:1049E0007C58210837B5044602200D4600F094FC9F
:1049F000E2B2132A0346084A02D11178A52908D049
:104A0000127800922946054A204603F003F803B0C5
:104A100030BD6FF00600FAE720000000CC582108F6
:104A200037B5044609200D4600F076FCE2B2132AA1
:104A30000346084A02D11178A52908D012780092BD
:104A40002946054A204602F0E5FF03B030BD6FF06D
:104A50000600FAE7200000002C582108014802F067
:104A6000CFBF00BFCC582108014802F0C9BF00BF2A
:104A70007C582108014802F0C3BF00BF2C58210810
:104A80001FB5064B1B680293054B0193054B009322
:104A9000054B02F0A7FE05B05DF804FBD835000019
:104AA0006432000030000000CC5821081FB5064BCE
:104AB0001B680293054B0193054B0093054B02F0D5
:104AC00091FE05B05DF804FBD835000064320000AB
:104AD000300000007C5821081FB5064B1B6802936C
:104AE000054B0193054B0093054B02F07BFE05B08F
:104AF0005DF804FBD4350000743100002400000090
:104B00002C58210807B5064B064A1B680193064B33
:104B10000093064B03F05EFB03B05DF804FB00BF9F
:104B2000D8350000CC582108643200003000000065
:104B300007B5064B064A1B680193064B0093064BCC
:104B400003F048FB03B05DF804FB00BFD83500005C
:104B50007C582108643200003000000007B5064B85
:104B6000064A1B680193064B0093064B03F032FB89
:104B700003B05DF804FB00BFD43500002C582108B9
:104B8000743100002400000007B5064B064A1B687C
:104B90000193064B0093064B03F058FA03B05DF8FF
:104BA00004FB00BFD8350000CC5821086432000057
:104BB0003000000007B5064B064A1B680193064B00
:104BC0000093064B03F042FA03B05DF804FB00BF0C
:104BD000D83500007C582108643200003000000005
:104BE00007B5064B064A1B680193064B0093064B1C
:104BF00003F02CFA03B05DF804FB00BFD4350000CD
:104C00002C5821087431000024000000014902F0F2
:104C10005FBD00BFCC582108014902F059BD00BF5B
:104C20007C582108014902F053BD00BF2C582108CF
:104C30000149024802F02CBD30000000CC58210888
:104C40000149024802F024BD300000007C582108D0
:104C5000034B044904484FF480029A6402F018BDE3
:104C600000840424240000002C58210807B5074BB9
:104C7000074910229A60074B0193074B0093074A9C
:104C8000074B02F061FB03B05DF804FB00840424D1
:104C9000CC5821085C350000D835000030000000F9
:104CA00000FC020007B5074B074910229A60074B2A
:104CB0000193074B0093074A074B02F045FB03B0F3
:104CC0005DF804FB008404247C5821085C35000056
:104CD000D83500003000000000FC020007B5084B8A
:104CE00008494FF480025A64074B0193074B009325
:104CF000074A084B02F028FB03B05DF804FB00BF35
:104D0000008404242C582108E4340000D435000029
:104D100024000000001C0624014B1870704700BFDF
:104D200020000000014803F08FB800BFCC582108D4
:104D3000014803F089B800BF7C582108014803F0FE
:104D400083B800BF2C582108012808D1094BC9B2EB
:104D5000D3F8F02061F30702C3F8F020704702286F
:104D600002D1054BC9B2F3E70328F7D1034BC9B20F
:104D7000EEE700BF000002440000014500080424E3
:104D8000022808D1044B9A696FF303029A61DA6929
:104D90006FF30302DA61704700000145012804D176
:104DA000074BD87900F001007047022801D1054B6C
:104DB000F7E7032801D1044BF3E70020704700BF59
:104DC0006831000040310000183100007047704722
:104DD000064B1868002382B262F30F03000C60F3E5
:104DE0001F4382B0184602B0704700BF9459210893
:104DF000014B1868704700BF3C000000014804F0F8
:104E000081BD00BF3C000000014904F039BD00BF76
:104E10003C000000014804F011BD00BF3C00000050
:104E200037B504460B200D4600F076FA064B1B689A
:104E30000193064B00930246054B2946204604F099
:104E40008DF803B030BD00BFD43500002400000051
:104E50003C000000014804F07DB800BF3C000000A9
:104E6000014804F074B800BF3C0000007FB5104B4F
:104E7000D3E90354B2F5806F2E883ABF02F1FF33B5
:104E8000C3F3090340F2FF3363F30D162E80258828
:104E900063F30D15074B25801B680293064B0193A6
:104EA000064B0093024B04F019F804B070BD00BF2C
:104EB0003C000000D43500007431000024000000E4
:104EC0000D4B1A69B1F5806F13B538BF01F1FF338F
:104ED000148834BFC3F3090340F2FF3363F30D14A6
:104EE000064B14801B680193054B0093024A054B47
:104EF00003F056FF02B010BD3C000000D4350000A6
:104F000074310000240000000D4BDA68B1F5806FA9
:104F100013B538BF01F1FF33148834BFC3F309035D
:104F200040F2FF3363F30D14064B14801B680193AA
:104F3000054B0093024A054B03F084FE02B010BDFE
:104F40003C000000D4350000743100002400000053
:104F5000024B034A1B68034903F0CCBDD435000063
:104F6000240000003C000000034B044904484FF4B7
:104F700000129A6403F06EBD008404242400000033
:104F80003C00000007B5064B0193064B0093064A10
:104F9000064B074903F0CEFC03B05DF804FB00BFED
:104FA000E4340000D435000024000000001C062476
:104FB0003C000000014803F095BB00BFC4000000A6
:104FC000014803F08FBB00BF80000000014803F0E0
:104FD00089BB00BF3C000000FFF7F8BF7FB5264E3D
:104FE00003788DF80D308DF8093033784278234DF1
:104FF0008DF80C20012104468DF80E108DF8082044
:10500000B3B1039806F066FB03462860A8B962783E
:105010002079052A13D12178194B1A4A43F82140E7
:1050200006F0D0FBA278184901238B54337004E0BA
:1050300006F0F2FB28600028E3D004B070BD042A1B
:1050400010D1124D124A297842F8214000930246AD
:10505000104B1148415C02A806F058FA2B78013336
:105060002B70DFE70D4D0E4A297842F8214000935E
:1050700002460C4B0C48EDE7883600008C360000E9
:105080006C3600006161200884360000863600001E
:1050900074360000516120080801000087360000C6
:1050A0007C360000416120081001000010B5044664
:1050B00029B1042912D0BDE8104007F00DBA4B28E1
:1050C00004D90D4840F2DB1106F0BCFE240104F1C6
:1050D0008C4404F598146068C0B210BD0B2804D944
:1050E00005484FF4EF7106F0ADFE240104F11054B1
:1050F00004F59824EFE700BF9859210870B50446DD
:1051000041780078FFF7D2FF43B20025617820781C
:10511000DEB2FFF7CBFF43B2B342F6D10135B5F5AE
:10512000FA7FF3D10549A27820788A5C934214BFB4
:1051300001210021FCF716FD70BD00BF8436000080
:10514000024B53F82000FFF7D9BF00BF7C360000A8
:10515000024B53F82000FFF7D1BF00BF74360000A8
:10516000024B53F82000FFF7C9BF00BF6C360000A8
:105170000278052A15D8437822B93A2B34BF00208B
:1051800021207047511E012905D9032A05D0042A80
:1051900005D0062BF2E7102BF0E70A2BEEE70C2BDD
:1051A000ECE72120704713B5837804468BB90120C2
:1051B00006F05EFA63788DF8043023788DF80530B8
:1051C00000238DF80630019802B0BDE8104006F0CB
:1051D00081BA0020ECE7000037B5831E5D425D41D7
:1051E00004468DF80500AD0001A88DF80450FFF7C6
:1051F000BFFF80B98DB94B2C04D90B4840F24A212E
:1052000006F020FE240104F18C4404F59814636830
:1052100083F00103636003B030BD044A536A83F036
:1052200001035362F7E700BF9859210800C0042426
:10523000354BDFED366AD3F8102242F04002C3F856
:10524000102207EE900AD3F81022F4EEE67A42F02C
:105250001002F1EE10FA07EE101A82B0C3F8102215
:1052600006DCF0EE086AB4EEE67AF1EE10FA08D544
:10527000D3F8102242F02002C3F81022002002B01E
:1052800070479FED237AF4EEC77AF1EE10FA10D54D
:10529000D3F810226FF30302C3F81022D3F81022C0
:1052A0006FF38612C3F81022D3F810226FF30412A2
:1052B000E2E777EEC77ADFED176A134A87EEA67A40
:1052C000F7EE007A77EE277AFCEEE77ACDED017AF9
:1052D0009DF80430F6EE007A77EE277A07EE103A62
:1052E000B8EE477AB4EEE77AF1EE10FAC2BFFCEE00
:1052F000E77ACDED017A9DF80430D2F8101263F30D
:105300000301C2F81012B9E70038042433333340E4
:10531000CDCCCC3F0AD7A33DD0B50E2800F27C827D
:10532000DFE810F00F005A009500D00004010F01D3
:105330004101710181019001B701DC0107023202D4
:1053400054024FF08C43DB6903F00703042B41D870
:10535000DFE803F0033A34373D00844B9A6C013A9E
:10536000052A37D8DFE802F0032224222628586CC9
:105370004FF08C43DC69DB69C4F3C30413F0005FB6
:1053800060D094B10BF024FC064620460F460BF08B
:105390001FFC774B00220BF0DFFA02460B4630462B
:1053A00039460BF0B9FD0BF027FFD0BDD86ADFE717
:1053B000D86BDDE7186BDBE7586BD9E76B4BD86927
:1053C000D6E76A4B5869D3E7684B9868D0E7674BD4
:1053D000D868CDE70020CBE74FF08C43DB69C3F3FF
:1053E000C213042B2CD8DFE803F003251F2228006A
:1053F0005E4B9A6C013A052A22D8DFE802F0030DD1
:105400000F0D1113586C4FF08C43DC69DB69C4F34A
:10541000832413F0804FB3E7D86AF4E7D86BF2E740
:10542000186BF0E7586BEEE7504BD869EBE74F4B42
:105430005869E8E74D4B9868E5E74C4BD868E2E7D8
:105440000020E0E7002CB0D0B0FBF4F0ADE74FF067
:105450008C439B69C3F3C233052B31D8DFE803F0DB
:10546000032124272A2D414B9A6C013A052A27D87B
:10547000DFE802F0030F110F1315586C4FF08C4347
:105480009B69C3F3C32213F4F04F8ED0B0FBF2F04C
:105490008BE7D86AF2E7D86BF0E7186BEEE7586B4A
:1054A000ECE7324B9868E9E7304B1869E6E72F4B99
:1054B0005869E3E72D4BD869E0E72C4BD868DDE766
:1054C0000020DBE74FF08C439B6AC3F34243032B7E
:1054D0002AD8DFE803F002202326244B9A6C013AF5
:1054E000052A21D8DFE802F0030F110F1315586CBD
:1054F0004FF08C439A6AC2F3055312F07C7F3FF45D
:1055000054AF5B004CE0D86AF2E7D86BF0E7186B59
:10551000EEE7586BECE7154B5869E9E7134B9868D1
:10552000E6E7124BD868E3E70020E1E74FF08C4252
:10553000936903F00703032B25D8DFE803F0081B6A
:105540001E214FF08C42D36FC3F34223F3E7074B86
:10555000D86A91699369D2698C05C3F3C503C2F314
:10556000007212D5B2B9DBB91FE700BF8830000066
:105570000000E03F824BD869EBE7814B5869E8E7D0
:105580007F4B9868E5E70020E3E71AB9002BB8D114
:1055900040080AE7D9077FF508AF022B7FF605AF71
:1055A000B0FBF3F001E74FF08C439B69C3F3026358
:1055B000042B00F23181DFE813F0DF0005001D004D
:1055C000200023006E4B9A6C013A052A00F22481D8
:1055D000DFE812F0060008000B0008000D00F700DD
:1055E000586CE2E6664BD86ADFE6D86BDDE6644BC2
:1055F000186BDAE6624B9868D7E6614BD869D4E657
:105600005F4B5869D1E64FF08C42936913F4802FB9
:105610005B4B0CBF58699868936992691202C3F397
:10562000C343B3D59FE74FF08C439A6A12F4806F5F
:10563000534A0CBF9069D0689A6AC2F3C52312F42A
:10564000FC3F5CE74F4A93691B0F062B1FD8DFE82E
:1056500003F0040C0F1215181B00494B586893698E
:10566000C3F3464213F47E0F0FE7454B186AF6E783
:10567000434B586AF3E7424B986AF0E7404BD86ACD
:10568000EDE73F4B186BEAE73D4BD868E7E70020B2
:10569000E5E73C4AD369C3F34303052B1CD8DFE895
:1056A00003F0030C0F121518354B5868D369C3F378
:1056B0004713002B7FF425AF77E6314B186AF5E7E7
:1056C0002F4B586AF2E72E4B986AEFE72C4BD86ABB
:1056D000ECE72B4B186BE9E70020E7E7294A136A50
:1056E000C3F34303072B22D8DFE803F0040C0F12A7
:1056F00015181B1E224B5868136AC3F3421213F08D
:10570000E00FC2E61E4B186AF6E71D4B586AF3E736
:105710001B4B986AF0E71A4BD86AEDE7184B186BE9
:10572000EAE7174BD868E7E7154B586BE4E700202A
:10573000E2E7144B1B6BC3F34303062B6CD801A2A7
:1057400052F823F061672008676720086D6720081A
:1057500073672008E5652008EF6520087967200851
:10576000074B586821E6064B186A1EE6044B586A38
:105770001BE6034B986A18E6014BD86815E600BF94
:105780008830000000140424244B5B6BC3F34303F4
:10579000082B41D801A252F823F000BF616720080E
:1057A000676720086D67200873672008E565200893
:1057B000EF65200879672008C1672008C7672008BF
:1057C000174B586BF1E5164B9869EEE5134AD36A0F
:1057D000C3F34303062B1DD8DFE803F0040A0D10C2
:1057E000131619000E4B5868D36AC3F34713BAE671
:1057F0000B4B186AF8E70A4B586AF5E7084B986AAA
:10580000F2E7074BD86AEFE7054B186BECE7044B60
:10581000D868E9E70020E7E70020C6E50014042483
:1058200088300000024B1B68D3F8BC30184700BF1B
:1058300000013000024B1B68D3F8CC30184700BF82
:1058400000013000024B1B68D3F8EC30184700BF52
:1058500000013000024B01219B69C0B2184700BF14
:10586000B0360000FFF7F6BF1346054A126810B4C1
:10587000546C0A46A44600215DF8044B604700BF03
:1058800000013000034B1B6A02469B6A024801215B
:10589000184700BF0001300000140424104B114AC7
:1058A0001B7F82B0012BADF804000F4BC0B24FF448
:1058B00000610DD9116020B9D3F808220A43C3F85A
:1058C00008225A68002042F001025A6002B0704774
:1058D00011600028F5D1D3F8082242F40062EEE707
:1058E000B036000000E100E0003804242DE9F04F5C
:1058F000224B234893F81CE0224B1A7800231C46C5
:1059000002F59875D9B28E450CD8DFF88080002357
:10591000A8F5107902F5907CDAB2964509D80020F6
:10592000BDE8F08F30F815108C4238BF0C460133BB
:10593000E8E743B929F81C300133EDE7B5F820B0AA
:10594000594489B20AE000271FFA83FABEB2B44272
:10595000F2D900220C4D104635F8021FA14203D2A5
:10596000B142EBD1013292B2013080B25045F3D353
:105970000137002AEAD128F81360DDE7B0360000CD
:10598000D0360000AC3600000E390000103900009F
:10599000012800D17047C30701D44008F8E7002070
:1059A000704703460120834208DC00EBD072A3EB72
:1059B0006203B3EBA00FB8BF400870474000F2E7A6
:1059C00007EE100ADFED087A084837EE277AF7EE7F
:1059D000006AC6EE877AFCEEE77A17EE903A8342C9
:1059E00028BF03461846704795BFD633404B4C003E
:1059F00084B0F0B506AC84E80E00DFED957A0021A6
:105A000023AC0DF16B050A460B46CEB2B04200F254
:105A1000AF80002B00F0A380B0EE007AF4EEC77ADE
:105A2000F1EE10FAB0EE047A05DBF4EEC77AF1EE8F
:105A300010FA00F1DF80F4EEC77AF1EE10FAB0EE62
:105A4000087A05DBF4EEC77AF1EE10FA00F1D8809F
:105A5000F4EEC77AF1EE10FAB1EE007A05DBF4EE5F
:105A6000C77AF1EE10FA00F1CE80F4EEC77AF1EECB
:105A700010FAB1EE047A05DBF4EEC77AF1EE10FA13
:105A800000F1C480F4EEC77AF1EE10FA07DBB1EE54
:105A9000087AF4EEC77AF1EE10FA00F1BA80B1EEAE
:105AA0000C7AF4EEC77AF1EE10FAB2EE007A05DB6A
:105AB000F4EEC77AF1EE10FA00F1AE80F4EEC77A98
:105AC000F1EE10FAB2EE027A05DBF4EEC77AF1EEEF
:105AD00010FA00F1A480F4EEC77AF1EE10FA06DBBA
:105AE000B2EE047AF4EEC77AF1EE10FA6FD4B2EEA9
:105AF000087AF4EEC77AF1EE10FA06DBB2EE0C7A11
:105B0000F4EEC77AF1EE10FA6ED4B3EE017AF4EE49
:105B1000C77AF1EE10FA06DBB3EE027AF4EEC77A3A
:105B2000F1EE10FA63D4B3EE097AF4EEC77AF1EE2F
:105B300010FA06DBB3EE0A7AF4EEC77AF1EE10FA49
:105B400070D9B3EE0B7AF4EEC77AF1EE10FA06DBF9
:105B50009FED407AF4EEC77AF1EE10FA74D9DFEDDA
:105B60003E7A9FED3E7A002A18BFF0EE477A65E054
:105B700015F8016FA6F1140CBCF1020F2F7C0FD8A1
:105B800094ED007AB4EEE77AF1EE10FA03DD01331A
:105B9000DBB2F0EE477A0D2F16D00131043434E732
:105BA000A7F10A0CBCF1020F0CD894ED007AB4EE08
:105BB000E77AF1EE10FA03DD0133DBB2F0EE477A5B
:105BC000182EE9E7182EE6D10132D2B2E5E7DFED73
:105BD000247A9AB39FED217AF4EEC77AF1EE10FAA7
:105BE00023D5F0EE477A29E0DFED1E7AF1E7DFED0D
:105BF0001E7AEEE7DFED1D7ABAB1DFED187A1DE00F
:105C0000DFED1B7AF8E7DFED1B7AF5E7DFED1A7AB7
:105C1000F2E7DFED1A7AEFE7DFED197AECE7DFED77
:105C2000197AE9E7DFED187A42B19FED0B7AF4EECD
:105C3000477AF1EE10FA48BFF0EE477ABDE8F0403F
:105C400017EE900A04B07047DFED107AECE700BF62
:105C50000000000000004C4295BFD6338BE16A364D
:105C6000ACC5A735EFE608369F9D42362E5A8233E3
:105C700001A90C3437F859342439EC3434580F3531
:105C8000AD186335883E8A35B1B49D36F2DD1C37D8
:105C900070B50D4616460446D0B9FFF7D3FDAA48A5
:105CA00007222146FFF7E0FD002D40F0AA81012EDA
:105CB00000F09F810B2C1DD00C2C40F0F5800520AE
:105CC000FFF7C0FDA04807220521FFF7CDFD98E0B2
:105CD000012818D10220FFF7B5FD9B4807220221B9
:105CE000FFF7C2FD002D76D1012E00F082810B2C32
:105CF00040F0DA800320FFF7A5FD07220321924838
:105D0000FFF7B2FD96E002280ED10420FFF79AFDBE
:105D1000072204218C48FFF7A7FD002D00F06681C3
:105D2000012D40F0778155E1032805D10620FFF7CA
:105D300089FD07220621EDE7042805D10820FFF799
:105D400081FD07220821E5E7052805D10A20FFF794
:105D500079FD07220A21DDE706280CD17B4B2022A2
:105D60005A601920FFF766FD1920FFF75BFD7848A0
:105D70000E221921B4E707281ED1744B20225A6045
:105D80001B20FFF757FD1B20FFF74CFD0E221B21A8
:105D90006F48FFF769FD002D00F02881012D40F0CC
:105DA000D980012E00F019810C2C21D10520FFF79C
:105DB00049FD07220521A2E7082840F0FD80634B3A
:105DC00020225A601D20FFF735FD1D20FFF72AFD18
:105DD0000E221D21DCE70B2C1ED0012D40F01A8174
:105DE000012E00F0FA800C2CE0D00D2C00F0C180C8
:105DF0000E2C50D00F2C6FD0102C75D12EE0022D10
:105E000040D0032D52D1012E59D00E2C70D00F2C22
:105E100062D0102C30D121E00320FFF713FD4A4857
:105E200007220321FFF720FD022D2BD0032D03D1E4
:105E3000012E44D0002070BD042D00F0A480052D5B
:105E4000DAD1012E40F0A3800720FFF7FBFC0722E8
:105E50003D481146FFF708FD102C5ED13B4B202238
:105E60005A601A20FFF7E6FC1A20FFF7DBFC3848DF
:105E70000E221A21FFF7F8FC112C50D0072D5CD10F
:105E8000012E88E0012ED5D169E0012E67D00D2CBE
:105E90000FD00E2CBBD10920FFF7D4FC2A480722D3
:105EA0000921FFF7E1FCCAE70D2C62D00E2C68D166
:105EB000F1E70B20FFF7C6FC07220B211FE70B20A1
:105EC000FFF7C0FC204807220B21FFF7CDFC8FE72E
:105ED0000E2CE0D00F2CB2D10720FFF7B3FC072225
:105EE00019481146FFF7C0FC062DC5D1012E4FE021
:105EF0000920FFF7A7FC0722092100E70920FFF787
:105F0000A1FC114807220921FFF7AEFC7FE707201B
:105F1000FFF798FC07221146F1E6112C0DD10B4B2F
:105F200020225A601C20FFF785FC1C20FFF77AFC1A
:105F300007480E221C21FFF797FC122C2FD0082DAA
:105F40007FF478AF012E28E000C004240000304127
:105F500000001346022D7FF454AF012E99D1052085
:105F6000FFF770FC2E4807220521FFF77DFC0D2C62
:105F7000AED10B20FFF766FC294807220B21FFF763
:105F800073FC042DA6D1012EB8D00F2CBFD0102C3D
:105F90003FF464AF112CC2D0122C7FF44BAF214BD5
:105FA00020225A601E20FFF745FC1E20FFF73AFC16
:105FB0001D480E221E21A3E60A287FF475AE01209B
:105FC000FFF740FC164807220121FFF74DFC012D89
:105FD0007FF415AF012E7FF42DAF0320FFF732FCC5
:105FE0000F4807220321FFF73FFC65E6012E7FF4EF
:105FF00021AF0120FFF726FC094807220121FFF706
:1060000033FC0B2C3FF408AF012D3FF4E9AE0C2C10
:106010003FF455AE022D3FF438AF0D2CA9D0F0E679
:1060200000C0042400003041000013462DE9F04177
:106030000F29BDF81850BDF81C609DF820809DF810
:1060400024E055D845EA0604B4F5806F50D22B4CB5
:1060500001F1100701F1400C44F8273001F150071D
:106060009A4244F8212024F81C5024F8176041D0AB
:10607000B8F1000F17D001F1300802EB4502C0F86B
:10608000D42144F8282045EAC12242F40048C0F84F
:10609000D881D0F8D881C0F8D821D0F8D82144F8D8
:1060A0002C8044F82720BEF1000F02D10020BDE86B
:1060B000F08101F1600205EB46052B44C0F8D431B4
:1060C00044F82230CB0203F58063334343F40042AB
:1060D000C0F8D82101F17002D0F8D85144F822500C
:1060E0008031C0F8D831D0F8D83144F82130DDE71C
:1060F0000120DCE742F20210D9E700BFD0360000F1
:106100000F2910B528D892B1144A01F1300452F881
:106110002440C0F8D44101F1400452F82440C0F8B2
:10612000D84101F1500452F82420C0F8D8218BB195
:106130000A4B01F1600253F82220C0F8D42101F18A
:106140007002803153F8222053F82130C0F8D82152
:10615000C0F8D831002010BD0120FCE7D036000087
:1061600010B5274B27485A685A6842F001025A6016
:10617000D3F8082242F48062C3F8082203F5B4334E
:106180001A68026852BBD3F8402442F46752C3F83D
:1061900040241D4AD2F80230DC05FBD41B4BD3F857
:1061A0000427D107FBD5D3F80427D207FBD4D3F8B3
:1061B0004824174C174B21681A60930803F4F853CE
:1061C0000B43910001F07C0112020B4302F4783280
:1061D000134343F081032360012303600C4B1A68CF
:1061E0000A4BC3F84424084AD2F8023013F48073EF
:1061F000FAD1034A516863F30001516010BD00BF3A
:1062000000380424A03600000000052400A0052466
:10621000A8360000A43600000F29024610B54FF042
:1062200001000CD8D2F8CC4100FA01F32343D2F894
:10623000CC119BB263F30F01C2F8CC11002010BD4A
:106240000F29024610B54FF001000DD8D2F8CC410D
:1062500000FA01F343EA1443D2F8CC119BB263F382
:106260001F41C2F8CC11002010BD30B50F299DF898
:106270000C402CD81F2A2AD80F2B28D8012C26D81E
:1062800045686D060FD5090134B14518AC6B44EA79
:10629000835343F08063AB6301448B6B43EA424317
:1062A0008B63002030BD5CB1D0F8081241F400715E
:1062B000C0F80812D0F8081263F34811C0F80812A9
:1062C000D0F8083262F30403C0F80832E9E701208D
:1062D000E8E7000029B9D0F8083261F3CB23C0F811
:1062E0000832064B5B68DB0741BF43686FF300036E
:1062F0004360002058BF4FF0FF307047003804243F
:10630000C1B2024882B002B0FFF7E4BF00380424F3
:106310000F2915D80D4B5A68520603D4D3F8DC3137
:10632000002B0FDAD0F8DC2101238B401343D0F887
:10633000DC219BB263F30F02C0F8DC210020704720
:10634000012070474FF40450704700BF0038042408
:10635000B1F5007F14D2B2F5806F11D243686FF3AC
:106360008A234360C36861F31843C360C36862F360
:106370000903C360436843F48063436000207047AF
:10638000012070470F2925D8012A05D1436A6FF3F0
:10639000D753436200207047022A0BD1436A6FF340
:1063A00000034362436A6FF304134362436A6FF36B
:1063B000C303EEE7084BD3F8DC31002BEADA436A7B
:1063C0000122C3F3CF138A4023EA0201436A61F337
:1063D000D613DEE701207047003804240F29034656
:1063E0004FF0010014D81A6A00FA01F189B2186A54
:1063F000C2F30F220A4362F3172018621A6AC2F32B
:106400000F2222EA0102196A62F3172119620020A1
:106410007047000008B510B101280ED008BD4FF438
:10642000006003F0F9FE104B4FF000725A640F4AFF
:10643000137843F001031370F0E74FF4006003F0AA
:1064400005FF0A4A13786FF300031370DBB2002BC9
:10645000E4D1074B07481B6A0221DB6B9847024BCC
:106460004FF000729A64D9E700840424003A0000D7
:10647000000130000014042484B0F0B52DED028B2F
:1064800083B00AAC84E80F005A4D709B0F9CAB613F
:10649000594B9DF8BD61BDF81C112E77621E9A42C2
:1064A00080F0A4800FAA01239E420AD8012E40F05A
:1064B00081809DF8BC3183B1012911D942F20610C7
:1064C00071E0174652F8040F3F68B84200F28E8020
:1064D000002800F08B800133E6E7B1F5806FEDD244
:1064E0000020FFF797FF0420FFF7CCF9434B444807
:1064F0005A686FF38A225A60DA686FF31842DA60DA
:10650000DA68042161F30902DA605A683D4942F40D
:1065100080625A60FEF78CFEFFF722FE012E16BF46
:106520007443A4006400B4F5FA4F46D20220FFF78A
:10653000A9F94FF4FA436B6004F018F8288104F0CD
:1065400009F8288204F018F8C0F30D0307EE103A9A
:106550009FED2D8AB8EEC77A830BC7EE086A07EE67
:10656000903AF8EEE77A77EEA67AC5ED037A03F073
:10657000F7FFC0F30D0307EE103AB8EEC77A830BAE
:10658000C7EE086A01A807EE903AF8EEE77A002312
:1065900077EEA67A0193C5ED057A04F00BFD00387D
:1065A00018BF0120404203B0BDEC028BBDE8F040B3
:1065B00004B07047731E0F2B7FE7144BA4F5FA4409
:1065C0009C4204D80420FFF75DF9114BB3E7114B4F
:1065D000DC6914F0080407D1022004F023F92046F6
:1065E000FFF750F90C4BA6E70C4BA4E742F204105E
:1065F000D9E700BFB0360000A025260000380424EB
:1066000033333340CDCC4C4000007A4400B80B000B
:106610000048E80100000812005A6202002D310112
:1066200084B070B52DED028B82B008AC84E80F0009
:10663000574C9DF820206E99A16108A901EB8201B9
:1066400054484969544E9DF8B53132700139814240
:10665000237780F09A80012B7AD108AB03EB4202BA
:10666000B2F8F4309DF8B42122B1012B05D942F2E1
:10667000061066E0B3F5806FF9D20020FFF7CAFE7E
:106680000420FFF7FFF8454B45495A6845486FF32A
:106690008A225A60DA686FF31842DA60DA680425F1
:1066A00065F30902DA605A6842F480625A60FEF7C4
:1066B000BFFDFFF755FD337808AA02EB830342F2D2
:1066C00028325B69934246D80220FFF7DBF84FF48B
:1066D000FA43636003F04AFF208103F03BFF20820E
:1066E00003F04AFFC0F30D0307EE103A9FED2E8A28
:1066F000B8EEC77A830BC7EE086A07EE903AF8EE59
:10670000E77A77EEA67AC4ED037A03F029FFC0F3A7
:106710000D0307EE103AB8EEC77A830BC7EE086A8E
:1067200001A807EE903AF8EEE77A002377EEA67A12
:106730000193C4ED057A04F03DFC003818BF012038
:10674000404202B0BDEC028BBDE8704004B070471F
:10675000013B0F2B8AE7154AA3F50C53293B9342C3
:106760000BD82846FFF78EF8114BDA6A114B9A4284
:1067700001D1104BADE7104BABE7104BDB691B07AA
:10678000F9D4022004F04EF8EBE742F20410D8E707
:10679000B0360000A0252600AC36000000380424E6
:1067A000CDCC4C403333334000007A44D6110C003A
:1067B000883000000048E801002D31010000081277
:1067C00013B50D4BADF804004FF40062C3F8802000
:1067D000BFF34F8FBFF36F8F03220121002004F01E
:1067E000BDFC044628B90120FFF714FE204602B084
:1067F00010BD4FF0FF30FAE700E100E04368064AC1
:1068000061F349234360D2F8403443EA4143C2F87C
:1068100040340020704700BF00A0052484B02DE95B
:10682000F04F2DED048BEDB07AAC84E80F009DF8AD
:106830007D3362934FF4C47201237DA96846699346
:106840009DF87C53DFF894A30BF0F2FE94E80E0061
:106850006298FFF7CDF808EE900AFFF7B1F8DAF882
:10686000048007EE900A07EE108AF8EE677AB8EE19
:10687000477AB7EE008A88EE079A88EE277AC7EE45
:10688000097A17EE900A0AF0C5F90DF091FC0AF0AA
:10689000B3FCC8EE897A84B217EE900A0AF0BAF90E
:1068A0000DF086FC0AF0A8FC86B2B44208BF0134A1
:1068B0007F9F08BFA4B2002D65D1B8FBF4F3AAF8FE
:1068C0000060AAF80240DFF818A363930DF5FC7B83
:1068D0005146AAF25E284FF00209629AEBB29A4240
:1068E00000F2C880B74DDFF8F4B2FEF7FFFF224692
:1068F00031462846FFF72CFD01212846FFF77EFF91
:106900006B68B14E43F000636B606B6843F040030B
:106910006B606B686FF341036B603323C5F8E43140
:106920006B6843F004036B60D5F8DC3143F000433F
:10693000C5F8DC310DF2DA23659306F18103A6AFC9
:1069400006F13E0A66930DF5F47800246791629A89
:10695000E3B29A4200F2D7809C4B6A9300229C4B90
:106960006B9369A9104604F05DFB10B1452840F017
:10697000258169996AAA002004F0C2FB003818BF7B
:106980000120404269E020460AF032F9B8FBF7F7EF
:106990008046384689460AF01BF902460B464046B7
:1069A00049460AF001FC00285ED1AAF80060AAF866
:1069B0000240224631468348FFF7CAFC0121814844
:1069C000FFF71CFF7F4B5A6842F000625A605A681A
:1069D0006FF386125A606A1E012A5A684FF000014E
:1069E00094BF42F0020265F341025A60C3F8E41119
:1069F0005A6842F004025A60D3F8DC2161F3DF7276
:106A0000C3F8DC219DF8E9219DF83C029DF84C1269
:106A10005AB1D3F8084262F34924C3F80842D3F8C4
:106A2000084261F34814C3F80842664CD4F80832AF
:106A300060F30403C4F80832FFF72AF92A4600215C
:106A40002046FFF79FFCBAF80220DAF80430B3FBC7
:106A5000F2F3604A0020C2F880326DB0BDEC048BC6
:106A6000BDE8F04F04B07047BAB2AAF80060AAF8C7
:106A700002209FE79DBB639BB3FBF7F39BB2012B07
:106A80008CBFA8F86032A8F86092629B012B08D0F6
:106A90004A881046FEF77CFF18B91046FEF781FFC2
:106AA0004880DFED4D7A524600231FFA85FC32F80C
:106AB000020F07EE100AB8EE477A0133C8EE076AF4
:106AC0009BB2634577EEA67AF1D9F4EEC87AF1EE7F
:106AD00010FA0DDC013502310BF1040BFDE6DBE9A8
:106AE0000032B3FBF2F20B8813FB02F34B80CCE7CE
:106AF0005246002332F8020F01339BB24000634537
:106B00001080F7D9E6E798F8549098F864306493C9
:106B100018F8013F639300934A462146649B284638
:106B2000FFF7A3FB36F8021F328C012A08D0A3001E
:106B300003F1105303F58723A3F83811C3F8782124
:106B400021462846FFF7E4FBDDE963214846FFF7CD
:106B50009FF821462846FFF773FB659B33F8029F99
:106B60006593679BCDE90099CDE902332146D7F8BB
:106B7000A4307A6E2846FFF759FA21462846FFF7D7
:106B80004BFB002221462846FFF7FCFBBBF8022006
:106B9000DBF80430B3FBF2F3328CB3FBF2F34AF8C8
:106BA000043F57F8043FA6F8D090CAF85030669BCF
:106BB000639A03F8012F01346693C8E64FF0FF3063
:106BC0004BE700BF003804240E3900005568200848
:106BD00065682008D036000000000000B0360000D4
:106BE0002E39000084B02DE9F04F2DED048BEBB071
:106BF00078AC84E80F0021469DF87533DFF810A3C8
:106C000011F80C8B62934FF4C472012368466793AA
:106C10009DF874638AF800800BF00AFD94E80E007A
:106C20006298B44DFEF7E4FE08EE900AFEF7C8FE47
:106C3000D5F804B007EE900A07EE10BAF8EE677ABE
:106C4000B8EE477AB7EE008A88EE079A88EE277A80
:106C5000C7EE097A17EE900A09F0DCFF0DF0A8FAEA
:106C60000AF0CAFAC8EE897A84B217EE900A09F0DF
:106C7000D1FF0DF09DFA0AF0BFFA87B2BC4204BF03
:106C80000134A4B2002E55D1BBFBF4F378AA64936F
:106C900008F1040302EB830397492F806C800DF504
:106CA000F8796593629AF3B29A4200F2C180934EEA
:106CB000FEF71CFE224639463046FFF749FB01210C
:106CC0003046FFF79BFD73688D4C43F000637360A3
:106CD000736843F04003736073686FF3410373603C
:106CE0003323C6F8E431736843F004037360D6F8C5
:106CF000DC3143F00043C6F8DC310027629AFBB276
:106D00009A4200F207817F4B689300227E4B699381
:106D100067A9104604F086F910B1452840F07B8140
:106D2000679968AA002004F0EBF9003818BF012029
:106D3000404271E078AB03EB88082046D8F8143065
:106D4000BBFBF3FB09F054FF80465846894609F027
:106D50003FFF02460B46404649460AF025FA002806
:106D600061D12F806C80224639466448FFF7F0FAE3
:106D700001216248FFF742FD604B5A6842F0006211
:106D80005A605A686FF386125A60721E012A5A6856
:106D90004FF0000194BF42F0020266F341025A60D4
:106DA000C3F8E4115A6842F004025A60D3F8DC21B7
:106DB00061F3DF72C3F8DC219AF8002002F5F0726B
:106DC0006A4492F8540092F8641052785AB1D3F899
:106DD000084262F34924C3F80842D3F8084261F339
:106DE0004814C3F80842454FD7F8083260F304034B
:106DF000C7F80832FEF74CFF9AF8004032462146A9
:106E00003846FFF7BFFAA0346A886B68B3FBF2F329
:106E10003B4A42F8243000206BB0BDEC048BBDE847
:106E2000F04F04B070471FFA8BF22F806A809BE707
:106E300008F59873DFF8C8B06393002E50D1659BB6
:106E4000649A5B68B2FBF3F39BB2639A012B98BF21
:106E500002232BF81230629B012B08D04A8810467F
:106E6000FEF796FD18B91046FEF79BFD488078ABFB
:106E700003EB4803B0B2B3F8F430012B01BF08F5BF
:106E800098723BF812309B082BF81230639B3BF84A
:106E9000133007EE903AF8EE677A002288EE277AF0
:106EA000DFED1A7A01321FFA82FC844577EE877A89
:106EB000F8D9F4EEC87AF1EE10FA0CDD00220132B6
:106EC0001FFA82FC5B0084459BB2F8D90C4808F598
:106ED000987220F812300136023109F10409E1E616
:106EE000D9E90032B3FBF2F20B8813FB02F34B80BB
:106EF000B1E700BFB03600002E390000003804248E
:106F0000D0360000556820086568200800000000A1
:106F1000AC3600009AF80010639101F5F0736B44F1
:106F2000304693F8548093F8649093F801B0CDF80C
:106F300000B04B464246FFF798F9639901F590730C
:106F400034F8130001F5987334F81320012A08D09F
:106F50008B0003F1105303F58723A3F83801C3F81E
:106F600078213046FFF7D4F95A4649464046FEF7A5
:106F70008FFE9AF8008030464146FFF761F978AB02
:106F800003EB480378AAB3F8F43002EB880001223F
:106F9000CDE90222CDE900334146D0F85431D0F892
:106FA00014213046FFF742F89AF8008030464146F7
:106FB000FFF732F9414600223046FFF7E3F908F1C6
:106FC000A00269886B68B3FBF1F308F5987101378B
:106FD00034F81110B3FBF1F344F8223078AA02EB35
:106FE000480208F5C473B2F8F42024F8132078AAF4
:106FF00002EB880208F1B403D2F8B42044F823204D
:1070000008F5F07204EB08030DEB020898F8012074
:1070100083F8C02272E64FF0FF30FDE6D0F8E03191
:1070200043F00103C0F8E031002070472DE9F3413F
:10703000374B9A6A0192019A16020DD5426A1502DF
:10704000C2F3C05008D45A6A42F400025A62314B6B
:107050009B690421984718E0019BDC0709D52C4A5D
:10706000136A43F0010313622A4B05219B69002038
:10707000F0E7019C14F080740BD02548012100F04A
:1070800095F8254B02201B689847002002B0BDE808
:10709000F0811F4B5A68500603D4D3F8DC31002B23
:1070A00024DA1E4D1A4E1B4F019BE21DD340D90717
:1070B00017D521463046FFF791F92B785FFA84F80F
:1070C000B3FA83F2520941463046FFF719F8BB691B
:1070D00013B10021404698472B78B3FA83F35B093C
:1070E0002B700134102C05F10105DDD1084B5A68D5
:1070F0009207CAD4D3F8DC11C90FC6D15A6842F03E
:1071000004025A600198034BC0B29B69A2E700BF1A
:1071100000380424B0360000043A00009036000025
:107120000148FFF783BF00BF00380424030548BFB0
:1071300020F40060174B58BF40F40060D1B11A8AA8
:1071400093ED057A821A07EE902AF8EEE77A67EE59
:10715000877AFDEEE77A17EE903A18B2B0F5805FC5
:1071600011DA002812DDB0F5006F10DBA0F5006029
:1071700000B270471A8993ED037A821A07EE902ABB
:10718000F8EEE77AE3E740F6FF70EFE7002000F55E
:107190000060EDE7B0360000406921B11146C0F350
:1071A0000B00FFF7C3BFC0F30B007047436A012910
:1071B0001DBF43F002034362436A43F0807318BF6C
:1071C00043F004034362002070472DE9F04F92F82A
:1071D00006C092F802A05378D5781679577992F8BC
:1071E00007E092F8088092F8099092F80AB0D47AF1
:1071F000127802B35B0643EA4B7343EA8A5343EACD
:10720000495343EA085343EA4E4343EA0C4343EAF3
:1072100047330901026843EAC62301F1105143EAEA
:10722000852301F5872142F0004243EA44230260AE
:10723000CB63BDE8F08F02686CF3C712026002688E
:107240006AF34F320260026863F31342026003681C
:1072500065F341030360036866F383030360036817
:1072600067F30613036003686EF30A230360036881
:1072700068F3CB230360036869F30C33036003688E
:107280006BF314530360036864F300030360D0E7F7
:1072900010B4034C2468646CA4465DF8044B60474A
:1072A00000013000024B1B68D3F8B830184700BF0C
:1072B00000013000024B1B68D3F8C030184700BFF4
:1072C00000013000024B1B68D3F8C830184700BFDC
:1072D00000013000024B1B68D3F8E830184700BFAC
:1072E00000013000072806D9102834BF02230423E8
:1072F000024A137070470123FAE700BF0E3A0000FC
:1073000038B590F8343003F0FD03012B044616D154
:10731000006805699DB9E26A937113680BB9012091
:1073200038BD084A821A50425041C00740F004005C
:107330009847E36A9A79002AF1D09D71EFE700201F
:10734000EEE700BF0008042473B5CB6ADE7916F0BF
:1073500001060C464FF0000540F093819E809E711F
:1073600018601C22206B31460BF096F894F83430EC
:107370005A1E012A00F23881E368587840280CD957
:107380004038C0B2FFF7A6FFE36895485A78403A04
:107390000623D2B23146FFF77BFFE16891488B7834
:1073A0004A780978FFF774FFE368D87808B1FFF7E7
:1073B00081FFE3685878FFF785FFE3685878A0F10C
:1073C0001903052B01D8FFF76DFF23693BB35878EC
:1073D00040280CD94038C0B2FFF77CFF23698048B1
:1073E0005A78403A0623D2B20021FFF751FF2169B3
:1073F0007C488B784A780978FFF74AFF2369D87868
:1074000008B1FFF757FF23695878FFF75BFF23693F
:107410005878A0F11903052B01D8FFF743FF6369E2
:107420003BB3587840280CD94038C0B2FFF752FF20
:1074300063696B485A78403A0623D2B20021FFF7BD
:1074400027FF616967488B784A780978FFF720FF42
:107450006369D87808B1FFF72DFF63695878FFF7A3
:1074600031FF63695878A0F11903052B01D8FFF7A4
:1074700019FFA3693BB3587840280CD94038C0B2F3
:10748000FFF728FFA36956485A78403A0623D2B23C
:107490000021FFF7FDFEA16952488B784A780978F0
:1074A000FFF7F6FEA369D87808B1FFF703FFA369D9
:1074B0005878FFF707FFA3695878A0F11903052B47
:1074C00001D8FFF7EFFEE3693BB3587840280CD9A9
:1074D0004038C0B2FFF7FEFEE36941485A78403AAF
:1074E0000623D2B20021FFF7D3FEE1693D488B7835
:1074F0004A780978FFF7CCFEE369D87808B1FFF73E
:10750000D9FEE3695878FFF7DDFEE3695878A0F10A
:107510001903052B01D8FFF7C5FE6368587840288A
:107520000CD94038C0B2FFF7D5FE63682C485A78B2
:10753000403A0623D2B20021FFF7AAFE616829482B
:107540008B784A780978FFF7A3FE6368D87808B18A
:10755000FFF7B0FE63685878FFF7B4FE63685878A9
:10756000A0F11903052B01D8FFF79CFEA3685878FA
:1075700040280CD94038C0B2FFF7ACFEA3681848C9
:107580005A78403A0623D2B20021FFF781FEA16863
:1075900014488B784A780978FFF77AFEA368D87880
:1075A00008B1FFF787FEA3685878FFF78BFEA36842
:1075B0005878A0F11903052B01D8FFF773FE636A11
:1075C00013B9A36A002B59D0002301A8019303F03B
:1075D000F1FC002852D04FF0FF3002B070BD00BF68
:1075E00000C0042400001346032BE8D1E368587858
:1075F000FFF770FEE16824488B784A780978FFF736
:1076000047FE236903B15D78636903B15D78A369BF
:1076100003B15D7804238DF8043000238DF8063023
:1076200004F0FAF80028D6D18DF80550019804F03E
:1076300051F80028CFD1154B1D702D0105F11055C3
:1076400005F5982501236B606B68012BFCD16368FD
:107650005878FFF73FFE61680B484A788B780978C5
:10766000FFF716FEA3685878FFF734FEA1680648B6
:107670008B784A780978FFF70BFEA0E7E36A0122CE
:10768000DA710020A9E700BF00C004240C3A000012
:107690000268002310B59360C26AD3710446D0E932
:1076A000093003B980B1017F03220131002003F0CA
:1076B00055FD50B9A36A197F0322013103F04EFD35
:1076C000003818BF0120404210BD4FF0FF30FBE7EB
:1076D00038B50C4620B1022834D06FF0030038BD15
:1076E00091F92030002B0DDB5A09012103F01F0313
:1076F000994002F12003384A42F82310BFF34F8F1C
:10770000BFF36F8F226800239360E26A93809371C6
:1077100094F92030002B09DB5A09012103F01F03E3
:10772000994002F160032C4A42F823101C22206B7E
:1077300000210AF0B1FEE26AD37923F00203D3718B
:107740000020CCE7CB6ADB79DA0741D59B07F7D479
:1077500091F83410012923D1204B94F83820DB69AB
:107760004FF08C40D3F8A850E36BA847E36A00229F
:107770009A809A71DA7942F00202DA7194F9203033
:10778000002BDDDB03F01F015B099B0003F160436D
:1077900003F5614301228A40C3F880211A60CFE7D4
:1077A000022909D10D4BDB690122D3F8E430032112
:1077B0004FF08C409847D9E70329D7D1074B94F86D
:1077C00039201B6A06485D69A38F0121A847CDE7D0
:1077D0004FF0FF3083E700BF00E100E00001300020
:1077E000001404242DE9F04188468AB017461C464F
:1077F0000646002800F0F280002900F0EF80002A01
:1078000000F0EC80DB6ADA79520740F1D6801B7910
:10781000002B40F0E6802046FFF772FD0546002869
:1078200040F0E280E36A01229A809871236BC3E9F9
:107830000186C3E903002368196860F30921196010
:107840009A6094F83420616A1E6802F0FD02012AF1
:107850001AD1C6F30446002940F0A580A16A002988
:1078600057D13046FFF73EFD614B226B1B787B43BF
:10787000136094F83430032B00F0A4802268D36A9C
:1078800043F01F03D3628CE006F00F060029E5D019
:10789000072E00D90125DA6CDFF858C142F0010249
:1078A000DA645A6D00206FF303025A658DF82700E1
:1078B0000A7F0132009260330A68CDF804C0CDE936
:1078C00003380323CDE905354FF48173ADF8243037
:1078D0004B69DFF824C1CDF808C06946CDE90757E8
:1078E0008DF8263003F09EFB08B1452865D100993C
:1078F00001AA002003F004FC00285ED1009903AA2D
:1079000003F070FC002858D1636A197F013103F03D
:10791000A3FDA16A002941D0072E4CD90F2E8CBFA0
:10792000022501252368334EDA6C42F00202DA6444
:107930001A6D012060F3030200201A658DF82700FC
:107940000A7F013200920A6801962B4E0296266B3E
:107950006033B6680396CDE904350323CDE90635D7
:1079600040F20113ADF824304B69089769468DF851
:10797000263003F057FB08B145281ED1009901AA13
:10798000002003F0BDFBC0B9009903AA03F02AFC54
:1079900098B9A36A197F013103F05EFD002003F05E
:1079A00077FD00200BE0072E7FF675AF0F2E7FF6D8
:1079B00071AF02256FE70025B4E74FF0FF300AB042
:1079C000BDE8F0810D4B1B781B0103F1105303F54B
:1079D000982359605A68002AFCD14FE76FF00400E1
:1079E000EDE76FF00100EAE76FF00300E7E700BFA3
:1079F0000E3A0000CD5D2008CF5D20080C3A000053
:107A0000C36ADB79024613F004001CBF136BD8680D
:107A1000704700002DE9F3411446984AE56A9DF845
:107A200020E095F807C082F800E01CF0020F06463F
:107A300004D14FF0FF3002B0BDE8F0812768904AD2
:107A40009742C0B211D1012800F0D881142814D176
:107A5000BB6C01931C22206B019B00210AF01CFDD2
:107A6000E36A00221A710020E5E7864A974202D0B5
:107A7000854A9742EAD10228E6E72A79002A40F0AF
:107A8000C081BA6013283AD8DFE810F014001D0056
:107A90002F00BE01BE01390039003900390039001C
:107AA00039003900390039003900390027007B00DE
:107AB00080008300AB682CF0040C23F0FF03AB6064
:107AC00085F807C0CFE7AA6822F0FF0242F0010262
:107AD0004CF0040CAA6085F807C0B3FBF1F07B6999
:107AE000C0B260F30F037B6109E0AB6823F0FF03D2
:107AF00043F002034CF0040CAB6085F807C0AB68A0
:107B0000DAB2012A0ED106F4C012B2F5801F00F0DD
:107B1000F58000F29980002A00F0A080B2F5002FD5
:107B200000F0A180E26A9368D9B2022913D123F44C
:107B3000001316F4001F936040F08D8023695B787A
:107B40004BB963695B7833B9A3695B781BB9E369A7
:107B50005B78002B7FD006F4E063B3F5407F00F044
:107B60003A8100F2DE80B3F5807F00F02181B3F529
:107B7000007F00F02681002B00F0DE806FF0070010
:107B800059E77A6992B2B3FBF2F054E7236B198399
:107B900069E7AB68D8B201287FF44BAF03F4C01398
:107BA00059BBB3F5801F11D194F8342002F0FD03C6
:107BB000012B06D13A6903FA0EF322EA03033B6173
:107BC00051E7022A7FF44FAF39614CE7BEF1030F52
:107BD00005D8DFE80EF0020C0E1023695A782B4B03
:107BE0001B685C6801232A480021A0473BE76369C2
:107BF000F4E7A369F2E7E369F0E7B3F5801F0FD17B
:107C000094F8342002F0FD03012B04D13A6903FA01
:107C10000EF31343D3E7022A7FF425AF386122E73E
:107C2000BEF1030F05D8DFE80EF002090B0D236942
:107C30005A78164B1B685C680023D4E76369F7E742
:107C4000A369F5E7E369F3E7B2F5C01F7FF46AAF14
:107C500023F4C013AB606FF00A00ECE63A6123F442
:107C6000C013AB605EE723F4C013AB60BEF1030F3B
:107C7000F1D8DFE80EF00F3D3F4100BF0D3A0000A4
:107C80000000014500000244000804240001300007
:107C9000000013462369D8785D7808B1FFF70AFB26
:107CA000002DD8D0402D07D9A5F140025B4806230E
:107CB000D2B20021FFF7ECFA594F5A480023194677
:107CC0002A46FFF7E5FA3B685648D3F800800023C0
:107CD00019462A46C0473B6852485F682A46012336
:107CE0000021B847E26A936843F40023936019E7E0
:107CF0006369D0E7A369CEE7E369CCE7226923F49F
:107D0000C013AB6052784AB96269527832B9A2693D
:107D100052781AB9E2695278002A9CD043F4801351
:107D20009FE7B3F5806F5BD0B3F5A06F7FF426AF0C
:107D3000236802211A6856E02268116863F3C711AC
:107D40001160116863F38611116094F8342002F019
:107D5000FD02C6F30533012AA3F1040146D11C2913
:107D600055D821680868013B63F3144016F4802657
:107D700008604FD12368196866F3CB211960196830
:107D800066F356511960196866F30511196099690F
:107D900066F303019961D96966F30301D961012A88
:107DA000DA6A0CBF22F03F0222F01F02DA625AE6C2
:107DB00023681A686FF3C7121A601A6842F040020B
:107DC00007E023681A6842F080021A601A686FF3AD
:107DD00086121A60B9E723681A6842F08002EBE75E
:107DE00023681A68012161F30512F2E70C290ED805
:107DF00021680868013B63F30300B7E76FF00300F5
:107E000019E66FF0010016E66FF0060013E66FF05A
:107E1000080010E66FF009000DE600BF00C0042462
:107E20000001300000001346C26A5379117990793D
:107E30005B0001F0010103F0020380000B4300F03E
:107E40000400184370470000F7B50268136B916A8D
:107E50000446906C019013F00E0F01980BD0936BB9
:107E60000093D36B0093136C0093009BE36A012291
:107E70005A71022024E00D0740F18980D80640F1B4
:107E80008680216B486800287FD0CB680D68AB42A4
:107E9000EFD26A4D2D78012D3FD192F860205D1C04
:107EA000CD60C254236BD9681A6891425ED32268B0
:107EB000D36A23F01003D362E36A00221A7101200F
:107EC000E36A1A68002A60D023685D498B4200F09B
:107ED000B08001F57F018B4200F0AD805949591AFD
:107EE0004B424B415B0040EA8370904794F834303A
:107EF000032B0BD1544B1B781B0103F1105303F5DB
:107F0000982301225A605A68012AFCD1E36A1A793F
:107F1000002A3AD000221A7137E0022D0BD1126EDE
:107F20005D1CCD60C254236BD96858684D1CDD6060
:107F3000120A4254B6E7042DB4D1126E5D1CCD6016
:107F4000C254236BD96858684D1CDD60130A435432
:107F5000236BD96858684D1CDD60130C4354236BA8
:107F6000D96858684D1CDD60120EE2E794F83420A1
:107F700002F0FD02012A08D19B6833B92368A522CB
:107F80001A662268936ADF07FCD403B0F0BD4E077F
:107F9000FBD5DD07F9D5216B8D68002DF5D00B6978
:107FA00008688342BFF465AF2448007801281ED1D9
:107FB000581C0861EB5C82F8603094F8343003F0B0
:107FC000FD03012B03D12268936AD807FCD4236BED
:107FD0001A691B689A42D8D32368DA6A22F0010230
:107FE000DA621B68C3F30123012BCED164E70228B8
:107FF00009D15E1C0E61E85C02330B61AB5D40EAA7
:1080000003231366D9E70428D7D15E1C0E61981CA0
:10801000EF5C086115F806C0DE1C0E61285C0433B5
:1080200000040B61AB5D40EA0C20384340EA036377
:10803000E7E7002357E7012355E700BF0E3A0000AA
:1080400000000244000804240C3A0000F0B55C4B28
:10805000154600228BB00E461A600746002800F035
:10806000A680002900F0A380EB6ADA79520703D4D6
:108070004FF0FF300BB0F0BD1B79002B40F09A8021
:108080002846FFF73DF90346002840F09680EA6A4B
:108090000121918090712A6B2C68C2E90107C2E925
:1080A0000300226861F309222260A16095F8342060
:1080B000A96A02F0FD02012A16D12268C2F3044225
:1080C000104600295FD1FFF70DF93E4B2A6B1B7854
:1080D0007343136095F83430032B5BD02A68D36A5E
:1080E00043F00303D3624CE0236803F00F03184608
:1080F0000029E8D0072B94BF00230123E26CDFF8AE
:10810000CCC042F00202E264226D012060F303025F
:1081100022650A7F6034013200920A68CDF804C0FB
:10812000CDE904430324CDE9064340F20113DFF80F
:10813000A0C0ADF824304B69089600206946CDE90F
:1081400002C78DF827008DF8263002F06BFF08B1CA
:1081500045288DD1009901AA002002F0D1FF002806
:1081600086D1009903AA03F03DF8044600287FF465
:108170007FAFAB6A197F013103F06EF9204603F03F
:1081800087F9002076E7072AB8D90F2A8CBF022387
:108190000123B3E70C4B1B781B0103F1105303F5CC
:1081A000982300225A605A68002AFCD196E76FF0A3
:1081B00004005FE76FF001005CE76FF0030059E730
:1081C000083A00000E3A00000C3A0000CD5D20088D
:1081D000CF5D20082DE9F041904B144600228AB073
:1081E0000F461A608046002800F00F81002900F039
:1081F0000C81E36ADA79520740F1F3801B79002B96
:1082000040F006812046FFF77BF80246002840F048
:108210000281E36A012198719980236BC3E901808F
:10822000C3E9030023681868022666F30920186072
:10823000996094F83400616A1D6800F0FD0001281F
:1082400023D1C5F3044549BBA66A002E69D128464F
:10825000FFF748F8724B226B1B787B43136094F84E
:108260003410032940F0C2806E4B1B781B0103F1D0
:10827000105303F598235E605A68002AFCD12368E6
:10828000DA6A42F01C02DA62B7E005F00F05002955
:10829000DAD0072D40F2A080012604E0072D40F23D
:1082A0009B800F2DF8D9DA6CDFF880C142F0010213
:1082B000DA645A6D00206FF303025A658DF82700C7
:1082C0000A7F0132009260330A68CDF804C0CDE91C
:1082D00003380323CDE905364FF48173ADF824301C
:1082E0004B69DFF84CC1CDF808C06946CDE9076796
:1082F0008DF8263002F096FE08B1452871D100991C
:1083000001AA002002F0FCFE00286AD1009903AA0D
:1083100002F068FF002864D1636A197F013103F01D
:108320009BF894F8343003F0FD03012B4FD1A66A7B
:10833000002E4CD0072D51D90F2D8CBF4FF00208C5
:108340004FF001082568EB6C43F00203EB642B6DE2
:10835000012262F303032B651C22002103A80AF00B
:108360009BF8337F304901330093304B32680193DF
:108370002F4B02932F4BDB69089713F0080F274B05
:1083800018BF0B4603930323CDE9063840F20113CF
:10839000ADF8243073698DF82630603569460020C9
:1083A000CDE9045802F03EFE08B1452819D10099E4
:1083B00001AA002002F0A4FE98B9009903AA02F0D5
:1083C00011FF70B9A36A197F013103F045F800204D
:1083D00003F05EF8002006E0164664E74FF0000860
:1083E000B0E74FF0FF300AB0BDE8F0812368DA6AE9
:1083F000012942F01C02DA62ECD1A52283F8602048
:108400002268936ADB07FCD4E4E76FF00400EAE734
:108410006FF00100E7E76FF00300E4E7083A0000BF
:108420000E3A00000C3A000020030624CD5D20081F
:10843000CF5D200800000812054B9A689107FCD414
:108440005A689207F9D4DA69002AF6D1704700BF5A
:10845000008C0424064B1A6A61F397421A621A6A66
:1084600060F34C221A621A6A9204FCD5704700BF6E
:1084700000800424024B0122C3F80421704700BF8E
:10848000008C0424074B5A68012A0AD102221A617F
:10849000DA699207FCD40122C3F804229A60FFF73C
:1084A000CBBF7047008C042410B5094CFFF7C4FF04
:1084B0006368012B03D1FFF7E5FFFFF7BDFF054A16
:1084C000936843F4803393600378E36010BD00BF8A
:1084D000008C04240000304110B101281CD07047EA
:1084E0004A680B7812B1127843EAC2034A7843EA29
:1084F00042038A6812B1127843EA82138A7843EA07
:108500008203CA6812B1127843EA4223104A936484
:10851000936D002BFCD170474A680B7812B112782A
:1085200043EAC2034A7843EA42038A6812B11278E6
:1085300043EA82138A7843EA8203CA6812B1127846
:1085400043EA4223024A9366936F002BFCD17047A3
:10855000008C042410B1012804D07047034BC3F8E9
:1085600044117047014BC3F864117047008C042418
:1085700010B1012804D07047034BC3F84412704770
:10858000014BC3F864127047008C042410B1012819
:1085900004D07047034BC3F840127047014BC3F837
:1085A00060127047008C042418B1012804D0002008
:1085B0007047034B186C7047014B186E704700BF33
:1085C000008C042418B101280BD00020704711B191
:1085D000012903D07047074BD86C7047054B186DC5
:1085E000704721B10129F0D1024B186F7047014B40
:1085F000D86E7047008C042410B101280CD070474D
:108600000B4B29B1012905D09A6D002AFCD1704786
:10861000DA64F9E71A65F7E7054B29B1012905D0B6
:108620009A6F002AFCD17047DA66F9E71A67F7E714
:10863000008C0424044B4FF480625A60034B4FF4C7
:1086400080021A60704700BF0000081200E100E0DD
:10865000094B4FF48002C3F88020BFF34F8FBFF364
:108660006F8F064B4FF480629A601A60044AD36B96
:1086700043F48063D363704700E100E00000081218
:108680000081042410B4034C2468646CA4465DF893
:10869000044B604700013000024B1B68D3F8B83030
:1086A000184700BF00013000024B1B68D3F8C030F0
:1086B000184700BF00013000024B1B68D3F8C830D8
:1086C000184700BF00013000024B1B68D3F8E830A8
:1086D000184700BF00013000014BDB685B69184799
:1086E00000013000F0B5436885B00024B3F1884F35
:1086F00001940546029403940BD0774A934208D024
:10870000764A934200F0D180754C181B4442444194
:1087100064009A680192019A02F00602062A4FEA62
:1087200084742CD15B690293029B990710D56A6906
:1087300013686BB101215171202098476B6993F840
:108740002820032A04D193F826300BB144F01004FA
:10875000029B5A0707D56A69136823B10121117278
:108760004FF400709847029B1B0740F1A0806A6994
:10877000136823B10121D1714FF480709847019B98
:108780009E071DD56B691E6910201A6A696896429A
:1087900009D09F690138BF5C0F6002F101021A62C3
:1087A000F3D196420CD14A6822F002024A600022BC
:1087B00083F826201B681BB144F00104204698472B
:1087C000019B580738D56B691A68002A34D06A684B
:1087D0005169C90725D511685A69DB69D1546B699C
:1087E000DA69D96801328A42DA611AD169684A685D
:1087F00022F001024A6093F82820023A0021012A5F
:10880000197164D893F8272083F82710022A5ED0C4
:10881000032A59D0012A01D144F001041B682046E3
:1088200098476B691A683AB1D969DB68994203D0F5
:1088300044F0400420469047019B1A074AD16B68D8
:108840009B6903936B78DB0608D5039BDF0705D58F
:108850006B6944F480641B68204698476B785E0619
:1088600008D5039B980705D56B6944F400641B6821
:1088700020469847AB78D90708D5039B5A0705D5FA
:108880006B6944F400541B682046984795F9013001
:10889000002B1FDA039B1B071CD56B691B6844F474
:1088A000805005B0BDE8F0401847012431E7029B35
:1088B000DF067FF564AF6A691368002B3FF45FAF92
:1088C00001219171802059E744F00404A6E744F0A7
:1088D0000204A3E705B0F0BD00010044000002451A
:1088E0000018042430B504460AB3B0F5E10F1ED8D1
:1088F00053688025DD608900B1FBF0F1D3F8C0003A
:108900006FF30500C3F8C000002018605860D860FD
:10891000DD60C1F387151D60C1F3873501F03F01AC
:108920005D60C3F8C010D8605369DC6230BD40F2AE
:108930000160FBE72DE9F7434E69DDF8289096F8D2
:10894000295015F001050C46174698466ED1C6E928
:108950000005357286F8265086F824504B68B3F12E
:10896000884F02D0354A934212D1354B10229A607B
:10897000344BA26BDB69019294F834200092D3F857
:10898000A45094F83C20002301214FF08C40A847CC
:1089900062682D4B9A4215D103F15F4303F52133F1
:1089A00010229A60274BA26BDB69019294F8342065
:1089B0000092D3F8A45094F83C20012319464FF0BC
:1089C0008C40A8476268214B9A4210D103F5D843E6
:1089D0004FF400125A641B4B228F1B6A0092DD6910
:1089E00094F83C2094F8353019480121A847E368F1
:1089F0000BB92369B3B16568B5F1884F08D00F4B47
:108A00009D4205D0104B9D4202D0104B9D4211D18A
:108A10000C4BDB684A461D680B9B41463846A8470D
:108A2000C9F800006369012283F82920002003B0FF
:108A3000BDE8F0834FF0FF30F9E700BF00010044CC
:108A400000840424000130000000024500180424C2
:108A50000014042438B54368B3F1884F04460D462A
:108A600002D01F4A934207D11E4BDB690021D3F885
:108A7000E8304FF08C40984762681B4B9A4207D110
:108A8000184BDB690121D3F8E8304FF08C40984750
:108A90006268164B9A4205D1124B15481B6A082191
:108AA000DB6B9847E3680BB923698BB16368B3F15B
:108AB000884F08D00A4A934205D00B4A934202D00D
:108AC0000A4A934209D1074BDB6828465B689847FE
:108AD0006369002083F8290038BD4FF0FF30FBE7C1
:108AE0000001004400013000000002450018042489
:108AF0000014042470B50C4615461E4620B1022809
:108B000072D06FF0030070BD91F9080000280CDBF3
:108B10004309474900F01F0020330122824041F8F9
:108B20002320BFF34F8FBFF36F8FE06862696368E4
:108B3000B0B192F826209AB1B3F1884F0BD03D4ADC
:108B4000934208D03C4A934205D03C4A934202D01B
:108B50004FF0FF30D7E7007932462946FFF7BCFDDA
:108B6000D4E90402636890B1127982B1B3F1884FFD
:108B700008D0304A934205D02F4A934202D02F4A60
:108B80009342E5D1007932462946FFF7A5FD636897
:108B90002B4AB3F1884F05D026498B4202D0264993
:108BA0008B421DD11023D36094F90830002B09DBD0
:108BB0005A09012103F01F03994002F160031C4A86
:108BC00042F82310636900225A601A7283F8262043
:108BD00093F8292022F0020283F82920002092E74E
:108BE0004FF400139364DFE74A6992F82930D907FC
:108BF000AED513F00203F1D161684B60536013727C
:108C000082F826304FF44073138594F90830002B16
:108C1000E4DB03F01F015B099B0003F1604303F5F4
:108C2000614301228A40C3F880211A60D6E700BF61
:108C300000E100E0000100440000024500180424A7
:108C4000008404242DE9F04F8FB00DF11C0A064674
:108C50000D46904600211C225046DDF864901F46C8
:108C600009F01AFC002E00F08D80002D00F08A80A3
:108C7000D8F8142092F82930580704D44FF0FF3068
:108C80000FB0BDE8F08F92F82630002B7DD1012483
:108C900082F82640D8F80CE013629661D8F80430C8
:108CA0001561BEF1000F59D0B3F1884F099450D02F
:108CB000374A93424DD0374A93424CD0364A93427A
:108CC000DCD122460324CDE90C4201210B91DEF8D0
:108CD0000000DEF808C007919EF80410BEF800E01E
:108CE000CEF3091E6EF30D1000F0070BBBF1020F5F
:108CF00001BFBA6894686BF302049460274C0EF1CC
:108D000001029542E26838BF05F1FF3ED2F808B093
:108D1000189ACDF8149038BFCEF3090E6EF30D10EB
:108D2000CDE903C2CDE9010A009532463846D8475D
:108D30000130A3D0D8F80C00E3680079DB6839462D
:108D40004A469847E36849461B69384698470020D9
:108D500096E71922B7E71B220224B4E7596989066E
:108D60000ED45A6842F002025A60F0E74C1C1462BA
:108D7000715C19600138F4D0116AA942F6D1F0E7AC
:108D80001020F9E76FF004007AE76FF0010077E751
:108D900000010044000002450018042400013000D6
:108DA0002DE9F04F8FB0984607AB81460F46184625
:108DB000164600211C22DDF864A009F06DFB034675
:108DC000B9F1000F7BD0002F79D0726992F8291089
:108DD000490704D44FF0FF300FB0BDE8F08F117990
:108DE00001296FD000250124546015723069D760C5
:108DF000C2F81490D561726800285BD0B2F1884F38
:108E0000CDE9085451D031498A424ED030498A4286
:108E10004DD030498A42DDD10324B0F800B0D0F8FB
:108E200000C0D0F808E0CBF3091BCDE90C456BF38B
:108E30000D1C01210B9107910CF007050021022D5B
:108E40000A91017901BFD8F80800846865F302042B
:108E50008460214C0BF101008742E06838BF07F1C4
:108E6000FF3B85681898CDF814A038BFCBF3090BE9
:108E70006BF30D1CCDE903E0CDE901C300974B4630
:108E80004046A8470130A5D03069E3680079DB6827
:108E900052464146984796F8403023B9E368514618
:108EA0001B6940469847002096E71825B5E71A2524
:108EB0000224B2E7536843F001035360F3E76FF015
:108EC000040089E76FF0010086E700BF000100445D
:108ED0000000024500180424000130002DE9F3478A
:108EE0000746DDE90AA8DDF83090084616461D461B
:108EF0001FB311B30AB35B6993F82920520723D536
:108F000095F84040F4B12A7812F0060F1CD00322E5
:108F100083F827203146CDE9008953462A46FFF7DA
:108F20003FFF60B953462A4631463846CDE90A89A3
:108F300002B0BDE8F047FFF785BE6FF0040002B055
:108F4000BDE8F0872046FAE74FF0FF30F7E74369C6
:108F5000186A70474369D869704700002DE9F047E7
:108F60001C465B69924693F8292080469007DDE90C
:108F70000867894640F148845FFA88F5A5F1150134
:108F8000052900F26481DFE811F006005A00C200F2
:108F9000DB00FB002901B9F1000F4BD06368B3F18E
:108FA000884F05D0874A934202D0874A934228D1FE
:108FB000E36958783F280CD94038C0B2FFF784FBEA
:108FC000E36982485A78403A0623D2B20021FFF77B
:108FD00059FBE369D87808B1FFF766FBE369587875
:108FE000A0F11903052B01D8FFF756FBE369587868
:108FF000FFF762FBE16976488B784A780978FFF7DA
:1090000041FB6268734B9A420AD1E3695878FFF7D3
:109010005BFBE1696D488B784A780978FFF732FB92
:10902000626992F8293043F0080382F82930002061
:10903000BDE8F08722F0080283F82920F7E7B9F1AC
:10904000000F61D06368B3F1884F05D05D4A934249
:1090500002D05D4A93423AD1236A58783F2816D904
:109060005D4B1B6840380121D3F8F030C0B29847FF
:10907000236A58784038C0B2FFF726FB236A53486A
:109080005A78403A0623D2B20021FFF7FBFA236A4E
:10909000D87808B1FFF708FB236A5878A0F11903C4
:1090A000052B01D8FFF7F8FA4B4B226A1B68507862
:1090B000D3F8D43001219847236A5878FFF7FCFA97
:1090C000216A43488B784A780978FFF7DBFA6268AF
:1090D000404B9A4212D1404B226A1B685078D3F819
:1090E000F03001219847236A5878FFF7EDFA216A9A
:1090F00036488B784A780978FFF7C4FA626992F8A3
:10910000293043F0100390E722F0100294E7B9F100
:10911000000F0DD093F82620002A40F07883616874
:10912000CA6842F04002CA60012283F826207EE726
:109130006168CA6822F04002CA6083F8269076E728
:109140006068E568426822F002024260052282609F
:109150009DB193F8263083B1B0F1884F08D0194BF8
:10916000984205D0184B984202D01A4B984204D12D
:1091700028793A463146FFF7AFFA63690022D4E70F
:109180006068426822F00102426022690321816026
:109190009AB11B798BB1B0F1884F08D0094B984236
:1091A00005D0094B984202D00A4B984205D1E3689A
:1091B0003A4618793146FFF78FFA636900221A712F
:1091C00035E700BF000100440000024500C0042450
:1091D0000000134600180424000130006268E068B3
:1091E000516821F00301516098B193F8263083B1A2
:1091F000B2F1884F08D0784B9A4205D0774B9A420B
:1092000002D0774B9A4204D100793A463146FFF7B3
:1092100063FA2069A0B163691B798BB16368B3F10C
:10922000884F08D06C4A934205D06C4A934202D0D2
:109230006B4A934204D100793A463146FFF74CFA23
:10924000636807229A60636900221A716DE76A1EDB
:10925000132A00F2DF82DFE812F05F0014007100D1
:10926000AD00C9003101DD02DD02DD02DD02DD02FB
:10927000DD02DD02DD02DD023701170031013A01B6
:10928000310194F8403013B96FF00600D0E66268FF
:10929000514B9A42F8D1237899073DD5A369587864
:1092A0003F280CD94038C0B2FFF70EFAA3694D48E9
:1092B0005A78403A0623D2B20021FFF7E3F9A369B6
:1092C000D87808B1FFF7F0F9A3695878A0F119032D
:1092D000052B01D8FFF7E0F9A3695878FFF7ECF9FF
:1092E000A16941488B784A780978FFF7CBF9636820
:1092F0009A6D42F001029A659A6D42F002029A65F7
:1093000094F841109A6D002951D042F010029A65EC
:109310009A6D42F020029A6508F4E066B6F5A06FF7
:1093200000F0EE8000F2D780002E00F0EC80B6F561
:10933000807F00F0EA806FF0080079E66268264BD3
:109340009A42A1D123785A079ED5A36958783F281D
:109350000CD94038C0B2FFF7B7F9A36921485A7851
:10936000403A0623D2B20021FFF78CF9A369D878DE
:1093700008B1FFF799F9A3695878A0F11903052BF3
:1093800001D8FFF789F9A3695878FFF795F9A16922
:1093900015488B784A780978FFF774F963689A6DF5
:1093A00042F001029A659A6D6FF34102A7E761F3FB
:1093B0000412ACE721780B07AED563681A6C42F053
:1093C00001021A641A6C8F074CBF6FF3410242F01E
:1093D00002021A64A0E700BF000100440000024539
:1093E0000018042400C00424000013466368B3F18D
:1093F000884F03D09C4A93427FF446AF2378DE0621
:109400007FF542AFE36A58783F280CD94038C0B2A4
:10941000FFF75AF9E36A95485A78403A0623D2B2E0
:109420000021FFF72FF9E36AD87808B1FFF73CF97C
:10943000E36A5878A0F11903052B01D8FFF72CF93E
:10944000E36A5878FFF738F9E16A89488B784A78F7
:109450000978FFF717F9236B58783F280CD9403863
:10946000C0B2FFF731F9236B80485A78403A06239F
:10947000D2B20021FFF706F9236BD87808B1FFF7C5
:1094800013F9236B5878A0F11903052B01D8FFF7C6
:1094900003F9236B5878FFF70FF9216B74488B7829
:1094A0004A780978FFF7EEF82378D8067FF5ECAE16
:1094B0006268136943F0400313612DE7257815F0C6
:1094C00020053FF429AFDFE683F82490AFE5257847
:1094D00015F04005F5E7B6F5C06F18D0B6F5E06FAA
:1094E0007FF429AF0026022708F44053B3F5805FCC
:1094F00010D0B3F5005F1BD073B16FF0090097E592
:1095000000260027F0E70327EEE70926F9E7002603
:109510000127E9E747F0180708F44043B3F5804F07
:1095200009D0B3F5004F06D03BB16FF00A007FE5DC
:1095300047F00807F0E747F0040708F44032B2F5B7
:10954000003F636800F0E88009D8002A00F031810C
:10955000B2F5803F00F092806FF00B0068E5B2F545
:10956000403FF9D1627802F01802182A74D1B3F1A1
:10957000884F05D03C4A934202D03E4A934251D193
:10958000636A58783F280CD94038C0B2FFF79CF87E
:10959000636A36485A78403A0623D2B20021FFF770
:1095A00071F8636AD87808B1FFF77EF8636A587873
:1095B000A0F11903052B01D8FFF76EF8636A5878FC
:1095C000FFF77AF8616A2A488B784A780978FFF7BA
:1095D00059F8A36A58783F280CD94038C0B2FFF731
:1095E00073F8A36A21485A78403A0623D2B2002180
:1095F000FFF748F8A36AD87808B1FFF755F8A36ACF
:109600005878A0F11903052B01D8FFF745F8A36A94
:109610005878FFF751F8A16A15488B784A7809788D
:10962000FFF730F86268144B9A4215D1A36A587854
:10963000FFF74AF8A16A0D484A788B780978FFF756
:1096400021F8636A5878FFF73FF8616A07488B781A
:109650004A780978FFF716F8238803F4C073B3F546
:10966000C07F54D078E700BF0001004400C004244C
:109670000000134600000245001804246278110718
:1096800040D5B3F1884F05D0674A934202D0674A6C
:10969000934228D1A36A58783F280CD94038C0B2E9
:1096A000FFF712F8A36A62485A78403A0623D2B20A
:1096B0000021FEF7E7FFA36AD87808B1FEF7F4FFB0
:1096C000A36A5878A0F11903052B01D8FEF7E4FF2F
:1096D000A36A5878FEF7F0FFA16A56488B784A785B
:1096E0000978FEF7CFFF6268534B9A420AD1A36A0A
:1096F0005878FEF7E9FFA16A4D488B784A780978D7
:10970000FEF7C0FF94F90030002BBFF625AF62686A
:10971000136943F022034BE06278D20640D5B3F1DF
:10972000884F05D0404A934202D0404A934228D104
:10973000636A58783F280CD94038C0B2FEF7C4FF9E
:10974000636A3B485A78403A0623D2B20021FEF7BA
:1097500099FF636AD87808B1FEF7A6FF636A587864
:10976000A0F11903052B01D8FEF796FF636A58781C
:10977000FEF7A2FF616A2F488B784A780978FEF7D6
:1097800081FF62682C4B9A420AD1636A5878FEF7CF
:109790009BFF616A27488B784A780978FEF772FF49
:1097A0006378DB077FF5D8AE6268136943F0200366
:1097B0001361AB1E012B05D818F4802F2DD118F49E
:1097C000002F2DD1D4F80480D8F8103023F01003E6
:1097D000C8F81030224651464846FFF783F86369BF
:1097E000012183F82850C8F80810C8F80C70C8F890
:1097F000CC60D8F8AC2061F3C402C8F8AC2093F870
:10980000292042F0040217E44FF0FF3010E46FF01B
:1098100001000DE46FF003000AE46FF00C0007E4B0
:109820006FF00D0004E400BF000100440000024599
:1098300000C0042400001346001804244269436851
:10984000107A5969137981F080015B00C1F3C0116E
:1098500003F002030B435179C90001F008010B43E7
:109860009179090101F010010B43D179490101F00F
:10987000200180010B4300F04000184370470000B6
:109880004B6993F829305B0733D54B68002B33D0F5
:1098900040B94A7812072FD51A6922F002021A61DC
:1098A00000207047012806D14A78100724D51A698C
:1098B00042F00202F3E702280CD1B3F1884F02D044
:1098C0000F4A934218D14A78910615D51A6922F0A9
:1098D0000102E4E70328E3D1B3F1884F02D0084A3C
:1098E000934209D14A78920606D51A6942F00102DC
:1098F000D5E74FF0FF3070476FF00300704700BFAF
:1099000000010044426830B5044612B3436993F83D
:10991000293013F004001DD065789269A07815F005
:10992000100318BFC2F3001315F0400118BFC2F3B3
:10993000401110F0010018BFC2F380102C060DD5A5
:10994000C2F3C01243EA410343EA820343EAC00080
:1099500030BD1046024601460346F3E70022F1E718
:1099600041F20273984221D011DC41F20453984233
:109970001CD005DCF8B101280CBF21200120704764
:1099800041F2017398420CBF11200120704742F24E
:10999000041398420CD042F2061398420AD042F2C5
:1099A000031398420CBF21200120704721207047EB
:1099B000282070472B207047014BDB695B6E1847EE
:1099C00000013000014BDB699B6B18470001300040
:1099D000014BDB695B6A184700013000454B994237
:1099E00070B50C4615460AD9434B4FF400125A6223
:1099F000424B10229A615A6C42F010025A640128BC
:109A000042D0022861D060BB3D4B3E4EDB69012154
:109A1000D3F8EC30A422084698473B4B9C60FFF7F4
:109A2000D7FF3A4B9D4205D102F0BCFE736823F488
:109A3000404373604FF45943A6F86030304BDB6904
:109A40002A469B6821464FF08C40984750B9304BCE
:109A50009C420BD82F4B4FF40032DA664FF4802231
:109A6000DA660020BDE87040FFF77ABF2A4B9C42BF
:109A7000F7D9284BDA6E9203F3D44FF480229A661A
:109A80004FF400329A66ECE71F4B1E4E5C61FFF705
:109A900093FF1E4B9D4205D102F084FE736823F4B0
:109AA000404373604FF45943A6F8A030144BDB6970
:109AB0002A469B6D21464FF08C4098470028D1D113
:109AC000592CC7D95A2CD4D1CBE70F4B9C61FFF747
:109AD00079FF02F067FE0B4B4FF45942A3F8E020E8
:109AE000074BDB692A46DB6B21464FF08C409847D9
:109AF000B8E700BFFF0D27070000282000800046C0
:109B0000000130000080184688300000005A6202D0
:109B10007F4A5D0500840424BF8C6C05052870B560
:109B200005460E4637D81D4B99420DD81C4A536A3C
:109B300023F4001353621B4B9A6922F010029A61BE
:109B40005A6C22F010025A64002211464FF08C40E9
:109B500000F022FD0446FFF703FF0246E0B9DDB145
:109B6000042D13D1104A31460120FFF737FF04B20C
:109B70002046FFF7F5FE024670B929464FF08C40AB
:109B800000F00AFDBDE87040FFF7EABE022DEFD1FC
:109B9000054A3146E9E72122104670BDFF0D27072F
:109BA0000000282000800046005A620213B502F02F
:109BB000F9FD03214FF08C4000F0CEFD02F0F2FDE4
:109BC000032000F02FFE0C490220FFF7A7FF0B4AED
:109BD0000B490120FFF702FF0A4B0122DB690092CB
:109BE000D3F8A04000231A4602214FF08C40A04732
:109BF000002002B010BD00BF0095BA0A005A6202F0
:109C0000006889090001300010B5002486B00123E6
:109C100021460820ADF808308DF80430CDE9034422
:109C20008DF800408DF80A400594FEF713FC684655
:109C3000FEF73AFC01AB02A9204603938DF80840D9
:109C4000FEF74AFC0F212046FEF792FC0F2120462A
:109C5000FEF79CFCFEF70EFC0B4B9C61DA69520789
:109C6000FCD40A4A4FF480615160094A4FF48001E4
:109C70001160182182F8161301221A61DA69002A8C
:109C8000FCD106B010BD00BF008C042400000812F7
:109C900000E100E0014B9869704700BF008C04248C
:109CA00000210846FEF78EBC00F00101830748BF83
:109CB00041F002010020FEF74DBC00002DE9F0410B
:109CC0000446F8F721F91A4D0746D5F81880FFF732
:109CD000E7FF06460020FEF767FC830705D4A6EBE6
:109CE0000803042B01D8464514D1A969B4F1FF3FFC
:109CF00028BF0134C1F103032344072B98BFCC1CB8
:109D000000210846621EFEF777FC0220FFF7CCFF19
:109D1000FEF790FC3846F8F7FBF8064A13782BB1AB
:109D2000AB6C43F00103AB6400231370BDE8F0811A
:109D3000008C042418010000830700F0010109D5FC
:109D4000064B01221A70064A936C23F0010341F07E
:109D5000020193640020FEF70BBC00BF1801000055
:109D6000008C0424830742BF024B0222C3F8402127
:109D7000704700BF008C042438B5FEF769FCF8F783
:109D8000CCF804460020FEF70FFC830700F0010525
:109D900048BF45F0020500F003010020FEF7F6FB86
:109DA0002846F8F7ADF92046F8F7BDF8BDE8384089
:109DB000FEF740BC4FF4004070470000044B4FF4E6
:109DC0008072DA63034B4FF400629A60704700BF01
:109DD000008104240000081208B5284B4FF40062EB
:109DE0001A60274AD2F88C3743F4004343F08003CB
:109DF000C2F88C37D2F88C375B06FBD5D2F88C27AB
:109E0000204BDFED216A9FED216A214902F03F02DC
:109E10001A601A68262A84BF26221A601D4A926890
:109E2000EAB11D48C2F315020260D3ED007A90ED4D
:109E3000007AF8EE677AB8EE477A77EEA67A37EED0
:109E4000267A67EE867AC7EE876AC1ED006AFFF769
:109E5000B5FF0A4B4FF400625A60086808BDD3EDA5
:109E6000007AF8EE677A77EEA67ADFED0C6A67EE95
:109E7000867A87EEA67A81ED007AE8E7000008127C
:109E800000A00524183A000089410B4233335340A7
:109E9000103A0000D4140000143A0000C4A0834219
:109EA000F0B5A24CA24BA2680578A24E02EA0301CB
:109EB000027802F001020A439F49A2608A6802EA1E
:109EC0000304427802F00102920042EA9512224312
:109ED0008A600A69457802EA03040278C2F3440200
:109EE0002243964C0A61A26802EA0301827802F0DA
:109EF0000302520142EAD5020A439149A2608A68EC
:109F000084781A4042EA94028E4C8A60A268C17832
:109F10001A4001F01F011143A160B268047902EAFE
:109F2000030504F03F04C278640044EAD214C2F38B
:109F3000411242EA84022A43B260834E4579B268F4
:109F400002EA0304027905F07F05920942EA8502DC
:109F500022437E4DB260AA6802EA0304C27902F08D
:109F60000F0222437A4CAA60A268C579067A1A4089
:109F700042EA1512774DA260AA6802EA0304427C05
:109F800002F07F022243AA60734DAA6802EA03042A
:109F9000027A02F07F022243AA60704DAA6802EAA8
:109FA0000304427A02F01F02520042EAD612224310
:109FB0006B4EAA60B268857A02EA0304C27A520044
:109FC00042EAD512057B05F0010542EA452222430B
:109FD000644DB260AA68467A02EA0304827A02F00B
:109FE0007F02D20042EA56122243AA605E4D5F4EC3
:109FF000AA6802EA0304B0F80D202243AA60B268FE
:10A00000457D02EA0304027D05F00F0542EA0522C0
:10A010002243574DB260AA68564E02EA0304427DBD
:10A02000C2F302122243AA60B268C57D477902EAF0
:10A030000304827D05F00F0542EA05222243B26047
:10A040004D4EC57DB26802EA0304027E120142EA67
:10A050001512457E05F00F0542EA05322243474DB1
:10A06000B260AA68467E02EA0304827E120142EAD6
:10A0700016122243AA60424DAA6802EA0304B0F80D
:10A080001B202243AA603F4DAA6802EA030482799A
:10A09000560802F00102520042EAD71242EA860252
:10A0A0002243847CAA60457C90F8246004F00F026F
:10A0B000520052EAD512344D1EBFA968194011430F
:10A0C000A960324D1A4AAB6803EA0201437F03F0EC
:10A0D0000F030B43AB602E4DAB6803EA0201837F95
:10A0E000C3F383030B43AB602A4DAB6803EA020161
:10A0F00090F8253003F007035B0043EAD6130B43C7
:10A10000AB60254DAB6803EA0201C37C03F0030397
:10A110005B0043EAD4130B432049AB608B681A40C1
:10A12000837CC3F3021313438B60F0BDB4150000AE
:10A130000000C0FF3C150000A015000088150000BD
:10A14000701500006415000020150000F8140000D0
:10A15000EC1400007C150000E0140000D414000092
:10A16000C8140000CC150000B0140000BC1400009E
:10A170002C140000A4140000981400008C1400009B
:10A18000801400000415000058150000741400002D
:10A19000681400005C140000441400005014000017
:10A1A000F9F79CBFF0B5194D194C2B88E5B004F1B7
:10A1B0001001002600274FF4C2726846ADF88431C2
:10A1C000CDE9626708F034FA94E80F0000F020FD52
:10A1D00062A800F0DBFD2B78687843EA002000F0ED
:10A1E00085FEDDE9624532463B462046294606F0BB
:10A1F000F9FF48B1074B00222046294606F0DEFF52
:10A2000010B10020F9F7BEFF65B0F0BDD00200002C
:10A210003C01000000004E4010B50A4A0A4BD2F83B
:10A220000815D3F80240E405FBD440EA5110C2F807
:10A230000805D3F80220D205FBD4024BD3F8083529
:10A2400010BD00BF00A005240000052410F4405FED
:10A250000F4B0BD0D3F8042522F48012C3F8042549
:10A26000D3F8042522F40012C3F80425D3F80825F6
:10A27000084BD3F80210C905FBD4C04300EA5210C2
:10A28000034AC2F80805D3F80220D205FBD4704770
:10A2900000A00524000005240D4A0E49D2F810350F
:10A2A000013823F0030310B5C0B2C2F81035D1F85D
:10A2B0000230DC05FBD4D2F8104501238340234350
:10A2C000C2F81035D1F80230DB05FBD410BD00BF59
:10A2D00000A005240000052430B58BB000230193B5
:10A2E00002930393049305930693079308930993AA
:10A2F0008DF802308DF8033010B901200BB030BD5D
:10A30000019A50F822200292029A002AF5D0019375
:10A310000121019C029A944201D30020EEE7019AA8
:10A3200000EBC20252680392019A013250F83220C7
:10A330000492049AC2F384528DF80320049AD20E38
:10A340008DF802209DF802209DF80340121B013277
:10A350000592059A162AD0D8039A126807929DF89A
:10A360000320D2B2069208930993069C079A01FA39
:10A3700004F422EA04020792099A089C01FA02F204
:10A3800022430892069A01320692099A01320992F2
:10A390009DF80320059D069C2A44A242E5D8089C0E
:10A3A000049A22400492049A9DF80350079CAA4004
:10A3B00022430492039A049C1460019A0132019290
:10A3C000A7E730B58BB00023019302930393049366
:10A3D000059306930793089309938DF802308DF83F
:10A3E0000330039A10B901200BB030BD019A50F828
:10A3F00022200292029A002AF5D001930121019CA9
:10A40000029A944201D30698EEE7019A013250F87D
:10A4100032200692069AC2F384528DF80320069ADF
:10A42000D20E8DF802209DF802209DF80340121BE9
:10A4300001320492049A162AD5D89DF80320D2B28C
:10A44000059208930993099A089C01FA02F22243A3
:10A450000892059A01320592099A013209929DF8F3
:10A460000320049D059C2A44A242ECD8089C069A2D
:10A4700022400692069A9DF80350079CAA40224368
:10A480000692019A01320192B9E70000024A9368EC
:10A490009B0D9B05936070472C140000034AD2F873
:10A4A000383723F00403C2F838377047008005249A
:10A4B000064B074A996C0748DA620229D96C08BF33
:10A4C0001A60022908BF5A60FFF706BF88300000F3
:10A4D0000048E80188150000024B034A03485A630C
:10A4E000FFF7FABE883000000048E8017015000050
:10A4F000064B074A996C07481A630529D96C08BFAF
:10A500001A60052908BF5A60FFF7E6BE88300000D0
:10A51000002D3101E0140000034B04484FF4FA42CF
:10A520001A62FFF7D9BE00BF883000006415000032
:10A53000034B04484FF4FA425A62FFF7CDBE00BF06
:10A5400088300000041500000148FFF73ABF00BF43
:10A55000BC1400000148FFF734BF00BFA414000082
:10A560000148FFF72EBF00BF981400000148FFF715
:10A5700028BF00BF8C1400000148FFF722BF00BFB6
:10A58000801400000148FFF71CBF00BFB01400009A
:10A5900001B108477047000010B5002852D03E2A8C
:10A5A00050D82B4BDB689C0748BF5208052949D877
:10A5B000DFE801F003481B26313C836A6FF3030395
:10A5C0008362244B1B6824490B60846DE405FCD531
:10A5D000846A62F30914846212B1B3FBF2F30B6074
:10A5E0001C4B0A68DA60002010BD836D9B062BD5DA
:10A5F000836A022161F303038362164B9B68E2E7DF
:10A60000836D5C0620D5836A032161F303038362B3
:10A61000104B1B69D7E7836D190715D5836A042191
:10A6200061F3030383620B4B5B69CCE70B4B5B6A03
:10A630005B0709D5836A052161F303038362054B38
:10A640009B6BC0E70120CFE741F20170CCE700BF70
:10A650000086042488300000D83000000014042450
:10A6600007B50B46114606281ED8DFE800F0042186
:10A67000333B47586400364A106A40025EBF106A96
:10A6800040F48000106213B90A20FFF781FF314BBC
:10A69000D3F81C2122F08012C3F81C21D3F81C210E
:10A6A00042F00122C3F81C21002003B05DF804FB36
:10A6B000274A106A800207D4106A40F480101062A2
:10A6C000106A40F400101062002BEDD10A20FFF751
:10A6D0005FFFE9E71E4A106AC002F5D4106A40F431
:10A6E0008010F0E71A4A106A00035EBF106A40F457
:10A6F00000201062002BD7D10220E8E7144B1A6A21
:10A700005203D1D41A6A42F480221A624FF4FA70CA
:10A710000191FFF73DFF019940F2DC50D7E70C4A69
:10A72000106A80035EBF106A40F400301062002B94
:10A73000BAD1FA20CBE7064A106AC0035EBF106A9E
:10A7400040F480301062002BAED19620BFE700BFEE
:10A75000008104240080042410B50446002858D049
:10A760000139052955D8DFE801F003131D273445C9
:10A77000294BD969012262F30201D961274B9A64FE
:10A780005B6C264A1360A36D002BFCDA002010BD21
:10A79000214BD969022262F30201D9611F4B9A64ED
:10A7A000DB6AEEE71C4BD969032262F30201D9612F
:10A7B0001A4B9A64DB6BE4E7194B40229A83164BE1
:10A7C000D969042262F30201D961144B9A641B6CAB
:10A7D000D7E7114B1A6AD2025EBF1A6A42F480129E
:10A7E0001A62D969052262F30201D9610B4B9A649E
:10A7F0001B6BC6E7012100220846FFF731FF064B1D
:10A80000D969062262F30201D961044B9A645B6B39
:10A81000B7E70120BBE700BF0081042488300000B7
:10A8200000801341013808B5052850D8DFE800F052
:10A8300003101A243140274BD969012262F31241D7
:10A84000D961254BDA645B6C234A0020536008BD54
:10A85000204BD969022262F31241D9611E4BDA649E
:10A86000DB6AF1E71B4BD969032262F31241D9611C
:10A87000194BDA64DB6BE7E7184B40229A83154BE0
:10A88000D969042262F31241D961134BDA641B6C5B
:10A89000DAE7002201210220FFF7E2FE0D4BD96921
:10A8A000052262F31241D9610B4BDA641B6BCBE7D3
:10A8B000012100220846FFF7D3FE064BD969062284
:10A8C00062F31241D961044BDA645B6BBCE701208F
:10A8D000BDE700BF008104248830000000801341E0
:10A8E00041F20273984221D011DC41F204539842A4
:10A8F0001CD005DCF8B101280CBF212001207047D5
:10A9000041F2017398420CBF11200120704742F2BE
:10A91000041398420CD042F2061398420AD042F235
:10A92000031398420CBF212001207047212070475B
:10A93000282070472B2070470378012B06D84378D6
:10A94000013B0F2B94BF002021207047212070472E
:10A95000174B1B78012B0CBF03780023C2185278C9
:10A96000012A22D800EB83004369D3B1114A9342F4
:10A9700019D8D0F81431104A934207D9D0F85401AD
:10A980000E4B98428CBF212000207047B3F53D3F0D
:10A990000BD8D0F85431B3F53E3F34BF002021200E
:10A9A00070472D207047282070472120704700BF36
:10A9B0001C3A0000A0252600FFFF0524001B0624EA
:10A9C00011B1042900D07047014B1B68184700BF24
:10A9D000203A000084B000B52DED028BE7B00DF5F4
:10A9E000D47C8CE80F003F4B9DF83D139DEDD08A41
:10A9F0001970CFA8FFF7A0FF002858D16AA8FFF769
:10AA0000A7FF002853D1012908BF9DF8A8019DF890
:10AA10003C236AAB03EB4000012AB0F8F43003D1C9
:10AA2000012B4BD02B2042E0013B9BB240F2FE3089
:10AA30008342F7D8002A41D101293FD92A4B62939A
:10AA40004FF4C272BDF83C33ADF884316EA968464C
:10AA500007F0EEFD6AAB0FCBFBF70EFDFFF740FFF3
:10AA600028BB00236593FFF7B7F965909DED657AE4
:10AA7000DFED1E7AB4EEE77AF1EE10FA02D51C484B
:10AA8000FFF72AFCDFED1B7A6599B4EEE78AF1EE59
:10AA900010FA24D4DFED187AB4EEE78AF1EE10FA5A
:10AAA0001DDC18EE100AFAF7C3FBFFF719FF67B0B9
:10AAB000BDEC028B5DF804EB04B070470A4B629367
:10AAC0006EA9BDF83C33ADF884314FF4C2726846CC
:10AAD00007F0AEFD6AAB0FCBFBF7A2FDBEE721206E
:10AAE000E5E700BF1C3A0000C1B920089A99194057
:10AAF000141700006666E63F6666664084B000B5DF
:10AB0000E3B00DF5C87C8CE80F00C9A8FFF714FF6F
:10AB1000D0B964A8FFF71CFFB0B99DF82423BDF895
:10AB20002433B2B99DF82523012A12D94FF4C272F9
:10AB300068A96846ADF8843107F07AFD64AB0FCBA5
:10AB4000FBF76CFEFFF7CCFE63B05DF804EB04B0DE
:10AB5000704768A94FF4C2726846ADF8843107F0B7
:10AB600067FD64AB0FCBFCF73DF8EBE7034620B184
:10AB7000044A106818B913607047222070470420F7
:10AB8000704700BF203A000008B50348FCF746FABA
:10AB9000BDE80840FFF7A4BE0038042407B5ADF8AF
:10ABA000040001A8FFF7C8FE20B90198FAF776FE65
:10ABB000FFF796FE03B05DF804FB07B5ADF804009F
:10ABC00001A8FFF7B9FE20B90198FBF799FBFFF741
:10ABD00087FE03B05DF804FB07B5ADF8040001A8DB
:10ABE000FFF7AAFE20B90198FBF7EAFDFFF778FE10
:10ABF000024B00221A6003B05DF804FB203A00000B
:10AC0000042902BF014B01221A7070472C3A000040
:10AC100084B000B5E5B00DF5CC7C8CE80F009DF854
:10AC20002C33012B3BD19DF82D33013B0F2B36D814
:10AC30009DF89931002B32D11E4B6B9A9A4234D831
:10AC4000BDF88C32012B32D11B4B62934FF4C27290
:10AC5000BDF82C33ADF884316AA9684607F0E8FCEA
:10AC600066AB0FCBFFF7B6FED0B9BDF82C33ADF80D
:10AC700084314FF4C2726AA9684607F0D9FC66AB0A
:10AC80000FCBFFF73BFF58B90C48FFF76FFF38B900
:10AC9000CB9865B05DF804EB04B0FFF77FBF2120CF
:10ACA00065B05DF804EB04B070472820F8E72B206E
:10ACB000F6E700BF404B4C003D0A274001BC20088E
:10ACC00084B000B5E3B00DF5C87C8CE80F00142308
:10ACD0008DF8E4310E4A0F4B0F4881930021FCF7A9
:10ACE00074FA0E4B68A91B88ADF884314FF4C27218
:10ACF000684607F09DFC64AB0FCBFFF7FFFE003802
:10AD000018BF012063B05DF804EB04B0704700BFCA
:10AD10001901000000004C42143A0424D002000043
:10AD2000012801D1FFF730BF38B9054BD3F8E02136
:10AD300060F30002C3F8E02170472120704700BF94
:10AD40000038042484B000B5E3B00DF5C87C8CE86D
:10AD50000F00172301208DF8E431FFF7E1FF68B9F8
:10AD6000094B4FF4C2721B88ADF8843168A968465C
:10AD700007F05EFC64AB0FCBFFF7C0FE63B05DF87D
:10AD800004EB04B0704700BFD00200002DE9F0438F
:10AD90002DED028B0646E3B0002800F092804A4D6C
:10ADA0004FF4C27205F11001684607F041FC95E8C6
:10ADB0000F00FFF785FF2F460446002873D1434B51
:10ADC0001A7862B118706A7841480121FCF7E4F9F9
:10ADD00007EE900A3F4BF8EEE77AC3ED007A3E4962
:10ADE0004FF4C272684607F023FC97E80F00FFF7A4
:10ADF000A9FF0446002856D1DFF8D490374F4FF012
:10AE00000A086A7800214846FCF7C6F907EE900A5E
:10AE100008F1FF38F8EEE77A18F0FF08C7ED007A7E
:10AE2000EFD1020545D520F400631B041B0C07EE8F
:10AE3000903AF8EEE77AC7ED007AFFF797FB08EE55
:10AE4000100AFFF781FB08EE900AFFF79BFB214BEE
:10AE500097ED007AD3ED007ADFED216AB8EE488AEB
:10AE6000C0F5707037EE487A77EEC87A0130C7EED9
:10AE7000275A07EE900AF8EEE77AF8EE688A87EE2E
:10AE8000A67A88EEA66AF0EE477A45EE867ADFED7E
:10AE9000156A9FED157A17EEA67A17EE100A05F0DF
:10AEA000B9FEC6E90001204663B0BDEC028BBDE8E7
:10AEB000F08340F400631BB207EE903AF8EE677A35
:10AEC000B9E72224EFE700BF3C0100002C3A000064
:10AED00000380424243A00004C010000283A000005
:10AEE00000007A4400009B430080884307B5134B61
:10AEF000ADF804001B6A12489B6A0422012198479E
:10AF00009DF80430012B16D19DF80530013B0F2B25
:10AF100011D80C4B5B68DB0705D4019803B05DF8D2
:10AF200004EBFFF759BE0198FFF747FE0028F4D065
:10AF300003B05DF804FB2120FAE700BF00013000F8
:10AF40000014042400380424014BDB681B691847F3
:10AF5000000130000346012B084602D0022B08D026
:10AF60007047074B182202FB01339B683BB100215D
:10AF70001847034B182202FB0133DB68F6E77047E2
:10AF8000503B00000346012B084602D0022B08D09C
:10AF90007047074B182202FB01339B683BB100212D
:10AFA0001847034B182202FB0133DB68F6E77047B2
:10AFB000303A0000F8B50468012C054622D8124E3C
:10AFC00056F8242042B1536810498B4204D01049EE
:10AFD0008B4201D01120F8BD0E4B0F49DB680F48A2
:10AFE0001F680F4B51F8241053F8243050F82400F8
:10AFF000B8472B6846F8240056F82330002BE9D0D8
:10B000000020E8E72120E6E7403F0000000003447D
:10B010000080072400013000D4020000E402000098
:10B02000EC0200002DE9F04129B1012803D80B689A
:10B0300018B9202B0AD9212028E00C2BFBD8012A93
:10B04000F9D82C4C64681CBB11201FE0012AF2D8EF
:10B05000284C2468002CF7D0BBBB4FF0200C264DA9
:10B06000264C0023AE46A0465E1CC0B9277927BBFC
:10B070001824634308EB03040E60C4E902000125B1
:10B0800048F8032025710B6883B30020BDE8F081E8
:10B0900013B11948013B1AE04FF00C0CDFE72F7990
:10B0A0005FB9182043430EEB030001240E60C0E992
:10B0B00002774EF803200471E5E7B445334605F105
:10B0C000180504F11804CFD1DDE70C48013B182521
:10B0D0006B43C41824795CB9C2500B68013B05FB73
:10B0E00003030122C3E902441A71CEE74620CDE7EB
:10B0F0004520CBE7403F0000303A0000503B0000C5
:10B10000012810B503D811B118B9202909D9212077
:10B1100016E00C29FBD8C2B10D4B5B688BB911202E
:10B120000EE092B10A4B1B68002BF8D01068094B57
:10B130000139182404FB013398605268DA6000205A
:10B1400010BD1068044B0139F3E72220F8E700BF77
:10B15000403F0000503B0000303A0000012830B56D
:10B1600036D8002934D0E8B9202931D8531E022B13
:10B170002ED8194B53F8203063B302F00203D207E4
:10B1800021D54C1E182578B9144A05FB042290607D
:10B1900033B1124B0139182202FB01310023CB607D
:10B1A000002030BD0C29E0E70D4A05FB04220020F9
:10B1B0009060002BF4D00A4B1822013902FB0133B6
:10B1C0000022DA60ECE7002BEAD00028E1D0F2E7B9
:10B1D0002120E6E71120E4E7403F0000503B00005B
:10B1E000303A00002DE9F04F012897B005460C4693
:10B1F000164600F21A81002900F01781002840F05D
:10B200000281202900F21181D6F814C0BCF1000F90
:10B2100000F00B8133680893002B00F00481736801
:10B220000993002B00F0FF80D6F80CA0BAF1030FB1
:10B2300000F2FB80B3680A93032B00F2F680777E5E
:10B2400007F0FD03012B40F0F080327E022A00F26D
:10B25000EC80B07E072800F2E88033690793022B68
:10B2600000F2E380744B53F825300B93002B00F071
:10B27000DE80013C1823002D40F0C780DFF8BCE1E0
:10B2800063430EEB030898F80480B8F1000F00F058
:10B29000D080B7F1010818BF4FF00108CDF8408009
:10B2A0005EF8033003F1FF3EDEF1000343EB0E03D3
:10B2B00002F1FF3E5FFA8EFEBEF1020F0F9300F126
:10B2C000FF33DBB235BF4FF0010E4FF0000E00210F
:10B2D0000A21CDF84CE0072B4FF0000E28BF704636
:10B2E000012F14BF4FF003084FF00108BCF5806F29
:10B2F00038BF0CF1FF33CDE91404CDE911EE0D9107
:10B3000034BFC3F3090340F2FF331827002D7FD168
:10B310004A48DFF838E107FB0400C0E90428484A3E
:10B32000484F52F825200C92002268F302026FF376
:10B33000C30263F30D1257F8250002F0070BBBF1AF
:10B34000020F01BFD0F80880D8F808906BF302090B
:10B35000C8F8089003F10108C445DFF8F480D8F874
:10B360000C1038BF0CF1FF33D1F808900D99CDF8CF
:10B3700000C038BFC3F309031B0143EA81330799B7
:10B380004FEA016B0BF0407B43EA0B0B0A9B9B06D9
:10B3900003F04063090701F040514BEA03030B43FC
:10B3A00043EA8A7302F00F021A430B9B05930C9B2E
:10B3B000E4B2CDE903E30FABCDE901232146DDE99A
:10B3C0000823C847367EDEB9DFF86C90D8F80C3019
:10B3D00059F82520DB6857F825102046984759F87A
:10B3E000251057F82500FFF7AFFD1F2C18D859F886
:10B3F00025305A6801235169A3400B4353613046FD
:10B4000017B0BDE8F08F0C29FCE6DFF83CE037E729
:10B410000D48DFF840E007FB0400C0E904287EE7A0
:10B4200040F20130ECE72220EAE72120E8E7112092
:10B43000E6E74820E4E700BF403F0000503B000043
:10B44000DC020000E4020000303A000055BF200892
:10B450000001300085BF2008012813D891B160B9E0
:10B4600020290FD8094B1B6873B101395A68C9B23A
:10B4700001238B409362002070470C2902D8034BB4
:10B480005B68F1E72120704711207047403F0000C2
:10B49000012808B50CD8084B53F8201051B1074BC0
:10B4A00053F82000FFF750FD003818BF012008BDF9
:10B4B0002120FCE71120FAE7403F0000E4020000F1
:10B4C000034BC0001A580AB107221A50704700BF38
:10B4D000041213460278052A15D8437822B93A2B6C
:10B4E00034BF002021207047511E012905D9032AAD
:10B4F00005D0042A05D0062BF2E7102BF0E70A2B23
:10B50000EEE70C2BECE72120704700002DE9F84313
:10B510000C46904699460646002865D0002B63D01D
:10B520000F2A03D921273846BDE8F883FFF7D2FF59
:10B5300007460028F7D13378032B1DD8082CF1D803
:10B540002A4951F824300BB10427ECE7284A101996
:10B55000155D037A90F90800002836DA254A03F0D1
:10B560000F03AD00EDB2D55441F8249043467178F5
:10B570003078224600F074FC3378042B14D1072C69
:10B58000D0D81D4B53F82420002ADDD11B4A4FF49C
:10B5900080211160482182F8121343F8249041461B
:10B5A0007278E0B200F0A2FE3378052BBBD1042CF8
:10B5B000B8D8134B53F82420002AC5D1E1B2404635
:10B5C00043F8249000F0AEFFADE7012003F01F0226
:10B5D00090404FEA531C094A42F82C00AD001A442F
:10B5E000EDB282F80053BFE722279CE78C3F0000B2
:10B5F000A55A210814ED00E0643F000000E100E0DE
:10B60000483F0000F8B50E461746054678B1FFF7EB
:10B6100061FF044648B90F2E0BD8012F09D869786D
:10B6200028783B46324600F043FD2046F8BD2224F0
:10B63000FBE72124F9E7392808B503D800F01CFE00
:10B64000002008BD2120FCE7222808B503D800F01F
:10B65000A1FB002008BD2120FCE708B5A0F11903DB
:10B66000052B03D800F0ACFB002008BD2120FCE72F
:10B67000012808B503D800F015FE002008BD2120E0
:10B68000FCE7012808B503D800F0A8FB002008BD9E
:10B690002120FCE70B2808B503D800F0B5FE0020F8
:10B6A00008BD2120FCE7052808B505D8072903D8DF
:10B6B00000F0BEFE002008BD2120FCE7052808B5EB
:10B6C00005D8012903D800F0CFFE002008BD2120B5
:10B6D000FCE7000073B5C4B2032C01903DD801A86B
:10B6E000FFF7F8FE60BB304B9DF8055003EB0413E9
:10B6F0002601585D60B309282AD0C4B9A5F1190301
:10B70000052B22D8FFF7A9FFD0B92846FFF793FFF2
:10B71000B0B90022114601A8FFF774FF80B99DF867
:10B7200006202946204600F043FD002008E0012CB9
:10B7300008D1A5F10903052B04D8FFF78EFF48B106
:10B7400002B070BDFFF780FFF9E7FFF77DFFDBE791
:10B75000002CDAD0A819C0B2D8E7042C0ED19DF87D
:10B760000550124B585DFFF76FFF0028E8D12846BF
:10B77000FFF790FF0028E3D10246CBE7052CD4D198
:10B780009DF8054001212046FFF798FF0028D7D1FA
:10B7900001462046FFF787FF0028D1D19DF806100B
:10B7A000204600F07DFEC0E7595A21084D5A210875
:10B7B000102808B503D800F01BFB002008BD21208D
:10B7C000FCE7000070B56AB1094E56F821405CB93B
:10B7D0000F280BD8042909D846F8212000F0A2FE32
:10B7E000204670BD2220FCE70420FAE72120F8E77C
:10B7F000483F00000F2808B503D800F00FFB0020D9
:10B8000008BD2120FCE7012808B503D800F010FB93
:10B81000002008BD2120FCE71E4B70B500211E4D05
:10B8200019610C4608460131FFF74AFE082945F820
:10B83000044BF7D1194D0020FFF723FF01202C60A6
:10B84000FFF71FFF6C600024154D2646E0B201345F
:10B85000FFF7AEFF052C45F8046BF7D10024114E1D
:10B86000254620460134FFF7C5FF082C46F8045B47
:10B87000F7D10D4C0020FFF7C6FF01202560FFF730
:10B88000C2FF0020656000F00DFD012000F00AFD00
:10B89000002070BD000008128C3F0000843F0000B3
:10B8A000483F0000643F00005C3F000010B50020EE
:10B8B000FFF706FE024BBDE810401B68002018474A
:10B8C0008C3F000010B50120FFF7FAFD024BBDE8E8
:10B8D00010405B68012018478C3F000010B5022023
:10B8E000FFF7EEFD024BBDE810409B6802201847B1
:10B8F0008C3F000010B50320FFF7E2FD024BBDE8CE
:10B900001040DB68032018478C3F000010B504206E
:10B91000FFF7D6FD024BBDE810401B690420184715
:10B920008C3F000010B50520FFF7CAFD024BBDE8B3
:10B9300010405B69052018478C3F000010B50620B9
:10B94000FFF7BEFD024BBDE810409B69062018477B
:10B950008C3F000010B50720FFF7B2FD024BBDE899
:10B960001040DB69072018478C3F000010B500200D
:10B9700000F034FA024BBDE810401B680020184765
:10B98000843F000010B5012000F028FA024BBDE80A
:10B9900010405B6801201847843F000010B500F09C
:10B9A0002DFAC00702D5012000F022FA00F026FA95
:10B9B00010F0020403D0022000F01AFA012400F073
:10B9C0001DFA410703D5042000F012FA022400F00A
:10B9D00015FA020703D5082000F00AFA032400F044
:10B9E0000DFAC30603D5102000F002FA0424044B1C
:10B9F00053F824301BB12046BDE81040184710BD55
:10BA0000483F000010B5002000F000FA012802D1E4
:10BA1000002000F003FA012000F0F8F901280446A4
:10BA20003ED100F0FBF9022000F0F0F9012803D12B
:10BA3000022000F0F3F90224032000F0E7F90128C6
:10BA400003D1032000F0EAF90324042000F0DEF91A
:10BA5000012803D1042000F0E1F90424052000F0BE
:10BA6000D5F9012803D1052000F0D8F905240620D6
:10BA700000F0CCF9012803D1062000F0CFF906240C
:10BA8000072000F0C3F9012803D1072000F0C6F910
:10BA90000724044B204653F82430BDE810401847D3
:10BAA0000024C0E7643F000010B50021042000F02E
:10BAB0007FFC012802D1002000F0BAF90121042006
:10BAC00000F076FC0128044608D100F0B1F9044BDF
:10BAD000204653F82430BDE8104018470024F6E70C
:10BAE0005C3F000070B5850F14D0012D14D0022DDD
:10BAF0000A4B18BF002320F04044012C03D15B6A9D
:10BB0000002113209847064B204653F82530BDE806
:10BB100070401847034BEEE7034BECE7A8572108AA
:10BB2000AC3F000000582108D45721080B300B28E7
:10BB30009ABF024B185C0120704700BFB55A21081C
:10BB4000064B984207D0064B984204D0054BC31AC7
:10BB50005842584170470120704700BF00582108E3
:10BB6000D4572108A8572108084B984202D1012038
:10BB7000F9F706B9064B984201D10220F8E7054BC8
:10BB8000984201D10320F3E7704700BF0058210815
:10BB9000D4572108A8572108012838B504460D4676
:10BBA0001AD1F9F7FBF8012801D1042038BD1B4C4C
:10BBB00085B32C60A3681A489847FFF7B7FF0028A1
:10BBC000F4D12046FFF7BCFF30B323690220984729
:10BBD000BDE83840FFF7AABF022807D0F9F7DEF822
:10BBE0000128E2D0032C0ED90120DFE70D4B1C7990
:10BBF0002046F9F7D3F80128D7D0032CF4D8012C2C
:10BC0000D5D0022C04D0032C074C18BF0024CFE75A
:10BC1000064CCDE72220C9E72120C7E700582108BC
:10BC2000E5CA2008F4020000A8572108D4572108CB
:10BC3000284A904270B506460D4602D141B92220ED
:10BC400070BD254B984221D00029F8D00028F6D0AD
:10BC50003046FFF775FF002839D0E8681F4B98423F
:10BC600035D8AC68B4F5A06F31D82B78191F0C29E2
:10BC70002DD8696803290BD11949884227D844EA8D
:10BC8000033444F4801444F0010408E0154DDFE768
:10BC90001DD8022944EA0334F3D144F00204964249
:10BCA00029690AD10120F9F74FF8736AE96820463B
:10BCB0009847BDE87040FFF739BF074B9E4201D15E
:10BCC0000220F0E7084B9E42EFD10320EBE7212052
:10BCD000B6E700BF00582108D4572108005A620275
:10BCE000404B4C00F4020000A857210870B50446F0
:10BCF00016460D46D9B1D0B1DAB1FFF721FFC0B178
:10BD00000D4B9C420AD12046FFF72EFFA369314616
:10BD100028469847BDE87040FFF708BF636A0121D5
:10BD200013209847FFF702FF0028ECD070BD2220B7
:10BD3000FCE72120FAE700BFD457210808B50246E6
:10BD4000C8B1C1B1FFF7FCFEB8B10E4B9A420ED09C
:10BD50000D4B9A420DD00D4BD31A5A425A41520004
:10BD60000B4B53F8220050B943F8221008BD0022B3
:10BD7000F6E70122F4E72220F8E72120F6E7042085
:10BD8000F4E700BF00582108D4572108A85721081C
:10BD9000AC3F00001528094A4FF0010307D9D2F83B
:10BDA0001816163883400B43C2F818367047D2F87D
:10BDB000101683400B43C2F8103670470000304124
:10BDC000A0F11903052B06D8034A0C38516C012346
:10BDD00083400B435364704700800046034BC00010
:10BDE0001A5842F001021A50704700BF441213461D
:10BDF000014B40009860704700000812024BD86861
:10BE0000C0F34400704700BF00000812024BC0009E
:10BE1000185800F00100704704D20424034BC000FE
:10BE20001A5842F001021A50704700BF04D204248D
:10BE3000034BC0001A5842F001021A50704700BF6D
:10BE400044D2042408B50A460146044806F0C4F961
:10BE5000BDE808400D2006F0D1B900BFC15A210845
:10BE60002DE9F04180460D4616461F4603287FD82F
:10BE7000DFE800F0021726284B297DD940483F21F2
:10BE8000FFF7E0FF0F2F1FD93D484021FFF7DAFFF2
:10BE9000082E1FD93A484121FFF7D4FF0F2D1DD995
:10BEA00018E03B2968D936483F21FFF7CBFF0F2F19
:10BEB000EED933484021FFF7C5FF082EEED9E9E758
:10BEC0002B29EFE71B29D8E7082E03D92C4841215D
:10BED000FFF7B8FF4FEA151805F00F0506F51072C9
:10BEE000284C54F8323068F30D3344F8323054F8AB
:10BEF000323065F30B2344F8323054F8323017F007
:10BF0000080114BF43F0080361F3C30344F832305F
:10BF100054F8323017F004010CBF61F3820343F090
:10BF2000040344F83230174B53F8321017F0010075
:10BF30000CBF60F3000141F0010143F832101149D8
:10BF400017F0020315BF51F8323051F8320043F0B8
:10BF5000020363F3410014BF41F8323041F832006C
:10BF600051F832306FF3041341F83230BDE8F081FC
:10BF700003483F21FFF766FF0F2F9ED999E700BFC7
:10BF8000E75A210800001346052838B505460C4637
:10BF90000AD920484FF49B71FFF754FF1D484FF416
:10BFA0009F71FFF74FFF2EE003280ED9042828D1F8
:10BFB0000B2904D9174840F23B11FFF743FF240136
:10BFC00004F1105404F598240EE080B94B2904D9EB
:10BFD00010484FF49C71FFF735FF04EB0514240162
:10BFE00004F18C4404F598140123636038BD0128E2
:10BFF00001D13B29EBE7022801D12B29E7E71B29D7
:10C00000E5E70529CAD8044BA4001A5942F02002DA
:10C010001A51EBE7985921081C860424052838B5E5
:10C0200005460C460AD920484FF4CE71FFF70AFFA7
:10C030001D484FF4D271FFF705FF2EE003280ED9FB
:10C04000042828D10B2904D9174840F2A111FFF781
:10C05000F9FE240104F1105404F598240EE080B98F
:10C060004B2904D910484FF4CF71FFF7EBFE04EBD6
:10C070000514240104F18C4404F598140023636032
:10C0800038BD012801D13B29EBE7022801D12B293A
:10C09000E7E71B29E5E70529CAD8044BA4001A598C
:10C0A0006FF345121A51EBE7985921081C860424B6
:10C0B000012BF8B506460C46154617D939487E219E
:10C0C000FFF7C0FE002D37D021463046FFF75CFF5A
:10C0D000042E05F00F014DD10A2D3BD8324A230121
:10C0E000D05861F38500D05075B3F8BD82B102F02D
:10C0F0000F07002BE8D1FFF791FF042E34D10A2D52
:10C1000028D8294B24011A5967F385021A51ECE704
:10C11000042815BF04EB001223492449220118BF4B
:10C120001201885865F3850088506BB92146304666
:10C13000BDE8F840FFF772BF042E2DD11A4A230143
:10C14000D15865F38501D15021463046BDE8F8400D
:10C15000FFF71ABF13488A21FFF774FE124B240120
:10C160001A5965F38502D1E70F2D0DD80F4B04EB5B
:10C170000614C7E70F2D07D804EB06140B4B240158
:10C180001A5961F38502C1E706488F21FFF75AFE6D
:10C1900004EB0614054BE2E704EB0613034A1B010C
:10C1A000CEE700BFE75A210800C004240000134670
:10C1B0000528F8B505460C46164602F0010719D9C0
:10C1C0002948D821FFF73EFE012E19D92648D9214A
:10C1D000FFF738FE052C03D92348E321FFF732FE91
:10C1E000E4212148FFF72EFE204BA4001A5967F3E3
:10C1F000041223E0012A07D8032815D904280BD0FC
:10C20000052CF1D9E321ECE71748D921FFF71AFEF5
:10C21000032D09D9042DDDD10B2C03D91248DF21C0
:10C22000FFF710FE124B05E055B94B2C10D8114BFF
:10C2300004EB051424011A5967F300021A51F8BDE2
:10C24000012D0AD13B2C8CBF00230123002BEED102
:10C250000548DB21FFF7F6FDE9E7022D01D12B2C84
:10C26000F1E71B2CE2E700BFE75A21081C860424F3
:10C2700000C00424000013463F2810B5044604D92A
:10C28000064840F21B11FFF7DDFD054800EB840076
:10C29000036843F01003036010BD00BFE75A210894
:10C2A00000400046012808B50ED90E4840F2891119
:10C2B000FFF7C8FD0C4B1A6842F480421A601A68F6
:10C2C00042F480121A600BE00028F3D14FF08C4347
:10C2D0001A6942F480321A619A6842F400129A6034
:10C2E00008BD00BFE75A2108001404240C2A70B5C9
:10C2F00005460E46144604D92B484FF43D71FFF70E
:10C30000A1FD0F2E04D9284840F2F521FFF79AFD30
:10C310000C2D04D9244840F2F621FFF793FD05F5D2
:10C320001070224B53F830206FF30D3243F8302059
:10C3300053F8302064F30B2243F8302053F83020B8
:10C3400016F0080114BF42F0080261F3C30243F87B
:10C35000302053F8302016F0040114BF42F00402DC
:10C3600061F3820243F83020104B53F8302016F06E
:10C37000010114BF42F0010261F3000243F83020D2
:10C380000A4B53F8302016F0020114BF42F00202AB
:10C3900061F3410243F8302053F830206FF3041268
:10C3A00043F8302070BD00BFE75A210800C00424C4
:10C3B000052870B506460D4601F5127411D91148CD
:10C3C00040F24B31FFF73EFD012D04D90D484FF4EB
:10C3D0005371FFF737FDE30003F18C4303F5981326
:10C3E0000DE0012904D907484FF45371FFF72AFDE6
:10C3F000042EF0D1E30003F1105303F5982358689D
:10C4000070BD00BFE75A21080C2810B5044604D9B6
:10C41000054840F27B31FFF715FD044B01209A6877
:10C42000A0401043986010BDE75A210800A00424E2
:10C43000052838B504460D4604D909484FF47871EB
:10C44000FFF700FD0A2D04D9054840F2E131FFF75E
:10C45000F9FC044BA4001A5965F302021A5138BDC5
:10C46000E75A21081C860424052838B504460D46E1
:10C4700004D9094840F2EE31FFF7E4FC012D04D95C
:10C48000054840F2EF31FFF7DDFC044BA4001A59D8
:10C4900065F3C3021A5138BDE75A21081C860424EB
:10C4A000052838B504460D4604D9094840F2FF3145
:10C4B000FFF7C8FC012D04D905484FF48061FFF750
:10C4C000C1FC044BA4001A5965F304121A5138BD7B
:10C4D000E75A21081C860424052810B5044604D90F
:10C4E000054840F24641FFF7ADFC044B5869E04077
:10C4F00000F0010010BD00BFE75A2108000008123B
:10C50000102810B5044604D904484FF49061FFF791
:10C5100099FC034B64005C6010BD00BFE75A210822
:10C52000000008120F2870B505460E4604D91F48B2
:10C5300040F2AD41FFF786FC082E04D91B4840F2BB
:10C54000AE41FFF77FFC0124B440E6B23046FFF76E
:10C55000D7FF174B1A6915F0040F14BF3243B243CB
:10C560001A61134B2202196992B215F0080F14BF19
:10C570000A4321EA02021A610D4B2204196902F4EE
:10C580007F0215F0020F14BF0A4321EA02021A616A
:10C59000074B1A69240615F0010F14BF2243A2436A
:10C5A0001A61044B4FF400121A6070BDE75A21085B
:10C5B0000000081200E100E008B572B6012809D1B8
:10C5C000202000F031F80F4AD2F870319806FBD4E1
:10C5D00062B608BD022808D1402000F025F8094ABB
:10C5E000D2F870315906FBD4F2E70328F0D14FF4AA
:10C5F000807000F019F8034AD2F87031DB05FBD4E3
:10C60000E6E700BF00800046054B06480422C3F859
:10C610006C2100684FF0FF3300220221F5F79ABF2A
:10C6200000800046BC3F0000014BC3F86C0170471E
:10C6300000800046014BC3F8780170470080004637
:10C64000064B0748196810B502F0F8F9044618B906
:10C650004FF4806002F0EAF9204610BDC03F0000B0
:10C66000C43F000037B52A4CD4F880315D070DD5A2
:10C67000284B02211868F5F707FF0423264AC4F85F
:10C680008031C2F89030002003B030BDD4F8803142
:10C69000980705D5FFF7D4FF0028F5D10223EDE771
:10C6A000D4F88031D9050DD54FF48075C4F8785190
:10C6B0004FF4804002F0BAF9174BC4F88051C3F828
:10C6C0009050E0E7D4F880319A0604D50220FFF7B5
:10C6D00073FF2023D2E7D4F880311B0604D5032052
:10C6E000FFF76AFF8023C9E7D4F8803113F0100305
:10C6F00004D00120FFF760FF1023BFE70093074A33
:10C70000074908484FF49D73F7F746FC00BEBAE7A7
:10C7100000800046BC3F0000000005415E5C21082F
:10C720009C5B21083B5C2108024B5B68DBB2038009
:10C730000020704700000541064BD3F8742142F0F9
:10C740000102C3F87421D3F874211207FBD500202D
:10C75000704700BF00800046034AD2F8743123F0CE
:10C760000103C2F874317047008000460B4BD3F8C8
:10C77000742142F00102C3F87421D3F87421120726
:10C78000FBD5C3F86C01D3F880211042FBD0C3F86D
:10C790008001034BC3F89000FFF7DEBF0080004626
:10C7A0000000054110B5114C23786BB9104AD2F83E
:10C7B00080319B0509D54FF40073C2F880310D4AD2
:10C7C000C2F890300123237010BD02F067F940B128
:10C7D0004FF40070FFF7CAFF4FF40060FFF7C6FF89
:10C7E000F0E7054B01221A70ECE700BFB83F0000EC
:10C7F0000080004600000541B93F000008B5074B26
:10C800001B784BB14FF40070FFF7B0FFBDE8084054
:10C810004FF40060FFF7AABF08BD00BFB93F00009A
:10C82000FFF720BF10B5034C206810B9F5F70EFED6
:10C83000206010BDBC3F000008B5F7F7D9FC1849CF
:10C84000184AD1F8FC3043F08073C1F8FC3013680B
:10C8500043F001031360144B4FF47A721B68B3FB6F
:10C86000F2F3013BB3F1807F09D24FF0E022536134
:10C87000FC2381F823300023936107231361084BC5
:10C880001C2283F82320094BD3F87421D20742BF1E
:10C89000D3F8742122F00102C3F8742108BD00BF4F
:10C8A00000ED00E0001000E0D830000000800046FD
:10C8B00038B5224BD3F8742111075CBFD3F874212B
:10C8C00042F0010205465ABFC3F874210124002436
:10C8D000D3F874211207FBD58CB1204600F0C8F8BC
:10C8E00000F0DAF800F06CF9144BD3F86C319B07C8
:10C8F00001D400F057F8F5F7B3FC00200EE000F08B
:10C90000F7F843B2002B0DDA13F10C0FF7D0073311
:10C91000F5D01C30C0B21C2801D9012038BD084B0D
:10C92000185CFBE7284600F005F91C30C0B21C2853
:10C93000F3D8034B185C0028CFD0EFE70080004607
:10C94000735C2108B0F1005F70B518D10C4C0D4834
:10C95000236804225D6C00210623A8472368094848
:10C960005D6C052206230021A847236805485C6CFE
:10C970000022A4460623BDE870401146604770BD02
:10C980000001300000C0042410B5054B00244FF412
:10C990008070C3E90044FFF74DFE204610BD00BF84
:10C9A000C43F000013B50023ADF80630184BD3F890
:10C9B0006C4114F0020427D116484FF47A734FF4F7
:10C9C000CA62012101F0F0FC30B1134A1349144846
:10C9D0005223F7F7E1FA00BE0E4B0DF1060218687C
:10C9E000002101F011FD0F4B102200F5A00018608E
:10C9F00010449A8098604FF4C86202209A81FFF731
:10CA000013FE204602B010BD6FF00104F9E700BF2D
:10CA100000800046C03F0000A65D2108905C210810
:10CA2000295D2108CC3F00000146014802F00BB807
:10CA3000C43F000008B5074B00F5A000186001F5E1
:10CA4000A0011020988099609A81FFF7DDFD0020F9
:10CA500008BD00BFDC3F000008B50220FFF7EAFD7B
:10CA6000FFF7A0FFBDE80840022000F0A3B80000D7
:10CA7000064B38B9064AD269D20703D45A6B12F46E
:10CA8000204FFBD1034A5A63704700BF00000541A5
:10CA900000000812DC3F0000014B024ADA657047D3
:10CAA00000000541CC3F000008B50A4AD2F87431B5
:10CAB0001B07FBD5084A09490948CA23F7F76CFA4E
:10CAC0006420F5F7ABFC074B074A5A63074ADA655F
:10CAD00008BD00BF00800046805D2108905C2108F1
:10CAE0005B5D210800000541DC3F0000CC3F0000F9
:10CAF00082B0002301930E4BDB6B9AB272B103F448
:10CB00007F42B2F52B4F0CD1DBB2F12B0CD0F22BC4
:10CB100014BF00206FF0090002B070476FF00600EC
:10CB2000FAE76FF00B00F7E76FF00800F4E700BFDB
:10CB30000000054130B585B000234B2800931C4A06
:10CB400001931CD14AF24B0353630022184D00920B
:10CB50004FF6FE7140F42B40009B5C1C8B4200940E
:10CB600003D80292AB8F8342F6D100984FF6FE7342
:10CB700098424FF0FF30D8BF002005B030BD40F4E0
:10CB80002B43536300F0BF03312B01D04A28DCD183
:10CB900000230393064B93F83C30232B05D0F32B53
:10CBA00014BF00206FF00400E7E76FF00D00E4E72A
:10CBB00000000541014BC3F87C017047008000462E
:10CBC000094BA622C3F87C21D3F8742142F002025B
:10CBD000C3F874214FF0E0234FF48062C3F80821BA
:10CBE000142283F84A247047008000461FB50E22A5
:10CBF00000210DF1020005F04FFC01238DF80030FB
:10CC00001049802301A88DF8013001F041FBBDF8E7
:10CC10000A301BB94FF48073ADF80A30BDF80C3000
:10CC20001BB94FF40073ADF80C304FF4E0630022F1
:10CC300069467520ADF80E3001F092F905B05DF847
:10CC400004FB00BFBE5D210830B589B00C46054627
:10CC50001F2200210DF1010005F01EFC1F2C2246B1
:10CC6000294628BF1F220DF101008DF8002005F094
:10CC7000DFFC002269469C2001F072F909B030BD4A
:10CC800030B5044685B0006801901546A088ADF81F
:10CC900008000022CDF80A20B1208DF80B1001A960
:10CCA0008DF80C50ADF80E3001F05AF905B030BDDA
:10CCB00038B505460023934210D2CC5C0133DBB279
:10CCC000C85C083801280AD8013C0133E4B2194491
:10CCD0002246284605F0ACFC00232B5538BD1C44E9
:10CCE000E3B2E8E784B030B587B00AAC84E80F005F
:10CCF0000AAD002305930FCD6C460FC42B680F9A25
:10CD000023606946922001F02BF907B0BDE830405E
:10CD100004B0704701460022932001F021B970B59C
:10CD2000BEB00C46064615460021F02202A805F0CA
:10CD3000B3FBF02C2246294628BFF02202A8ADF80A
:10CD40000620ADF8046005F073FC002201A99420D0
:10CD500001F006F93EB070BDF0B50546C1B014460D
:10CD60000F46F02200210DF10E001E4605F094FB47
:10CD70002868AB880190F02C2246314628BFF0226B
:10CD80000DF10E00ADF80830ADF80C20ADF80A70CA
:10CD900005F04EFC002201A9962001F0E1F841B017
:10CDA000F0BD000041F20603984209D13C4B1B68DC
:10CDB0009A68D27C012A70D1DB680B60032070472F
:10CDC00040F2055398420BD0431E062B08D9A0F120
:10CDD0008D039BB21A2B09D9A0F59773012B16D896
:10CDE0002F4B1B689B680B60012070472D4A42FA4D
:10CDF00003F3DB07F4D5BE28F2D0B0F5967FEFD071
:10CE0000A0F17503172B0DD8254B1B68D4E700F54F
:10CE1000FF4370339BB20C2BEDD8234A42FA03F345
:10CE2000DA07DDD5A0F192039BB2162B15D9A0F13C
:10CE3000AA030E2BE8D9A0F1BA03072BE4D940F2DC
:10CE40002D139842E0D040F26F139842DCD06FF47B
:10CE5000B8728318032B05D8D6E7144A42FA03F3B5
:10CE6000DB07D1D5A0F1F2030B2BCDD940F2011392
:10CE70009842C9D06FF48273C318262BC4D95028A6
:10CE8000C2D041F2FF539842BED0A0F5A8534A2B1E
:10CE9000BAD941F6FF739842B6D0FF20704700BF61
:10CEA000F03F0000F8DFFFF9DEEFFFFFC07BB0FFCF
:10CEB000012903463DD0032938D1A0F17502092A82
:10CEC00037D9B0F5837F2ED01FD8B0F5817F13D22C
:10CED000C02828D8972806D87E2847F2F85098BF4F
:10CEE0004FF4FA407047A0F19C03242B47F22470C2
:10CEF00088BF4FF4FA40704740F2051247F22470A1
:10CF0000934218BF4FF4FA40704740F26F129042BC
:10CF100009D0B0F5B87F09D240F20712904208D08C
:10CF200040F22B12EAE747F2F85070474FF4FA400C
:10CF3000704747F22470704707B500230230019311
:10CF400001F070F901A9FFF72DFFC0B2FF2809D049
:10CF5000019B9A7C32B998691A6003B05DF804EBC2
:10CF6000F5F78CBC03B05DF804FB0000F8B5154B79
:10CF70001B68DC68062204F13001064605F07CFAE5
:10CF8000054638B1062204F14801304605F074FA2E
:10CF9000B8B90125182707FB0543586C18B14FF0A5
:10CFA000FF31F5F759FB07FB0544B27994F83730A8
:10CFB000606C134484F8373018B1BDE8F840F5F7D9
:10CFC0007BBBF8BDF03F000038B5124B1B68DC6836
:10CFD00094F83C301BB194F85430CBB9012318229B
:10CFE000534303F13002D0F80150A550A1181C445E
:10CFF000B0F805208A80012384F83C3084F838306A
:10D0000084F8373084F840300020F5F7DBFA6064AC
:10D0100038BD00BFF03F0000144B1B6870B5DC68E2
:10D0200004F1300506222946064605F025FA40B1EE
:10D0300004F1480506222946304605F01DFA98B944
:10D0400001201822002302FB00402B60AB80C38626
:10D0500080F838304387C36380F84030406C18B1A3
:10D06000BDE87040F5F754BB70BD00BFF03F000055
:10D070002DE9F041436A07465D68D0F824013B681A
:10D08000144641F24A5291420E4680B29BB200F2DF
:10D09000C680B1F5A85F07D28C2900F2B1807E2945
:10D0A00000F2A080BDE8F081A1F5A8534A2BF9D881
:10D0B00001A252F823F000BF5DE22008B7E2200889
:10D0C000C3E22008C9E22008CFE22008D5E2200808
:10D0D000DBE22008DBE22008DBE22008BDE22008DA
:10D0E000E1E22008EDE22008E1E22008E7E2200882
:10D0F0002FE220083FE22008F3E22008F7E22008B0
:10D1000005E3200809E320086BE320086BE320080F
:10D1100019E320086BE3200893E3200897E3200835
:10D12000A9E32008BBE320087DE320081DE32008D5
:10D13000CDE32008D1E32008D5E3200853E22008FE
:10D14000D9E32008E1E32008E5E32008EBE3200829
:10D15000FFE3200805E42008A5E02008A5E020085A
:10D16000DDE320080BE420080FE4200813E4200886
:10D17000A5E02008A5E02008FFE22008A5E020089F
:10D18000A5E02008A5E02008A5E02008A5E02008EB
:10D19000A5E02008A5E02008A5E02008A5E02008DB
:10D1A000A5E02008A5E020081DE42008FBE22008F7
:10D1B000A5E02008A5E0200815E320088DE320085D
:10D1C000A5E0200821E4200825E420082BE420081D
:10D1D00031E4200837E420083DE4200843E4200837
:10D1E00049E42008A1F180020C2A00F29980DFE8CE
:10D1F00002F0A0A2A4A8A6A8A8A8B3B3B3B3B30092
:10D2000041F2060399427FF44DAFAB6813B101467A
:10D21000204698472046BDE8F041FFF7FDBE41F2A9
:10D22000FF5399427FF43EAFD5F8F0306DE02B68A4
:10D23000002B3FF437AF2046BDE8F04118476B683C
:10D2400013B12081204698472046BDE8F041FFF702
:10D25000BBBEAB69002BF7D0A083F3E7D5F89030C5
:10D260000BB1214698470622214607F1300005F010
:10D2700003F948B10622214607F1480005F0FCF801
:10D2800000287FF40FAF0120182303FB007393F8ED
:10D290003D20002A3FF406AFB6F5A85F03D0DB8F30
:10D2A000B3427FF4FFAE182303FB0077002387F817
:10D2B0003D30FB87F6E6D5F89430D1E7D5F89830C5
:10D2C000CEE7D5F89C30CBE7D5F8A030C8E7D5F845
:10D2D000A430C5E7D5F8A830C2E7D5F8AC30BFE731
:10D2E000D5F8B030BCE7D5F8B430B9E7D5F8B830E8
:10D2F000B6E76B6B9CE7AB6B9AE7AB6D98E7D5F83D
:10D30000D03095E7EB6B93E72B6C002B3FF4CAAE64
:10D31000214630E0EB6D8BE76B6CF6E7AB6C87E793
:10D320002A6E002A3FF4BEAE21461846BDE8F04101
:10D3300010476A6EF5E7AA6EF3E7EA6EF1E72A6F27
:10D34000EFE76D6F002D3FF4ADAE22463146184633
:10D350002B46BDE8F0411847AA6F002A3FF4A2AE61
:10D3600031461846BDE8F0411047EB6F002B3FF403
:10D3700099AE21463046BDE8F0411847D5F88C30CB
:10D38000002B3FF470AF204698476CE7D5F8BC30CF
:10D39000F6E7EB684CE7D5F88030002B3FF482AE1F
:10D3A000214641F21950E6E7D5F88430002B3FF4CE
:10D3B00079AE214641F21A50DDE7D5F88830002BCE
:10D3C0003FF470AE214641F21B50D4E72B692FE7A2
:10D3D0006B692DE7EB6C2BE7EB6929E72B6D27E7F2
:10D3E0006B6D25E7D5F8C03022E7D5F8C430002BA7
:10D3F0003FF458AE01462046BDE8F0411847D5F845
:10D40000C83015E7D5F8CC3012E72B6AEFE7EB6AA6
:10D410000EE72046FFF7AAFD2B6B09E76B6AE6E7EC
:10D42000AB6A72E7D5F8D4306FE7D5F8D8306CE73F
:10D43000D5F8DC3069E7D5F8E03066E7D5F8E430B8
:10D4400063E7D5F8E83060E7D5F8EC305DE700BF7A
:10D450002DE9F0470446881C0D46174600F0E2FE11
:10D460000646284600F0DEFEC0F30B0905F10C006D
:10D4700000F0D8FE238AB34205F1100805B246D168
:10D4800040F205539E42256035D10123A380E06818
:10D490004FF0000AA4F810A038B141464A4605F002
:10D4A000C7F8D4F80C80C4F80CA0A37C7BB3B6F505
:10D4B000847F1AD1CDB994F8222198F80610182348
:10D4C00003FB024383F8401098F8073019B903EBC7
:10D4D00083035B00DBB2182101FB024282F8383083
:10D4E00082F83730002384F82231A069F5F7C6F9B5
:10D4F0002846BDE8F087002DC9D1A6F175039BB27F
:10D50000022B9FBF074B1B689B689D80BFE7002FC6
:10D51000EED0C4F824514B46424631462046B84727
:10D52000E6E700BFF03F000013B5002304460230D9
:10D53000019300F077FE41F20603984206D10E4BAC
:10D540001B689A68A37D03F00F03D37401A9FFF74A
:10D5500029FCC2B2FF2A0CD0012A93B2019814BF51
:10D56000064A00222146FFF773FF00B280B202B0E4
:10D5700010BD0020FBE700BFF03F000071E0200875
:10D5800070B50446F8B10025858005600582C56048
:10D590002A4629460120F5F7DFF82A46A842A0616D
:10D5A00029464FF001000CBF6FF028062E46F5F714
:10D5B000D3F8A842606108BF6FF02806F5F75EF95E
:10D5C000E561304670BD6FF00106FAE74368C26856
:10D5D0005960F42053627047074B1B689B6840F208
:10D5E000055298691A8201229A7418B14FF0FF31DE
:10D5F000F5F70AB9704700BFF03F000010B50B4CBB
:10D600002468E468646A6468C4E90223029B2361B5
:10D61000039B6361049BA361059BE361069B2362FB
:10D62000079B6362C4E9000110BD00BFF03F00002A
:10D6300010B51F4C2468E468646A6468C4E91A235E
:10D64000029B2367039B6367049BA367059BE367B8
:10D65000069BC4F88030079BC4F88430089BC4F84C
:10D660008830099BC4F88C300A9BC4F890300C9B1E
:10D67000C4F898300B9BC4F894300D9BC4E9180192
:10D68000C4F89C300E9BC4F8A0300F9BC4F8A430A3
:10D69000109BC4F8A830119BC4F8AC30129BC4F89E
:10D6A000B030139BC4F8B430149BC4F8B83010BD2C
:10D6B000F03F0000A72810B50B46144629D010D81B
:10D6C0008F2847D005D8012827D005283CD0002036
:10D6D00031E09A2848D0A628F9D10B6813610420BC
:10D6E00029E0B0F5977F27D00BD8BE2863D0B0F5DE
:10D6F000967FECD1832204F1100004F099FF83207F
:10D7000019E048F21002904228D048F215029042E7
:10D71000DDD11B88238202200DE0103401F130029C
:10D7200053F8041B44F8041B9342F9D11A88228051
:10D730009B78A370332010BD304A1268926891889C
:10D740000129C4D1002191801A6822619B88A3829B
:10D750000620F0E70B7813740120ECE70A682261D9
:10D760004A6862610820E6E70A782274132A06D024
:10D77000142A11D0082AEFD04FF6FE70DBE71034E0
:10D7800001F1180253F8041B44F8041B9342F9D129
:10D790001B8823801A20CEE7103401F1100253F8C1
:10D7A000041B44F8041B9342F9D11A8822809B7809
:10D7B000A3701320BFE7097811745A78627441EAA4
:10D7C00002214FF61442914211D04FF61B42914272
:10D7D0007FF47DAF103403F1240253F8041B44F8A6
:10D7E000041B9342F9D11B7823702520A3E71A88E4
:10D7F00022829B78A37403209DE700BFF03F0000C6
:10D800002DE9F74F034610467F4A1268B3F5977F1C
:10D81000D7680C4680F0E7804F2B40F2F380503BF6
:10D82000DD2B00F2EF80DFE813F06101ED00ED0089
:10D83000ED00ED00ED00ED00ED00ED00ED00ED0080
:10D84000ED00ED00ED00ED00ED00ED00ED00ED0070
:10D85000ED00ED00ED00ED00ED00ED00ED00ED0060
:10D86000ED00ED00ED00ED00ED00ED00ED00ED0050
:10D87000ED00ED0002011F0125014001ED00300126
:10D880004801530153015901A1017201A101A101F4
:10D890007F01A1018B019201A101AB01B301BF0185
:10D8A000BF01C701ED00ED00ED00ED00ED00D0017E
:10D8B000DB01E3013C02F4012B02ED00ED00ED0081
:10D8C000ED001401ED00ED00ED00ED003602530116
:10D8D000400248015602ED00ED001401ED00530135
:10D8E0005C0253016002ED005C02360259016B02DA
:10D8F000ED00530140016B0256025301ED0072022C
:10D9000081025C02ED00ED00ED00ED005901ED003B
:10D91000ED00ED00ED00ED00ED00ED00ED00ED009F
:10D92000ED00ED00ED00ED00ED00ED00ED00ED008F
:10D93000ED00ED00ED00ED00ED00ED00ED00ED007F
:10D94000ED00ED00ED00ED00ED00ED00ED00ED006F
:10D95000ED00ED00ED00ED00ED00ED00ED00ED005F
:10D96000ED00ED00ED00ED00ED00ED00ED008702B3
:10D970009502A702B002B902CB02D402DF02F30281
:10D98000FC0207031303ED00ED00ED003602ED008D
:10D99000ED00ED00400136022103E901ED004001F8
:10D9A00028032E03ED00ED00ED00ED004001ED0039
:10D9B000ED00ED00ED00ED00ED00ED00ED00ED00FF
:10D9C000ED00ED00ED00ED00ED00ED00ED00ED00EF
:10D9D000ED00ED00ED00ED00ED00ED00ED00ED00DF
:10D9E0005301ED003903B3F5BA7F00F07A810DD809
:10D9F00040F26F12934200F0558240F2711293424E
:10DA000000F0578200254CE0F03F000041F6FF7225
:10DA10009342F7D1103001F1180354F8042B40F869
:10DA2000042B9C42F9D1238803801A2509E0103089
:10DA300001F1100354F8042B40F8042B9C42F9D157
:10DA40001025BB889A0740F1858243F40043BB80D0
:10DA500027E0103001F1200354F8042B40F8042B88
:10DA60009C42F9D12025ECE70B6803614B684361C8
:10DA70000825E6E7103001F1140354F8042B40F8B0
:10DA8000042B9C42F9D11425DBE7103001F10C0383
:10DA900054F8042B40F8042B9C42F9D123880380CE
:10DAA0000E25284603B0BDE8F08F0B6803618B8814
:10DAB00083828B7983750725F3E7103001F120030A
:10DAC00054F8042B40F8042B9C42F9D12025E8E7B8
:10DAD0000B6803614B6843610825E2E70B6803614B
:10DAE0004B6843618B6883610C25DAE70B78CD784E
:10DAF000012B1BBFB1F8035004350335ADB22A46E4
:10DB00000131103004F094FD0023BB74C9E71030DC
:10DB100001F11C0354F8042B40F8042B9C42F9D16A
:10DB20000023BB741C25BCE7103001F1200354F81E
:10DB3000042B40F8042B9C42F9D10023BB74C5E7A9
:10DB40000B6803614B6843610023BB74C4E710306A
:10DB500001F1100354F8042B40F8042B9C42F9D136
:10DB6000238803800023BB7412259AE70B680361A6
:10DB70004B6843610B8903830023BB740A2590E73C
:10DB8000F922103004F054FD0023BB74F92588E716
:10DB9000F922103004F04CFD4FF000084646C24612
:10DBA0004FF00109F9253FE0FB22103004F040FD61
:10DBB0000023BB74FB2574E70B6803618B888382A9
:10DBC0008B7983750023BB7475E7103001F118035E
:10DBD00054F8042B40F8042B9C42F9D1182560E737
:10DBE0004FF48872103004F023FD4FF4887558E725
:10DBF000F422103004F01CFDF42552E70B68036199
:10DC00004FF000084B6843610126C246C146082513
:10DC10000AE0FA22103004F00BFD4FF000084646EF
:10DC2000C2464FF00109FA250622214607F13000CD
:10DC300004F022FC8346002800F04A810622214697
:10DC400007F1480004F018FC00287FF42AAF0124F3
:10DC5000A346002E40F03E81B9F1000F40F05C81F8
:10DC6000BAF1000F3FF41DAF182303FB0B7B012318
:10DC70009BF83D20002A00F0668187F8213110E7EB
:10DC8000FA221030002604F0D3FC41F20D584FF078
:10DC9000010AB146C7E70B6803618B8883820625BA
:10DCA000FFE60B8803820225FBE600230093ADF814
:10DCB00004300B6803618B88838200F11005062213
:10DCC0006946284604F0D8FB0028E8D1A349284635
:10DCD00000F0DEFAE3E7FA22103004F0A9FCFA259E
:10DCE000DFE6236803610425DBE6103001F1280339
:10DCF00054F8042B40F8042B9C42F9D12825D0E697
:10DD00000B6803614B6843610B89038336E710306E
:10DD100001F1140354F8042B40F8042B9C42F9D170
:10DD200023880380A37883701725BAE60B880382C3
:10DD30008B7883740325B4E60B6803614B684361F9
:10DD40000B89038341F2095800264FF0010AB146BE
:10DD50000A2569E70B46103001F11C0253F8041B39
:10DD600040F8041B9342F9D1002641F202584FF0CB
:10DD7000010AB1461C2557E70B6803614B684361F4
:10DD80000B89038341F20358DEE70B6803614B689C
:10DD900043610B89038341F20458D5E70B461030E9
:10DDA00001F1200253F8041B40F8041B9342F9D1FF
:10DDB000002641F205584FF0010AB146202533E70D
:10DDC0000B6803614B6843610B89038341F201587F
:10DDD000BAE70B6803614B68436141F206580026BD
:10DDE0004FF0010AB14612E70B46103001F1100264
:10DDF00053F8041B40F8041B9342F9D11B8803809D
:10DE0000002641F208584FF0010AB14612250BE7EF
:10DE10000B6803614B6843610B89038341F2075828
:10DE200092E7F9221030002604F002FC41F20A5871
:10DE30004FF0010AB146B5E6FB221030002604F08F
:10DE4000F7FB41F20B584FF0010AB146FB25EBE618
:10DE50000B6803618B8883828B798375002641F27E
:10DE60000C584FF0010AB1460725DDE60B68036147
:10DE70004B68436141F21C58B1E7FC22103004F0BA
:10DE8000D7FBFC250DE6103001F1100354F8042BEC
:10DE900040F8042B9C42F9D1102502E60B7803745C
:10DEA0000125FEE5FA22103004F0C2FB0023BB740A
:10DEB00015E7CF22103004F0BBFBBB88D90704D58F
:10DEC00043F40043BB80CF25EBE543F00203F9E7C1
:10DED0000446BEE6182606FB0B73586C18B14FF0CB
:10DEE000FF31F4F7B9FB06FB0B7393F8370093F897
:10DEF0003810884209D0022287F82021586C002867
:10DF00003FF4CFADF4F7D8FBCBE5586C08B1F4F78C
:10DF1000D3FB87F82241C4E5182404FB0B73586C2B
:10DF200018B14FF0FF31F4F797FB04FB0B7393F834
:10DF300037200AB90122DFE70021013A87F82011D2
:10DF400083F83720DAE787F821918BF83D30ABF87A
:10DF50003E80A6E543F0010379E500BFD05D2108CE
:10DF60002DE9F04F87B000238B4604A9CDE9033398
:10DF7000074601920593FEF715FFFF2881462DD035
:10DF8000B7F5977F06D1644B1B689B689B88012B74
:10DF900040F0BE8049463846FEF78AFF049C824620
:10DFA000606928B96FF02406304607B0BDE8F08FED
:10DFB0005146F4F729FC05460028F3D153464FF4A7
:10DFC0009E7203A905A800F0B9FDDDF80C80064695
:10DFD000B8F1000F05D16069F4F750FC6FF003064B
:10DFE000E2E710222946404604F056FA01239945FB
:10DFF000A37419D14FF48E72294608F1100004F071
:10E000004BFA424659463846FFF754FBB4F82031E4
:10E0100003BBB4F90430002B1CDB502F04BF9BF86A
:10E02000003088F80E3024E0B9F1030F47D14FF4E7
:10E030008E72294608F1100004F02EFA4246594625
:10E040003846FFF7DDFB41F6FF739F42DED1B4F89F
:10E0500020314BB1059800F0E3F994F82031022B00
:10E060002FD16FF0320634E0B4F90430002BF1DB2D
:10E070007727C0F30B01404600F0C6F8394608F197
:10E08000020000F0C1F8019BE36048F210039F42D8
:10E0900008BF40F20553278202BF23820123A374E5
:10E0A000A37C059A0321F8B201F024FBA06948BBC8
:10E0B0006FF01D03236000232668A37418E0284630
:10E0C000A4E7012B18D094F82131002B18BF6FF072
:10E0D0002606B4F90420A388002A06DADA070ED44B
:10E0E00013F0020F18BF6FF036060023A4F820319A
:10E0F0006069F4F7C3FB57E76FF01E06E9E76FF0BE
:10E100003506F2E75146F4F77FFB0028D0D1D2E77D
:10E110006FF0020648E700BFF03F000030B58FB057
:10E120000546322200210DF1050004F0B5F928461C
:10E1300004F08CFA312828BF3120044602462946D3
:10E140000DF1050004F074FA04F138036B44002269
:10E1500001A9012003F8332C8DF80440FFF700FFDC
:10E160000FB030BD024600210720FFF7F9BE0000C6
:10E170002DE9F84310F0030304460D461FBF033496
:10E180000D1FED1824F003042A460021204604F058
:10E1900083F9172D30D92346DFF86880184EC8F868
:10E1A000004043F8045B04F118003360002323713E
:10E1B000E0600121FFF7E4F933689A6804F5A0797B
:10E1C00040F205510127118297740321C3F80C9086
:10E1D0004846FFF7D5F9306804F51A7304F51D7445
:10E1E00021464360FFF7F2F90444D8F80000201AF2
:10E1F000A84202D833681F741820BDE8F88300BF16
:10E20000F03F0000EC3F0000054A12681278CBB2E4
:10E21000090A12B90370417070474370017070476A
:10E22000F03F0000034B00881B681B780BB140BA1D
:10E2300080B27047F03F0000C0B2A0F13003DBB203
:10E24000092B01D858B27047A0F14103052B02D821
:10E25000373840B27047A0F16103052B01D8573819
:10E26000F7E70020704738B50546F3F76CFE00214C
:10E2700004460A46CBB2A34201F1010101D3104684
:10E2800038BDE856FFF7D8FF00EB021252B2F1E7B3
:10E290002DE9F3470F46054611213846F3F748FEAE
:10E2A0000026804605243346B146F1B2414505EBD0
:10E2B000040A1A460CD308336B440022684603F85C
:10E2C000082CFFF7D0FF2855284602B0BDE8F0879C
:10E2D00079563A290DD108336B44684603F8089CF7
:10E2E000FFF7C1FF013CE4B28AF8000000230136C9
:10E2F000DBE708326A440133DBB202F8081CF6E7B8
:10E3000000F00F00A0F10A03052B8CBF303037302E
:10E310007047F8B506310446024600F10F0700F1D8
:10E3200012053A2611F8010D0009FFF7E9FF1070F8
:10E330000878FFF7E5FFBA42507003D096700332B9
:10E34000AA42EFD12046F8BD08B500F017F8034AFD
:10E35000034B002814BF1046184608BDF43F0000C8
:10E36000BC2A000000207047704708B5FEF75AFA33
:10E37000002008BD7047704770470000034B586885
:10E38000C0F30800003818BF0120704700ED00E01E
:10E3900010B5044C206810B9F4F714F9206000207F
:10E3A00010BD00BF4C4100002DE9F047DFF854904C
:10E3B0004FF0FF310646D9F8000015461F46F4F726
:10E3C0004BF9F3F79BFF05F10C0A8046504603F02A
:10E3D000C9F8044640B90120F4F720F8F3F78EFF9E
:10E3E000A0EB0800B842F1D3D9F80000F4F764F9C3
:10E3F0002CB10020656020603460BDE8F0871920F2
:10E40000FBE700BF4C4100004368994205D20AB1C6
:10E410005B1A13800C3108447047002070470000DD
:10E4200038B5044668B1074D4FF0FF312868F4F75E
:10E4300013F9204603F09EF82868BDE83840F4F749
:10E440003BB938BD4C41000010B5F3F75DFD044603
:10E45000F3F7BCFF20B92046F3F75AFD002010BDAA
:10E4600004480378FF2BF6D1F3F772FD0028F2D0B1
:10E47000F5E700BF090300002DE9F04F044695B011
:10E480003022002108A804F007F8A37ADB438DF8B6
:10E490002630E37A8DF8243094F8323003F003020A
:10E4A000012A08BF8DF827201B0744BF03238DF8DE
:10E4B0002530237C03F0F003502B01D0802B5FD15B
:10E4C0002688242E5CD9236ACDF84A30243EA38CBA
:10E4D000DFF84892DFF848A2DFF848B2ADF84E30D6
:10E4E000B6B234342778302F64D0DD2F00F0E080CE
:10E4F0005FB96578A11C2A460AA804F099F805F1CD
:10E5000050030DEB030505F8287C6278C2F57F43C4
:10E51000FE3333449EB20232022E1444E2D8DFF8B6
:10E520000892D9F800804446A4B9302003F01AF8C4
:10E5300009AE0746051D0FCE0FC50FCE0FC596E8D5
:10E54000070085E807003C60B8F1000F1DD1C9F84D
:10E55000007015E0062204F12A010DF14A0003F0D3
:10E560008BFF80B90AAA083412AD134603CBAB4225
:10E57000206061601A4604F10804F6D11B882380EC
:10E5800015B0BDE8F08F2468CEE7BA7998F8063068
:10E59000934207D9C7F80080002CD8D02760EFE756
:10E5A0009846F3E7D8F800304446002BF8D1C8F875
:10E5B0000070E5E70523B4F808808DF8253004F1F4
:10E5C0000A0303EB880533F82830059399F80230E5
:10E5D0008DF81E30A379029363790193B9F8002076
:10E5E00023794A48ADF81C200093524640F26B1341
:10E5F0005946F5F7D1FC4648CDF8008052465946B9
:10E600004FF4B673F5F7C8FC032207A9201D03F0E9
:10E6100033FF00287FF479AF02238DF82530059B66
:10E620006A7905EB83018D4216D1012A04BF0523C7
:10E630008DF82530810305D582070CBF09230A23F5
:10E640008DF82530C3037FF560AF324B03406BBBC1
:10E6500007238DF8253058E7EB78AF781B0443EAA1
:10E6600007632F79134343EA0723A3F57A236FF453
:10E6700040673B44082B08D8DFE803F0050907078B
:10E680000C0F0712150040F003000435CBE740F0F3
:10E690000C00FAE740F40030F7E740F48020F4E79C
:10E6A00040F48030F1E740F48010EEE70823D0E733
:10E6B000194B1A88ADF81C209B788DF81E30032268
:10E6C00007A9A01C03F0D8FE00287FF41EAF6379D1
:10E6D000012B7FF41AAF9DF8253013B1032B7FF483
:10E6E00014AF0123617B8DF8253004F10E0303EB99
:10E6F000810233F82130002B3FF407AF02EB830394
:10E700005B78012B7FF401AF0423A2E76F5E210841
:10E71000935E210808000400325F21082F5F210862
:10E720001B5F2108E25D2108F83F000030B5034679
:10E7300000B900BE074A02F13805144603CCAC42CA
:10E7400018605960224603F10803F6D1206818606A
:10E7500030BD00BF4047000002484022002103F0C6
:10E760009BBE00BF40470000014B1870704700BFC0
:10E77000FF3F0000014B1870704700BF0803000006
:10E78000014B1878704700BF08030000014B188048
:10E79000704700BFFC3F0000002979D1712821D8C3
:10E7A000672809D814283AD014D803285FD0132832
:10E7B0002ED04FF0FF3070476838092800F298805B
:10E7C000DFE800F05E9626969696969605485348A2
:10E7D000002170473D28ECD1084640F4003040F05D
:10E7E0000B007047C3282CD00AD8A2284AD0C228D0
:10E7F0001ED088280CBF4FF004104FF0FF30704738
:10E80000F12841D0F428D4D1084640F005007047E3
:10E810000020DDE74FF000404FF0FF317047084621
:10E8200040F0010070474FF000404FF0FF31F7E734
:10E83000084640F0080070474FF000404FF0FF31AD
:10E84000F7E7084640F00A0070474FF000404FF0ED
:10E85000FF31F7E70920BBE7080440F0090041F366
:10E86000C03170474FF000404FF0FF31B5E7084628
:10E8700040F48030B3E74FF000404FF0FF31F7E74E
:10E880002748A5E727487047274870472748C3E728
:10E89000712830D867280FD81428C4D026D8032868
:10E8A000E9D0132808BF4FF0004016BF4FF0FF30EB
:10E8B0004FF0FF31002170476838092818D801A3AC
:10E8C00053F820F08DF82008F1F8200815F82008FA
:10E8D000F1F82008F1F82008F1F82008F1F82008F4
:10E8E000F1F820088DF8200859F820083D28B9D003
:10E8F0004FF0FF306CE7C328A7D006D8A228C5D0B8
:10E90000C22899D088280948CFE7F128BED0F4283A
:10E91000EED14FF000404FF0FF3176E704000500E4
:10E920000400030004000200040001000400008051
:10E93000F0B52E4C2E488BB04FF4A072002103F09E
:10E94000ABFD206810B9F3F781FD2060294C2068E9
:10E9500010B9F3F77BFD2060274D2C688CB920227D
:10E96000214602A803F098FD244B019340F2646114
:10E970003023CDE90613224801AA2146F3F7D2FC41
:10E980002860204D2C688CB92022214602A803F073
:10E9900083FD1D4B01934FF4C0623123CDE9062363
:10E9A0001A4801AA2146F3F7BDFC28600026104C46
:10E9B00035460127C4E90055C4E90255C4E90455A8
:10E9C0000020F3F7FFFD07FA06F30136052EA061DC
:10E9D000E36104F14004EDD10D4C206810B9F3F768
:10E9E000F1FD206000200BB0F0BD00BF54410000DD
:10E9F0000C400000504100005C410000C05E210856
:10EA0000E509210858410000CA5E21089D08210837
:10EA10004C41000010B50446F3F770FCA042A0EB97
:10EA2000040038BF00F1FF3010BD0000024B01466A
:10EA30001868F3F729BD00BF5441000008B500F085
:10EA40008FF8002008BD00F00DB90068003818BF2D
:10EA50000120704708B50B460146054800220068B2
:10EA6000F3F778FDC31C012B98BF002008BD00BF41
:10EA70005441000008B5FFF77DFC6420F3F7CEFC9D
:10EA8000FFF779FC6420F3F7C9FC002008BD000003
:10EA9000014B1870704700BF00400000014B187810
:10EAA000704700BF8E4700002DE9F0479A46036883
:10EAB0000546884691464BB94368002B2FD0194B29
:10EAC000194A1A484FF4F76102F02EFDF3F725FAC0
:10EAD0002C680646002724B93046F3F724FA2D2087
:10EAE00013E041462046C84710B927462468F2E79C
:10EAF000CAF800402B68A34209D123682B6003B9F0
:10EB00006B603046F3F70FFA0020BDE8F0876B68C2
:10EB1000A34212BF23686F6000233B60F1E71B2014
:10EB2000F3E700BFD65E2108EA5E2108E25D210816
:10EB3000407A0A78131A58425841704773B50D4607
:10EB400002210646FFF730FC044630B901460DF1BC
:10EB500006023068FFF758FC2860204602B070BDFE
:10EB600038B504460D46F3F7D8F9636873B92368DE
:10EB700033B1074B074A084840F6EF1102F0D4FCC6
:10EB800025606560BDE83840F3F7CDB91D60F8E752
:10EB9000355F21082F602108495F21082DE9F043E6
:10EBA00085B01E4603294FF0000381460D461746E7
:10EBB000009310D101924FF47A731822694602A88B
:10EBC000FFF7BCFF044630B30198FFF729FC20464D
:10EBD00005B0BDE8F0834FF47A7306F1100203A983
:10EBE00001A8FFF7ABFF04460028F0D1DDF80C8048
:10EBF00001461022404603F04FFC2FB13246394601
:10EC000008F1100003F014FDC6F30B06A8F800602D
:10EC1000A8F80290CFE7DDE900321A600E4A5D7174
:10EC2000525D1A7110229A71D860F3F776F9029941
:10EC300006460A484C7200EB8510FFF791FF084A20
:10EC4000012303FA05F0136803431360FFF7EEFE98
:10EC50003046F3F768F9BAE77A6021080C40000003
:10EC60009C47000038B504460D46F3F756F9236873
:10EC700073B9636833B10D4B0D4A0E4840F6FE116F
:10EC800002F052FC2B601B24F3F74DF9204638BDEF
:10EC90002B60626893421CBF1B6823604FF0000228
:10ECA00008BFC4E900220024EEE700BFD65E2108B9
:10ECB0000F602108495F21082DE9F04F85B0984683
:10ECC0000F9B04460D461646002B44D0F3F716FB67
:10ECD000DFF890A0DFF890B0814600200E9B022262
:10ECE0001B1A31462846F3F735FCC31C012B34D9D7
:10ECF000CDE900041A4A40F2064351465846F5F75A
:10ED00004BF9276803973FB17B7A434504D0012034
:10ED1000F3F784FB0028F4D04846FFF77BFE002F72
:10ED2000DCD07B7A4345D9D103A92046FFF79AFF6F
:10ED30000F9A039B1360F3F7F0F8236807461BB99B
:10ED400031462846F3F7D8FB3846F3F7ECF80020B5
:10ED500005B0BDE8F08F2120FAE70720F8E700BFF3
:10ED600050602108495F2108D75F21082DE9F0474D
:10ED700088B01D4600230493ADF80E3081460E4640
:10ED800017464FF47A73182204A905A8DDF84480C9
:10ED9000FFF7D4FE044630B13846FFF741FB20466A
:10EDA00008B0BDE8F087002D71D0B8F1000F70D029
:10EDB0006B0F03F0020343F00103B9F11C0F06D8F7
:10EDC000484A22FA09F2D20748BF43F00803049CDC
:10EDD000454AA371925D109BE360227127606671C2
:10EDE000F3F78CFA002DACBF25F080434FF0FF33D2
:10EDF00023616061F3F791F83C4A3D4C13787B72D4
:10EE0000591C117005998DF80D304B7204EB861763
:10EE100000230B6081463846FFF7A2FE354A0120E9
:10EE20001368B04003431360FFF700FE4846F3F752
:10EE30007AF8002D4FEA861A51D0ACBF25F08045F4
:10EE40004FF0FF3506ABCDE900532B499DF80D304F
:10EE5000096805360AF1080001222044B240FFF794
:10EE60002BFF0728044616D1244A07AB0DF10D01EC
:10EE70003846FFF719FE0246002890D10146079850
:10EE8000FFF7C2FA0068FFF7CBFA079885E72B4631
:10EE900093E7012391E7002881D1069E01460DF1F9
:10EEA0000E023046FFF7B0FA0589B8F1000F0FD017
:10EEB0000368C8F800303046FFF7B2FA0DB145F4E8
:10EEC00080340F4B224619780020F3F74FF866E79D
:10EED00083799B07EFD50068FFF7A2FAEBE70524DB
:10EEE0005DE700BF000021107A602108604100004A
:10EEF0000C4000009C4700005441000031FB2008FA
:10EF0000090300002DE9FF411C46064688461746C6
:10EF10004FF47A7304F1100203A902A8FFF70EFE62
:10EF200008BB039D01461022284603F0B5FA2FB115
:10EF30002246394605F1100003F07AFB102E08BF77
:10EF40006B696E8004BF43F480336B61C4F30B04C0
:10EF50000C9B2C8001930B9B0093029A0A9B4146C9
:10EF60003046FFF703FF04B0BDE8F08170B4042918
:10EF7000DDE90345059E05D8CDE90456039470BC30
:10EF8000FFF7C0BF272070BC7047000070B588B085
:10EF900005468DF817100021079158B3174B1B78C1
:10EFA00053B307ABCDE90113154B00930DF11702D5
:10EFB0000123A020FFF7A6FF079E044650B9024692
:10EFC00001463046FFF720FA028842B93046FFF783
:10EFD00027FA01E0002EF9D1204608B070BD9DF857
:10EFE00017300BB1012BF1D100F11001284603F0CD
:10EFF0001FFBEBE72224EFE71124EDE78E4700002B
:10F00000983A004030B5092899B00C46154643D8C7
:10F01000012101FA00F240F2851313402AD112F4C3
:10F02000107F39D0092810D1CDE90133ADF8123065
:10F0300040F6B833009304AA04231D208DF8101065
:10F040008DF81150FFF75EFF38BB5022002104A855
:10F0500003F022FA01238DF81030072D00F26781AA
:10F06000DFE815F01D001D006B00B5006501DE0036
:10F07000090142010023CDE90133ADF8123040F619
:10F08000B83300938DF810108DF81150042304AAA2
:10F090001D20FFF737FF00B9002019B030BDA54D86
:10F0A000A4B9452221460DF11B0003F0F5F92B8888
:10F0B000ADF81130AB788DF81330012305938DF83E
:10F0C00018300B238DF819301B234CE03922002116
:10F0D0000DF1270003F0E0F92B88ADF81130242260
:10F0E0001021AB788DF818208DF81A1004223421E5
:10F0F0008DF813308DF8192005238DF81B108DF82D
:10F100001C206421172205938DF81D208DF81E10F8
:10F110008DF81F3084218DF820208DF821108DF876
:10F120002320032195228DF825308DF822108DF8AB
:10F1300024201D238DF8263017E07F4D04BB452287
:10F1400021460DF11B0003F0A7F92B88ADF8113013
:10F15000AB788DF81330012305938DF818300D230B
:10F160008DF8193014238DF81A300023CDE90133BE
:10F1700040F6B833009304AA50230121BD2088E74C
:10F180004022002108A803F087F92B88ADF8113040
:10F19000AB788DF8133003230593042224238DF8D4
:10F1A00018308DF8192017238DF81A308DF81D307E
:10F1B00064238DF81E300B2334218DF81F301E235D
:10F1C0008DF81B108DF81C208DF82030CDE75B4D9D
:10F1D0008CB9452221460DF11B0003F05DF92B8807
:10F1E000ADF81130AB788DF81330012305938DF80D
:10F1F00018300E23B4E74022002108A803F04CF990
:10F200002B88ADF81130AB788DF8133003230593BC
:10F21000042224238DF818308DF819201423C3E715
:10F22000474DA4B9452221460DF11B0003F034F9E6
:10F230002B88ADF81130AB788DF81330012305938E
:10F240008DF818300D238DF8193017238BE72B8894
:10F25000ADF81130AB788DF813303A4B3A490422AF
:10F26000CDE90523394B3C22CDE9071309A800213C
:10F2700003F012F979E7364D8CB9452221460DF19C
:10F280001B0003F009F92B88ADF81130AB788DF82D
:10F290001330012305938DF818300D2312E739221E
:10F2A00000210DF1270003F0F7F82B88ADF811309D
:10F2B0001022AB788DF813308DF81A2024233422D5
:10F2C00005218DF818308DF81B20042317226420A7
:10F2D00005918DF819308DF81C308DF81D208DF8B2
:10F2E0001E008DF81F1015E71A4D4522002C3FF423
:10F2F00027AF00210DF11B0003F0CEF82B88ADF8ED
:10F300001130AB788DF813300223059324238DF848
:10F31000183009238DF8193014238DF81A309523ED
:10F320008DF8243005238DF82530212302E70F20A6
:10F33000B3E600BFF75F2108FB5F2108FF5F2108EC
:10F3400003602108240417340414640B1495051772
:10F35000076021080B6021087FB503284FF00003E8
:10F360000A46059312D8012101FA00F0CDE90133D4
:10F3700047F294530490ADF81420009304AA082394
:10F38000EA20FFF7BFFD07B05DF804FB2120FAE794
:10F3900030B5002387B0CDE9013340F6B833009390
:10F3A0000123044600F1080219461120FFF7AAFDC7
:10F3B00070B9A389062B0DD1002340F6B832009214
:10F3C000CDE901331A4601211220FFF79BFD50B30E
:10F3D00007B030BD214D29884FF6FF7399421CD1EB
:10F3E00069884FF6FF73994204D00020FFF7B4FFFD
:10F3F0000028EDD1A9884FF6FF73994204D002206E
:10F40000FFF7AAFF0028E3D1E9880029D4D0032020
:10F41000FFF7A2FF0028CFD0DAE70120FFF79CFF1B
:10F420000028DDD0D4E7627A082A0FD10C4B186887
:10F4300005900023CDE9013340F6B833009305AAC7
:10F4400004230121BE20FFF75DFDC1E7217AA089D9
:10F45000FFF7D8FD0028E9D0BAE700BF0E0300008F
:10F460008C6021082DE9F0438BB00023CDE90433F3
:10F470000693C38990F80080012B054600F01181A6
:10F480008289007A8C4F8D4E062A14BF01230223F5
:10F4900001280CBF43F0080343F004033B70884B82
:10F4A000196033786BB1874B1B88092B40F0FB80C8
:10F4B000092A00F0DF804FF4366420460BB0BDE827
:10F4C000F083814840F2DC51FEF752FE40F2DC53FB
:10F4D000984200F2EA806A697C4B1340002B40F0AE
:10F4E000E6807B48FEF754FF04460028E5D1794BBF
:10F4F0000493794B059304A82B788DF81830FEF708
:10F5000034FF04460028D8D1FFF712FA0446002839
:10F51000D3D1FFF7AFFA04460028CED1FDF734FA75
:10F5200004460028C9D1DFF8C89199F80030002BB3
:10F5300000F0A2804046FDF7BBF904460028BCD18C
:10F54000002389F80030FEF77FFF04460028B4D17D
:10F55000FEF712FFFFF714F950B141F28831202075
:10F56000FFF778FA830640F1A4802046FFF702F9FE
:10F57000002140F6B8330093CDE90111282305F1AD
:10F580000C021020FFF7BEFC0446002895D1534B17
:10F590002A691A60EB890C3B9BB2012B01D8FEF75C
:10F5A0001BF80023CDE9013347F29453009305F192
:10F5B000340203230121C720FFF7A4FC04460028DE
:10F5C0007FF47BAF464B93E80700EB8907AC84E8F8
:10F5D000070033B9AB69434A1A421CBF01238DF8B7
:10F5E0001C30AB89082B4CD100230993002142F237
:10F5F000107300932246CDE901110C23C820FFF7B8
:10F6000081FC044600287FF458AFE88C80F00100AC
:10F6100000F00100FFF7A8F86968002935D1EB89EF
:10F620000C2B06D02846FFF7B3FE044600287FF4D3
:10F6300044AFAB692C4A002B03DAEB6903F0C043FB
:10F640001360106808B1FDF77DF901231D4A33707E
:10F65000AB89138023F0020212B1083B012B04D8BE
:10F660002B7ACBB9214B01221A70E889FFF78EF86B
:10F67000FDF7C4F8002420E7FDF7A2FAFDF792F9A0
:10F6800061E7072BB2D13323AFE7387801F04EF8AA
:10F6900004460028C3D010E7012B04BF134A93701F
:10F6A000E3E70F2409E7122407E7012405E70E2406
:10F6B00003E7592401E700BF8F4700008E47000091
:10F6C000904700000C030000614100002800020088
:10F6D0008060210865F3200869F320088047000056
:10F6E0009060210810000001844700008947000055
:10F6F0000A030000042913B50CD833B10023CDE967
:10F700000033FFF733FB02B010BD02B0BDE810407C
:10F71000FFF744BA2720F6E770B51F4A86B0127883
:10F72000002304460593002A33D018B92225284621
:10F7300006B070BD05AACDE90132184A0092012138
:10F740001A46E020FFF7DEFB059E0546D8B90246C3
:10F7500001463046FEF758FE0028E7D00288A2B1E5
:10F76000027C2270427C6270827CA270C27CE27059
:10F77000027D2271427D6271827DA271C27D037E13
:10F780001343238101E0002ED1D03046FEF748FE1E
:10F79000CDE71125CBE700BF8E470000E80300400E
:10F7A000024B01461868F2F76FBE00BF50410000DF
:10F7B000F7B51D46002304460F4616460193ADF8E3
:10F7C000023018224FF47A73012101A8FEF7ECFDF4
:10F7D00030B10F4A0F491048B123F4F7DDFB00BEEA
:10F7E000019838600DF102020021FEF70DFE68B1AC
:10F7F000019B5E72089BC360BDF824300381042323
:10F80000857103712060002003B0F0BD0E20FBE77E
:10F81000466221089C602108295D2108F0B5002579
:10F8200087B0174606462A46084629460395FEF73E
:10F83000EBFDCDE9005704462B462A4603A904A850
:10F84000FFF7B6FF70B92288059010324FF47A7333
:10F85000012105A8FEF7A8FD039D024620B1284618
:10F86000FEF7DEFD07B0F0BD01460598FEF7CCFDC2
:10F87000DDE904321A602288DE601032214602F08F
:10F88000D7FE29460348FFF7D9F80420FFF788FF81
:10F89000E8E700BF9C400000002070472DE9F743D7
:10F8A000002301933F48362100684FF0FF330022C8
:10F8B000F2F750FE8107054605D5DFF8F480404693
:10F8C000FFF7C3F840BB6A0705D5374F3846FFF747
:10F8D000BCF800284CD1EB06E4D5344E3046FFF797
:10F8E000B4F80028DED0314801A9FFF7ACF804468F
:10F8F0000028F3D1024601460198FEF785FD054632
:10F90000224621460068FEF77FFD2868FEF788FD45
:10F910000198FEF785FDE1E701A94046FFF793F85E
:10F9200002460028CBD10146DFF888900198FEF707
:10F930006BFDD9F8003081890446ABB18078FEF7C1
:10F940002BFF6388AF2B07460E4602D12046FEF7F9
:10F9500093FD002E08BFB7F1FF3F019A04D0D9F8FC
:10F9600000303846314698470198FEF759FDA6E722
:10F9700001A93846FFF767F804460028A6D10246D9
:10F9800001460198FEF740FD0646224621460068E2
:10F99000FEF73AFD3068FEF743FD0198FEF740FDA3
:10F9A00094E700BF504100009C4000001C41000053
:10F9B0005C4000009047000007B568B9ADF806004C
:10F9C0000DF10600FCF7B0FEBDF80630DB0707D5E9
:10F9D0004FF48070FDF7EEF8002003B05DF804FBF3
:10F9E0000120FAE72DE9F04F3C229FB00025974C0B
:10F9F0000C9529460DEB0200ADF82A50944F02F009
:10FA00004BFD012384F8203084F8603084F8A03066
:10FA100084F8E03084F82031AB468E4B1A688E4B68
:10FA20001B68934305F4806103D18C4B1B68002B4A
:10FA300064D000296BD1BDF82A3013F0010F18BF34
:10FA40000A218748FFF706F80543680540F16385FA
:10FA50000DA8FCF7E9FF002840F05D853B780BB16D
:10FA6000FCF77AFE7F4B1B680BB925F480650D9877
:10FA70000AAA0021FEF7C8FC468890F801A0B0F859
:10FA80000C80B02E81464FEA1A1A01D04D2E02D1B9
:10FA90000020FEF7FDFFB9F80030734A734974483F
:10FAA00023F47043CDE90283CDE900A640F2D513DB
:10FAB000F4F772FABAF1040F2DD0BAF1050F00F085
:10FAC0000685BAF1020F3DD1674A684969484FF48B
:10FAD000AA63F4F761FAD4F8E8300133C4F8E830E7
:10FAE000B4F8E230B34208BF0023484604BF84F8AC
:10FAF000E130A4F8E230FDF717FD23E049B9BDF885
:10FB00002A3013F0010F08BF4FF0FF3197E70021B3
:10FB100097E7194695E799F80130B12E03F00F03E6
:10FB200089F8013000F22282882E35D84A2E00F260
:10FB30008D812D2E00F2A4801C2E00F219810B2E37
:10FB400000F206810D98FEF76BFCE9E2A6F1C9020E
:10FB500092B201239340484A1A40002A40F07E8323
:10FB6000464A1A40002A40F09980CD2EEAD1FCF78F
:10FB7000F3FDA36A0D980133A362638CB34201BF06
:10FB80000023C4E90D3384F821306384FEF748FC78
:10FB90002020FEF74BFFC3E2A6F18903282BD1D822
:10FBA00001A252F823F000BF730B2108450B210876
:10FBB0003512210835122108351221083512210885
:10FBC000450B2108450B2108450B2108771021081A
:10FBD000450B2108450B2108450B2108450B210841
:10FBE000450B2108450B210835122108450B21083A
:10FBF000450B2108450B2108450B2108450B210821
:10FC0000450B2108771021089D0C21083512210889
:10FC1000450B2108450B210835122108450B210809
:10FC2000450B2108450B2108450B21089D0C210897
:10FC30007F142108450B2108450B210835122108A6
:10FC400035122108771021089D0C21080C40000076
:10FC5000FE3F0000944700009C47000098470000CA
:10FC60001F7C2000C43F0000356221089C602108F1
:10FC7000386121088D612108430088000C000400D0
:10FC8000A6F12E0292B201239340AD4A1A40002AF7
:10FC900040F0E48213F4900F3FF454AFD4F8A8304E
:10FCA0000133C4F8A83018224FF47A7301210BA84D
:10FCB000FEF77AFB38B1A34AA349A44840F2763351
:10FCC000F4F76AF900BE0DF126020B980021FEF749
:10FCD0009BFB4FF401728280B4F8A220A0F8088048
:10FCE000B2420346DDF82CC00D9805D0A12E40F09D
:10FCF0003183902A40F02E83D4F8BC10D96094F858
:10FD0000B210997194F8B0108CF80910F02E41726D
:10FD1000186000F02383CB2E40F023834BF6F131A3
:10FD2000884540F01E83CB2A40F08283002384F86C
:10FD3000A130A4F8A23094F8B230002B40F04383F5
:10FD40000B998348FEF77AFE0420FFF729FDE7E1CF
:10FD5000804A0123B340134240F0AC827E4A1342F2
:10FD600040F03D827D4A1A40002A3FF4EBAE82E12A
:10FD7000262E00F0808165D81D2E00F06882242E8A
:10FD80007FF4E0AEA36E0133A366B4F86230242B97
:10FD900002D1002384F8613094F87230DB0740F11F
:10FDA000BB82B4F86230B34240F0B6824FF47A734B
:10FDB000182201210BA8FEF7F7FA38B1614A62490F
:10FDC00062484FF42A73F4F7E7F800BE0B980DF180
:10FDD00026020021FEF718FB94F8723013F002039C
:10FDE000814600F088820D9B03604FF48273A9F86E
:10FDF0000430E36FA9F80880C9F80C3094F8723029
:10FE000089F806300B9A94F8703053720D9A537239
:10FE1000606FFEF7FFFDA36F984200F271820B99AD
:10FE20004F48FEF70BFE4020FEF700FE0023C4E91A
:10FE30001D33B4F86230B34240F072810023A4F85D
:10FE400062306DE1292E3FF429AF7BE66A2E63D83C
:10FE50004B2E3FF477AEA6F14C0292B201239340B1
:10FE6000404A134240F0FA81552E3FF417AF6A2EF4
:10FE70007FF468AEA36E0133A36694F87230D9079D
:10FE800040F15682B4F862306A2B40F051824FF450
:10FE90007A73182201210BA8FEF786FA38B1294A95
:10FEA00029492A4840F2EA23F4F776F800BE0DF11A
:10FEB000260200210B98FEF7A7FA4FF48273838085
:10FEC000E36FA0F80880C36094F8723083710D9AD4
:10FED00094F8703053720B9A537200230360606F72
:10FEE000FEF798FDA36F984200F21E820B991C4802
:10FEF000FEF7A4FD4020FEF799FD00230D98C4E90C
:10FF00001D33FEF78DFAB4F862306A2B40F0088199
:10FF1000002384F8613092E7A6F16D039BB2142BA5
:10FF20003FF610AE104901229A400A4240F09681F5
:10FF3000012B3FF4B3AE092B7FF404AE9BE000BF6E
:10FF40000393061A356221089C602108295D210867
:10FF50009C40000000009E030000211000100008DB
:10FF600054400000070080127DE01000E02E6BD8A6
:10FF7000C82E3FF6EBADA6F1BA039BB20E2B3FF6AF
:10FF8000E1AD01229A4042F208310A4240F0668116
:10FF900044F201010A426ED1042B7FF4D3ADA36E6B
:10FFA00094F872200133D207A366B4F8623040D5CA
:10FFB000BE2B7FF4C7AD4FF47A73182201210BA832
:10FFC000FEF7F2F938B1AF4AAF49B04840F22133F9
:10FFD000F3F7E2FF00BE0DF1260200210B98FEF7B9
:10FFE00013FA4FF482738380B8F1640FE36FC36038
:10FFF00008BF4FF00008A0F8088094F872308371B1
:020000040001F9
:100000000D9A94F8703053720B9A53720023036068
:10001000606FFEF7FFFCA36F984200F297810B9987
:100020009B48FEF70BFD4020FEF700FD0023C4E9CE
:100030001D33B4F86230BE2B7FF484AD002384F806
:100040006130A4F862307DE5A6F1E40292B21B2A89
:100050003FF678AD012393408E4A1A40002A40F0C3
:10006000FD8041F6010213427FF418AE44F22002F3
:1000700013423FF467ADA36A0133A36294F83230B0
:10008000D90740F1D380638CB34240F0CF804FF466
:100090007A73182201210BA8FEF786F938B1794A44
:1000A00079497A4840F21623F3F776FF00BE0B98A1
:1000B0000DF126020021FEF7A7F994F8323013F073
:1000C0000203814600F0A1800D9B03600423A9F880
:1000D0000430E36BA9F80880C9F80C3094F832308A
:1000E00089F806300D9A94F8303053720B9A537297
:1000F000606BFEF78FFCA36B984200F28B80664822
:100100000B99FEF72DFD2020FEF790FC0023C4E99B
:100110000D33638CB34203D1002384F82130638410
:10012000FCF79AFCEE0617D05C4E4FF0000A012354
:1001300003FA0AF32B4208D096F82120002A00F097
:10014000FD8157490A6813430B600AF1010ABAF1AD
:10015000050F06F14006EAD1A80440F1A5820DF191
:100160002A00FCF7E1FABDF82A30D90700F1B38282
:100170003B78002B40F089824A480EA9FEF763FCC9
:100180000246002840F0A18201460E98FEF73CF995
:1001900043780688014643F05003437032461031DD
:1001A000FCF748FC38B1404A3749404840F25B63AD
:1001B000F3F7F2FE00BE05230022CDE900323249FA
:1001C000394A3B48029640F25F63F3F7E5FE3B781D
:1001D0000BB1FCF7C1FA0E98FEF722F95AE2638CD4
:1001E000B3427FF448AF152E08D1B8F1000F05D106
:1001F0000FA8FEF79BFA9DF83C303B703B780BB1A3
:10020000FCF7AAFA4FF0000B35E703600D98FEF7F4
:1002100007F95BE70B98FEF703F994F832309A0779
:100220007FF574AF0D98FEF7FBF86FE70D98FEF7BA
:10023000F7F86EE7A36E0133A366B4F86230B342F9
:1002400002D1002384F86130AE2E15D0A4E5A36E50
:100250000133A366B4F862301D2B99E5A36E013318
:10026000A366B4F86230B34202D1002384F861304F
:10027000192E31D0C32EE7D10D99E06F4246FFF71A
:10028000CDFA89E5356221089C602108295D2108A5
:100290005440000040A00108144000000C40000041
:1002A000944700000440000010622108AD6121085D
:1002B000CE612108A36E0133A366B4F86230B34265
:1002C00004BF002284F86120142ED1D1142B0DD04C
:1002D000B8F1000F3FF460AD0D99E06F4246FFF7B3
:1002E0009DFAFEF739FA00233B7055E5B8F1000F8F
:1002F0003FF452ADF5E703600D98FEF791F874E511
:100300000B98FEF78DF894F8723098077FF58EAD54
:100310000D98FEF785F889E50D998048FEF78EFB6C
:100320000220FFF73DFA84E50B98FEF779F8E4E543
:10033000B8F1000F02D17A4B01221A700D9977485B
:10034000FEF77CFB0220FFF72BFADCE50B98FEF7AB
:1003500067F86BE60021D9609971D5E4CB2A3FF4A8
:10036000E5AC94F8B21011F0010F61D0B24203D0A5
:10037000902A5DD1A12E5BD111F0020102D119604A
:10038000FEF74EF8D4F8B400FEF744FBD4F8B830CA
:10039000984242D80B996348FEF750FB8020FEF745
:1003A00045FB0023C4E92D33B4F8A230B34247D053
:1003B000A12E5BD1902B7FF4B3AE002384F8A13043
:1003C000A4F8A230ACE64FF47A73182201210CA8ED
:1003D000FDF7EAFF38B1544A544955484FF46A735F
:1003E000F3F7DAFD00BE002211460C98FEF70CF878
:1003F00000264FF6F6730381066094F8B2308371DD
:100400000C99B4F8B0304B724648FEF717FB8020C9
:10041000FEF70CFBC4E92D6682E60B98FEF700F8A8
:1004200094F8B2309B07BCD50D98FDF7F9FFB8E7FB
:100430000B994048FEF702FB0420FFF7B1F9B3E740
:100440000023412E84F8A130A4F8A23014D1B8F1D1
:10045000000F3FF465AEFEF77FF900230D99D4F845
:10046000BC003B704246FFF7D9F969E4412E03D145
:10047000412B3FF455AEEAE7AA2EECD050E64FF4FC
:100480007A73182201210BA8FDF78EFF38B1264A96
:100490002649274840F27F43F3F77EFD00BE0DF169
:1004A000260200210B98FDF7AFFF40F20441818046
:1004B0000D9A0B99A0F8088000230260C360837135
:1004C00053721D484B72FEF7B9FA10203DE499F8BB
:1004D000013003F00F0389F801302EB90D99012086
:1004E000FFF7DAF9FFF72EBB012EF7D0032E7FF4CA
:1004F00017AEA36E0D9909480133A366B4F86230B4
:10050000032B02BF0023C4E91D3384F86130FEF7DA
:1005100095FA022019E425F4806503E65C400000AA
:100520008847000094400000356221089C60210843
:10053000295D21089C4000001C4100006849DA4305
:1005400005920A68584622EA03030B60FFF734FA63
:10055000069000283FF400AE3B78002B7ED10EA918
:100560003046FEF770FA8146002840F08880024647
:1005700001460E98FDF748FF494680464A46006806
:10058000FDF742FF038898F804100793437843EA85
:10059000011343704388814623B398F806200698D8
:1005A00012F0080F18BF8346D00614D4012086F835
:1005B0002100D8F80000407A86F83220D8F81020C0
:1005C000B263D8F814207263D8F80C20308686F80D
:1005D00024107384F263B02B01D04D2B02D1012083
:1005E000FEF756FA079A09F110014846FCF722FA7D
:1005F00099F802301C2B024603D10690FCF754FAFE
:10060000069A3AB1374A3849384840F22363F3F73B
:10061000C3FC00BE079B0293B9F80230019398F81F
:10062000043000932F4A3049314840F22763F3F7F2
:10063000B3FC3B780BB1FCF78FF8BAF1030F02D192
:100640004846FCF779FCD8F80000FDF7E9FE0E9863
:10065000FDF7E6FEF36A0133F36204E0FCF76CF8A1
:1006600000283FF47CAF3368002B7FF46EAD059B10
:10067000204A05991D4013680B40136065E53B78DF
:10068000002BF0D0FCF768F8EDE7FCF755F80028F0
:100690003FF472AD184B1B6833B9184A136823F442
:1006A000005325F400551360AB027FF5B6A9144B37
:1006B0004FF48001186825F40015F1F7E5FEF1F715
:1006C00085FEF1F785FEFFF7A8B93B78002BE1D056
:1006D000FCF742F8DEE74FF48070FCF76BFAE3E7D3
:1006E00094470000256221089C602108AD61210823
:1006F000CE6121089C47000004400000984700009C
:100700005441000013B51146FEF7ACFE044650B943
:10071000012101A8FEF73AFCBDF804301BB9F9F736
:10072000BDFEF9F7B3FE204602B010BD1FB50A4664
:1007300069B10023CDE9013340F6B83300930121BC
:1007400006231720FEF712FC05B05DF804FB2220FB
:10075000FAE7FEF7E1BF0000294A70B5002320F454
:100760008024994208BF944243D020F4003402F51B
:100770004032994208BF94423BD0224D20F480324F
:10078000994208BFAA4234D005F50035994208BF06
:10079000A8422ED005F54035994208BFA84228D07E
:1007A00020F4403605F58035994208BFAE4220D08E
:1007B00005F58025994208BFA8421AD0124D9942EA
:1007C00008BFAC4217D0114C994208BFA04212D0CA
:1007D000A2F104120A430ED00D4A994208BF90427A
:1007E00005D002F58032994208BF904205D10B2016
:1007F00000E0092070BD0420FCE74FF0FF30F9E76E
:100800000900010009000A000400010004000200C0
:100810000B0001002DE9F0430C288BB005460E4675
:100820001446074603DDC117FFF796FF0746DFF8BA
:10083000188158F8370038B3002220461146FDF7DA
:10084000E3FDB5F1004F76F1000304462DD3B0F877
:100850000C90B9F1000F01D049F48039374B4A466A
:1008600019780020F1F782FB6388CDF81490142BDF
:100870000DD008EBC70305AA5B68009358F8374012
:10088000002328463146A0470BB0BDE8F083002383
:1008900040F6B8320092CDE901331A460121122008
:1008A000FEF764FB0028E4D0EEE7254B58F83790BC
:1008B000002208EBC708964208BF9D42D8F80410F2
:1008C00010D1C37B07920593037C0693037D8DF8BB
:1008D0001C3083691A4808930091134605AA002129
:1008E000C847D1E703881748964208BF85421CD104
:1008F000CDE905222279E069C3F30B039B1A089323
:1009000004F110031344228A8DF81820628A07929A
:10091000C202099304D41B79DB075CBF0323059350
:1009200008480091002305AAD9E7009123B104F1FA
:10093000100228463146D3E71A46FAE709030000B9
:100940000B0002000B000100A047000081F00041F5
:1009500002E000BF83F0004330B54FEA41044FEAA4
:10096000430594EA050F08BF90EA020F1FBF54EA3F
:10097000000C55EA020C7FEA645C7FEA655C00F0DB
:10098000E2804FEA5454D4EB5555B8BF6D420CDDAC
:100990002C4480EA020281EA030382EA000083EA2F
:1009A000010180EA020281EA0303362D88BF30BDCF
:1009B00011F0004F4FEA01314FF4801C4CEA113125
:1009C00002D0404261EB410113F0004F4FEA033384
:1009D0004CEA133302D0524263EB430394EA050F0F
:1009E00000F0A780A4F10104D5F1200E0DDB02FA7E
:1009F0000EFC22FA05F2801841F1000103FA0EF212
:100A0000801843FA05F359410EE0A5F120050EF1D7
:100A1000200E012A03FA0EFC28BF4CF0020C43FA08
:100A200005F3C01851EBE37101F0004507D54FF015
:100A3000000EDCF1000C7EEB00006EEB0101B1F565
:100A4000801F1BD3B1F5001F0CD349085FEA3000AB
:100A50004FEA3C0C04F101044FEA445212F5800FB6
:100A600080F09A80BCF1004F08BF5FEA500C50F153
:100A7000000041EB045141EA050130BD5FEA4C0C36
:100A8000404141EB0101013C28BFB1F5801FE9D293
:100A900091F0000F04BF01460020B1FA81F308BFB6
:100AA0002033A3F10B03B3F120020CDA0C3208DD82
:100AB00002F1140CC2F10C0201FA0CF021FA02F15D
:100AC0000CE002F11402D8BFC2F1200C01FA02F1CD
:100AD00020FA0CFCDCBF41EA0C019040E41AA2BFF2
:100AE00001EB0451294330BD6FEA04041F3C1CDABA
:100AF0000C340EDC04F11404C4F1200220FA04F0DA
:100B000001FA02F340EA030021FA04F345EA030183
:100B100030BDC4F10C04C4F1200220FA02F001FA45
:100B200004F340EA0300294630BD21FA04F02946C7
:100B300030BD94F0000F83F4801306BF81F4801160
:100B40000134013D4EE77FEA645C18BF7FEA655CD3
:100B500029D094EA050F08BF90EA020F05D054EAA5
:100B6000000C04BF1946104630BD91EA030F1EBFAA
:100B70000021002030BD5FEA545C05D140004941AE
:100B800028BF41F0004130BD14F580043CBF01F5A1
:100B9000801130BD01F0004545F0FE4141F4700187
:100BA0004FF0000030BD7FEA645C1ABF1946104662
:100BB0007FEA655C1CBF0B46024650EA013406BF63
:100BC00052EA033591EA030F41F4002130BD00BF22
:100BD00090F0000F04BF0021704730B54FF48064DF
:100BE00004F132044FF000054FF0000150E700BF60
:100BF00090F0000F04BF0021704730B54FF48064BF
:100C000004F1320410F0004548BF40424FF00001AB
:100C10003EE700BF42004FEAE2014FEA31014FEAEE
:100C200002701FBF12F07F4393F07F4F81F060513D
:100C3000704732F07F4208BF704793F07F4F04BF88
:100C400041F40021704730B54FF4607401F0004565
:100C500021F000411CE700BF50EA010208BF7047C5
:100C600030B54FF000050AE050EA010208BF7047B6
:100C700030B511F0004502D5404261EB41014FF41F
:100C8000806404F132045FEA915C3FF4D8AE4FF027
:100C900003025FEADC0C18BF03325FEADC0C18BF0A
:100CA000033202EBDC02C2F1200300FA03FC20FA5B
:100CB00002F001FA03FE40EA0E0021FA02F11444A8
:100CC000BDE600BF70B54FF0FF0C4CF4E06C1CEAC1
:100CD00011541DBF1CEA135594EA0C0F95EA0C0F32
:100CE00000F0DEF82C4481EA030621EA4C5123EAA5
:100CF0004C5350EA013518BF52EA033541F48011D4
:100D000043F4801338D0A0FB02CE4FF00005E1FB86
:100D100002E506F00042E0FB03E54FF00006E1FBD0
:100D200003569CF0000F18BF4EF0010EA4F1FF0413
:100D3000B6F5007F64F5407404D25FEA4E0E6D4153
:100D400046EB060642EAC62141EA55514FEAC52064
:100D500040EA5E504FEACE2EB4F1FD0C88BFBCF5E0
:100D6000E06F1ED8BEF1004F08BF5FEA500E50F191
:100D7000000041EB045170BD06F0004646EA010157
:100D800040EA020081EA0301B4EB5C04C2BFD4EB89
:100D90000C0541EA045170BD41F480114FF0000E82
:100DA000013C00F3AB8014F1360FDEBF002001F0F0
:100DB000004170BDC4F10004203C35DA0C341BDC6A
:100DC00004F11404C4F1200500FA05F320FA04F03C
:100DD00001FA05F240EA020001F0004221F0004170
:100DE00010EBD37021FA04F642EB06015EEA430EE3
:100DF00008BF20EAD37070BDC4F10C04C4F1200513
:100E000000FA04F320FA05F001FA04F240EA0200C5
:100E100001F0004110EBD37041F100015EEA430E96
:100E200008BF20EAD37070BDC4F1200500FA05F2B6
:100E30004EEA020E20FA04F301FA05F243EA020335
:100E400021FA04F001F0004121FA04F220EA020044
:100E500000EBD3705EEA430E08BF20EAD37070BD8A
:100E600094F0000F0FD101F00046400041EB01016A
:100E700011F4801F08BF013CF7D041EA060195F04C
:100E8000000F18BF704703F00046520043EB030306
:100E900013F4801F08BF013DF7D043EA06037047F3
:100EA00094EA0C0F0CEA135518BF95EA0C0F0CD0FE
:100EB00050EA410618BF52EA4306D1D181EA030144
:100EC00001F000414FF0000070BD50EA410606BF3E
:100ED0001046194652EA430619D094EA0C0F02D183
:100EE00050EA013613D195EA0C0F05D152EA0336C8
:100EF0001CBF104619460AD181EA030101F00041E6
:100F000041F0FE4141F470014FF0000070BD41F02E
:100F1000FE4141F4780170BD70B54FF0FF0C4CF408
:100F2000E06C1CEA11541DBF1CEA135594EA0C0F27
:100F300095EA0C0F00F0A7F8A4EB050481EA030E74
:100F400052EA03354FEA013100F088804FEA03335B
:100F50004FF0805545EA131343EA12634FEA022229
:100F600045EA111545EA10654FEA00260EF00041EA
:100F70009D4208BF964244F1FD0404F5407402D23C
:100F80005B084FEA3202B61A65EB03055B084FEACD
:100F900032024FF480104FF4002CB6EB020E75EBCA
:100FA000030E22BFB61A754640EA0C005B084FEAF2
:100FB0003202B6EB020E75EB030E22BFB61A75466F
:100FC00040EA5C005B084FEA3202B6EB020E75EBBA
:100FD000030E22BFB61A754640EA9C005B084FEA32
:100FE0003202B6EB020E75EB030E22BFB61A75463F
:100FF00040EADC0055EA060E18D04FEA051545EA2E
:1010000016754FEA06164FEAC30343EA52734FEAD6
:10101000C2025FEA1C1CC0D111F4801F0BD141EA4F
:1010200000014FF000004FF0004CB6E711F4801FB4
:1010300004BF01430020B4F1FD0C88BFBCF5E06F94
:101040003FF6AFAEB5EB030C04BFB6EB020C5FEAA4
:10105000500C50F1000041EB045170BD0EF0004EF9
:101060004EEA113114EB5C04C2BFD4EB0C0541EA2B
:10107000045170BD41F480114FF0000E013C90E628
:1010800045EA060E8DE60CEA135594EA0C0F08BFEC
:1010900095EA0C0F3FF43BAF94EA0C0F0AD150EAEB
:1010A00001347FF434AF95EA0C0F7FF425AF10467E
:1010B00019462CE795EA0C0F06D152EA03353FF4A6
:1010C000FDAE1046194622E750EA410618BF52EA23
:1010D00043067FF4C5AE50EA41047FF40DAF52EAF7
:1010E00043057FF4EBAE12E74FF0FF3C06E000BF94
:1010F0004FF0010C02E000BF4FF0010C4DF804CDA1
:101100004FEA410C7FEA6C5C4FEA430C18BF7FEA60
:101110006C5C1BD001B050EA410C0CBF52EA430C8E
:1011200091EA030F02BF90EA020F0020704710F10E
:10113000000F91EA030F58BF994208BF90422CBF9D
:10114000D8176FEAE37040F0010070474FEA410C96
:101150007FEA6C5C02D150EA013C07D14FEA430CB4
:101160007FEA6C5CD6D152EA033CD3D05DF8040B25
:10117000704700BF8446104662468C461946634657
:1011800000E000BF01B5FFF7B7FF002848BF10F12E
:10119000000F01BD4DF808EDFFF7F4FF0CBF012073
:1011A00000205DF808FB00BF4DF808EDFFF7EAFFEF
:1011B00034BF012000205DF808FB00BF4DF808EDAA
:1011C000FFF7E0FF94BF012000205DF808FB00BF9F
:1011D0004DF808EDFFF7CEFF94BF012000205DF829
:1011E00008FB00BF4DF808EDFFF7C4FF34BF012036
:1011F00000205DF808FB00BF4A0011D212F5001272
:1012000011D20DD56FF47873B3EB62520ED44FEA5E
:10121000C12343F0004343EA505323FA02F07047DE
:101220004FF00000704750EA013002D14FF0FF301C
:1012300070474FF00000704753B94AB9002908BF02
:1012400000281CBF4FF0FF314FF0FF3000F06AB9AB
:10125000ADF1080C6DE904CE00F006F8DDF804E00D
:10126000DDE9022304B070472DE9F047089D0C46E4
:10127000002B4ED194468C458646B2FA82F262D952
:101280004AB1C2F12003914020FA03F30CFA02FCA8
:10129000194300FA02FE4FEA1C471FFA8CF6B1FB15
:1012A000F7F44FEA1E4307FB141143EA014304FB22
:1012B00006F199420AD91CEB030304F1FF3080F0D8
:1012C0001381994240F21081023C6344591A1FFA7B
:1012D0008EF3B1FBF7F007FB101143EA014300FB6B
:1012E00006F69E420AD91CEB030300F1FF3180F0A1
:1012F000FD809E4240F2FA80634402389B1B40EA24
:10130000044000211DB1D3400022C5E90032BDE8F0
:10131000F0878B4205D90DB1C5E9000100210846CF
:10132000F5E7B3FA83F1002946D1A34202D39042F4
:10133000C0F0F180861A64EB03030120002DE6D093
:10134000C5E90063E3E7002A40F09180A1EB0C04BB
:101350004FEA1C481FFA8CF70121B4FBF8F64FEA5C
:101360001E4308FB164443EA044307FB06F0984279
:1013700008D91CEB030306F1FF3402D2984200F2B5
:10138000CE8026461C1A1FFA8EF3B4FBF8F008FB39
:10139000104443EA044300FB07F79F4208D91CEBC3
:1013A000030300F1FF3402D29F4200F2B1802046D5
:1013B000DB1B40EA0640A5E7C1F120068B4022FA7C
:1013C00006F71F4320FA06FC04FA01F343EA0C0374
:1013D000F44000FA01F8380C4FEA1349B4FBF0FE70
:1013E0001FFA87FC00FB1E4449EA04440EFB0CF97B
:1013F000A14502FA01F20AD93C190EF1FF3A80F038
:101400008580A14540F28280AEF1020E3C44A4EBFF
:1014100009041FFA83F9B4FBF0F300FB134449EA13
:10142000044403FB0CFCA44507D93C1903F1FF302D
:1014300068D2A44566D9023B3C4443EA0E40A0FB77
:101440000293A4EB0C049C42CE469C4652D34FD050
:1014500055B1B8EB0E0364EB0C0404FA06F6CB406E
:10146000CC401E43C5E900640021BDE8F087C2F10D
:10147000200320FA03F10CFA02FC24FA03F394404F
:101480000C434FEA1C4800FA02FE1FFA8CF7B3FB2C
:10149000F8F008FB1031230C43EA014300FB07F18D
:1014A000994208D91CEB030300F1FF362CD2994274
:1014B0002AD9023863445B1AA4B2B3FBF8F108FBE3
:1014C000113344EA034401FB07F3A34208D91CEBA0
:1014D000040401F1FF3613D2A34211D90239644446
:1014E000E41A41EA004138E70446EFE6084605E71A
:1014F000C845ADD2B9EB020E63EB070C0138A7E784
:101500003146EDE7034698E73046D4E7D6467EE716
:10151000634402384CE70646234608460EE7023E7F
:1015200063442FE7704700BF1FB514461A46094BA6
:101530001B680546D86854B9074B1C46CDE90134F1
:1015400000912B46054900F017FE01F087F8044B87
:10155000F4E700BF240300005A5D21087B622108E4
:101560006E622108024B0146186800F02DB800BFDA
:1015700024030000024B0146186801F02BBF00BF96
:101580002403000070B50F4E0C463168054611B9B2
:1015900000F0C2FF30602146284600F0BDFF431C2A
:1015A00003D14FF0FF34204670BDC41C24F0030467
:1015B000A042F8D0211A284600F0AEFF0130F2D147
:1015C000EFE700BF004800002DE9F041CD1C25F0F9
:1015D000030508350C2D38BF0C25002D064601DB10
:1015E000A94204D90C2333600020BDE8F081314FBB
:1015F00000F062F83B681C4644BB29463046FFF7C2
:10160000C1FF431C044650D13C682146002941D10A
:10161000002C44D02368304604EB030800F07CFF24
:1016200080453CD121686D1A29463046FFF7AAFF54
:10163000013034D023682B4423603B68002B36D024
:101640005A68A24229D100225A600EE02268521B39
:101650001DD40B2A16D96119A342256018BF596001
:10166000636808BF396062514B60304600F02AF869
:1016700004F10B00231D20F00700C21AB5D01B1A7D
:10168000A350B2E7A3426268DED13A60EDE7234699
:101690006468B1E70C464968B8E71346CEE70C2307
:1016A0003360304600F00EF89EE70560DDE75B60D2
:1016B000FFDE00BF04480000014800F050BF00BF3B
:1016C00048490000014800F04BBF00BF48490000F6
:1016D000164B10B51C68236BB3B91820FFF742FFF7
:1016E0000246206320B9124B12485221FFF71CFF1B
:1016F0001149124BC0E90013114B83600B23838106
:1017000000210120C2E90401216B0E480B694C69DC
:101710000D4A584302FB0400A3FB0232013340EBA5
:101720000200C1E9043020F0004010BD2403000095
:10173000AA622108C16221080E33CDAB34126DE6D6
:10174000ECDE05002DF451582D7F954C2DE9F04F1E
:1017500089B0DDE91598002B1D461446BCBF03F186
:101760000043144628F0200A149AB6BF1D460023F1
:101770002D23BAF1460FDDE9126B137005D0BAF1D3
:10178000450F00D10136022300E0032307AA04928B
:1017900006AACDE90292CDE9003622462B4600F09A
:1017A000EFFFB8F1670F074619D11BF0010F0ED0FC
:1017B00007EB06080022002320462946FFF7EAFC33
:1017C00008B1CDF81C803022079B434521D3079BED
:1017D000179ADB1B3846136009B0BDE8F08FB8F1EB
:1017E000470FE2D0BAF1460F00EB0608E2D10378CA
:1017F000302B0AD10022002320462946FFF7CAFCDD
:1018000018B9C6F10106C9F80060D9F8003098444B
:10181000D0E7591C07911A70D6E7F7B50029BABF6F
:1018200049422D232B2309290270437029DD0DF134
:1018300007031D460A271A46B1FBF7F607FB1614E5
:10184000303402F8014C0C46632C03F1FF3331466F
:10185000F1DC3031941E03F8011C411C2346AB42DD
:101860000AD30DF109039B1AAC4288BF002302334F
:101870000344181A03B0F0BD13F8016B01F8016FAF
:10188000EDE7302330318370C170031DF1E70000B4
:101890002DE9F04F91B00C46DDF8688016461F46E2
:1018A000054600F001FE03680893184600F0CEFEDE
:1018B00000230E93D8F800300990073323F0070374
:1018C00003F1080294F818A0D4F800B0C8F800207A
:1018D000D3E9008929F000430B93CDF82880C4E9AF
:1018E0001289DDE90A019C4B4FF0FF3202F0DCFC6B
:1018F00070BBDDE90A01984B4FF0FF32FFF75EFC49
:1019000030BB0022002340464946FFF74DFC10B192
:101910002D2384F84330914A914BBAF1470F94BF7D
:1019200090469846032323612BF0040323604FF075
:101930000009009733460FAA2146284600F0DEF939
:10194000013040F099804FF0FF3011B0BDE8F08FCA
:1019500042464B464046494602F0A6FC40B14B4643
:10196000002BBCBF2D2384F843307E4A7E4BD4E746
:1019700063685A1C29D1062363604BF480630022FC
:10198000236006920EAACDE904A20DAA03920DF1DE
:101990003302CDE901326368009342464B46284644
:1019A000FFF7D4FEBAF1670F0D99804615D1CB1C15
:1019B0003BDB6368994238DC0E9B994255DB236818
:1019C0002161D80745D54B1C42E00AF0DF02472AC7
:1019D000D3D1002BD1D10123CEE7BAF1470F07D1E4
:1019E000C81C25DB63688B4222DB4FF0670AE3E704
:1019F000BAF1650F1FD80139524604F150000D911C
:101A0000FFF70BFF0E9A1318012A8146236102DCAF
:101A10002268D20701D5013323619DF83330002BB2
:101A200087D02D2384F8433083E74FF0650AE2E73F
:101A30004FF0450ADFE7BAF1660FBDD100296368B0
:101A40000BDD216113B92268D00702D501330B44A5
:101A50002361A1654FF00009DFE713B92268D207BF
:101A600001D50233F4E70123F2E70029D4BFC1F125
:101A7000020201221344EBE723685A0507D42369C5
:101A8000424631462846B84701302BD15BE7BAF1D0
:101A9000650F40F2DC80D4E9120100220023FFF739
:101AA00079FB002833D0314A012331462846B84714
:101AB00001303FF448AFDDE90D38434502DB2368D0
:101AC000D8070FD5DDE9082331462846B84701304D
:101AD0003FF439AF4FF0000908F1FF3804F11A0A5A
:101AE000C84509DC23689B0700F10281E0680F9B71
:101AF0009842B8BF184628E7012352463146284687
:101B0000B84701303FF41FAF09F10109E8E70D9B29
:101B1000002B38DC154A012331462846B8470130EE
:101B20003FF411AFDDE90D3959EA030302D123680F
:101B3000D907D7D5DDE9082331462846B847013013
:101B40003FF401AF4FF0000A04F11A0B0D9B5B420A
:101B500053450DDC4B4693E7FFFFEF7F1B642108E5
:101B60001F64210823642108276421082B642108AD
:101B700001235A4631462846B84701303FF4E3AEC8
:101B80000AF1010AE2E7A36DDDF838A05345A8BFCA
:101B90005346002B994636DC4FF0000B29EAE979D1
:101BA00004F11A02A36D0A93A3EB09035B4531DC30
:101BB0000D9B9A453ADC2368DA0737D40D9BAAEBD4
:101BC00003090A9BAAEB03039945A8BF9946B9F1FB
:101BD000000F33DC4FF0000829EAE97904F11A0B11
:101BE0000D9BAAEB0303A3EB090343457FF77AAFF1
:101BF00001235A4631462846B84701303FF4A3AE88
:101C000008F10108ECE7424631462846B847013062
:101C1000C2D198E60123314628460A92B8470130DE
:101C20003FF491AE0A9A0BF1010BBBE7DDE9082303
:101C300031462846B8470130C0D184E60A9A4B465F
:101C4000424431462846B8470130C3D17BE6DDF82F
:101C500038A0BAF1010F01DCDB0736D5012342467B
:101C600031462846B84701303FF46DAEDDE9082320
:101C700031462846B84701303FF465AED4E9120139
:101C8000002200230AF1FF3AFFF784FAC0B9534655
:101C900008F1010231462846B84701300CD152E61E
:101CA00001235A4631462846B84701303FF44BAE2F
:101CB00008F10108D045F3DB4B4604F15002E0E6A1
:101CC0004FF0000804F11A0BF4E701234246E1E764
:101CD00001234A4631462846B84701303FF433AE27
:101CE00008F10108E3680F995B1A4345F0DCFDE653
:101CF0004FF0000804F11909F4E700BF2DE9F0479F
:101D0000164698468A680B69DDF820909342B8BF62
:101D10001346336091F8432007460C460AB101335D
:101D200033602368990642BF336802333360256805
:101D300015F0060506D104F1190AE36832689B1A0A
:101D4000AB4226DC94F843302268003B18BF0123E5
:101D500092062BD404F1430241463846C84701306D
:101D60001ED02368226903F00603042B02BFE56836
:101D70003368ED1AA3680CBF25EAE5750025934288
:101D8000C4BF9B1AED1800261A34B5421AD10020A0
:101D900008E00123524641463846C847013003D186
:101DA0004FF0FF30BDE8F0870135C6E7E1185A1C57
:101DB000302081F84300224494F8451082F8431003
:101DC0000233C7E70123224641463846C84701305F
:101DD000E6D00136D9E700002DE9FF470F7E0C9EC3
:101DE000782F914680460C469A4601F1430207D867
:101DF000622F0AD8002F00F0DD80582F00F0C3803A
:101E000004F1420684F842703AE0A7F16303152B0F
:101E1000F6D801A151F823F0712E2108852E210852
:101E2000012E2108012E2108012E2108012E210852
:101E3000852E2108012E2108012E2108012E2108BE
:101E4000012E21089B2F2108132F2108532F210831
:101E5000012E2108012E2108BD2F2108012E210865
:101E6000132F2108012E2108012E21085B2F2108A4
:101E700033681A1D1B68326004F1420684F8423050
:101E80000123A8E031682368081D30601E0601D5D3
:101E90000D6803E05D06FBD5B1F900506168002DC7
:101EA00078DA2D20002984F84300A1602DDA5E48FD
:101EB0006D420A231646B5FBF3F103FB1157C75DCC
:101EC00006F8017D2F46BB420D46F4D9082B0BD1F5
:101ED0002368DF0708D5236961689942DEBF302394
:101EE00006F8013C06F1FF36921B2261CDF800A0F6
:101EF0004B4603AA21464046FFF700FF01306FD151
:101F00004FF0FF3004B0BDE8F08723F004032360F6
:101F1000CDE721683368080653F8045B02D449060C
:101F200048BFADB26F2F4048336014BF0A23082367
:101F3000002184F843106668A660002EBADB216891
:101F400021F004012160002DB4D1002EB2D116463B
:101F5000BCE7236843F0200323603448782784F8E3
:101F60004570236831681F0651F8045B02D45F0690
:101F700048BFADB23160D90744BF43F020032360AE
:101F80001DB11023D4E72848E9E7236823F0200394
:101F90002360F6E724480A23CDE7336825686169A2
:101FA000181D30602E061B6801D5196002E0680616
:101FB000FBD5198000232361164697E733681A1D65
:101FC00032601E6862680021304600F0E1FA08B114
:101FD000801B606063682361002384F8433085E7D9
:101FE0002369324649464046D047013088D02368AD
:101FF0009B0714D4E068039B9842B8BF184681E75A
:102000000123324649464046D04701303FF478AF7D
:102010000135E36803995B1AAB42F1DCEAE700257E
:1020200004F11906F5E700BF2D6421083E6421087C
:10203000002310B50446C0E90033C0E904338360CF
:1020400081814366C2818361194608225C3000F0B9
:1020500023FA0D4B63620D4BA3620D4BE3620D4BF4
:1020600023630D4B24629C4206D003F16802944224
:1020700002D0D0339C4205D104F15800BDE8104095
:1020800000F06CBA10BD00BFC9322108EB32210844
:10209000233321084733210808480000024A034936
:1020A000034800F07BB800BF18030000014F21086F
:1020B0002803000041680C4B994210B5044601D03A
:1020C00001F01EFFA168094B994202D0204601F0A1
:1020D00017FFE168064B994204D02046BDE8104046
:1020E00001F00EBF10BD00BF08480000704800009E
:1020F000D848000010B50B4B0B4C0C4A1A60204618
:1021000000220421FFF794FF04F168000122092155
:10211000FFF78EFF04F1D0000222BDE8104012212B
:10212000FFF786BF40490000084800009D302108A5
:10213000014800F014BA00BF49490000014800F00E
:102140000FBA00BF4949000010B50446FFF7F0FF81
:10215000236A1BB1BDE81040FFF7F0BF044B2362B8
:10216000044B1B68002BF5D1FFF7C4FFF2E700BF5B
:10217000B5302108404900000EB403B5014603AB59
:10218000054853F8042B0068019301F01DFD02B0CF
:102190005DF804EB03B07047240300002DE9F84319
:1021A0000746884614460026D4E90195B9F101098D
:1021B00005D52468002CF7D13046BDE8F883AB89FB
:1021C000012B07D9B5F90E30013303D02946384623
:1021D000C04706436835E9E70FB407B5064904ABC5
:1021E000086853F8042B8168019301F0EDFC03B0FB
:1021F0005DF804EB04B0704724030000024B014675
:102200001868826801F006BF24030000036A70B5F5
:10221000846805460E460BB9FFF796FF636EDB0731
:1022200005D4A389980502D4A06D00F098F9A3897C
:10223000190702D52369002B35D12146284600F025
:10224000C5F880B34FF0FF35636EDA0705D4A38974
:102250009B0502D4A06D00F083F9284670BD002BC9
:1022600015DB23685A1C22601970A36816F8011F39
:10227000013BA3600029F2D1002B16DA22460A2185
:10228000284600F064F80130DCD00A25DCE7A269BA
:102290009A4201DC0A29E4D12246284600F057F888
:1022A0000130E2D1CEE7013EDFE723685A1C22600D
:1022B0000A221A70E9E70000024B01461868FFF78E
:1022C000A5BF00BF2403000010B50C46B1F90E10E5
:1022D00000F010F90028ABBF636DA3891B1823F42D
:1022E0008053ACBF6365A38110BD2DE9F0411F464B
:1022F0008B89DB0505460C46164605D5B1F90E104F
:102300000223002200F0E4F8A389B4F90E1023F4AC
:102310008053A38132463B462846BDE8F04100F099
:102320000BB910B50C46B1F90E1000F0D1F8431CF2
:10233000A38915BF606523F4805343F48053A381C0
:1023400018BFA38110BDB1F90E1000F0B1B8F8B5F7
:102350000E461446054618B1036A0BB9FFF7F4FEA2
:10236000A369A360A3891A0701D5236943B921464C
:10237000284600F02BF818B14FF0FF373846F8BD6B
:1023800023682269981A6369F6B28342374605DCEE
:102390002146284601F0B4FD0028EDD1A368013B99
:1023A000A36023685A1C22601E706269431C9A4213
:1023B00004D0A389DB07E1D50A2EDFD121462846C8
:1023C00001F09EFD0028D9D0D6E7000038B5294B92
:1023D000054618680C4618B1036A0BB9FFF7B4FE3E
:1023E000B4F90C30190722D4DA0607D409222A607E
:1023F00043F04003A3814FF0FF3033E0580712D57C
:10240000616B41B104F14403994202D0284600F0C7
:10241000E1FF00236363A38923F02403A381002346
:10242000636023692360A38943F00803A3812369C0
:102430004BB9A38903F42073B3F5007F03D0214681
:10244000284601F0ABFDB4F90C3013F001020AD0BC
:102450000022A26062695242A261226942B913F06D
:102460008000C5D138BD990758BF6269A260F4E702
:102470000020F7E72403000010B501390244904220
:1024800001D1002005E0037811F8014FA34201D0EB
:10249000181B10BD0130F2E702440346934200D1FD
:1024A000704703F8011BF9E7004870476404000017
:1024B00038B5064D0023044608462B60F2F7C4F8F1
:1024C000431C02D12B6803B1236038BD444900008E
:1024D00038B5074D04460846114600222A601A46C0
:1024E000F2F7BCF8431C02D12B6803B1236038BD5E
:1024F0004449000038B5074D0446084611460022FD
:102500002A601A46F2F7ACF8431C02D12B6803B1DB
:10251000236038BD4449000038B5064D0023044609
:1025200008462B6001F0FEFE431C02D12B6803B16C
:10253000236038BD4449000038B5074D04460846BD
:10254000114600222A601A46F2F75CF8431C02D1B9
:102550002B6803B1236038BD4449000070477047C1
:10256000704710F8012B11F8013B012A28BF9A424D
:10257000F7D0D01A7047034611F8012B03F8012B4E
:10258000002AF9D1704700000000000000000000A0
:1025900001F0FF01102A2BDB10F0070F08D010F814
:1025A000013B013A8B422DD010F0070F42B3F6D118
:1025B000F0B441EA012141EA014122F007047FF031
:1025C00000070023F0E80256083C85EA010586EA88
:1025D000010685FA47F5A3FA87F586FA47F6A5FAC4
:1025E00087F68EB9EED1F0BC01F0FF0102F00702D0
:1025F00032B110F8013B013A83EA010313B1F8D17B
:102600000020704701387047002D06BF354603385B
:10261000073815F0010F07D1013015F4807F02BF94
:10262000013015F4C03F0130F0BC0138704700BFE5
:102630000A44914200F1FF3300D1704710B511F800
:10264000014B03F8014F9142F9D110BD034613F835
:10265000012B002AFBD1181A0138704708B5062053
:1026600001F034FD0120F1F7C7FF2DE9F74F0369B1
:102670000C69A34207467EDB013C01F11408A3006C
:1026800000F11405009305EB8403019358F82430FE
:1026900055F8242001339A4208EB8409B2FBF3F683
:1026A0002ED34FF0000AC446AE46D3465CF8043B36
:1026B00098B206FB00A0020C1B0C06FB0323DEF8FD
:1026C000002080B292B2121A5A44DEF800004FEA9B
:1026D000134A9BB2C3EB224303EB104392B242EA8C
:1026E0000342E1454EF8042B4FEA234BDED2009B18
:1026F000EB582BB9019B043B9D421A462FD33C61FA
:10270000384601F02FF9002825DB2946002058F82B
:10271000042BD1F800C01FFA82FE1FFA8CF3A3EB42
:102720000E030344120CC2EB234202EB1C429BB289
:1027300043EA0243C14541F8043B4FEA2240E6D256
:1027400055F8242005EB840322B9043B9D421A4628
:102750000BD33C610136304603B0BDE8F08F126800
:10276000043B002ACBD1013CC6E71268043B002A97
:10277000EFD1013CEAE70020EEE700000000000096
:102780002DE9F04FC76997B014461D46CDE90445C1
:10279000239E83467FB91020FEF7E4FE0246CBF865
:1027A0001C0020B9A64BEF21A648FEF7BDFEC0E9EC
:1027B00001770760C760DBF81C30196859B15A68A7
:1027C0004A60012393408B60584600F08DFEDBF891
:1027D0001C3000221A602B1EB9BF23F00043059362
:1027E00000233360059F984BBCBF01223260BB437E
:1027F00019D1229A42F20F731360C7F313032343D4
:1028000000F0DE85249B53B9904B21E0904B089358
:102810000833249A1360089817B0BDE8F08F8B4BEB
:1028200008930333F5E79DED047B002251EC170B71
:1028300000238DED0C7BFEF7ADFC804650B1229A53
:1028400001231360249B13B1249A824B1360824BA3
:102850000893E0E714AB019315AB00935846DDE90C
:102860000C2301F02FF9C7F30A560390002E79D0FC
:102870000D9BCDF84C80C3F31303DDE90C0143F04D
:102880007F5343F44013A6F2FF3619460022734BE0
:10289000FEF760F864A3D3E90023FEF713FA64A3FC
:1028A000D3E90023FEF758F8044630460D46FEF7FC
:1028B0009FF961A3D3E90023FEF704FA02460B4611
:1028C00020462946FEF748F804460D4601F002FD71
:1028D00000220746002320462946FEF765FC40B14A
:1028E0003846FEF785F922462B46FEF753FC00B921
:1028F000013F162F53D85A4B03EBC703D3E90023EC
:10290000DDE90C01FEF750FC00284AD0013F00230E
:102910001293149B9B1B5A1E45BFC3F101030993DD
:10292000002300230A9254BF09930A93002F3ADB35
:102930000A9B0F973B440A9300230B93209B092B80
:1029400067D8052BC4BF043B2093209BA3F102034F
:10295000CCBF00240124032B00F28680DFE803F0C3
:102960002B383657DDE914631E4406F23243202B20
:10297000C1BFC3F140039F4006F2124324FA03F3A0
:10298000D6BFC3F1200347EA030004FA03F0FEF7C1
:102990001FF90122A1F1F873013E139275E701239B
:1029A000B6E71290B5E7099BDB1B09937B420B93BB
:1029B00000230F93C2E700230E93219B002B56DCCC
:1029C0000123069399461A4621920CE00123F3E76E
:1029D00000230E93219BFB1803F1010906934B463C
:1029E000012BB8BF0123DBF81C000021042202F1F7
:1029F00014059D423FD94160584600F035FD0890CE
:102A000000283BD1174B024640F2AF11CCE6012320
:102A1000DFE70124002320930E944FF0FF33069349
:102A2000994600221223CFE761436F63A787D23F05
:102A3000B3C8608B288AC63FFB799F501344D33FAD
:102A4000AA6221085C6421080000F07F5864210814
:102A50004F6421082C6421082B6421080000F83FF2
:102A600058652108B564210801230E93D5E7219B01
:102A700006939946B7E701315200B8E7DBF81C30FE
:102A8000089A1A60B9F10E0F6FD8002C6DD0002F84
:102A900036DDA14B07F00F0203EBC20393ED007B81
:102AA000F8058DED107B4FEA271417D59B4BDDE918
:102AB0000C01D3E90823FEF72FFACDE9040104F055
:102AC0000F044FF00308954D5CB9DDE91023DDE9F3
:102AD0000401FEF721FACDE904012BE04FF00208D2
:102AE000F1E7E10709D5DDE91001D5E90023FEF79B
:102AF000E9F8CDE9100108F1010864100835E3E7B1
:102B000000F007817C42844B844D04F00F0203EBFC
:102B1000C203D3E90023DDE90C01FEF7D3F8CDE9C8
:102B20000401241100234FF00208002C40F0E5803E
:102B3000002BD0D1129BDDE90445002B00F04B8126
:102B4000774B002220462946FEF72EFB002800F096
:102B50004281B9F1000F00F03E81069B002B00F38B
:102B6000E380DDE90C34CDE90434159B002B02DB56
:102B70000E2F40F341820E9A002A40F066820B9C91
:102B8000DDF824800025B8F1000F0DD00A9B002B42
:102B90000ADD4345099AA8BF4346D21A09920A9A08
:102BA000A8EB0308D31A0A930B9B0BB30E9B002BC5
:102BB00000F0A582002C00F0A0822946224658464B
:102BC00000F00AFE039A01460546584600F05AFDF9
:102BD00003990646584600F087FC0B9B1B1B0B9382
:102BE00000F090820B9A3146584600F0F5FD0390B4
:102BF0000121584600F030FD0F9B0446002B00F0E9
:102C000083821A460146584600F0E6FD209B012BC0
:102C1000044603DC049B002B00F07B820026236922
:102C200004EB8303186900F0C7FC0F96C0F1200085
:102C30000A9B184410F01F0000F09082C0F120039E
:102C4000042B40F38082099BC0F11C0003440993CC
:102C50000A9B034480440A93099B002B05DD0399DA
:102C60001A46584600F012FE03900A9B002B05DD21
:102C700021461A46584600F009FE0446129B002BD6
:102C800000F075820398214600F06CFE002880F267
:102C90006E82002303990A22584600F047FC0E9BDF
:102CA00003907E1E002B00F05B82002329460A223F
:102CB000584600F03BFC069B002B054603DC209B9E
:102CC000022B00F35D82B8F1000F05DD2946424674
:102CD000584600F0DBFD05460F9B002B00F0CF822D
:102CE0006968584600F0C0FB0746002840F07E8225
:102CF0000C4B024640F2EF2156E5E20706D5D5E936
:102D00000023FDF7DFFF08F10108012364100835F7
:102D10000BE74FF002080DE75865210830652108E0
:102D20000000F03FB56421082046AD4B0022294643
:102D3000FDF7C8FFCDE90401069C7E1E08F10108DD
:102D40004046FDF755FFDDE90423FDF7BBFFA54B2A
:102D50000022FDF701FEA1F15073CDE9100111939E
:102D6000002C3BD1DDE904019F4B0022FDF7F2FD71
:102D700002460B46CDE90423DDE91023FEF732FAC3
:102D8000002840F05781DDE9102101F10043DDE921
:102D90000401FEF709FA00283FF4E3AE00242546BB
:102DA000219BDDF820A0DE434FF000082146584665
:102DB00000F09AFB002D00F0A980B8F1000F05D0BB
:102DC000A84503D04146584600F08EFB2946584698
:102DD00000F08AFB9AE03E464C46B1E7834B03EB9A
:102DE000C40353E90201089B1C440E9B002B4AD0EC
:102DF00002460B4600207E49FEF78EF8DDE91023DF
:102E0000FDF7A8FDCDE91001DDF820A0DDE9040102
:102E100001F060FA0546FDF7EBFE02460B46DDE9E0
:102E20000401FDF797FD3035CDE9040102460B465C
:102E30000AF8015BDDE91001FEF7D4F9002865D13D
:102E4000DDE904236B490020FDF784FD02460B46B3
:102E5000DDE91001FEF7C6F9002840F00D81A2451A
:102E600000F0EA80DDE910015D4B0022FDF72AFF4A
:102E70005B4BCDE910010022DDE90401FDF722FFE3
:102E8000CDE90401C2E7DDE91023FDF71BFFCDE921
:102E90001001DDF820A0A046DDE9040101F01AFAD6
:102EA0000546FDF7A5FE02460B46DDE90401FDF7E8
:102EB00051FD30350AF8015B02460B46A245CDE9CB
:102EC00004234FF0000223D1494BDDE91001FDF747
:102ED00043FD02460B46DDE90401FEF783F90028B5
:102EE00040F0CA80DDE9102341490020FDF732FDA2
:102EF00002460B46DDE90401FEF756F970B1C24601
:102F000008F1FF381AF8013C302BF8D0374655E06D
:102F1000334BFDF7D7FECDE90401BDE7DDE90C3405
:102F2000CDE90434159B002BFFF629AE0E2F3FF799
:102F300026AE2E4B03EBC70393ED007B219B002BAA
:102F40008DED067B02DAB9F1000F64D0DDE90445AE
:102F5000DDF820A0DDE9062320462946FDF7DCFF49
:102F600001F0B8F90646FDF743FEDDE90623FDF75B
:102F7000A9FE02460B462046294606F13004FDF71D
:102F8000E9FC0AF8014B089CAAEB0404A14502469F
:102F90000B4640F08280FDF7DFFCDDE906230446A6
:102FA0000D46FEF71FF9002865D1DDE9062320460E
:102FB0002946FEF7EFF808B1F3075CD403995846A9
:102FC00000F092FA00238AF80030229B01371F603C
:102FD000249B002B3FF41FACC3F800A01BE400BFF0
:102FE0000000244000001C400000144058652108E7
:102FF0000000E03F0000F03FA24B03EBC70393ED5E
:10300000007B219B002B8DED067B9FDAB9F1000F31
:103010009CDC7FF4C3AE9C4B0022DDE90601FDF78A
:1030200051FEDDE90423FEF7D3F8044600287FF4BF
:10303000B5AE3E462546B4E0DDE90C34CDE90434B6
:10304000159B002B01DB0E2FD6DD209A012A36DCE2
:10305000139A82B303F233430B9CDDF82480099A60
:103060001A4409920A9A01211A4458460A9200F019
:10307000F3FA054687E53E4653469A4613F8012D76
:10308000392A06D1089A9A42F7D108993022013696
:103090000A701A7801321A7038E77C4B0022FDF76B
:1030A00011FE0022002304460D46FEF773F80028A7
:1030B0003FF450AF82E7149BC3F13603CCE70B9B80
:1030C00009F1FF34A34208DBB9F1000FA3EB0404BC
:1030D0000EDBDDF824804B46C1E70B9B0F9A0B9467
:1030E000E31A1A44DDF824800F924B460024B6E719
:1030F000099BA3EB09080023B1E7039E72E50B9A35
:10310000039971E5039673E5209B012B17DC049B63
:10311000ABB9059BC3F313039BB9059B23F0004692
:10312000360D360536B1099B013309930A9B0133ED
:103130000A9301260F9B002B7FF471AD0F9601209F
:1031400076E50026F6E73FF487AD099A1C331A446A
:1031500009920A9A1A4498440A927DE50346F4E7D4
:10316000069B002B2BDC209B022B09DC27E0B9F10E
:10317000000F1DDC209B022B1ADDCDF818903E4677
:10318000069B002B7FF40CAE21460522584600F02A
:10319000CDF901460446039800F0E4FB00287FF7D0
:1031A000FFADDDF820A031230AF8013B0136FBE535
:1031B0000E9BCDF818903E46002B7FF484AD089FFF
:1031C00003982146FFF751FA00F1300907F8019BF7
:1031D000089B069AFB1A9A4240F3CB80039900237E
:1031E0000A22584600F0A2F90390E9E72A69023260
:1031F000920005F10C010C30FFF71AFA0122394652
:10320000584600F043FB089B089A03F1010A069B0D
:1032100013440A93049B03F00103A8460B9305464D
:103220000AF1FF33214603980693FFF71EFA414641
:10323000099000F13009039800F094FB2A462146DA
:103240000746584600F0AAFBC268014602B358463A
:1032500000F04AF9002F3ADA03990122584600F0AB
:1032600015FB2146039000F07DFB002803DC29D1EB
:1032700019F0010F26D0B9F1390F1DD132E02846DF
:10328000C1E700BF58652108000014400000244039
:103290000E90039800F066FB0E990C90584600F0D3
:1032A00023F90C9A5ABB209B53B90B9B43B9B9F134
:1032B000390F17D0002F05DD099B03F1310901E01B
:1032C000002F2ADADDF818A00AF8019B6EE5209B92
:1032D0003B4304D1049B03F00103002BBCD0B9F1A4
:1032E000390F36D1069F392307F8013BBA46013F13
:1032F0001AF8013C392B5BD001333B7056E5002FA7
:1033000006DB209B3B4306D1049B03F0010313B96A
:10331000002AA1DCD6E7002AE1DC0A9B0AF8019C1E
:10332000534557462FD0039900230A22584600F0F0
:10333000FDF8A84503904FF000034FF00A02414604
:1033400058460BD100F0F2F8804605460AF1010A12
:1033500066E7DDF818A009F10109B5E700F0E6F825
:103360002946804600230A22584600F0DFF8054629
:10337000ECE7069B002BC8BF1F46089BD8BF012760
:103380001F444FF0000803990122584600F07EFACE
:103390002146039000F0E6FA0028A7DC02D119F0DC
:1033A000010FA3D1BA4617F8013D302BFAD0FDE446
:1033B000089BBB429AD1089A312301361370F5E479
:1033C000249B002B7FF422AA014BFFF741BA00BFD8
:1033D0004F64210838B50546002941D051F8043C16
:1033E0000C1F002BB8BFE418FEF766F91D4A1368DE
:1033F00033B9636014602846BDE83840FEF762B90F
:10340000A34208D9206821188B4201BF19685B6864
:1034100009182160EDE71A465B680BB1A342FAD99F
:1034200011685018A0420BD1206801445018834203
:103430001160E0D118685B68536008441060DAE7F7
:1034400002D90C232B60D6E7206821188B4204BFD9
:1034500019685B68636004BF091821605460CAE79B
:1034600038BD00BF0448000070B5C66904460D466B
:1034700076B91020FEF776F80246E06120B9184BC5
:1034800018486B21FEF750F8C0E901660660C66077
:10349000E669F36883B1E369DB6853F82500B8B9DE
:1034A000012101FA05F6721D9200204600F04CFE43
:1034B00060B1C0E901560EE021220421204600F04F
:1034C00043FEE369F060DB68002BE4D1002070BDAF
:1034D000026843F825200023C0E90333F7E700BF63
:1034E000AA622108C664210870B5C66905460C4663
:1034F00076B91020FEF736F80246E86120B9094B8C
:1035000009488F21FEF710F8C0E901660660C66021
:103510003CB1EB696268DB6853F82210216043F824
:10352000224070BDAA622108C66421082DE9F0413D
:103530000D6907460C461E4601F1140C0020DCF80C
:10354000003099B202FB01611E0C0B0C02FB06332A
:1035500089B2013001EB034185424CF8041B4FEA6C
:103560001346ECDC0EB3A368AB4219DC6168384645
:103570000131FFF779FF804628B902460C4B0D4810
:10358000BA21FDF7D1FF2269023204F10C01920049
:103590000C30FFF74DF821463846FFF7A5FF4446AB
:1035A00004EB850301355E6125612046BDE8F081AD
:1035B000B5642108C6642108B0F5803F034636BFD4
:1035C000030400201020B3F1807F3CBF1B020830B1
:1035D000B3F1805F3CBF1B010430B3F1804F03D3D4
:1035E000002B0ADB013070479B0001D50230704789
:1035F0005B0001D503307047202070470368024606
:1036000013F007000BD0D90721D4980749BF5B08F6
:103610009B08012013605CBF13600220704799B2C1
:1036200009B91B0C1020D9B209B908301B0A1907B7
:1036300004BF1B090430990704BF9B080230D90757
:1036400003D45B0800F1010003D013607047002031
:10365000704720207047000010B50C460121FFF78D
:1036600003FF024628B9054B054840F24511FDF716
:103670005BFF01234461036110BD00BFB5642108F5
:10368000C66421082DE9F04F14460A6923699A425D
:10369000A8BF23460F46A4BF0C461F46D4F810A06F
:1036A000D7F81090A36861680AEB0906B34285B0A9
:1036B000B8BF0131FFF7D8FE30B90246444B454848
:1036C0004FF4B171FDF730FF00F1140505EB8608EA
:1036D0002B460022434521D307F1140104F11402C3
:1036E00002EB8A0201EB89030293131B153B23F0C3
:1036F0000303043304F11507BA4238BF04230193CE
:10370000029B03918B420CD8002E03DD58F8043D38
:10371000002B5BD0066105B0BDE8F08F43F8042BA9
:10372000D8E7B1F800A0BAF1000F24D004F1140ECC
:10373000A9464FF0000C5EF8047BD9F800301FFA60
:1037400087FB9BB20AFB0B334FEA174BD9F800708B
:1037500063444FEA174C0AFB0BC707EB13479BB2B6
:1037600043EA0743724549F8043B4FEA174CE2D855
:10377000019B45F803C0039BB3F802900431B9F1F3
:10378000000F21D02B6804F1140CAE464FF0000A54
:10379000BCF800B0BEF8027009FB0B7757449BB22F
:1037A00043EA07434EF8043B5CF8043B4FEA134AF4
:1037B000BEF8003009FB0A3303EB174362454FEABA
:1037C000134AE5D8019FEB51043599E7013E9BE789
:1037D000B5642108C66421082DE9F843154612F0A6
:1037E000030207460E4607D0254C013A002354F841
:1037F0002220FFF79BFE0646AD103DD0FC697CB948
:103800001020FDF7AFFE0246F86128B91D4B1E4897
:1038100040F2B311FDF788FEC0E901440460C460C2
:10382000D7F81C80D8F808404CB940F271213846CE
:10383000FFF712FF0023C8F80800044603604FF0AA
:103840000009EB070AD5314622463846FFF71AFF32
:10385000314680463846FFF747FE46466D100BD08E
:10386000206838B9224621463846FFF70BFF206012
:10387000C0F800900446E4E73046BDE8F88300BF96
:1038800020652108AA622108C66421082DE9F047B5
:103890000C464968236903EB6218A3680746914602
:1038A0004FEA621A08F10106B3420BDB3846FFF714
:1038B000DBFD054648B90246284B29484FF4EF7115
:1038C000FDF732FE01315B00EEE7002300F1140149
:1038D00000F110021846534533DB20692AEAEA7AE0
:1038E00004F1140319F01F0901EB8A0103EB800CAA
:1038F0002BD0C9F1200E8A460022186800FA09F080
:1039000010434AF8040B53F8042B9C4522FA0EF29C
:10391000F3D8ACEB0403153B23F00303043304F1A9
:103920001500844538BF0423CA500AB108F10206C5
:10393000013E38462E612146FFF7D6FD2846BDE8F8
:10394000F08742F8040F0133C5E7043953F8042B1C
:1039500041F8042F9C45F9D8EAE700BFB564210877
:10396000C66421080A6903460069801A30B50ED181
:103970001433143103EB820401EB820154F8045D2B
:1039800051F8042D954203D005D24FF0FF3030BDE1
:10399000A342F3D3FBE70120F9E700002DE9F74F3D
:1039A00089460646114648461446FFF7DBFF051ECA
:1039B00012D129463046FFF757FD024628B93F4B42
:1039C00040F237213E48FDF7AFFD0123C0E9043541
:1039D000104603B0BDE8F08FBCBF4B46A146304651
:1039E000D9F80410BABF1C4601250025FFF73CFD9D
:1039F000024618B9314B40F24521E3E7D9F810707F
:103A00002669C56009F1100309F1140504F1140ECB
:103A100000F1140B05EB87080EEB86060193D946DF
:103A20004FF0000C019B5EF8040B53F804AF0193B8
:103A30001FFA8AF3194683B2CB1A000C6344C0EB19
:103A40001A4000EB23409BB243EA0043764549F815
:103A5000043B4FEA204CE5D8331B153B23F003030E
:103A600015340433A64238BF04231D445B441E466C
:103A70002C4644450ED308F10301491B21F00301F4
:103A8000033DA84538BF00210B4453F8041D91B1F4
:103A900017619DE754F8041BE646080C1CFA81FCEC
:103AA000714400EB2C4089B241EA004146F8041B06
:103AB0004FEA204CDDE7013FE7E700BFB56421088E
:103AC000C66421082DE973430121089E904699465A
:103AD000FFF7CAFC044630B90246244B244840F2A2
:103AE0000F31FDF721FDC9F30A55C9F313030DB1D9
:103AF00043F480130193B8F1000324D06846009387
:103B0000FFF77CFDDDE90012D8B1C0F1200302FA15
:103B100003F30B43C24063610192019BA361002B3D
:103B20000CBF012202222261ADB1A5F2334505444A
:103B30003560C0F13500099B1860204602B0BDE831
:103B400070836161E9E701A8FFF758FD019B63619C
:103B500020300122E7E704EB8203A0F2324030601C
:103B60001869FFF729FDC0EB4210E4E7B5642108AE
:103B7000C66421089368013B002B10B4936008DAF7
:103B80009469A34201DB0A2903D15DF8044BFEF7D7
:103B9000DEBB1368581C1060197008465DF8044BB2
:103BA0007047F8B506460F461446D518AC4201D109
:103BB000002007E014F8011B3A463046FFF7DAFF11
:103BC000431CF3D1F8BD00002DE9F04F0D469DB028
:103BD00014469846064618B1036A0BB9FEF7B4FAC4
:103BE0006B6ED90705D4AB899A0502D4A86DFEF790
:103BF000B6FCAB891B0701D52B699BB9294630461A
:103C0000FEF7E4FB70B16B6EDC0704D54FF0FF30BC
:103C10001DB0BDE8F08FAB899805F7D4A86DFEF70D
:103C20009FFCF3E70023099320238DF82930CDF87A
:103C30000C803023DFF8AC818DF82A304FF0010979
:103C400023469A4613F8012B0AB1252AF9D1BAEB7B
:103C5000040B0BD05B46224629463046FFF7A1FFF6
:103C6000013000F0A780099A5A4409929AF800306E
:103C7000002B00F09F8000234FF0FF32CDE9052399
:103C80000AF1010A049307938DF853301A935446AE
:103C9000052214F8011B5348FEF77AFC049AD8B9A0
:103CA000D10644BF20238DF85330130744BF2B2384
:103CB0008DF853309AF800302A2B15D0079A5446C5
:103CC00000204FF00A0C214611F8013B303B092B34
:103CD0004BD9B0B1079214E0A0EB080309FA03F343
:103CE00013430493A246D2E7039B191D1B6803915B
:103CF000002BBBBF5B4242F0020207930793B8BFA1
:103D0000049223782E2B0AD163782A2B32D1039B7D
:103D10001A1D1B68039243EAE37302340593DFF82C
:103D2000D4A0217803225046FEF732FC38B1049B20
:103D3000A0EB0A004022824013430134049314F89C
:103D4000011B29488DF828100622FEF721FC0028C7
:103D50003FD0264B1BBB039B073323F007030833DD
:103D60000393099B3B4409936AE70CFB02320C4620
:103D70000120A8E700230134059319464FF00A0CEF
:103D8000204610F8012B303A092A03D9002BC6D05F
:103D90000591C4E70CFB012104460123F0E703ABC6
:103DA00000932A46124B04A93046FDF771FD0746E1
:103DB000781CD6D16B6ED90705D4AB899A0502D48D
:103DC000A86DFEF7CDFBAB895B063FF51FAF0998E9
:103DD0001EE703AB00932A46054B04A93046FDF7C6
:103DE000FBFFE4E7206621082A66210891282108C4
:103DF000A34B210826662108B1F90C202DE9F041DA
:103E0000170705460C4656D44B68002B02DC0B6C9A
:103E1000002B3DDDE66A002E3AD0002312F48052DA
:103E20002F68216A2B6025D0626DA389580705D5BC
:103E30006368D21A636B0BB1236CD21A216AE66AEB
:103E400000232846B047411C24D000236360236927
:103E50002360A389DA0400D56065616B2F60B9B176
:103E600004F14403994202D02846FFF7B3FA002335
:103E700063630DE001232846B047461C0246D4D1B7
:103E80002B68002BD1D01D2B01D0162B2BD12F60EE
:103E900000202FE02A68B4F90C3042B11D2A01D06D
:103EA000162A22D10023636023692360D5E762606C
:103EB00022692260CEE70F69002FE9D093070E68D0
:103EC00008BF4B690F6018BF0023A6EB07088B6083
:103ED000B8F1000FDCDD216AA66A43463A4628465F
:103EE000B047002808DCB4F90C3043F04003A3814C
:103EF0004FF0FF30BDE8F0810744A8EB0008E7E78A
:103F000038B50B6905460C4613B90025284638BD5F
:103F100018B1036A0BB9FEF717F9B4F90C30002B8E
:103F2000F3D0626ED00704D4990502D4A06DFEF7D9
:103F300016FB28462146FFF75FFF636EDA0705464A
:103F4000E4D4A3899B05E1D4A06DFEF709FBDDE76E
:103F500070B50C46B1F90E10002996B015461E46F4
:103F60000DDAA38913F0800F4FF0000114BF402336
:103F70004FF48063002031602B6016B070BD6A463C
:103F800000F0ACF80028ECDB019901F47041A1F5D8
:103F90000053594259414FF48063EBE78B89F7B5E1
:103FA0009D0706460C4607D504F1470323602361AD
:103FB0000123636103B0F0BD01AB6A46FFF7C8FFA0
:103FC000009F054639463046FDF7FEFA48B9B4F978
:103FD0000C309A05EED423F0030343F00203A381CF
:103FE000E2E7A389206043F08003A381019BC4E939
:103FF00004075BB1B4F90E10304600F081F828B127
:10400000A38923F0030343F00103A381A3891D4384
:10401000A581CFE770B50D461446064618B1036A70
:104020000BB9FEF791F8636ED80705D4A3899905FB
:1040300002D4A06DFEF793FAA368013B002BA360A6
:1040400005DAA269934212DBEBB20A2B0FD0236888
:104050005A1C22601D70EDB2636EDA0705D4A38985
:104060009B0502D4A06DFEF77BFA284670BD294659
:1040700022463046FEF76BF90546EDE71F2938B5B5
:1040800005460C4604D9162303604FF0FF3038BDB7
:10409000C26B12B152F821304BB9284600F052F8E9
:1040A000224601462846BDE8384000F039B8012BC9
:1040B0000AD0591C03D1162303600120E7E7002131
:1040C00042F82410204698470020E0E7024B0146C2
:1040D0001868FFF7D3BF00BF2403000038B5074DB1
:1040E00000230446084611462B60F0F7B0FA431C43
:1040F00002D12B6803B1236038BD00BF44490000E2
:1041000038B5064D0023044608462B60F0F7A4FAA4
:10411000431C02D12B6803B1236038BD4449000021
:1041200038B5074D00230446084611462B60F0F7CA
:104130005BFA431C02D12B6803B1236038BD00BF7A
:1041400044490000F0F74EBA70B5A1FB02543CB9E7
:104150002946FDF739FA064628B90026304670BDD3
:104160000C220260F9E72A462146FEF795F9F5E7A9
:1041700082B001B901A942B14BB113780B6012783A
:10418000101E18BF012002B070471046FBE76FF009
:104190000100F8E70346084641B1FF2A04D98A2204
:1041A0001A604FF0FF3070470A700120704700001E
:1041B000C1F30A5C2DE9F041ACF2FF35132D024644
:1041C0000B460C46064634DC002D20DBDFF8D4809D
:1041D00048FA05F801EA080C5CEA000C0F462DD0FD
:1041E0002DA3D3E90023FCF7B7FB00220023FCF743
:1041F000F9FF40B1002C03DD4FF480132B411F4425
:1042000027EA0804002621463046BDE8F08122A3B3
:10421000D3E90023FCF7A0FB00220023FCF7E2FF18
:104220000028F0D0002C33DB344300D01C4C002697
:10423000E9E7332D06DDB5F5806F26D01046194627
:10424000BDE8F081ACF2134C4FF0FF3727FA0CF7C2
:104250003842F3D010A3D3E90023FCF77DFB002202
:104260000023FCF7BFFF0028CDD0002C334609DD2A
:10427000142D06D0C5F134050122AA4013449E42F4
:1042800000D9013423EA0706BDE7FCF765FBD7E751
:1042900000264FF00044B6E79C7500883CE4377E6A
:1042A0000000F03FFFFF0F004FEA410C7FEA6C5C1B
:1042B00002D150EA013C0AD14FEA430C7FEA6C5C20
:1042C00002D152EA033C02D14FF0000070474FF098
:1042D000010070474FEA410212F5001215D211D5C4
:1042E0006FF47873B3EB625212D94FEAC12343F0F3
:1042F000004343EA505311F0004F23FA02F018BF75
:10430000404270474FF00000704750EA013005D13D
:1043100011F0004008BF6FF0004070474FF0000000
:10432000704700BF044A05491368002B08BF0B46BD
:1043300018441060184670474C490000507900003E
:10434000F8B500BFF8BC08BC9E467047F8B500BF82
:10435000F8BC08BC9E4670475FF800F0E90D00000D
:104360005FF800F0B90E00005FF800F039110000AE
:104370005FF800F0911100005FF800F045130000B5
:104380005FF800F0890900005FF800F0950A00006E
:104390005FF800F02D1100005FF800F0450F0000FD
:1043A0005FF800F0711100005FF800F06511000087
:1043B0005FF800F0E50900005FF800F0A90B0000CD
:1043C0005FF800F0ED0E00005FF800F01909000042
:1043D0005FF800F0C50B00005FF800F0010D000071
:1043E0005FF800F02D1300005FF800F0D50B00001F
:1043F0005FF800F09D1000005FF800F085100000ED
:104400005FF800F0911200005FF800F00D1200005C
:104410005FF800F0810F00005FF800F0310E00003F
:104420005FF800F0B90B00005FF800F00110000029
:104430005FF800F0190B000052656164207265712D
:1044400020666F722068616E646C6520256420614F
:104450006E64206576656E742069642025640A00A8
:1044600053494C4142530030303A32333A41373AA3
:1044700038303A37303A42390077726974655F658F
:1044800076656E742068616E646C652076616C750B
:10449000652069732025640D0A000D0A2057692DD7
:1044A000466920496E697469616C697A6174696FE3
:1044B0006E205375636365737366756C0041646445
:1044C0002041464520736572766963652072657484
:1044D000203D203078253034580A004661696C65EB
:1044E0006420746F2061646420434343442E20455C
:1044F00072726F723A20307825580A004146452082
:104500005365727669636520637265617465642EB4
:104510002048616E646C65733A00202D2045434746
:10452000204465636C61726174696F6E3A2020305B
:1045300078253034580A00202D2045434720566105
:104540006C75653A202020202020202030782530EE
:1045500034580A00202D204543472043434344203C
:1045600028307832393032293A3078253034580AB8
:1045700000424C455F43444D31005253495F424C29
:10458000455F474154545F57524954455F4556452E
:104590004E542068617070656E640D0072656163D1
:1045A000686564206361736520637573746F6D0D56
:1045B00000AFEFAFEFAFEFAFEFAFEFAFEFAFEFAFFA
:1045C000EF00ECECECECECECECECECECECECECEC14
:1045D000ECEC00EAFAECECECECECECECECECECECFB
:1045E000ECECEC00310000000000000000010000D5
:1045F00000000D00B00000000400008000000080FA
:10460000000058A0000000C000000080141A1EC85E
:1046100002080000010000040000000048656C6C06
:104620006F20576F726C64210D004661696C656480
:1046300020746F2063726561746520535049205265
:10464000582073656D6170686F72650D0053504935
:104650005F5258006170706C69636174696F6E5F5E
:1046600074687265616400005456210800000000FF
:10467000000000000000000000000000000C00002E
:104680001800000000000000000000000D0A204D8E
:10469000345F4750494F5F50494E20746573742012
:1046A000737461727473200D006765745F70696E56
:1046B0005F6F7574707574203D2025640A00475043
:1046C000494F20746F67676C650D00496E697469A6
:1046D000616C69617A652053504920534C415645BD
:1046E0002066726F6D205353490D00496E69742026
:1046F0004661696C65640053657420436F6E66693A
:1047000067204661696C65640D5C6E0052454345E7
:10471000495645204661696C656420256C640D0A24
:1047200000535049207472616E7366657220646F25
:104730006E650D004461746120726563656976651C
:1047400064206973202530780D0A004C454E47548B
:10475000482072656365697665640D000205000096
:104760000C02040049444C4500546D725100546DD4
:104770007220537663000D0A4669726D7761726527
:104780002076657273696F6E2069733A20257825EB
:10479000782E25642E25642E25642E25642E25640E
:1047A0002E25640D0A00000085592008A55920080F
:1047B000DD5C2008515C2008255C2008E15B2008B6
:1047C0005D5B2008D95A2008755A2008215A200814
:1047D000C159200885592008A5592008A55C200842
:1047E000415C2008195C2008B55B2008315B20087B
:1047F000AD5A2008695A2008CD592008B55920081B
:1048000085592008A55920086D5C2008315C2008D6
:104810000D5C2008895B2008055B2008815A200870
:104820005D5A2008E5592008A959200800080424E9
:104830007858210874582108705821086C582108AC
:104840000000000000000000000000001000000058
:10485000000000000000000018310000FC300000E3
:10486000030000000300000000000000000A010037
:1048700000080100000201000001010000000145E4
:10488000C8582108C4582108C0582108BC5821081C
:104890000000000000000000000000002C000000EC
:1048A0000000000000000000403100002431000042
:1048B00002000000030400000000000000090804DA
:1048C000001A0800001C0800001B08000000024439
:1048D0001859210814592108105921080C59210888
:1048E0000000000000000000000000002F00000099
:1048F0000000000000000000683100004C310000A2
:10490000010000000304000000000000001C030080
:1049100000190300001B0300001A0300000200023C
:10492000D15D2008F15D2008855F2008695F2008BF
:10493000515F2008095F2008C15E20086D5E2008D5
:10494000615E2008555E2008215E2008155E200863
:10495000095E2008FD5D2008000A08000001030030
:1049600000090300000B0300000A0605000B060601
:104970000006060100070602002F020B0030020CA1
:104980000009020400060201001D0200001E0200D0
:104990000008020302020A02633A5C7573657273CF
:1049A0005C666C6F72696E2E6D6F74615C73696D9D
:1049B000706C696369747973747564696F5C73642E
:1049C0006B735C73696D706C69636974795F736430
:1049D0006B5C657874656E73696F6E5C776973651F
:1049E000636F6E6E6563745C636F6D706F6E656E22
:1049F00074735C6465766963655C73696C6162732A
:104A00005C73693931785C6D63755C647269766575
:104A100072735C756E69666965645F7065726970F2
:104A2000686572616C5F647269766572735C696EE9
:104A3000635C736C5F73693931785F70657269703C
:104A4000686572616C5F6770696F2E680016171871
:104A5000191A1B1C1D1E1F20210000000000000150
:104A60000203040506070000080000000000000023
:104A70000000191A1B1C1D1E09090909000000006D
:104A8000000000000000000A0B0C0D0E0F101112A8
:104A9000131415000000000000161718191A1B1C2B
:104AA0001D1E1F20213435363738393A3B34353610
:104AB0003738393A3B212828262401210F070401E1
:104AC00000417373657274206661696C65643A2095
:104AD00066696C65202573206F6E206C696E652099
:104AE000256C75200D0A00433A2F55736572732F9C
:104AF000666C6F72696E2E6D6F74612F53696D7085
:104B00006C696369747953747564696F2F53444B8E
:104B1000732F73696D706C69636974795F73646B0B
:104B20002F657874656E73696F6E2F77697365632F
:104B30006F6E6E6563742F636F6D706F6E656E74EC
:104B4000732F6465766963652F73696C6162732F77
:104B500073693931782F6D63752F64726976657268
:104B6000732F756E69666965645F706572697068D8
:104B70006572616C5F647269766572732F737263BC
:104B80002F736C5F73693931785F70657269706813
:104B90006572616C5F6770696F2E6300433A2F55D1
:104BA000736572732F666C6F72696E2E6D6F7461B0
:104BB0002F53696D706C6963697479537475646996
:104BC0006F2F53444B732F73696D706C69636974F5
:104BD000795F73646B2F657874656E73696F6E2F80
:104BE00077697365636F6E6E6563742F636F6D7045
:104BF0006F6E656E74732F6465766963652F736974
:104C00006C6162732F73693931782F776972656CC3
:104C10006573732F6168625F696E74657266616344
:104C2000652F7372632F7273695F68616C5F6D6368
:104C3000755F6D345F726F6D2E630025733A257357
:104C40003A25643A0D0A20494E56414C49442049C0
:104C50004E54455252555054200D0A0D0A00736CA3
:104C6000695F6D345F696E746572727570745F69C7
:104C70007372005A0101015901015801010101013A
:104C80005756015554015201511A0F1902210700BC
:104C9000433A2F55736572732F666C6F72696E2E6F
:104CA0006D6F74612F53696D706C696369747953AA
:104CB000747564696F2F53444B732F73696D706CF7
:104CC00069636974795F73646B2F657874656E735B
:104CD000696F6E2F77697365636F6E6E6563742F8E
:104CE000636F6D706F6E656E74732F646576696344
:104CF000652F73696C6162732F73693931782F770F
:104D00006972656C6573732F6168625F696E746543
:104D100072666163652F7372632F736C5F73693999
:104D200031785F6275732E630025733A25733A25D7
:104D3000643A0D0A20484541502045584841555392
:104D400054454420445552494E4720414C4C4F4312
:104D50004154494F4E200D0A0D0A0025733A257320
:104D60003A25643A0D0A544120697320696E206126
:104D700063746976652073746174650D0A0D0A00A9
:104D8000736C695F73693931785F636F6E666967E9
:104D90005F6D345F646D615F646573635F6F6E5FE9
:104DA000726573657400736C695F73693931785F1C
:104DB0007375626D69745F72785F706B7400303008
:104DC0003A31353A38333A36413A36343A313700A7
:104DD00030303A32333A41373A31323A33343A3575
:104DE0003600433A2F55736572732F666C6F726984
:104DF0006E2E6D6F74612F53696D706C6963697489
:104E00007953747564696F2F53444B732F73696DB5
:104E1000706C69636974795F73646B2F657874650E
:104E20006E73696F6E2F77697365636F6E6E6563FE
:104E3000742F636F6D706F6E656E74732F6465761B
:104E40006963652F73696C6162732F736939317897
:104E50002F776972656C6573732F7372632F736C30
:104E60005F7273695F7574696C6974792E6300256C
:104E7000733A25733A25643A52534E204F554920D0
:104E8000253032783A253032783A253032782E0A79
:104E90000D0A0025733A25733A25643A5061697208
:104EA00077697365206369706865722073756974CA
:104EB0006520636F756E743A2025752E0A0D0A0001
:104EC00073693931785F6275730073693931785F5E
:104ED0006576656E740071756575652D3E746169E2
:104EE0006C203D3D204E554C4C00736C695F7369DE
:104EF0003931785F72656D6F76655F62756666657C
:104F0000725F66726F6D5F71756575655F62795FFF
:104F1000636F6D70617261746F720070726F636540
:104F200073735F72736E5F656C656D656E740000A0
:104F30000FAC0050F271756575652D3E6865616452
:104F4000203D3D204E554C4C00433A2F5573657221
:104F5000732F666C6F72696E2E6D6F74612F53695B
:104F60006D706C696369747953747564696F2F53DC
:104F7000444B732F73696D706C69636974795F73E7
:104F8000646B2F657874656E73696F6E2F776973C4
:104F900065636F6E6E6563742F636F6D706F6E65A2
:104FA0006E74732F6465766963652F73696C6162D3
:104FB000732F73693931782F776972656C657373F4
:104FC0002F7372632F736C5F73693931785F64720A
:104FD000697665722E630025733A25733A25643A23
:104FE0004576656E743A2025752C2071756575655A
:104FF0002025750A0D0A0055532000455520004A0A
:105000005020004B52200053472000434E20007395
:105010006C695F73693931785F706F705F66726F4A
:105020006D5F6275666665725F7175657565007343
:105030006C695F73693931785F617070656E645F48
:10504000746F5F6275666665725F71756575650020
:10505000736C695F73693931785F64726976657200
:105060005F776169745F666F725F726573706F6E90
:1050700073655F7061636B6574000404040204006F
:105080000A0A0A00500600000000000001002A0978
:10509000000100000100000031000000433A2F55DC
:1050A000736572732F666C6F72696E2E6D6F7461AB
:1050B0002F53696D706C6963697479537475646991
:1050C0006F2F53444B732F73696D706C69636974F0
:1050D000795F73646B2F657874656E73696F6E2F7B
:1050E00077697365636F6E6E6563742F636F6D7040
:1050F0006F6E656E74732F6465766963652F73696F
:105100006C6162732F73693931782F776972656CBE
:105110006573732F746872656164696E672F736C51
:10512000695F73693931785F6D756C746974687221
:1051300065616465642E630025733A25733A2564BE
:105140003A3E3C3C3C3C205278202D3E2071756517
:1051500075654964203A2025752C206672616D655D
:105160004964203A20307825782C206672616D657C
:105170005374617475733A20307825782C206C65EF
:105180006E677468203A2025750A0D0A0025733A67
:1051900025733A25643A52656365697665642042F1
:1051A0004C45207061636B65740A0D0A0025733AE3
:1051B00025733A25643A0D0A204255535F575249E8
:1051C00054455F4552524F52200D0A0D0A00257377
:1051D0003A25733A25643A3C3E3E3E3E20547820C0
:1051E0002D3E2071756575654964203A2025752C22
:1051F000206672616D654964203A20307825782CEC
:10520000206C656E677468203A2025750A0D0A00C7
:105210006275735F77726974655F646174615F66FC
:1052200072616D65006275735F77726974655F6640
:1052300072616D650073693931785F6275735F748F
:10524000687265616400736C5F6372656174655F49
:1052500067656E657269635F72785F7061636B65C5
:10526000745F66726F6D5F706172616D73002C2088
:1052700066756E6374696F6E3A2000617373657250
:1052800074696F6E2022257322206661696C6564E3
:105290003A2066696C6520222573222C206C696E89
:1052A00065202564257325730A005245454E542018
:1052B0006D616C6C6F6320737563636565646564B1
:1052C000002F646174612F6A656E6B696E732F774E
:1052D0006F726B73706163652F474E552D746F6FDE
:1052E0006C636861696E2F61726D2D31322F73723C
:1052F000632F6E65776C69622D63796777696E2FAE
:105300006E65776C69622F6C6962632F7374646C6D
:1053100069622F72616E642E6300002020202020BD
:105320002020202028282828282020202020202055
:105330002020202020202020202020881010101045
:105340001010101010101010101010040404040499
:1053500004040404041010101010101041414141C5
:1053600041410101010101010101010101010101AD
:1053700001010101010110101010101042424242BF
:10538000424202020202020202020202020202027D
:1053900002020202020210101010200000000000A1
:1053A00000000000000000000000000000000000FD
:1053B00000000000000000000000000000000000ED
:1053C00000000000000000000000000000000000DD
:1053D00000000000000000000000000000000000CD
:1053E00000000000000000000000000000000000BD
:1053F00000000000000000000000000000000000AD
:10540000000000000000000000000000000000009C
:105410000000000000000000000000494E46006946
:105420006E66004E414E006E616E003000303132CB
:1054300033343536373839414243444546003031FC
:105440003233343536373839616263646566004912
:105450006E66696E697479004E614E002F646174E6
:10546000612F6A656E6B696E732F776F726B7370E5
:105470006163652F474E552D746F6F6C636861696A
:105480006E2F61726D2D31322F7372632F6E6577BF
:105490006C69622D63796777696E2F6E65776C69C9
:1054A000622F6C6962632F7374646C69622F647419
:1054B0006F612E630042616C6C6F63207375636370
:1054C0006565646564002F646174612F6A656E6B45
:1054D000696E732F776F726B73706163652F474EC0
:1054E000552D746F6F6C636861696E2F61726D2DDD
:1054F00031322F7372632F6E65776C69622D637919
:105500006777696E2F6E65776C69622F6C6962636D
:105510002F7374646C69622F6D707265632E630003
:1055200005000000190000007D00000000000000E0
:105530000080E03779C34143176E05B5B5B893468F
:10554000F5F93FE9034F384D321D30F94877825A5B
:105550003CBF737FDD4F1575000000000000F03F79
:10556000000000000000244000000000000059403E
:105570000000000000408F40000000000088C34091
:1055800000000000006AF8400000000080842E4106
:1055900000000000D01263410000000084D7974152
:1055A0000000000065CDCD41000000205FA0024258
:1055B000000000E876483742000000A2941A6D42CD
:1055C000000040E59C30A2420000901EC4BCD642C0
:1055D00000003426F56B0C430080E03779C341436B
:1055E00000A0D8855734764300C84E676DC1AB43E1
:1055F000003D9160E458E143408CB5781DAF1544FF
:1056000050EFE2D6E41A4B4492D54D06CFF08044D9
:10561000F64AE1C7022DB544B49DD9794378EA44EE
:10562000232D302B2000686C4C006566674546478B
:10563000004300504F534958002E00FF7F49027825
:10564000D1F80035F0B502F001024478877CC57CC2
:10565000DFF8E8E123F4802343EA8243C1F8003510
:10566000427F017804F001039B0012F00F0643EA29
:1056700091134FEAC3431FBFC7F3021C43EA8C23B5
:1056800005F0030C4FEA4C0C1CBF4CEAD71C43EA54
:10569000CC13DEF89CC42CF4601C08BF43F41063E8
:1056A0002CF4FC5C43EA0C0CCEF89CC4DFF8A0C1DF
:1056B000ACF80030C3F3C21CC3F38223042B98BFA1
:1056C0000133BCF1000F00F0B080BCF1010F00F01D
:1056D000AF80ACF1020EBEF1020F01D80CF1010C4B
:1056E0009B0243EACC13DFF86CC1ACF80030534B9B
:1056F000D3F8ACC4C1F344012CF01F0C41EA0C01F7
:10570000C3F8AC14D3F8101421F4FE1C817801F016
:105710000301490141EAD4014CEA8131C3F8101474
:10572000D3F80414847821F4FC11A40841EAC431AC
:10573000C3F80414D3F80814447C07F00F077F0063
:1057400047EAD41721F4F81141EA0741C3F80814D5
:10575000D3F80C1484793A4F640821F4FE1141EA1D
:105760008431C3F80C14D3F83814C47921F4F0311F
:1057700004F00F0441EA4431C3F83814D3F8141488
:10578000047A21F4FE1104F07F0441EA8431C3F865
:105790001414C37A847AD7F808155B0043EAD4134B
:1057A000047B21F47F7104F0010421F0030143EA3A
:1057B00044230B432349C7F80835234CD1F83474EC
:1057C0000123C1F83434D4F8103A23F00F0343EA2C
:1057D0001513C4F8103AC1F8347466B302F00F021E
:1057E00052041A4990F82440D1F8403723F4F013BA
:1057F0001A43C1F84027D1F87C27837F22F00F029B
:10580000C3F383031343C1F87C3790F82530D1F8F4
:10581000482703F007035B0022F4F03243EAD41375
:1058200042EA4333C1F84837F0BD4FF0020C57E766
:105830004FF0000C54E74FF4C012D2E700A005244B
:105840000080042400100424003004240080052477
:10585000783000007630000010BAFF7F01000000B1
:10586000004B49004600020137000000AAAAAAAA7C
:10587000A5000000008007240A000000001C062488
:10588000000003442100000000FC020009060000A3
:10589000001804240C0000000000000000000000BC
:1058A000DC3500000000000064592108605921081F
:1058B0005C59210858592108000000000000000030
:1058C00000000000000000000000000000000000D8
:1058D000891F0000000002452700000000000000B2
:1058E000000000000C360000000000007459210880
:1058F000705921086C5921086859210800000000DE
:105900000000000000000000010000000000000096
:10591000000000009FFF1F00000000442600000060
:1059200000000000000000003C36000090592108F3
:105930008C59210888592108805921088459210847
:105940007C5921087859210800000000010000005E
:10595000000000000000000000010203040506072B
:105960000001020304050607010001040001000014
:10597000000001000100020300010000000001011D
:105980000000000000000000000000000000000017
:105990000000000000000000000000000000000007
:1059A00028230000000000000000000000000000AC
:1059B00000000000000000000000000000000000E7
:1059C00000000000000000000000000000000000D7
:1059D00000000000000000000000000000000000C7
:1059E00000000000000000000000000000000000B7
:1059F00000000000000000000000000000000000A7
:105A00000000000000000000000000000000000096
:105A10000000000000000000000000000000000086
:105A20000000000000000000000000000000000076
:105A30000000000000000000000000000000000066
:105A40000000000000000000000000000000000056
:105A50000000000000000000000000000000000046
:105A60000000000000000000000000000000000036
:105A70000000000000000000000000000000000026
:105A80000100000000000000000000000000000015
:105A90000000000000000000000000000000000006
:105AA00000000000000000000000000000000000F6
:105AB00000000000000000000000000000000000E6
:105AC00000000000000000000000000000000000D6
:105AD00000000000000000000000000000000000C6
:105AE00000000000000000000000000000000000B6
:105AF00000000000000000000000000000000000A6
:105B00000000000000000000000000000000000095
:105B10000000000000000000000000000000000085
:105B20000101000000FC0200001C06246432000099
:105B3000743100003000000024000000C83E000066
:105B4000503E0000080000000200000000000000BD
:105B5000000000000000000001FF0100FFFFFFFF48
:105B6000FFFFFFFF00000000000000000300000036
:105B7000084800002803000000000000084800005A
:105B800070480000D848000000000000000000003D
:105B90000000000000000000000000000000000005
:105BA00000000000000000000000000000000000F5
:105BB00000000000000000000000000000000000E5
:105BC0000000000043000000000000000000000092
:105BD00000000000000000000000000000000000C5
:105BE0000000000043000000000000000000000072
:105BF00000000000000000000000000000000000A5
:105C00000000000043000000000000000000000051
:105C10000000000000000000000000000000000084
:105C20000000000043000000000000000000000031
:105C30000000000000000000000000000000000064
:105C40000000000043000000000000000000000011
:105C50000000000000000000000000000000000044
:105C600000000000430000000000000000000000F1
:105C70000000000000000000000000000000000024
:105C800000000000430000000000000000000000D1
:105C90000000000000000000000000000000000004
:105CA00000000000955121087151210800000000FA
:105CB0001A632108396621085A5D21085A5D2108B6
:105CC0005A5D21085A5D21085A5D21085A5D210854
:105CD0005A5D21085A5D21085A5D2108FFFFFFFF28
:105CE000FFFFFFFFFFFFFFFFFFFF00000100415329
:105CF00043494900000000000000000000000000CF
:105D000000000000000000000000000000004153FF
:105D100043494900000000000000000000000000AE
:105D20000000000000000000000000000000000073
:105D300038B5234B0222C3F88420BFF34F8FBFF343
:105D40006F8F204BD3F80028D30735D40123194691
:105D5000202B01D11C4606E001FA03F4144203F1A2
:105D6000010027D0DCB2184B03EB04139A68C2F38E
:105D70008162032A22D09B689B0F032B1ED0134BFA
:105D8000142202FB0433D3E90253ED1A18BF012594
:105D90000F4B0E4ADB680C49DB690E4898472DB162
:105DA000084A01235169A3400B435361044B02226B
:105DB0005A6038BD0346CBE70024D4E70025E7E767
:105DC00000E100E00000034400FC02006432000037
:105DD000000130003000000038B5244B4FF48062E1
:105DE000C3F88020BFF34F8FBFF36F8F204BD3F8E2
:105DF0000028D30736D4012319460C2B01D11C46A9
:105E000006E001FA03F4144203F1010028D0DCB2E9
:105E1000184B03EB04139A68C2F38162032A23D060
:105E20009B689B0F032B1FD0134B142202FB0433E0
:105E3000D3E90253ED1A18BF0125104B0E4ADB6857
:105E40000C49DB690E4898472DB1094A0123516975
:105E5000A3400B435361054B4FF480621A6038BD79
:105E60000346CAE70024D3E70025E6E700E100E0A7
:105E700000800724001C062474310000000130005B
:105E8000240000002DE9F041044600F0B5FE304B3F
:105E9000304E1A68304F01321A603568002D4BD1F0
:105EA00034601B68012B1FD1B8464046013500F015
:105EB00083FE382D08F11408F7D1DFF8C480274D90
:105EC000404600F079FE284600F076FE244800F0B7
:105ED00073FE244800F070FE234800F06DFE234B53
:105EE000C3F80080224B1D60224A136801331360FF
:105EF000214AA3641168E36A14208B4200FB0370FB
:105F000004F1040188BF136000F086FE00F06CFE0F
:105F10001A4B1B6873B13368DA6AE36A9A4209D292
:105F20004FF0E0234FF08052C3F8042DBFF34F8FA2
:105F3000BFF36F8FBDE8F081104B1A68E36A002A47
:105F4000D2D13268D26A9A4298BF3460CCE700BF9F
:105F5000B82A0000902F0000302B0000082B000012
:105F6000EC2A0000D82A0000C02A0000042B000000
:105F7000002B00009C2A0000B02A0000AC2A000080
:105F80001C2B0000F8B5174B174D1C682B680646F4
:105F90002868002283F8722004300F4600F038FE93
:105FA000731C07D137B129681048BDE8F8400431A7
:105FB00000F032BE2B68A4195C6007D30C4B186844
:105FC0002968BDE8F840043100F012BE094B18689A
:105FD0002968043100F00CFE074B1A68A24288BF02
:105FE0001C60F8BDB42A0000902F0000C02A0000F9
:105FF000002B0000042B0000982A0000064A1368BA
:106000001968064B19B94FF0FF321A6070471268D1
:10601000D2681268F9E700BF042B0000982A00003C
:1060200010B590F8713004463BB9006B00F0CCFD20
:106030002046BDE8104000F0C7BD012BF9D0022B6F
:1060400008D04FF0140383F31188BFF36F8FBFF3B1
:106050004F8FFEE710BD000080B5134C134F144D59
:10606000236873B9134B1B68012BF8D94FF0E02359
:106070004FF08052C3F8042DBFF34F8FBFF36F8FE3
:10608000EDE700F0B9FDFB68DE68301D00F0C0FDF3
:106090002B68013B2B602368013B236000F0A4FDCB
:1060A0003046FFF7BDFFDBE7D42A0000D82A000006
:1060B000B82A0000302B00002DE9F047DDE9098403
:1060C0004FEA82094A4606460D46206BA5211F4627
:1060D00000F076FD236BA9F104094B4423F0070976
:1060E000C4F84490002D3CD06B1E04F133020E35F1
:1060F00013F8011F02F8011F09B1AB42F8D10023C8
:1061000084F84230089D372D28BF37254FF0000A0C
:10611000E5622565201DC4F854A000F059FDC5F1C5
:10612000380504F1180000F053FD14225146246193
:10613000A561646204F1580000F042FDC4F86CA04F
:1061400084F870A084F872A03A463146484600F0C0
:1061500047FD2060B8F1000F01D0C8F80040BDE84D
:10616000F08784F83450CDE770B586B0DDE90B5484
:1061700045B94FF0140383F31188BFF36F8FBFF35A
:106180004F8FFEE744B94FF0140383F31188BFF338
:106190006F8FBFF34F8FFEE778260596059E782E0A
:1061A00008D04FF0140383F31188BFF36F8FBFF350
:1061B0004F8FFEE72563022584F8715004AD0195E9
:1061C0000A9D02940095059EFFF776FF2046FFF793
:1061D00059FE049806B070BD2DE9F043074685B01E
:1061E000900088461646994600F0E2FC054620B924
:1061F0004FF0FF3005B0BDE8F083782000F0D8FC08
:10620000044698B1002380F871300D9B056301931B
:106210000C9B0290009332464B4641463846FFF7AE
:106220004BFF2046FFF72EFE0120E3E7284600F053
:10623000CBFCDDE770B50446234D00F0DDFC04B96E
:106240002C68261D304600F0E3FCA36A1BB104F164
:10625000180000F0DDFC1D4A1368013313602B6841
:10626000A3421BD11A48314600F0D6FC194A1368E4
:106270000133136000F0B8FC174B1B6813B32B6895
:10628000A3421FD1154B1B6893B14FF0140383F346
:106290001188BFF36F8FBFF34F8FFEE7104A13686B
:1062A0002046013B1360FFF7BBFEFFF7A7FEE1E7C7
:1062B0004FF0E0234FF08052C3F8042DBFF34F8F0F
:1062C000BFF36F8F70BD00BF902F00009C2A0000AD
:1062D000D82A0000D42A0000AC2A0000942A00002A
:1062E000B82A0000F8B5044640B94FF0140383F310
:1062F0001188BFF36F8FBFF34F8FFEE7154B1B68FD
:10630000834220D000F078FC134B65691F68134B63
:106310001E6800F069FCBD4217D0B54215D0104B85
:106320009D4208D1A36A83B994F87030012B14BF41
:1063300003200220F8BD0B4B9D4208D0002D14BF56
:1063400001200420F6E70020F4E70220F2E7042011
:10635000F0E700BF902F0000042B0000002B00008E
:10636000C02A0000D82A000010B588B0002407AA6F
:1063700006A905A8CDE9054400F02EFC059B029373
:10638000069B079A16491748CDE900432346FFF7B5
:10639000EBFEA8B100F044FC012815D14FF0140326
:1063A00083F31188BFF36F8FBFF34F8F0E4B4FF006
:1063B000FF321A600D4B18600D4B1C6000F020FC82
:1063C0000C4B1B6808B010BD0130F9D14FF014031D
:1063D00083F31188BFF36F8FBFF34F8FFEE700BFCA
:1063E0006457210809080000982A0000AC2A000020
:1063F000B42A000018000000024A13680133136039
:10640000704700BF942A0000014B1868704700BF16
:10641000B42A000008B500F0F7FB014B186808BD6E
:10642000B42A00003F4B1B682DE9F74F002B72D1B7
:106430003D4B1C6801341C60BCB93C4B1A681268A7
:1064400042B14FF0140383F31188BFF36F8FBFF392
:106450004F8FFEE7364A1968106818601160354A98
:10646000136801331360FFF7C9FD334D334E2B68BA
:10647000334F9C424FF0000B12D23A68D26A14217B
:106480004A43B258022A2F4A126828BF4FF0010B24
:10649000002A18BF4FF0010B584603B0BDE8F08F3B
:1064A000DFF88890DFF8A4A0D9F8002012681AB9A4
:1064B0004FF0FF322A60E0E7D9F80020D268D2F826
:1064C0000C80D8F804108C4201D22960D5E708F17D
:1064D00004031846019300F09BFBD8F8281019B16B
:1064E00008F1180000F094FBD8F82C00DAF800103E
:1064F0001423884288BFCAF80000019903FB00609A
:1065000000F08AFB3868D8F82C10C26A914228BF84
:106510004FF0010BC8E70C4A1368013313604FF0CA
:10652000000BB9E7942A0000B42A0000042B0000F5
:10653000002B0000A02A0000982A0000302B000049
:10654000902F0000A42A0000A82A0000B02A000012
:106550002DE9F041304C236843B94FF0140383F325
:106560001188BFF36F8FBFF34F8FFEE700F044FB3E
:106570002368013B236024682CB1002400F034FB25
:106580002046BDE8F081254B1B68002BF5D0244D3B
:10659000244EDFF8A0801DE0EB68DC68271D04F1C5
:1065A000180000F035FB384600F032FBE36A326831
:1065B0001420934200FB0380394688BF336000F00B
:1065C0002BFB194BE26A1B68DB6A9A4202D3174B1A
:1065D00001221A602B68002BDED10CB1FFF70EFDF3
:1065E000134D2C6844B1114E0127FFF71BFF00B17A
:1065F0003760013CF9D12C600C4B1B68002BBCD0E0
:106600004FF0E0234FF08052C3F8042DBFF34F8FBB
:10661000BFF36F8F0124B1E7942A0000B82A00006D
:10662000EC2A0000B02A0000902F0000A42A0000ED
:10663000A82A0000302B000008B550B94FF0E02325
:106640004FF08052C3F8042DBFF34F8FBFF36F8F0D
:1066500008BD0A4B196841B14FF0140383F3118848
:10666000BFF36F8FBFF34F8FFEE7FFF7C5FEFFF756
:1066700089FCFFF76DFF0028E0D0E9E7942A0000CD
:106680001B4B1A681B4BF0B512B101221A60F0BD0A
:1066900019481A60194E0368194F32685A67194928
:1066A0003A684FF0140C0CFB02F3CC18CD589DB196
:1066B000656808336D6865600B449D4204BF6B6874
:1066C0006360142303FB02114B68DB6803603A60CC
:1066D00003685B6F3360DAE742B94FF0140383F36A
:1066E0001188BFF36F8FBFF34F8FFEE7013ADAE7F0
:1066F000942A0000A42A0000902F0000BC2A000069
:10670000B02A0000302B000010B50C4640B94FF005
:10671000140383F31188BFF36F8FBFF34F8FFEE72E
:10672000054B1968183100F063FA20460121BDE8D5
:106730001040FFF727BC00BF902F000010B5144693
:1067400040B94FF0140383F31188BFF36F8FBFF389
:106750004F8FFEE70D4B1B6843B94FF0140383F3D3
:106760001188BFF36F8FBFF34F8FFEE7084B1A6896
:1067700041F0004191611968183100F04DFA20464E
:106780000121BDE81040FFF7FDBB00BF942A0000C7
:10679000902F000038B50D46144640B94FF0140351
:1067A00083F31188BFF36F8FBFF34F8FFEE7074B63
:1067B0001968183100F030FA002C21460CBF284629
:1067C0004FF0FF30BDE83840FFF7DCBB902F0000F2
:1067D00038B5C368DC6844B94FF0140383F31188FB
:1067E000BFF36F8FBFF34F8FFEE704F11805284604
:1067F00000F00EFA104B1B68DBB9251D284600F08F
:1068000007FA0E4AE36A11688B4288BF13600C4A8C
:106810001420294600FB032000F0FEF9094BE26A30
:106820001B68DB6A9A4283BF074B01201860002077
:1068300038BD06482946EFE7942A0000B02A000038
:10684000302B0000902F0000A42A0000EC2A00004A
:106850001B4A126838B542B94FF0140383F311880C
:10686000BFF36F8FBFF34F8FFEE7C46841F0004165
:10687000016044B94FF0140383F31188BFF36F8FA5
:10688000BFF34F8FFEE7251D00F0C2F9284600F048
:10689000BFF90C4AE36A11688B4288BF13600A4A49
:1068A000142000FB0320294600F0B6F9074BE26AEA
:1068B0001B68DB6A9A4282BF054B01221A6038BD11
:1068C000942A0000B02A0000302B0000902F000016
:1068D000A42A0000034B1B680360034B1B68436042
:1068E000704700BFA02A0000B42A000070B50D4612
:1068F000044640B94FF0140383F31188BFF36F8F40
:10690000BFF34F8FFEE741B94FF0140383F31188B3
:10691000BFF36F8FBFF34F8FFEE700F06DF9144B9D
:1069200062681968134B186890F8720040B11B68D0
:10693000002283F87220012400F056F9204670BD31
:106940002B68581C12D00C4826680068864204D078
:106950008A4202D800232B60EDE7881A8342F9D9D6
:106960005B1A13442B602046FFF7B4FF0024E3E7D3
:10697000B42A0000902F0000A02A0000014B012241
:106980001A607047A42A000004290FDC58B9084B8C
:10699000186840B94FF0140383F31188BFF36F8F69
:1069A000BFF34F8FFEE7163140F82120704700BF3C
:1069B000902F0000014B1868704700BF902F000017
:1069C000054B1B6833B1054B1868B0FA80F04009DD
:1069D0004000704701207047AC2A0000942A000054
:1069E000F8B5044638B31A4DC36A2A68D26A93428E
:1069F00026D28269174E002AA1BF2A68D26AC2F144
:106A000038028261142202FB036342699A4213D165
:106A1000071D384600F0FCF82B680F4ADB6A116846
:106A2000E36214208B4200FB0360394688BF136089
:106A300000F0F2F80120F8BD2B68DB6AC362F9E7C9
:106A40002B68006DDB6A98422CBF00200120F2E722
:106A5000902F0000302B0000B02A000038B508B994
:106A6000002038BD1B4B1C68844208D04FF0140333
:106A700083F31188BFF36F8FBFF34F8FFEE7636D12
:106A800043B94FF0140383F31188BFF36F8FBFF343
:106A90004F8FFEE7E16A226D013B91426365DFD0D3
:106AA000002BDDD1251D284600F0B2F8236DE362EE
:106AB000C3F13802A261084A11688B4288BF136093
:106AC000064A142000FB0320294600F0A5F8012007
:106AD000C7E700BF902F0000B02A0000302B000055
:106AE00070B50446002841D0426D42B94FF01403FE
:106AF00083F31188BFF36F8FBFF34F8FFEE7036DF2
:106B0000994238BF1946C36A8B422FD0012A2DD132
:106B1000174A1268824208D14FF0140383F3118898
:106B2000BFF36F8FBFF34F8FFEE78269114DC162D4
:106B3000002A4FF0140202FB03534269A4BFC1F1C3
:106B4000380181619A4211D1061D304600F060F88B
:106B5000094AE36A116814208B4200FB0350314656
:106B6000BDE8704088BF136000F056B870BD00BF2C
:106B7000902F0000302B0000B02A0000044B1A6850
:106B8000196890691A68CB6AC3F13803936170473A
:106B9000902F0000044B1A681AB119684A6D01322F
:106BA0004A651868704700BF902F00000000000081
:106BB0005FF800F0DD4E20085FF800F0C13B2008D0
:106BC0005FF800F0993421085FF800F0F54E2008D6
:106BD0005FF800F0D73B20085FF800F0E9382008A4
:106BE0005FF800F0FD4B20085FF800F0954C20089E
:106BF0005FF800F0F33B20085FF800F0554C2008E8
:106C00005FF800F0754D20085FF800F0814E200815
:106C10005FF800F0213C20085FF800F0DD3B200821
:106C20005FF800F02D4820080100000004A40524AE
:106C30000000004201000000ACA40524000040292F
:106C400001000000ACA4052401004029010000005F
:106C500004A505240000C02001000000C4A40524F0
:106C60001F000020010000009CA405240100C04971
:106C7000010000009CA405240000806201000000C7
:106C8000A4A40524000080A401000000A4A40524FD
:106C9000000080A4010000009CA405240100C0495C
:106CA000010000009CA40524000080620100000097
:106CB0004887052400004083010000007C870524EC
:106CC0000000001801000000408705240C0040A4CB
:106CD00001000000CCA40524008000780100000021
:106CE000C8A405246400005801000000C4A40524C1
:106CF0000080007801000000C0A405246400005852
:106D000001000000E0A40524D903005001000000A8
:106D1000DCA40524BF04005801000000D8A4052409
:106D20000E0100480100000038A4052400000028DE
:106D30000100000014A40524270080A30100000026
:106D400038A40524030040830100000038A4052472
:106D500003004083030000000CA405245A0080A314
:106D60000CA40524020040100CA40524000000001F
:106D7000030000000CA405245A0080A30CA40524E1
:106D8000030040100CA405240000000003000000D4
:106D90000CA405245A0080A30CA405240000401074
:106DA0000CA40524000000000100000008A4052434
:106DB000150000A40100000008A40524070000A499
:106DC0000100000004A405242000C0A3010000006D
:106DD00010A40524380080A30100000010A405249D
:106DE0005A0080A30100000000A505240000805A7D
:106DF000020000009CA405240300C0ACACA4052440
:106E0000100000200100000000A505240300809C64
:106E100001000000D4A40524010000780100000056
:106E2000D0A40524F200008001000000588705244A
:106E30000300805901000000588705240C00002839
:106E400001000000408705240C0040A40100000060
:106E500000A40524000000080100000000A405248F
:106E6000560583A00100000038A40524070040A4B3
:106E70000100000038A405240F0040A40100000018
:106E800038A40524070040A40100000038A405240C
:106E90000F0040A4010000009CA405240000002174
:106EA000010000009CA40524010000210100000055
:106EB0009CA405240000C018010000009CA4052427
:106EC0000100C0180200000094A4052401000094F1
:106ED00094A40524020000AD010000009CA4052438
:106EE000000000100100000000A505240300809CA4
:106EF0000100000000A505240000809C02000000A5
:106F0000A4A40524000080A4A4A4052400000084F7
:106F100002000000A4A40524000080A4A4A4052469
:106F20000100008401000000A4A40524010080A445
:106F300001000000A4A40524020080A403000000B6
:106F400098A40524F80040A3A0A4052410008051B3
:106F5000A0A40524010040AD01000000A0A4052468
:106F6000000040AD020000009CA405240000C049C0
:106F7000A0A40524000040AD05000000A0A4052445
:106F8000000040AD9CA405240200806298A4052462
:106F9000F80040A3A0A4052410008051A0A405245B
:106FA000010040AD0200000098A40524F00040A3B9
:106FB000A0A40524010040AD020000009CA405240B
:106FC0000200C049A0A40524000040AD020000005A
:106FD00098A405242F003EA8A0A40524200020A8E2
:106FE00002000000548705240100C0395887052499
:106FF0000100002101000000588705240100805293
:107000000300000060870524030080AC748705241A
:107010000600409C748705240400405A02000000CA
:1070200060870524030080AC70870524010040AD13
:107030000100000078870524090000180100000005
:1070400078870524080000180500000074870524CF
:10705000DA2422A8488705240000408340870524BD
:107060000C004083708705240C00007B708705248A
:10707000040000100600000074870524030080410E
:10708000488705240000408340870524030040838F
:10709000708705240200007B70870524070000101C
:1070A00074870524020000AD01000000408705241C
:1070B000090040A401000000408705240C0040A402
:1070C00002000000548705240000002144870524A5
:1070D0000000408C020000005487052401000021BC
:1070E000448705240100408C1300000040870524DC
:1070F0000C0040A440870524BF0000604887052499
:107100002600006048870524030040944C8705242E
:1071100020030070688705240300C02044870524ED
:107120000100C09C60870524010080107887052439
:107130000700404158870524CC0000587487052477
:107140009A2412A8748705240300804140870524EF
:1071500008004083708705240500007B70870524A4
:107160000400001074870524020000AD7087052418
:10717000010000847C8705240100408C38870524A9
:1071800001008010090000009CA405240100C049F2
:10719000A4A405240100008400A505241900C09BB7
:1071A00094A405240100801014A4052401000063A8
:1071B00094A405240100008C94A40524020000ADD1
:1071C000ACA405240000402910A505240100402995
:1071D000E9212008C1212008000000000000000073
:1071E000000000000000000000000000000000009F
:1071F000000000000000000000000000000000008F
:10720000000000000000000000000000000000007E
:10721000000000000000000000000000000000006E
:10722000000000000000000000000000000000005E
:10723000000000000000000000000000000000004E
:10724000000000000000000000000000000000003E
:10725000000000000000000000000000000000002E
:10726000000000000000000000000000000000001E
:10727000000000000000000000000000000000000E
:1072800000000000000000000000000000000000FE
:1072900000000000000000000000000000000000EE
:1072A00000000000000000000000000000000000DE
:1072B00000000000000000000000000000000000CE
:1072C00000000000000000000000000000000000BE
:1072D00000000000000000000000000000000000AE
:1072E000000000000000000000000000000000009E
:1072F000000000000000000000000000000000008E
:10730000000000000000000000000000000000007D
:10731000000000000000000000000000000000006D
:10732000000000000000000000000000000000005D
:10733000000000000000000000000000000000004D
:10734000000000000000000000000000000000003D
:10735000000000000000000000000000000000002D
:10736000000000000000000000000000000000001D
:10737000000000000000000000000000000000000D
:1073800000000000000000000000000000000000FD
:1073900000000000000000000000000000000000ED
:1073A00000000000000000000000000000000000DD
:1073B00000000000000000000000000000000000CD
:1073C00000000000000000000000000000000000BD
:1073D00000000000000000000000000000000000AD
:1073E000000000000000000000000000000000009D
:1073F000000000000000000000000000000000008D
:10740000000000000000000000000000000000007C
:10741000000000000000000000000000000000006C
:10742000000000000000000000000000000000005C
:10743000000000000000000000000000000000004C
:10744000000000000000000000000000000000003C
:10745000000000000000000000000000000000002C
:10746000000000000000000000000000000000001C
:10747000000000000000000000000000000000000C
:1074800000000000000000000000000000000000FC
:1074900000000000000000000000000000000000EC
:1074A00000000000000000000000000000000000DC
:1074B00000000000000000000000000000000000CC
:1074C00000000000000000000000000000000000BC
:1074D00000000000000000000000000000000000AC
:1074E000000000000000000000000000000000009C
:1074F000000000000000000000000000000000008C
:10750000000000000000000000000000000000007B
:10751000000000000000000000000000000000006B
:10752000000000000000000000000000000000005B
:10753000000000000000000000000000000000004B
:10754000000000000000000000000000000000003B
:10755000000000000000000000000000000000002B
:10756000000000000000000000000000000000001B
:10757000000000000000000000000000000000000B
:1075800000000000000000000000000000000000FB
:1075900000000000000000000000000000000000EB
:1075A00000000000000000000000000000000000DB
:1075B00000000000000000000000000000000000CB
:1075C00000000000000000000000000000000000BB
:1075D00000000000000000000000000000000000AB
:1075E000000000000000000000000000000000009B
:1075F000000000000000000000000000000000008B
:10760000000000000000000000000000000000007A
:10761000000000000000000000000000000000006A
:10762000000000000000000000000000000000005A
:10763000000000000000000000000000000000004A
:10764000000000000000000000000000000000003A
:10765000000000000000000000000000000000002A
:10766000000000000000000000000000000000001A
:10767000000000000000000000000000000000000A
:1076800000000000000000000000000000000000FA
:1076900000000000000000000000000000000000EA
:1076A00000000000000000000000000000000000DA
:1076B00000000000000000000000000000000000CA
:1076C00000000000000000000000000000000000BA
:1076D00000000000000000000000000000000000AA
:1076E000000000000000000000000000000000009A
:1076F000000000000000000000000000000000008A
:107700000000000000000000000000000000000079
:107710000000000000000000000000000000000069
:107720000000000000000000000000000000000059
:107730000000000000000000000000000000000049
:107740000000000000000000000000000000000039
:08775000000000000000000031
:00000001FF
